file_path,commit_count,additions,deletions,total_churn,unique_contributors,active_days,first_commit_date,last_commit_date,days_since_last_touch,avg_churn_per_commit,ownership_concentration,bugfix_commit_count,bugfix_commit_ratio,churn_burstiness
tools/localization/yarn.lock,51,18534,12192,30726,4,48,2024-08-16,2026-04-15,9,602.4705882352941,0.6274509803921569,0,0.0,0.3125691596693354
AnkiDroid/src/test/resources/anking_v11_tags.txt,1,16971,0,16971,1,1,2024-05-27,2024-05-27,697,16971.0,1.0,1,1.0,1.0
AnkiDroid/src/main/java/com/ichi2/anki/CardBrowser.kt,213,3650,4652,8302,27,126,2023-12-04,2026-03-30,25,38.97652582159625,0.5821596244131455,45,0.2112676056338028,0.12683690676945314
AnkiDroid/src/main/java/com/ichi2/anki/DeckPicker.kt,236,2539,3043,5582,33,144,2023-12-04,2026-04-18,6,23.652542372881356,0.3728813559322034,53,0.2245762711864407,0.15549982085274094
AnkiDroid/src/main/java/com/ichi2/anki/NoteEditor.kt,93,2048,1445,3493,14,68,2024-05-02,2025-07-05,293,37.55913978494624,0.22580645161290322,20,0.21505376344086022,0.2874320068708846
AnkiDroid/src/main/java/com/ichi2/anki/ui/windows/reviewer/ReviewerFragment.kt,156,1936,1180,3116,10,89,2024-04-27,2026-04-22,2,19.974358974358974,0.9038461538461539,34,0.21794871794871795,0.07894736842105263
AnkiDroid/src/main/java/com/ichi2/anki/browser/CardBrowserViewModel.kt,114,1972,930,2902,14,76,2024-04-26,2026-04-17,7,25.45614035087719,0.7719298245614035,23,0.20175438596491227,0.09510682288077188
AnkiDroid/src/main/java/com/ichi2/anki/dialogs/customstudy/CustomStudyDialog.kt,69,1435,1200,2635,11,44,2024-02-28,2026-04-06,18,38.18840579710145,0.5507246376811594,13,0.18840579710144928,0.098292220113852
AnkiDroid/src/main/java/com/ichi2/anki/CardTemplateEditor.kt,96,1625,1009,2634,21,74,2024-05-02,2026-04-21,3,27.4375,0.40625,24,0.25,0.16476841305998483
AnkiDroid/src/androidTest/java/com/ichi2/anki/tests/ContentProviderTest.kt,43,1805,650,2455,10,34,2023-12-04,2026-04-18,6,57.093023255813954,0.4883720930232558,5,0.11627906976744186,0.145010183299389
AnkiDroid/src/test/java/com/ichi2/anki/CardBrowserTest.kt,92,1666,786,2452,15,59,2024-04-26,2026-04-10,14,26.652173913043477,0.6739130434782609,11,0.11956521739130435,0.2137030995106036
AnkiDroid/src/main/java/com/ichi2/anki/browser/CardBrowserFragment.kt,86,2064,361,2425,8,38,2025-06-09,2026-04-12,12,28.197674418604652,0.8953488372093024,17,0.19767441860465115,0.1043298969072165
AnkiDroid/src/main/java/com/ichi2/anki/ui/windows/reviewer/ReviewerViewModel.kt,130,1490,679,2169,8,74,2024-04-27,2026-04-23,1,16.684615384615384,0.8153846153846154,16,0.12307692307692308,0.119870908252651
AnkiDroid/src/test/java/com/ichi2/anki/browser/CardBrowserViewModelTest.kt,63,1961,183,2144,8,48,2024-04-26,2026-04-19,5,34.03174603174603,0.8095238095238095,10,0.15873015873015872,0.08208955223880597
AnkiDroid/src/main/assets/changelog.html,6,2007,16,2023,1,5,2024-05-13,2025-12-12,133,337.1666666666667,1.0,0,0.0,0.448838358872961
tools/localization/.yarn/releases/yarn-4.5.3.cjs,2,934,934,1868,1,2,2024-12-02,2025-07-31,267,934.0,1.0,0,0.0,0.5
libanki/src/main/java/com/ichi2/anki/libanki/Collection.kt,40,1303,446,1749,4,17,2025-06-17,2026-02-01,82,43.725,0.9,2,0.05,0.12292738707833048
AnkiDroid/src/main/java/com/ichi2/anki/AbstractFlashcardViewer.kt,83,964,762,1726,19,62,2023-12-04,2026-03-26,29,20.795180722891565,0.3132530120481928,16,0.1927710843373494,0.2809965237543453
AnkiDroid/src/main/java/com/ichi2/anki/multimedia/MultimediaImageFragment.kt,34,1232,446,1678,8,26,2024-06-13,2026-04-22,2,49.35294117647059,0.4117647058823529,11,0.3235294117647059,0.2532777115613826
AnkiDroid/src/test/java/com/ichi2/anki/reviewreminders/ReviewRemindersDatabaseTest.kt,10,1202,460,1662,1,10,2025-07-03,2026-02-16,67,166.2,1.0,1,0.1,0.28038507821901326
tools/localization/.yarn/releases/yarn-4.10.3.cjs,2,355,1297,1652,1,2,2025-10-23,2026-03-10,45,826.0,1.0,0,0.0,0.5702179176755447
AnkiDroid/src/main/res/layout/reviewer2.xml,44,899,696,1595,3,34,2024-05-22,2026-01-23,91,36.25,0.9545454545454546,12,0.2727272727272727,0.17304075235109717
AnkiDroid/src/main/java/com/ichi2/anki/StudyOptionsFragment.kt,47,664,784,1448,11,37,2024-05-01,2026-04-17,7,30.80851063829787,0.425531914893617,8,0.1702127659574468,0.18024861878453038
AnkiDroid/src/main/java/com/ichi2/anki/reviewreminders/ReviewRemindersDatabase.kt,13,887,474,1361,3,13,2025-07-03,2026-04-17,7,104.6923076923077,0.8461538461538461,1,0.07692307692307693,0.24540778839088906
AnkiDroid/src/main/java/com/ichi2/anki/instantnoteeditor/InstantNoteEditorActivity.kt,30,1008,342,1350,9,26,2024-05-14,2026-03-31,24,45.0,0.4666666666666667,4,0.13333333333333333,0.35333333333333333
AnkiDroid/src/main/java/com/ichi2/anki/NoteEditorFragment.kt,75,620,698,1318,18,51,2025-06-18,2026-04-22,2,17.573333333333334,0.4533333333333333,21,0.28,0.18209408194233687
AnkiDroid/src/main/java/com/ichi2/anki/provider/CardContentProvider.kt,51,727,497,1224,15,45,2023-12-04,2026-04-18,6,24.0,0.37254901960784315,10,0.19607843137254902,0.21486928104575165
AnkiDroid/src/main/java/com/ichi2/anki/Reviewer.kt,89,744,447,1191,18,67,2024-04-21,2026-04-17,7,13.382022471910112,0.39325842696629215,19,0.21348314606741572,0.11167086481947942
AnkiDroid/src/main/java/com/ichi2/anki/ui/windows/reviewer/whiteboard/WhiteboardFragment.kt,18,814,367,1181,4,12,2025-09-05,2026-03-25,30,65.61111111111111,0.7777777777777778,3,0.16666666666666666,0.4470787468247248
AnkiDroid/src/main/java/com/ichi2/anki/AnkiActivity.kt,49,715,458,1173,15,43,2024-05-02,2026-04-17,7,23.93877551020408,0.3469387755102041,11,0.22448979591836735,0.1628303495311168
AnkiDroid/src/test/java/com/ichi2/anki/CardTemplateEditorTest.kt,30,678,472,1150,13,27,2023-12-04,2026-04-21,3,38.333333333333336,0.5,10,0.3333333333333333,0.2921739130434783
AnkiDroid/src/test/java/com/ichi2/anki/services/NotificationServiceTest.kt,5,735,363,1098,1,5,2025-11-03,2026-04-12,12,219.6,1.0,1,0.2,0.34335154826958103
AnkiDroid/src/main/java/com/ichi2/anki/analytics/UsageAnalytics.kt,26,425,643,1068,10,20,2024-05-14,2026-04-08,16,41.07692307692308,0.3076923076923077,4,0.15384615384615385,0.3455056179775281
AnkiDroid/src/main/res/values-got/02-strings.xml,76,548,516,1064,1,71,2024-04-27,2026-04-23,1,14.0,1.0,0,0.0,0.38345864661654133
AnkiDroid/src/test/java/com/ichi2/anki/DeckPickerTest.kt,54,535,521,1056,15,47,2024-05-01,2026-04-18,6,19.555555555555557,0.4444444444444444,8,0.14814814814814814,0.39015151515151514
AnkiDroid/src/main/java/com/ichi2/anki/CoroutineHelpers.kt,41,667,388,1055,9,30,2024-04-26,2026-04-17,7,25.73170731707317,0.7073170731707317,19,0.4634146341463415,0.22180094786729856
AnkiDroid/src/main/java/com/ichi2/anki/multimediacard/fields/BasicImageFieldController.kt,6,51,1004,1055,4,6,2024-04-25,2024-08-01,631,175.83333333333334,0.3333333333333333,0,0.0,0.8976303317535546
AnkiDroid/src/main/java/com/ichi2/widget/cardanalysis/CardAnalysisWidgetConfig.kt,19,617,411,1028,5,14,2024-08-27,2026-04-17,7,54.10526315789474,0.3684210526315789,2,0.10526315789473684,0.35992217898832685
AnkiDroid/src/main/java/com/ichi2/anki/reviewreminders/ScheduleReminders.kt,20,786,240,1026,2,20,2025-06-15,2026-04-20,4,51.3,0.75,2,0.1,0.1783625730994152
AnkiDroid/src/main/res/values-ar/02-strings.xml,90,532,491,1023,1,82,2024-05-12,2026-04-24,0,11.366666666666667,1.0,0,0.0,0.31085043988269795
AnkiDroid/src/main/assets/mathjax/sre/sre_browser.js,1,0,999,999,1,1,2024-10-11,2024-10-11,560,999.0,1.0,0,0.0,1.0
AnkiDroid/src/main/java/com/ichi2/anki/deckpicker/DeckPickerViewModel.kt,51,835,130,965,12,28,2024-12-29,2026-04-07,17,18.92156862745098,0.6862745098039216,5,0.09803921568627451,0.11502590673575129
AnkiDroid/src/main/java/com/ichi2/libanki/Notetypes.kt,30,494,461,955,9,26,2024-06-09,2025-06-27,301,31.833333333333332,0.4,2,0.06666666666666667,0.2031413612565445
tools/localization/.yarn/releases/yarn-4.9.2.cjs,1,942,0,942,1,1,2025-07-31,2025-07-31,267,942.0,1.0,0,0.0,1.0
AnkiDroid/src/main/java/com/ichi2/anki/dialogs/DatabaseErrorDialog.kt,33,556,385,941,10,25,2024-04-23,2026-04-10,14,28.515151515151516,0.3939393939393939,7,0.21212121212121213,0.21360255047821466
tools/localization/.yarn/releases/yarn-4.13.0.cjs,1,940,0,940,1,1,2026-03-10,2026-03-10,45,940.0,1.0,0,0.0,1.0
AnkiDroid/src/main/res/values-gl/02-strings.xml,89,482,450,932,1,82,2024-04-27,2026-04-24,0,10.47191011235955,1.0,0,0.0,0.22532188841201717
gradle/libs.versions.toml,130,481,420,901,16,106,2024-04-23,2026-04-19,5,6.930769230769231,0.4,7,0.05384615384615385,0.04328523862375139
AnkiDroid/src/main/java/com/ichi2/anki/dialogs/MediaCheckDialog.kt,12,345,551,896,4,8,2024-11-03,2025-03-20,400,74.66666666666667,0.5,4,0.3333333333333333,0.3705357142857143
AnkiDroid/src/main/res/values-uz/02-strings.xml,78,453,435,888,1,71,2024-04-27,2026-04-24,0,11.384615384615385,1.0,0,0.0,0.28153153153153154
AnkiDroid/src/main/res/values-iw/02-strings.xml,79,647,239,886,1,73,2024-05-02,2026-04-23,1,11.215189873417721,1.0,0,0.0,0.41196388261851014
AnkiDroid/src/main/java/com/ichi2/anki/cardviewer/CardMediaPlayer.kt,34,421,456,877,10,21,2024-05-02,2026-01-19,95,25.794117647058822,0.38235294117647056,7,0.20588235294117646,0.2839224629418472
AnkiDroid/src/main/res/values-af/02-strings.xml,76,443,411,854,1,71,2024-04-27,2026-04-23,1,11.236842105263158,1.0,0,0.0,0.2529274004683841
AnkiDroid/src/main/res/values-gu/02-strings.xml,76,443,411,854,1,72,2024-04-27,2026-04-23,1,11.236842105263158,1.0,0,0.0,0.41451990632318503
AnkiDroid/src/main/res/values-got/10-preferences.xml,49,438,412,850,1,46,2024-04-27,2026-04-09,15,17.346938775510203,1.0,0,0.0,0.43411764705882355
AnkiDroid/src/main/java/com/ichi2/anki/ui/RecyclerFastScroller.kt,12,642,207,849,4,11,2025-01-17,2026-03-23,32,70.75,0.5833333333333334,5,0.4166666666666667,0.5288574793875147
AnkiDroid/src/main/java/com/ichi2/anki/servicelayer/PreferenceUpgradeService.kt,30,620,206,826,7,22,2024-06-15,2026-02-20,63,27.533333333333335,0.5333333333333333,4,0.13333333333333333,0.2966101694915254
AnkiDroid/src/main/java/com/ichi2/anki/dialogs/tags/TagsDialog.kt,32,478,341,819,12,28,2024-05-04,2026-03-19,36,25.59375,0.5,12,0.375,0.3992673992673993
AnkiDroid/src/main/java/com/ichi2/anki/ui/windows/reviewer/GestureParser.kt,20,569,242,811,1,14,2025-06-08,2025-12-14,131,40.55,1.0,4,0.2,0.28976572133168926
AnkiDroid/src/main/java/com/ichi2/anki/DeckPickerFloatingActionMenu.kt,14,451,352,803,5,12,2024-05-22,2026-03-23,32,57.357142857142854,0.6428571428571429,3,0.21428571428571427,0.46077210460772106
AnkiDroid/src/main/res/values-lv/02-strings.xml,72,415,381,796,1,69,2024-04-27,2026-04-23,1,11.055555555555555,1.0,0,0.0,0.3768844221105528
AnkiDroid/src/test/java/com/ichi2/testutils/AnkiFragmentScenario.kt,3,615,181,796,2,3,2023-12-04,2024-11-29,511,265.3333333333333,0.6666666666666666,0,0.0,0.7311557788944724
AnkiDroid/src/test/java/com/ichi2/anki/NoteEditorTest.kt,40,628,164,792,13,36,2024-05-20,2026-04-18,6,19.8,0.45,13,0.325,0.15151515151515152
AnkiDroid/src/main/res/values-ta/02-strings.xml,69,404,387,791,1,66,2024-04-27,2026-04-23,1,11.46376811594203,1.0,0,0.0,0.629582806573957
AnkiDroid/src/main/java/com/ichi2/anki/FilteredDeckOptions.kt,16,198,570,768,6,12,2024-07-15,2026-01-05,109,48.0,0.625,2,0.125,0.6145833333333334
AnkiDroid/build.gradle,152,439,327,766,15,122,2024-04-29,2026-04-22,2,5.0394736842105265,0.743421052631579,2,0.013157894736842105,0.0639686684073107
AnkiDroid/src/main/res/values-hr/02-strings.xml,69,397,363,760,1,65,2024-04-27,2026-04-23,1,11.014492753623188,1.0,0,0.0,0.631578947368421
AnkiDroid/src/main/java/com/ichi2/anki/instantnoteeditor/InstantEditorViewModel.kt,24,610,150,760,8,21,2024-05-14,2026-04-05,19,31.666666666666668,0.4583333333333333,8,0.3333333333333333,0.2644736842105263
AnkiDroid/src/main/res/values-lv/10-preferences.xml,51,392,367,759,1,46,2024-04-27,2026-04-09,15,14.882352941176471,1.0,0,0.0,0.2002635046113307
AnkiDroid/src/main/res/values-eo/02-strings.xml,97,395,363,758,1,89,2024-04-25,2026-04-23,1,7.814432989690721,1.0,0,0.0,0.17282321899736147
AnkiDroid/src/main/java/com/ichi2/anki/pages/ImageOcclusion.kt,26,418,339,757,7,20,2024-05-21,2026-03-23,32,29.115384615384617,0.5,9,0.34615384615384615,0.261558784676354
AnkiDroid/src/main/res/values-uz/10-preferences.xml,45,390,359,749,1,41,2024-04-27,2026-04-19,5,16.644444444444446,1.0,0,0.0,0.5086782376502003
AnkiDroid/src/main/res/layout-sw600dp/reviewer2.xml,20,521,226,747,2,18,2025-02-08,2025-12-12,133,37.35,0.95,4,0.2,0.4350736278447122
AnkiDroid/src/main/java/com/ichi2/anki/BackupManager.kt,14,204,541,745,7,11,2024-07-15,2026-01-03,111,53.214285714285715,0.5,4,0.2857142857142857,0.47516778523489933
AnkiDroid/src/main/res/values-pa/02-strings.xml,73,387,355,742,1,69,2024-04-27,2026-04-23,1,10.164383561643836,1.0,0,0.0,0.14016172506738545
AnkiDroid/src/test/java/com/ichi2/anki/dialogs/CustomStudyDialogTest.kt,26,506,235,741,6,20,2024-02-28,2026-03-19,36,28.5,0.6153846153846154,6,0.23076923076923078,0.12955465587044535
AnkiDroid/src/main/res/values-be/02-strings.xml,84,382,348,730,1,79,2024-04-27,2026-04-23,1,8.69047619047619,1.0,0,0.0,0.1506849315068493
AnkiDroid/src/main/java/com/ichi2/anki/dialogs/DeckSelectionDialog.kt,25,420,308,728,7,22,2024-02-24,2026-03-22,33,29.12,0.44,5,0.2,0.22802197802197802
AnkiDroid/src/main/java/com/ichi2/anki/preferences/Preferences.kt,26,388,335,723,8,22,2024-05-23,2026-03-23,32,27.807692307692307,0.2692307692307692,6,0.23076923076923078,0.35408022130013833
AnkiDroid/src/main/java/com/ichi2/anki/pages/DeckOptions.kt,30,463,251,714,10,23,2024-05-04,2026-04-17,7,23.8,0.43333333333333335,7,0.23333333333333334,0.1876750700280112
AnkiDroid/src/main/java/com/ichi2/anki/MyAccount.kt,22,211,501,712,7,13,2024-04-23,2025-08-03,264,32.36363636363637,0.5,4,0.18181818181818182,0.5561797752808989
AnkiDroid/src/main/java/com/ichi2/anki/notetype/ManageNotetypes.kt,26,393,317,710,9,24,2024-05-18,2026-04-17,7,27.307692307692307,0.4230769230769231,7,0.2692307692307692,0.32253521126760565
AnkiDroid/src/main/java/com/ichi2/anki/dialogs/ChangeNoteTypeDialog.kt,9,683,24,707,3,7,2025-11-08,2026-04-06,18,78.55555555555556,0.6666666666666666,1,0.1111111111111111,0.917963224893918
AnkiDroid/src/main/java/com/ichi2/anki/export/ExportDialogFragment.kt,20,344,362,706,7,16,2024-12-09,2026-03-22,33,35.3,0.55,4,0.2,0.3838526912181303
AnkiDroid/src/main/java/com/ichi2/anki/DeckSpinnerSelection.kt,25,298,401,699,9,20,2024-02-24,2025-11-04,171,27.96,0.36,3,0.12,0.2503576537911302
AnkiDroid/src/main/res/values-gl/10-preferences.xml,57,358,334,692,1,50,2024-04-27,2026-04-12,12,12.140350877192983,1.0,0,0.0,0.25722543352601157
AnkiDroid/src/main/java/com/ichi2/anki/multimedia/AudioVideoFragment.kt,16,553,136,689,4,12,2024-07-21,2026-04-22,2,43.0625,0.5,2,0.125,0.5921625544267054
AnkiDroid/src/main/java/com/ichi2/anki/MetaDB.kt,12,418,271,689,5,9,2024-06-01,2025-08-09,258,57.416666666666664,0.6666666666666666,2,0.16666666666666666,0.41364296081277213
AnkiDroid/src/main/java/com/ichi2/libanki/Collection.kt,36,300,375,675,10,32,2024-05-14,2025-07-05,293,18.75,0.4444444444444444,4,0.1111111111111111,0.2814814814814815
AnkiDroid/src/main/res/values-got/01-core.xml,34,318,353,671,1,34,2024-04-25,2026-04-04,20,19.735294117647058,1.0,0,0.0,0.37853949329359166
AnkiDroid/src/main/res/values-pa/10-preferences.xml,45,340,317,657,1,43,2024-04-27,2026-04-09,15,14.6,1.0,0,0.0,0.547945205479452
AnkiDroid/src/main/java/com/ichi2/anki/servicelayer/scopedstorage/migrateuserdata/MigrateUserData.kt,1,0,657,657,1,1,2024-08-27,2024-08-27,605,657.0,1.0,0,0.0,1.0
AnkiDroid/src/main/java/com/ichi2/anki/ui/windows/reviewer/audiorecord/AudioRecordView.kt,7,559,91,650,3,7,2025-08-10,2026-04-22,2,92.85714285714286,0.5714285714285714,1,0.14285714285714285,0.7338461538461538
AnkiDroid/src/main/res/values-ta/10-preferences.xml,42,334,312,646,1,40,2024-04-27,2026-04-09,15,15.380952380952381,1.0,0,0.0,0.34365325077399383
AnkiDroid/src/main/res/values-bn/02-strings.xml,73,337,305,642,1,69,2024-04-27,2026-04-23,1,8.794520547945206,1.0,0,0.0,0.19003115264797507
AnkiDroid/src/main/java/com/ichi2/anki/settings/Prefs.kt,61,534,101,635,7,40,2025-01-16,2026-03-16,39,10.40983606557377,0.7377049180327869,6,0.09836065573770492,0.23622047244094488
AnkiDroid/src/main/java/com/ichi2/anki/widgets/DeckAdapter.kt,23,267,360,627,9,21,2024-07-09,2026-04-10,14,27.26086956521739,0.34782608695652173,7,0.30434782608695654,0.22647527910685805
AnkiDroid/src/main/res/values-lt/02-strings.xml,69,331,295,626,1,66,2024-04-27,2026-04-23,1,9.072463768115941,1.0,0,0.0,0.549520766773163
AnkiDroid/src/main/res/values-gu/10-preferences.xml,47,325,301,626,1,44,2024-04-27,2026-04-09,15,13.319148936170214,1.0,0,0.0,0.268370607028754
AnkiDroid/src/main/res/values-iw/10-preferences.xml,51,506,113,619,1,48,2024-05-02,2026-04-09,15,12.137254901960784,1.0,0,0.0,0.5945072697899838
AnkiDroid/src/main/java/com/ichi2/anki/CardTemplateNotetype.kt,25,349,269,618,9,19,2024-05-12,2026-03-22,33,24.72,0.32,5,0.2,0.18446601941747573
AnkiDroid/src/main/res/values-got/03-dialogs.xml,53,322,295,617,1,48,2024-04-27,2026-04-06,18,11.641509433962264,1.0,0,0.0,0.36304700162074555
AnkiDroid/src/main/java/com/ichi2/anki/services/NotificationService.kt,13,506,111,617,3,10,2024-11-23,2026-04-20,4,47.46153846153846,0.46153846153846156,6,0.46153846153846156,0.46353322528363045
AnkiDroid/src/main/java/com/ichi2/anki/cardviewer/ViewerCommand.kt,24,314,301,615,8,14,2024-05-14,2026-01-08,106,25.625,0.5,2,0.08333333333333333,0.2959349593495935
AnkiDroid/src/main/res/values-ko/02-strings.xml,77,322,292,614,1,74,2024-04-27,2026-04-23,1,7.974025974025974,1.0,0,0.0,0.17263843648208468
AnkiDroid/src/main/java/com/ichi2/anki/SharedDecksActivity.kt,20,332,279,611,9,13,2024-07-15,2026-01-14,100,30.55,0.5,9,0.45,0.4402618657937807
AnkiDroid/src/main/res/values-bn/10-preferences.xml,46,317,293,610,1,44,2024-04-27,2026-04-09,15,13.26086956521739,1.0,0,0.0,0.36065573770491804
AnkiDroid/src/main/res/values-ug/02-strings.xml,56,503,106,609,1,52,2025-01-04,2026-04-23,1,10.875,1.0,0,0.0,0.5878489326765188
AnkiDroid/src/main/java/com/ichi2/anki/dialogs/EditDeckDescriptionDialog.kt,24,349,260,609,7,14,2024-12-09,2026-02-26,57,25.375,0.75,8,0.3333333333333333,0.20525451559934318
AnkiDroid/src/main/res/values-ar/01-core.xml,47,284,323,607,1,45,2024-04-25,2026-04-12,12,12.914893617021276,1.0,0,0.0,0.24382207578253706
AnkiDroid/src/main/java/com/ichi2/utils/LanguageUtil.kt,13,379,227,606,6,12,2023-12-04,2026-04-15,9,46.61538461538461,0.46153846153846156,5,0.38461538461538464,0.7277227722772277
AnkiDroid/src/main/java/com/ichi2/anki/dialogs/ChangeNoteTypeViewModel.kt,4,597,4,601,3,3,2025-11-08,2026-02-08,75,150.25,0.5,1,0.25,0.9900166389351082
AnkiDroid/src/main/java/com/ichi2/anki/dialogs/help/HelpDialog.kt,11,306,289,595,6,9,2024-04-23,2026-04-08,16,54.09090909090909,0.5454545454545454,2,0.18181818181818182,0.7630252100840336
AnkiDroid/src/main/res/values-fa/02-strings.xml,84,314,278,592,1,79,2024-05-12,2026-04-23,1,7.0476190476190474,1.0,0,0.0,0.13175675675675674
AnkiDroid/src/androidTest/java/com/ichi2/anki/ReviewerTest.kt,16,323,269,592,6,11,2024-03-31,2025-12-04,141,37.0,0.375,2,0.125,0.7027027027027027
AnkiDroid/src/main/res/values-pl/02-strings.xml,79,312,276,588,1,74,2024-04-27,2026-04-23,1,7.443037974683544,1.0,0,0.0,0.2108843537414966
AnkiDroid/src/test/java/com/ichi2/libanki/SchedulerTest.kt,19,285,302,587,5,15,2023-12-04,2025-06-18,310,30.894736842105264,0.42105263157894735,0,0.0,0.3526405451448041
AnkiDroid/src/main/java/com/ichi2/widget/cardanalysis/CardAnalysisWidget.kt,18,459,123,582,5,15,2024-08-27,2026-04-17,7,32.333333333333336,0.4444444444444444,3,0.16666666666666666,0.4054982817869416
AnkiDroid/src/main/java/com/ichi2/anki/previewer/CardViewerFragment.kt,30,329,251,580,7,23,2024-03-24,2026-04-08,16,19.333333333333332,0.5666666666666667,8,0.26666666666666666,0.2603448275862069
tools/localization/package.json,42,288,283,571,4,40,2024-04-29,2026-04-12,12,13.595238095238095,0.5,0,0.0,0.04903677758318739
AnkiDroid/src/main/java/com/ichi2/anki/ui/windows/reviewer/whiteboard/WhiteboardViewModel.kt,5,545,25,570,3,4,2025-09-05,2026-03-25,30,114.0,0.6,1,0.2,0.7964912280701755
AnkiDroid/src/main/res/values-fr/02-strings.xml,82,301,268,569,1,76,2024-04-27,2026-04-23,1,6.939024390243903,1.0,0,0.0,0.13708260105448156
AnkiDroid/src/main/res/values-et/02-strings.xml,70,300,268,568,1,66,2024-04-27,2026-04-23,1,8.114285714285714,1.0,0,0.0,0.25704225352112675
AnkiDroid/src/main/java/com/ichi2/anki/NoteEditorActivity.kt,10,512,53,565,5,9,2025-07-16,2026-01-19,95,56.5,0.4,1,0.1,0.4176991150442478
AnkiDroid/src/main/res/values-iw/03-dialogs.xml,53,431,132,563,1,49,2024-05-02,2026-04-06,18,10.622641509433961,1.0,0,0.0,0.47957371225577267
AnkiDroid/src/main/java/com/ichi2/anki/Sync.kt,46,240,322,562,10,27,2024-06-07,2026-04-06,18,12.217391304347826,0.391304347826087,11,0.2391304347826087,0.25622775800711745
AnkiDroid/src/main/res/values-de/02-strings.xml,84,297,264,561,1,79,2024-05-01,2026-04-23,1,6.678571428571429,1.0,0,0.0,0.13903743315508021
AnkiDroid/src/main/java/com/ichi2/preferences/ControlPreference.kt,14,277,282,559,5,12,2024-07-15,2026-04-09,15,39.92857142857143,0.5714285714285714,2,0.14285714285714285,0.6905187835420393
AnkiDroid/src/main/java/com/ichi2/anki/scheduling/SetDueDateDialog.kt,26,351,206,557,7,20,2024-07-19,2026-04-06,18,21.423076923076923,0.7692307692307693,5,0.19230769230769232,0.17235188509874327
AnkiDroid/src/test/java/com/ichi2/anki/dialogs/ChangeNoteTypeViewModelTest.kt,1,557,0,557,1,1,2025-11-08,2025-11-08,167,557.0,1.0,0,0.0,1.0
AnkiDroid/src/main/java/com/ichi2/anki/AnkiDroidJsAPI.kt,28,347,208,555,9,22,2024-05-24,2026-03-01,54,19.821428571428573,0.39285714285714285,3,0.10714285714285714,0.3225225225225225
AnkiDroid/src/test/java/com/ichi2/anki/dialogs/tags/TagsDialogTest.kt,17,251,303,554,5,16,2024-05-05,2025-09-11,225,32.588235294117645,0.6470588235294118,6,0.35294117647058826,0.17148014440433212
AnkiDroid/src/main/res/values-uz/03-dialogs.xml,51,289,263,552,1,47,2024-04-27,2026-04-19,5,10.823529411764707,1.0,0,0.0,0.33695652173913043
AnkiDroid/src/main/res/values-fi/02-strings.xml,74,293,258,551,1,70,2024-04-27,2026-04-23,1,7.445945945945946,1.0,0,0.0,0.18148820326678766
AnkiDroid/src/main/res/xml/preferences_controls.xml,13,150,399,549,4,13,2024-05-14,2025-09-20,216,42.23076923076923,0.6153846153846154,3,0.23076923076923078,0.6029143897996357
AnkiDroid/src/main/res/values-ru/02-strings.xml,80,287,261,548,1,72,2024-04-27,2026-04-23,1,6.85,1.0,0,0.0,0.12043795620437957
AnkiDroid/src/main/res/values-cs/02-strings.xml,89,291,255,546,1,81,2024-04-27,2026-04-23,1,6.134831460674158,1.0,0,0.0,0.14285714285714285
AnkiDroid/src/main/res/values-el/02-strings.xml,74,288,256,544,1,70,2024-04-27,2026-04-23,1,7.351351351351352,1.0,0,0.0,0.14338235294117646
AnkiDroid/src/main/res/values-mr/02-strings.xml,72,288,256,544,1,69,2024-04-27,2026-04-23,1,7.555555555555555,1.0,0,0.0,0.2867647058823529
AnkiDroid/src/main/res/values-uk/02-strings.xml,80,283,260,543,1,74,2024-04-27,2026-04-23,1,6.7875,1.0,0,0.0,0.08103130755064457
AnkiDroid/src/main/java/com/ichi2/anki/dialogs/SyncErrorDialog.kt,17,302,237,539,6,14,2024-11-03,2026-03-20,35,31.705882352941178,0.47058823529411764,5,0.29411764705882354,0.23562152133580705
AnkiDroid/src/main/java/com/ichi2/anki/AnkiFragment.kt,14,269,269,538,5,11,2024-07-02,2025-01-02,477,38.42857142857143,0.35714285714285715,3,0.21428571428571427,0.4107806691449814
AnkiDroid/src/main/res/values-is/02-strings.xml,42,85,449,534,2,40,2024-04-27,2025-08-04,263,12.714285714285714,0.9761904761904762,0,0.0,0.6891385767790262
AnkiDroid/src/main/java/com/ichi2/libanki/sched/Scheduler.kt,27,257,277,534,10,21,2023-12-04,2025-07-02,296,19.77777777777778,0.3333333333333333,2,0.07407407407407407,0.43258426966292135
AnkiDroid/src/main/java/com/ichi2/anki/multimediacard/activity/MultimediaEditFieldActivity.kt,4,18,513,531,3,4,2024-07-15,2024-08-03,629,132.75,0.5,0,0.0,0.9303201506591338
AnkiDroid/src/main/res/values-es-rES/02-strings.xml,79,281,248,529,1,73,2024-04-27,2026-04-23,1,6.69620253164557,1.0,0,0.0,0.14744801512287334
AnkiDroid/src/main/res/values-gl/03-dialogs.xml,61,278,251,529,1,56,2024-04-27,2026-04-12,12,8.672131147540984,1.0,0,0.0,0.19659735349716445
AnkiDroid/src/main/res/values-gu/03-dialogs.xml,48,278,251,529,1,45,2024-04-27,2026-04-06,18,11.020833333333334,1.0,0,0.0,0.33648393194706994
AnkiDroid/src/main/res/values-jv/02-strings.xml,42,83,443,526,2,40,2024-04-27,2025-08-04,263,12.523809523809524,0.9761904761904762,0,0.0,0.688212927756654
AnkiDroid/src/main/res/values-ko/10-preferences.xml,51,274,251,525,1,48,2024-04-27,2026-04-09,15,10.294117647058824,1.0,0,0.0,0.28
AnkiDroid/src/main/res/values-hr/03-dialogs.xml,44,276,249,525,1,41,2024-04-27,2026-04-06,18,11.931818181818182,1.0,0,0.0,0.6552380952380953
AnkiDroid/src/main/res/values-iw/01-core.xml,35,378,146,524,1,35,2024-05-02,2026-04-04,20,14.971428571428572,1.0,0,0.0,0.5095419847328244
AnkiDroid/src/main/java/com/ichi2/audio/AudioRecordingController.kt,9,380,144,524,5,6,2024-04-21,2024-08-01,631,58.22222222222222,0.5555555555555556,2,0.2222222222222222,0.44274809160305345
AnkiDroid/src/main/res/values-eo/01-core.xml,45,244,279,523,1,42,2024-04-25,2026-04-04,20,11.622222222222222,1.0,0,0.0,0.25239005736137665
AnkiDroid/src/main/java/com/ichi2/anki/browser/BrowserMultiColumnAdapter.kt,20,426,96,522,7,18,2024-07-09,2026-04-13,11,26.1,0.65,3,0.15,0.48659003831417624
AnkiDroid/src/main/res/values-es-rAR/02-strings.xml,78,277,244,521,1,73,2024-04-27,2026-04-23,1,6.67948717948718,1.0,0,0.0,0.14971209213051823
AnkiDroid/src/main/res/values-heb/02-strings.xml,78,282,239,521,1,72,2024-05-12,2026-04-23,1,6.67948717948718,1.0,0,0.0,0.1036468330134357
AnkiDroid/src/main/java/com/ichi2/anki/ui/windows/reviewer/whiteboard/WhiteboardView.kt,6,411,109,520,3,5,2025-09-05,2026-03-25,30,86.66666666666667,0.6666666666666666,2,0.3333333333333333,0.3942307692307692
AnkiDroid/src/main/res/values-ug/10-preferences.xml,43,458,60,518,1,39,2025-01-04,2026-04-09,15,12.046511627906977,1.0,0,0.0,0.7200772200772201
AnkiDroid/src/test/java/com/ichi2/anki/services/AlarmManagerServiceTest.kt,4,443,75,518,1,4,2025-11-03,2026-02-16,67,129.5,1.0,0,0.0,0.46332046332046334
AnkiDroid/src/main/res/values-lv/03-dialogs.xml,51,271,244,515,1,47,2024-04-27,2026-04-06,18,10.098039215686274,1.0,0,0.0,0.3029126213592233
AnkiDroid/src/main/java/com/ichi2/anki/browser/search/CardBrowserSearchViewModel.kt,14,467,48,515,1,6,2026-01-11,2026-03-12,43,36.785714285714285,1.0,1,0.07142857142857142,0.2
AnkiDroid/src/main/res/values-ss/02-strings.xml,39,67,446,513,2,37,2024-04-27,2025-08-04,263,13.153846153846153,0.9743589743589743,0,0.0,0.7173489278752436
AnkiDroid/src/main/res/values-sw/02-strings.xml,39,67,446,513,2,37,2024-04-27,2025-08-04,263,13.153846153846153,0.9743589743589743,0,0.0,0.7173489278752436
AnkiDroid/src/main/java/com/ichi2/anki/dialogs/EmptyCardsDialogFragment.kt,9,417,94,511,4,9,2025-01-14,2026-04-06,18,56.77777777777778,0.5555555555555556,1,0.1111111111111111,0.34833659491193736
AnkiDroid/src/main/res/values-tg/02-strings.xml,38,65,445,510,2,36,2024-04-27,2025-08-04,263,13.421052631578947,0.9736842105263158,0,0.0,0.7215686274509804
AnkiDroid/src/main/java/com/ichi2/anki/notetype/ManageNoteTypesViewModel.kt,7,428,81,509,4,7,2025-11-11,2026-04-24,0,72.71428571428571,0.5714285714285714,2,0.2857142857142857,0.3929273084479371
AnkiDroid/src/main/res/values-ja/02-strings.xml,92,269,239,508,1,85,2024-04-25,2026-04-23,1,5.521739130434782,1.0,0,0.0,0.09055118110236221
AnkiDroid/src/main/res/values-sat/02-strings.xml,71,262,245,507,1,67,2024-04-27,2026-04-23,1,7.140845070422535,1.0,0,0.0,0.2564102564102564
AnkiDroid/src/main/res/values-ar/03-dialogs.xml,57,267,239,506,1,52,2024-05-27,2026-04-12,12,8.87719298245614,1.0,0,0.0,0.35375494071146246
AnkiDroid/src/main/res/values-ta/03-dialogs.xml,47,266,240,506,1,44,2024-04-27,2026-04-06,18,10.76595744680851,1.0,0,0.0,0.3201581027667984
AnkiDroid/src/main/java/com/ichi2/anki/dialogs/CreateDeckDialog.kt,21,267,239,506,10,17,2024-07-12,2026-04-06,18,24.095238095238095,0.42857142857142855,6,0.2857142857142857,0.23715415019762845
AnkiDroid/src/main/res/values-pt-rBR/02-strings.xml,86,267,235,502,1,82,2024-04-27,2026-04-23,1,5.837209302325581,1.0,0,0.0,0.11155378486055777
AnkiDroid/src/main/java/com/ichi2/anki/IntentHandler.kt,31,311,189,500,9,25,2024-07-02,2025-12-10,135,16.129032258064516,0.5161290322580645,8,0.25806451612903225,0.296
AnkiDroid/src/main/res/values-eo/10-preferences.xml,61,257,240,497,1,53,2024-04-25,2026-04-09,15,8.147540983606557,1.0,0,0.0,0.24346076458752516
AnkiDroid/src/main/java/com/ichi2/imagecropper/ImageCropper.kt,8,362,132,494,5,8,2024-08-05,2025-11-25,150,61.75,0.375,3,0.375,0.354251012145749
AnkiDroid/src/main/java/com/ichi2/anki/noteeditor/NoteEditorLauncher.kt,16,358,135,493,6,13,2024-07-04,2026-03-26,29,30.8125,0.3125,4,0.25,0.36511156186612576
AnkiDroid/src/main/res/values-pa/03-dialogs.xml,47,259,233,492,1,45,2024-04-27,2026-04-06,18,10.46808510638298,1.0,0,0.0,0.3170731707317073
AnkiDroid/src/main/java/com/ichi2/anki/dialogs/InsertFieldDialog.kt,11,362,130,492,2,8,2024-12-09,2026-03-22,33,44.72727272727273,0.9090909090909091,4,0.36363636363636365,0.4268292682926829
build.gradle.kts,34,339,151,490,8,27,2024-05-21,2026-04-17,7,14.411764705882353,0.47058823529411764,4,0.11764705882352941,0.2897959183673469
AnkiDroid/src/main/java/com/ichi2/anki/servicelayer/NoteService.kt,26,234,256,490,7,20,2024-05-27,2026-03-29,26,18.846153846153847,0.46153846153846156,3,0.11538461538461539,0.16122448979591836
AnkiDroid/src/main/java/com/ichi2/utils/ImportUtils.kt,24,298,191,489,13,20,2024-07-15,2026-04-20,4,20.375,0.4166666666666667,6,0.25,0.21267893660531698
AnkiDroid/src/main/java/com/ichi2/widget/DeckPickerWidgetConfig.kt,1,489,0,489,1,1,2024-05-22,2024-05-22,702,489.0,1.0,0,0.0,1.0
AnkiDroid/src/main/res/values-nl/02-strings.xml,77,260,228,488,1,73,2024-04-27,2026-04-23,1,6.337662337662338,1.0,0,0.0,0.12295081967213115
AnkiDroid/src/main/res/values-is/10-preferences.xml,34,62,425,487,2,32,2024-04-27,2025-08-04,263,14.323529411764707,0.9705882352941176,0,0.0,0.8049281314168378
AnkiDroid/src/main/java/com/ichi2/anki/reviewreminders/AddEditReminderDialog.kt,8,446,41,487,4,8,2025-09-26,2026-03-23,32,60.875,0.5,0,0.0,0.7166324435318275
AnkiDroid/src/main/res/values-ur/03-dialogs.xml,42,256,230,486,1,40,2024-04-27,2026-04-06,18,11.571428571428571,1.0,0,0.0,0.3004115226337449
AnkiDroid/src/main/res/values-tn/02-strings.xml,36,55,429,484,2,34,2024-04-27,2025-08-04,263,13.444444444444445,0.9722222222222222,0,0.0,0.7603305785123967
AnkiDroid/src/main/res/values-ts/02-strings.xml,36,55,429,484,2,34,2024-04-27,2025-08-04,263,13.444444444444445,0.9722222222222222,0,0.0,0.7603305785123967
AnkiDroid/src/main/res/values-ve/02-strings.xml,36,55,429,484,2,34,2024-04-27,2025-08-04,263,13.444444444444445,0.9722222222222222,0,0.0,0.7603305785123967
AnkiDroid/src/main/res/values-xh/02-strings.xml,36,55,429,484,2,34,2024-04-27,2025-08-04,263,13.444444444444445,0.9722222222222222,0,0.0,0.7603305785123967
AnkiDroid/src/main/res/values-zu/02-strings.xml,36,55,429,484,2,34,2024-04-27,2025-08-04,263,13.444444444444445,0.9722222222222222,0,0.0,0.7603305785123967
AnkiDroid/src/main/java/com/ichi2/anki/browser/search/StandardSearchFragment.kt,10,427,57,484,1,6,2026-01-11,2026-03-12,43,48.4,1.0,0,0.0,0.2334710743801653
AnkiDroid/src/main/res/values-zh-rCN/02-strings.xml,99,249,233,482,1,89,2024-04-27,2026-04-24,0,4.8686868686868685,1.0,0,0.0,0.07468879668049792
AnkiDroid/src/main/res/values-jv/10-preferences.xml,34,61,421,482,2,32,2024-04-27,2025-08-04,263,14.176470588235293,0.9705882352941176,0,0.0,0.8070539419087137
AnkiDroid/src/main/java/com/ichi2/anki/SharedDecksDownloadFragment.kt,19,274,207,481,7,14,2024-07-10,2026-04-17,7,25.31578947368421,0.631578947368421,8,0.42105263157894735,0.4553014553014553
AnkiDroid/src/main/res/values-te/02-strings.xml,77,252,228,480,1,71,2024-04-27,2026-04-23,1,6.233766233766234,1.0,0,0.0,0.14166666666666666
AnkiDroid/src/main/res/values-wo/02-strings.xml,36,53,423,476,2,34,2024-04-27,2025-08-04,263,13.222222222222221,0.9722222222222222,0,0.0,0.7605042016806722
AnkiDroid/src/main/res/values-yue/02-strings.xml,36,53,423,476,2,34,2024-04-27,2025-08-04,263,13.222222222222221,0.9722222222222222,0,0.0,0.7605042016806722
AnkiDroid/src/main/res/values-ss/10-preferences.xml,31,55,420,475,2,29,2024-04-27,2025-08-04,263,15.32258064516129,0.967741935483871,0,0.0,0.8252631578947368
AnkiDroid/src/main/res/values-sw/10-preferences.xml,31,55,420,475,2,29,2024-04-27,2025-08-04,263,15.32258064516129,0.967741935483871,0,0.0,0.8252631578947368
AnkiDroid/src/test/java/com/ichi2/anki/ui/windows/reviewer/GestureParserTest.kt,13,408,67,475,1,9,2025-06-08,2025-12-12,133,36.53846153846154,1.0,2,0.15384615384615385,0.4568421052631579
AnkiDroid/src/test/java/com/ichi2/anki/widget/cardanalysis/CardAnalysisWidgetConfigTest.kt,10,340,135,475,4,8,2024-08-27,2025-10-05,201,47.5,0.4,1,0.1,0.5094736842105263
AnkiDroid/src/main/res/values-ml/02-strings.xml,70,253,221,474,1,67,2024-04-27,2026-04-23,1,6.771428571428571,1.0,0,0.0,0.2742616033755274
AnkiDroid/src/main/java/com/ichi2/anki/previewer/TemplatePreviewerViewModel.kt,28,268,206,474,9,25,2024-05-02,2026-01-19,95,16.928571428571427,0.32142857142857145,10,0.35714285714285715,0.310126582278481
AnkiDroid/src/main/res/values-tg/10-preferences.xml,30,54,419,473,2,28,2024-04-27,2025-08-04,263,15.766666666666667,0.9666666666666667,0,0.0,0.828752642706131
AnkiDroid/src/main/java/com/ichi2/anki/MediaRegistration.kt,17,268,205,473,5,12,2024-07-15,2026-04-17,7,27.823529411764707,0.6470588235294118,2,0.11764705882352941,0.5602536997885835
AnkiDroid/src/main/java/com/ichi2/anki/multimediacard/MediaPlayer.kt,5,112,360,472,3,4,2024-07-15,2025-01-04,475,94.4,0.6,0,0.0,0.684322033898305
AnkiDroid/src/main/res/values-fil/02-strings.xml,75,252,219,471,1,69,2024-04-27,2026-04-23,1,6.28,1.0,0,0.0,0.16772823779193205
AnkiDroid/src/main/java/com/ichi2/anki/preferences/HeaderFragment.kt,31,309,161,470,10,28,2024-05-23,2026-04-06,18,15.161290322580646,0.3225806451612903,4,0.12903225806451613,0.16382978723404254
AnkiDroid/src/main/java/com/ichi2/anki/services/MigrationService.kt,2,6,464,470,2,2,2024-07-15,2024-08-27,605,235.0,0.5,0,0.0,0.9851063829787234
AnkiDroid/src/main/java/com/ichi2/anki/AnkiDroidApp.kt,44,291,178,469,10,34,2023-12-04,2026-04-17,7,10.659090909090908,0.5681818181818182,14,0.3181818181818182,0.14925373134328357
AnkiDroid/src/main/res/values-et/10-preferences.xml,44,247,222,469,1,42,2024-04-27,2026-04-09,15,10.659090909090908,1.0,0,0.0,0.6908315565031983
AnkiDroid/src/main/res/values-fil/10-preferences.xml,44,246,221,467,1,42,2024-04-27,2026-04-09,15,10.613636363636363,1.0,0,0.0,0.3683083511777302
AnkiDroid/src/main/res/values-lt/10-preferences.xml,41,245,221,466,1,38,2024-04-27,2026-04-09,15,11.365853658536585,1.0,0,0.0,0.7360515021459227
AnkiDroid/src/main/res/values-it/02-strings.xml,73,247,214,461,1,69,2024-04-27,2026-04-23,1,6.315068493150685,1.0,0,0.0,0.14316702819956617
AnkiDroid/src/main/res/values-tr/02-strings.xml,87,241,219,460,1,81,2024-04-27,2026-04-24,0,5.287356321839081,1.0,0,0.0,0.06956521739130435
AnkiDroid/src/test/java/com/ichi2/anki/browser/search/CardBrowserSearchViewModelTest.kt,7,427,33,460,1,4,2026-01-11,2026-03-05,50,65.71428571428571,1.0,0,0.0,0.3739130434782609
AnkiDroid/src/main/res/values-gl/01-core.xml,43,212,247,459,1,43,2024-04-25,2026-04-12,12,10.674418604651162,1.0,0,0.0,0.2962962962962963
AnkiDroid/src/main/res/values-tn/10-preferences.xml,28,47,411,458,2,26,2024-04-27,2025-08-04,263,16.357142857142858,0.9642857142857143,0,0.0,0.8558951965065502
AnkiDroid/src/main/res/values-ts/10-preferences.xml,28,47,411,458,2,26,2024-04-27,2025-08-04,263,16.357142857142858,0.9642857142857143,0,0.0,0.8558951965065502
AnkiDroid/src/main/res/values-ve/10-preferences.xml,28,47,411,458,2,26,2024-04-27,2025-08-04,263,16.357142857142858,0.9642857142857143,0,0.0,0.8558951965065502
AnkiDroid/src/main/res/values-xh/10-preferences.xml,28,47,411,458,2,26,2024-04-27,2025-08-04,263,16.357142857142858,0.9642857142857143,0,0.0,0.8558951965065502
AnkiDroid/src/main/res/values-zu/10-preferences.xml,28,47,411,458,2,26,2024-04-27,2025-08-04,263,16.357142857142858,0.9642857142857143,0,0.0,0.8558951965065502
AnkiDroid/src/main/res/values-bg/02-strings.xml,70,244,212,456,1,67,2024-04-27,2026-04-23,1,6.514285714285714,1.0,0,0.0,0.2324561403508772
AnkiDroid/src/main/java/com/ichi2/anki/NavigationDrawerActivity.kt,34,264,191,455,12,29,2024-05-02,2026-03-23,32,13.382352941176471,0.5,8,0.23529411764705882,0.38461538461538464
AnkiDroid/src/main/res/values-wo/10-preferences.xml,28,47,408,455,2,26,2024-04-27,2025-08-04,263,16.25,0.9642857142857143,0,0.0,0.8549450549450549
AnkiDroid/src/main/res/values-yue/10-preferences.xml,28,47,408,455,2,26,2024-04-27,2025-08-04,263,16.25,0.9642857142857143,0,0.0,0.8549450549450549
AnkiDroid/src/main/res/values-pt-rPT/02-strings.xml,81,235,218,453,1,73,2024-04-27,2026-04-23,1,5.592592592592593,1.0,0,0.0,0.15011037527593818
AnkiDroid/src/main/res/values-ar/10-preferences.xml,55,244,209,453,1,49,2024-04-27,2026-04-12,12,8.236363636363636,1.0,0,0.0,0.3465783664459161
AnkiDroid/src/main/java/com/ichi2/anki/ModelFieldEditor.kt,16,246,207,453,8,13,2024-07-15,2025-03-22,398,28.3125,0.4375,3,0.1875,0.39514348785871967
AnkiDroid/src/main/java/com/ichi2/ui/AppCompatPreferenceActivity.kt,9,37,416,453,5,8,2024-07-10,2025-12-01,144,50.333333333333336,0.5555555555555556,2,0.2222222222222222,0.891832229580574
AnkiDroid/src/main/java/com/ichi2/anki/model/FieldFilters.kt,1,453,0,453,1,1,2026-03-20,2026-03-20,35,453.0,1.0,0,0.0,1.0
AnkiDroid/src/main/res/values-uz/01-core.xml,41,209,243,452,1,39,2024-04-25,2026-04-19,5,11.024390243902438,1.0,0,0.0,0.3141592920353982
AnkiDroid/src/main/java/com/ichi2/anki/filtered/FilteredDeckOptionsViewModel.kt,7,439,13,452,2,4,2025-12-01,2026-04-24,0,64.57142857142857,0.8571428571428571,1,0.14285714285714285,0.7190265486725663
AnkiDroid/src/main/res/values-mr/10-preferences.xml,44,236,214,450,1,41,2024-04-27,2026-04-09,15,10.227272727272727,1.0,0,0.0,0.30444444444444446
AnkiDroid/src/main/res/values-ml/10-preferences.xml,44,237,212,449,1,42,2024-04-27,2026-04-09,15,10.204545454545455,1.0,0,0.0,0.3518930957683742
AnkiDroid/src/main/res/values-af/01-core.xml,34,205,240,445,1,32,2024-04-25,2026-04-04,20,13.088235294117647,1.0,0,0.0,0.20224719101123595
AnkiDroid/src/main/java/com/ichi2/anki/multimedia/audio/AudioRecordingController.kt,18,245,199,444,6,13,2024-08-01,2026-03-22,33,24.666666666666668,0.3888888888888889,5,0.2777777777777778,0.3536036036036036
AnkiDroid/src/main/java/com/ichi2/anki/pages/PostRequestHandler.kt,21,285,158,443,5,16,2024-11-05,2026-04-22,2,21.095238095238095,0.7142857142857143,7,0.3333333333333333,0.2799097065462754
AnkiDroid/src/main/res/values-af/03-dialogs.xml,45,234,207,441,1,42,2024-04-27,2026-04-06,18,9.8,1.0,0,0.0,0.6213151927437641
AnkiDroid/src/main/res/values-bn/03-dialogs.xml,47,233,206,439,1,44,2024-04-27,2026-04-06,18,9.340425531914894,1.0,0,0.0,0.4646924829157175
AnkiDroid/src/main/res/values-da/02-strings.xml,69,235,203,438,1,66,2024-04-27,2026-04-23,1,6.3478260869565215,1.0,0,0.0,0.2054794520547945
AnkiDroid/src/main/java/com/ichi2/anki/multiprofile/ProfileManager.kt,6,418,20,438,1,5,2025-12-20,2026-04-17,7,73.0,1.0,0,0.0,0.7100456621004566
AnkiDroid/src/main/java/com/ichi2/anki/tags/ManageTagsViewModel.kt,5,401,36,437,2,3,2026-03-25,2026-04-23,1,87.4,0.8,3,0.6,0.8215102974828375
AnkiDroid/src/test/java/com/ichi2/anki/instanteditor/InstantEditorViewModelTest.kt,14,391,44,435,4,13,2024-05-14,2026-04-05,19,31.071428571428573,0.5,5,0.35714285714285715,0.25287356321839083
AnkiDroid/src/main/res/values-az/02-strings.xml,69,233,201,434,1,66,2024-04-27,2026-04-23,1,6.2898550724637685,1.0,0,0.0,0.19815668202764977
AnkiDroid/src/main/res/values-pt-rPT/03-dialogs.xml,57,230,204,434,1,54,2024-04-27,2026-04-06,18,7.614035087719298,1.0,0,0.0,0.41935483870967744
AnkiDroid/src/main/java/com/ichi2/anki/reviewreminders/ReviewReminder.kt,14,350,83,433,2,12,2025-07-03,2026-02-16,67,30.928571428571427,0.8571428571428571,3,0.21428571428571427,0.5496535796766744
AnkiDroid/src/main/java/com/ichi2/anki/filtered/FilteredDeckOptionsFragment.kt,8,411,22,433,1,3,2025-12-01,2026-03-22,33,54.125,1.0,3,0.375,0.766743648960739
AnkiDroid/src/main/res/values-fa/01-core.xml,46,199,233,432,1,44,2024-04-25,2026-04-24,0,9.391304347826088,1.0,0,0.0,0.18981481481481483
AnkiDroid/src/main/java/com/ichi2/anki/mediacheck/MediaCheckFragment.kt,9,351,81,432,3,8,2025-02-19,2026-04-06,18,48.0,0.5555555555555556,1,0.1111111111111111,0.47453703703703703
AnkiDroid/src/main/java/com/ichi2/anki/previewer/PreviewerFragment.kt,29,232,199,431,9,23,2024-04-26,2026-03-23,32,14.862068965517242,0.41379310344827586,7,0.2413793103448276,0.16473317865429235
AnkiDroid/src/main/res/values-ind/02-strings.xml,71,230,200,430,1,67,2024-04-27,2026-04-23,1,6.056338028169014,1.0,0,0.0,0.3116279069767442
AnkiDroid/src/main/res/layout-sw720dp/reviewer2.xml,8,67,362,429,1,5,2025-12-13,2026-01-07,107,53.625,1.0,3,0.375,0.4755244755244755
AnkiDroid/src/main/java/com/ichi2/anki/export/ActivityExportingDelegate.kt,11,100,328,428,3,7,2024-07-15,2025-05-10,349,38.90909090909091,0.45454545454545453,2,0.18181818181818182,0.48364485981308414
AnkiDroid/src/main/java/com/ichi2/anki/reviewer/MappableBinding.kt,19,154,272,426,5,11,2024-07-15,2026-03-23,32,22.42105263157895,0.5789473684210527,1,0.05263157894736842,0.25586854460093894
AnkiDroid/src/main/res/values-kn/02-strings.xml,71,228,196,424,1,66,2024-04-27,2026-04-23,1,5.971830985915493,1.0,0,0.0,0.23349056603773585
AnkiDroid/src/main/res/layout/studyoptions_fragment.xml,7,241,181,422,3,6,2024-07-21,2026-03-22,33,60.285714285714285,0.42857142857142855,3,0.42857142857142855,0.8033175355450237
AnkiDroid/src/main/res/layout/fragment_filtered_deck_options.xml,5,392,29,421,1,3,2025-12-01,2026-03-22,33,84.2,1.0,2,0.4,0.8147268408551069
AnkiDroid/src/main/java/com/ichi2/libanki/DB.kt,9,136,284,420,4,7,2024-12-09,2025-06-27,301,46.666666666666664,0.6666666666666666,2,0.2222222222222222,0.4261904761904762
AnkiDroid/src/main/java/com/ichi2/anki/backend/AnkiDroidDB.kt,5,210,210,420,1,5,2025-06-18,2025-07-21,277,84.0,1.0,0,0.0,0.4928571428571429
AnkiDroid/src/test/java/com/ichi2/anki/tags/FlattenTreeTest.kt,2,418,1,419,1,2,2026-03-25,2026-04-20,4,209.5,1.0,0,0.0,0.9952267303102625
AnkiDroid/src/main/res/values/02-strings.xml,76,224,192,416,29,65,2024-04-26,2026-04-22,2,5.473684210526316,0.23684210526315788,17,0.2236842105263158,0.16826923076923078
AnkiDroid/src/main/res/values-ug/03-dialogs.xml,30,349,67,416,1,27,2025-01-04,2026-04-06,18,13.866666666666667,1.0,0,0.0,0.6490384615384616
AnkiDroid/src/main/assets/scripts/ankidroid.js,20,354,62,416,3,15,2024-05-27,2025-12-13,132,20.8,0.85,5,0.25,0.2764423076923077
AnkiDroid/src/main/res/values-gu/01-core.xml,36,190,225,415,1,34,2024-04-25,2026-04-04,20,11.527777777777779,1.0,0,0.0,0.2987951807228916
AnkiDroid/src/main/res/values-sq/03-dialogs.xml,43,220,194,414,1,41,2024-04-27,2026-04-06,18,9.627906976744185,1.0,0,0.0,0.357487922705314
AnkiDroid/src/main/java/com/ichi2/anki/preferences/AppearanceSettingsFragment.kt,17,229,185,414,6,12,2024-08-14,2025-12-13,132,24.352941176470587,0.4117647058823529,3,0.17647058823529413,0.25120772946859904
AnkiDroid/src/main/java/com/ichi2/libanki/Card.kt,28,146,267,413,8,21,2024-05-05,2025-06-18,310,14.75,0.39285714285714285,2,0.07142857142857142,0.20581113801452786
AnkiDroid/src/main/java/com/ichi2/libanki/Decks.kt,15,251,157,408,8,15,2024-05-01,2025-07-04,294,27.2,0.3333333333333333,2,0.13333333333333333,0.3112745098039216
AnkiDroid/src/main/res/values-be/01-core.xml,43,184,221,405,1,42,2024-04-25,2026-04-12,12,9.418604651162791,1.0,0,0.0,0.20246913580246914
AnkiDroid/src/main/java/com/ichi2/anki/browser/FindAndReplaceDialogFragment.kt,7,327,78,405,3,7,2025-01-29,2026-03-19,36,57.857142857142854,0.5714285714285714,2,0.2857142857142857,0.562962962962963
AnkiDroid/src/main/java/com/ichi2/anki/browser/search/AdvancedSearchFragment.kt,6,388,16,404,1,3,2026-01-11,2026-03-22,33,67.33333333333333,1.0,1,0.16666666666666666,0.6732673267326733
AnkiDroid/src/main/res/values-zh-rTW/02-strings.xml,68,209,194,403,1,63,2024-04-27,2026-04-23,1,5.926470588235294,1.0,0,0.0,0.18610421836228289
AnkiDroid/src/androidTest/java/com/ichi2/anki/ReviewerFragmentTest.kt,18,277,126,403,6,14,2024-05-26,2026-03-23,32,22.38888888888889,0.3333333333333333,2,0.1111111111111111,0.456575682382134
AnkiDroid/src/test/java/com/ichi2/anki/tags/ManageTagsViewModelTest.kt,2,395,8,403,1,2,2026-03-25,2026-04-20,4,201.5,1.0,0,0.0,0.9602977667493796
AnkiDroid/src/main/res/values-km/02-strings.xml,68,216,186,402,1,65,2024-04-27,2026-04-23,1,5.911764705882353,1.0,0,0.0,0.3482587064676617
AnkiDroid/src/main/java/com/ichi2/anki/previewer/PreviewerViewModel.kt,36,214,187,401,7,25,2024-05-02,2026-04-06,18,11.13888888888889,0.5277777777777778,10,0.2777777777777778,0.16209476309226933
AnkiDroid/src/main/res/values-pa/01-core.xml,31,183,218,401,1,29,2024-04-25,2026-04-04,20,12.935483870967742,1.0,0,0.0,0.24937655860349128
AnkiDroid/src/test/java/com/ichi2/anki/TranslationTest.kt,2,397,4,401,2,2,2026-03-18,2026-03-21,34,200.5,0.5,1,0.5,0.9900249376558603
AnkiDroid/src/main/res/values-ca/02-strings.xml,70,216,184,400,1,66,2024-04-27,2026-04-23,1,5.714285714285714,1.0,0,0.0,0.195
AnkiDroid/src/main/res/values-pl/10-preferences.xml,48,212,187,399,1,43,2024-04-27,2026-04-09,15,8.3125,1.0,0,0.0,0.20050125313283207
AnkiDroid/src/main/java/com/ichi2/anki/previewer/TemplatePreviewerFragment.kt,26,186,211,397,7,17,2024-05-30,2026-01-17,97,15.26923076923077,0.34615384615384615,5,0.19230769230769232,0.19899244332493704
AnkiDroid/src/main/java/com/ichi2/anki/pages/CongratsPage.kt,28,217,179,396,7,22,2024-06-07,2025-12-11,134,14.142857142857142,0.5357142857142857,4,0.14285714285714285,0.17424242424242425
AnkiDroid/src/main/res/values-fil/01-core.xml,33,180,215,395,1,33,2024-04-25,2026-04-04,20,11.969696969696969,1.0,0,0.0,0.22784810126582278
AnkiDroid/src/main/java/com/ichi2/anki/services/AlarmManagerService.kt,5,388,7,395,2,5,2025-11-03,2026-04-20,4,79.0,0.8,2,0.4,0.8329113924050633
AnkiDroid/src/main/res/values-be/03-dialogs.xml,56,208,183,391,1,51,2024-04-27,2026-04-12,12,6.982142857142857,1.0,0,0.0,0.16879795396419436
AnkiDroid/src/main/java/com/ichi2/anki/notetype/AddNewNotesType.kt,18,223,168,391,8,16,2024-06-05,2026-04-06,18,21.72222222222222,0.5,3,0.16666666666666666,0.3734015345268542
AnkiDroid/src/main/res/values-hi/02-strings.xml,73,212,177,389,1,69,2024-04-27,2026-04-23,1,5.328767123287672,1.0,0,0.0,0.10282776349614396
AnkiDroid/src/main/res/values-lt/03-dialogs.xml,44,208,181,389,1,41,2024-04-27,2026-04-06,18,8.840909090909092,1.0,0,0.0,0.5552699228791774
AnkiDroid/src/main/res/values-or/02-strings.xml,71,210,178,388,1,65,2024-04-27,2026-04-23,1,5.464788732394366,1.0,0,0.0,0.13402061855670103
AnkiDroid/src/main/java/com/ichi2/anki/CrashReportService.kt,18,225,163,388,6,15,2024-07-15,2026-04-17,7,21.555555555555557,0.5555555555555556,6,0.3333333333333333,0.4845360824742268
AnkiDroid/src/main/java/com/ichi2/anki/reviewreminders/ReminderTroubleshootingFragment.kt,3,383,2,385,1,1,2026-03-28,2026-03-28,27,128.33333333333334,1.0,0,0.0,0.43116883116883115
AnkiDroid/src/test/java/com/ichi2/anki/RobolectricTest.kt,39,173,211,384,8,27,2023-12-04,2026-03-26,29,9.846153846153847,0.7435897435897436,8,0.20512820512820512,0.16927083333333334
AnkiDroid/src/main/res/values-sq/02-strings.xml,65,200,183,383,1,62,2024-04-27,2026-04-23,1,5.892307692307693,1.0,0,0.0,0.34986945169712796
AnkiDroid/src/main/java/com/ichi2/anki/dialogs/SavedBrowserSearchesDialogFragment.kt,11,299,79,378,3,7,2025-08-12,2026-03-22,33,34.36363636363637,0.6363636363636364,1,0.09090909090909091,0.3862433862433862
AnkiDroid/src/main/res/values-pl/03-dialogs.xml,54,200,174,374,1,49,2024-04-27,2026-04-06,18,6.925925925925926,1.0,0,0.0,0.18181818181818182
AnkiDroid/src/main/res/values-lv/01-core.xml,30,169,205,374,1,30,2024-04-25,2026-04-04,20,12.466666666666667,1.0,0,0.0,0.49732620320855614
AnkiDroid/src/test/java/com/ichi2/libanki/ModelTest.kt,10,182,191,373,4,9,2024-07-15,2025-04-26,363,37.3,0.5,1,0.1,0.40214477211796246
AnkiDroid/src/main/res/values-sq/01-core.xml,27,168,203,371,1,27,2024-04-25,2026-04-04,20,13.74074074074074,1.0,0,0.0,0.5606469002695418
api/src/main/java/com/ichi2/anki/FlashCardsContract.kt,9,325,44,369,7,9,2023-12-04,2026-04-18,6,41.0,0.3333333333333333,0,0.0,0.28184281842818426
AnkiDroid/src/main/java/com/ichi2/anki/preferences/reviewer/ViewerAction.kt,27,335,33,368,5,20,2024-12-10,2026-04-22,2,13.62962962962963,0.8518518518518519,3,0.1111111111111111,0.24728260869565216
AnkiDroid/src/main/java/com/ichi2/anki/InitialActivity.kt,22,217,151,368,11,17,2024-06-04,2026-04-17,7,16.727272727272727,0.4090909090909091,7,0.3181818181818182,0.16576086956521738
AnkiDroid/src/main/res/values-pt-rPT/10-preferences.xml,55,194,171,365,1,51,2024-04-27,2026-04-09,15,6.636363636363637,1.0,0,0.0,0.28493150684931506
AnkiDroid/src/main/res/values-zh-rTW/01-core.xml,33,169,196,365,1,32,2024-04-25,2026-04-04,20,11.06060606060606,1.0,0,0.0,0.1726027397260274
AnkiDroid/src/main/res/values-nn/01-core.xml,32,165,200,365,1,32,2024-04-25,2026-04-04,20,11.40625,1.0,0,0.0,0.3013698630136986
AnkiDroid/src/main/java/com/ichi2/anki/preferences/ControlsSettingsFragment.kt,27,300,65,365,9,23,2024-05-28,2026-04-06,18,13.518518518518519,0.5185185185185185,5,0.18518518518518517,0.2547945205479452
AnkiDroid/src/main/res/values-fil/03-dialogs.xml,49,195,169,364,1,45,2024-04-27,2026-04-06,18,7.428571428571429,1.0,0,0.0,0.43956043956043955
AnkiDroid/src/main/res/values-ro/02-strings.xml,65,191,172,363,1,61,2024-04-27,2026-04-23,1,5.584615384615384,1.0,0,0.0,0.2865013774104683
AnkiDroid/src/main/java/com/ichi2/anki/pages/RemoveAccountFragment.kt,8,267,96,363,3,7,2024-04-23,2026-03-23,32,45.375,0.75,3,0.375,0.41597796143250687
AnkiDroid/src/main/java/com/ichi2/anki/Flag.kt,17,252,109,361,8,14,2024-04-22,2026-01-23,91,21.235294117647058,0.4117647058823529,3,0.17647058823529413,0.16620498614958448
AnkiDroid/src/test/java/com/ichi2/anki/previewer/PreviewerViewModelTest.kt,14,305,56,361,3,10,2024-07-15,2026-04-10,14,25.785714285714285,0.5,4,0.2857142857142857,0.6620498614958449
AnkiDroid/src/main/java/com/ichi2/anki/account/LoginFragment.kt,8,341,20,361,4,5,2025-01-31,2026-03-23,32,45.125,0.25,1,0.125,0.7229916897506925
AnkiDroid/src/main/res/values-sc/02-strings.xml,67,188,171,359,1,63,2024-05-12,2026-04-23,1,5.358208955223881,1.0,0,0.0,0.29526462395543174
AnkiDroid/src/main/res/values-eo/03-dialogs.xml,63,193,166,359,1,58,2024-04-25,2026-04-06,18,5.698412698412699,1.0,0,0.0,0.2116991643454039
AnkiDroid/src/main/res/values-is/03-dialogs.xml,29,52,307,359,2,27,2024-04-27,2025-08-04,263,12.379310344827585,0.9655172413793104,0,0.0,0.7158774373259053
AnkiDroid/src/test/java/com/ichi2/anki/servicelayer/scopedstorage/ScopedStorageMigrationIntegrationTest.kt,2,15,344,359,2,2,2024-07-15,2024-08-27,605,179.5,0.5,0,0.0,0.9498607242339833
AnkiDroid/src/main/res/values-ko/01-core.xml,35,162,196,358,1,35,2024-04-25,2026-04-04,20,10.228571428571428,1.0,0,0.0,0.30446927374301674
AnkiDroid/src/main/res/values-et/03-dialogs.xml,46,192,165,357,1,43,2024-04-27,2026-04-06,18,7.760869565217392,1.0,0,0.0,0.38095238095238093
AnkiDroid/src/main/res/values-uk/03-dialogs.xml,49,191,165,356,1,46,2024-05-19,2026-04-19,5,7.26530612244898,1.0,0,0.0,0.08426966292134831
AnkiDroid/src/test/java/com/ichi2/anki/servicelayer/scopedstorage/MoveFileTest.kt,2,12,344,356,2,2,2024-07-15,2024-08-27,605,178.0,0.5,0,0.0,0.9578651685393258
AnkiDroid/src/main/java/com/ichi2/anki/multimedia/MultimediaUtils.kt,10,284,71,355,3,8,2024-06-13,2026-04-17,7,35.5,0.5,2,0.2,0.49859154929577465
AnkiDroid/src/main/res/values-nn/02-strings.xml,69,193,161,354,1,65,2024-04-27,2026-04-23,1,5.130434782608695,1.0,0,0.0,0.12429378531073447
AnkiDroid/src/main/res/values-vi/02-strings.xml,67,185,169,354,1,63,2024-04-27,2026-04-23,1,5.2835820895522385,1.0,0,0.0,0.14124293785310735
AnkiDroid/src/main/res/values-th/02-strings.xml,63,187,167,354,1,59,2024-04-27,2026-04-23,1,5.619047619047619,1.0,0,0.0,0.2824858757062147
AnkiDroid/src/main/res/values-is/01-core.xml,20,49,305,354,2,20,2024-04-25,2025-08-04,263,17.7,0.95,0,0.0,0.5847457627118644
AnkiDroid/src/main/res/values-ckb/02-strings.xml,70,192,160,352,1,66,2024-04-27,2026-04-23,1,5.0285714285714285,1.0,0,0.0,0.2215909090909091
AnkiDroid/src/main/res/values-ss/03-dialogs.xml,27,48,304,352,2,26,2024-04-27,2025-08-04,263,13.037037037037036,0.9629629629629629,0,0.0,0.7301136363636364
AnkiDroid/src/main/res/values-sw/03-dialogs.xml,27,48,304,352,2,26,2024-04-27,2025-08-04,263,13.037037037037036,0.9629629629629629,0,0.0,0.7301136363636364
AnkiDroid/src/main/java/com/ichi2/anki/previewer/CardViewerViewModel.kt,26,153,199,352,3,21,2024-03-24,2026-02-24,59,13.538461538461538,0.6153846153846154,7,0.2692307692307692,0.1590909090909091
AnkiDroid/src/main/res/values-tg/01-core.xml,20,48,304,352,2,20,2024-04-25,2025-08-04,263,17.6,0.95,0,0.0,0.5880681818181818
AnkiDroid/src/main/java/com/ichi2/anki/ui/windows/reviewer/whiteboard/WhiteboardToolbar.kt,3,339,13,352,2,3,2025-12-30,2026-03-19,36,117.33333333333333,0.6666666666666666,1,0.3333333333333333,0.5909090909090909
AnkiDroid/src/main/res/values-ka/02-strings.xml,73,192,159,351,1,69,2024-05-12,2026-04-23,1,4.808219178082192,1.0,0,0.0,0.09116809116809117
AnkiDroid/src/main/res/values-tg/03-dialogs.xml,26,47,304,351,2,25,2024-04-27,2025-08-04,263,13.5,0.9615384615384616,0,0.0,0.7321937321937322
lint-rules/src/main/java/com/ichi2/anki/lint/rules/LayoutPrefixDetector.kt,8,223,128,351,2,3,2026-02-08,2026-03-23,32,43.875,0.875,0,0.0,0.5726495726495726
tools/crashes-data-mining/etl.ktr,1,0,351,351,1,1,2024-07-07,2024-07-07,656,351.0,1.0,0,0.0,1.0
AnkiDroid/src/main/res/values-ss/01-core.xml,19,47,303,350,2,19,2024-04-25,2025-08-04,263,18.42105263157895,0.9473684210526315,0,0.0,0.5914285714285714
AnkiDroid/src/main/res/values-sw/01-core.xml,19,47,303,350,2,19,2024-04-25,2025-08-04,263,18.42105263157895,0.9473684210526315,0,0.0,0.5914285714285714
AnkiDroid/src/main/res/values-am/02-strings.xml,68,190,158,348,1,65,2024-04-27,2026-04-23,1,5.117647058823529,1.0,0,0.0,0.22413793103448276
AnkiDroid/src/main/res/values-eu/02-strings.xml,68,190,158,348,1,65,2024-04-27,2026-04-23,1,5.117647058823529,1.0,0,0.0,0.22413793103448276
AnkiDroid/src/main/res/values-fy/02-strings.xml,68,190,158,348,1,65,2024-04-27,2026-04-23,1,5.117647058823529,1.0,0,0.0,0.22413793103448276
AnkiDroid/src/main/res/values-jv/01-core.xml,20,48,298,346,2,20,2024-04-25,2025-08-04,263,17.3,0.95,0,0.0,0.5838150289017341
AnkiDroid/src/main/res/values-tn/01-core.xml,17,46,300,346,2,17,2024-04-25,2025-08-04,263,20.352941176470587,0.9411764705882353,0,0.0,0.5982658959537572
AnkiDroid/src/main/res/values-ts/01-core.xml,17,46,300,346,2,17,2024-04-25,2025-08-04,263,20.352941176470587,0.9411764705882353,0,0.0,0.5982658959537572
AnkiDroid/src/main/res/values-ve/01-core.xml,17,46,300,346,2,17,2024-04-25,2025-08-04,263,20.352941176470587,0.9411764705882353,0,0.0,0.5982658959537572
AnkiDroid/src/main/res/values-xh/01-core.xml,17,46,300,346,2,17,2024-04-25,2025-08-04,263,20.352941176470587,0.9411764705882353,0,0.0,0.5982658959537572
AnkiDroid/src/main/res/values-zu/01-core.xml,17,46,300,346,2,17,2024-04-25,2025-08-04,263,20.352941176470587,0.9411764705882353,0,0.0,0.5982658959537572
AnkiDroid/src/main/java/com/ichi2/anki/Onboarding.kt,2,4,342,346,2,2,2024-07-03,2024-08-24,608,173.0,0.5,0,0.0,0.976878612716763
AnkiDroid/src/main/res/values-ko/03-dialogs.xml,51,186,159,345,1,48,2024-04-27,2026-04-06,18,6.764705882352941,1.0,0,0.0,0.14492753623188406
AnkiDroid/src/main/res/values-jv/03-dialogs.xml,29,49,296,345,2,27,2024-04-27,2025-08-04,263,11.89655172413793,0.9655172413793104,0,0.0,0.7217391304347827
AnkiDroid/src/test/java/com/ichi2/anki/ReviewerTest.kt,39,214,129,343,11,31,2024-05-02,2026-01-08,106,8.794871794871796,0.41025641025641024,2,0.05128205128205128,0.12536443148688048
AnkiDroid/src/main/res/values-tn/03-dialogs.xml,25,44,299,343,2,24,2024-04-27,2025-08-04,263,13.72,0.96,0,0.0,0.749271137026239
AnkiDroid/src/main/res/values-ts/03-dialogs.xml,25,44,299,343,2,24,2024-04-27,2025-08-04,263,13.72,0.96,0,0.0,0.749271137026239
AnkiDroid/src/main/res/values-ve/03-dialogs.xml,25,44,299,343,2,24,2024-04-27,2025-08-04,263,13.72,0.96,0,0.0,0.749271137026239
AnkiDroid/src/main/res/values-xh/03-dialogs.xml,25,44,299,343,2,24,2024-04-27,2025-08-04,263,13.72,0.96,0,0.0,0.749271137026239
AnkiDroid/src/main/res/values-zu/03-dialogs.xml,25,44,299,343,2,24,2024-04-27,2025-08-04,263,13.72,0.96,0,0.0,0.749271137026239
AnkiDroid/src/main/java/com/ichi2/widget/deckpicker/DeckPickerWidget.kt,20,217,125,342,7,17,2024-08-26,2026-04-17,7,17.1,0.4,5,0.25,0.30701754385964913
AnkiDroid/src/main/java/com/ichi2/anki/services/ReminderService.kt,8,86,256,342,3,6,2024-12-09,2025-08-21,246,42.75,0.625,1,0.125,0.5350877192982456
AnkiDroid/src/main/res/values-sat/10-preferences.xml,40,182,159,341,1,38,2024-04-27,2026-04-09,15,8.525,1.0,0,0.0,0.36950146627565983
AnkiDroid/src/main/java/com/ichi2/anki/preferences/DevOptionsFragment.kt,30,239,102,341,8,26,2024-06-01,2025-12-11,134,11.366666666666667,0.43333333333333335,3,0.1,0.17595307917888564
AnkiDroid/src/main/java/com/ichi2/anki/preferences/reviewer/ReviewerMenuView.kt,10,246,95,341,2,9,2024-12-13,2026-04-24,0,34.1,0.8,1,0.1,0.436950146627566
AnkiDroid/src/main/res/values-th/01-core.xml,29,154,186,340,1,29,2024-04-25,2026-04-04,20,11.724137931034482,1.0,0,0.0,0.3058823529411765
AnkiDroid/src/main/java/com/ichi2/anki/ReadText.kt,15,201,139,340,5,12,2024-07-15,2026-04-08,16,22.666666666666668,0.7333333333333333,5,0.3333333333333333,0.4852941176470588
AnkiDroid/src/main/res/xml/preferences_reviewer_controls.xml,11,334,6,340,5,9,2025-02-07,2026-01-30,84,30.90909090909091,0.6363636363636364,1,0.09090909090909091,0.8205882352941176
AnkiDroid/src/main/res/values-et/01-core.xml,32,152,187,339,1,32,2024-04-25,2026-04-04,20,10.59375,1.0,0,0.0,0.24188790560471976
AnkiDroid/src/main/java/com/ichi2/anki/CollectionManager.kt,20,206,133,339,4,14,2024-04-28,2025-12-10,135,16.95,0.8,5,0.25,0.1710914454277286
AnkiDroid/src/main/res/values-ru/03-dialogs.xml,53,182,156,338,1,47,2024-04-27,2026-04-06,18,6.377358490566038,1.0,0,0.0,0.11834319526627218
AnkiDroid/src/main/res/values-wo/01-core.xml,17,45,293,338,2,17,2024-04-25,2025-08-04,263,19.88235294117647,0.9411764705882353,0,0.0,0.5976331360946746
AnkiDroid/src/main/res/values-yue/01-core.xml,17,45,293,338,2,17,2024-04-25,2025-08-04,263,19.88235294117647,0.9411764705882353,0,0.0,0.5976331360946746
AnkiDroid/src/main/java/com/ichi2/anki/pages/viewmodel/ImageOcclusionViewModel.kt,7,249,87,336,2,3,2025-09-21,2025-11-24,151,48.0,0.8571428571428571,2,0.2857142857142857,0.27976190476190477
AnkiDroid/src/main/res/values-hu/02-strings.xml,72,187,148,335,1,67,2024-04-27,2026-04-23,1,4.652777777777778,1.0,0,0.0,0.1253731343283582
AnkiDroid/src/main/res/values-el/10-preferences.xml,45,180,155,335,1,42,2024-04-27,2026-04-09,15,7.444444444444445,1.0,0,0.0,0.28059701492537314
AnkiDroid/src/main/java/com/ichi2/utils/AlertDialogFacade.kt,18,266,69,335,9,17,2024-04-23,2026-04-19,5,18.61111111111111,0.4444444444444444,7,0.3888888888888889,0.19701492537313434
AnkiDroid/src/main/res/values-ca/01-core.xml,32,150,183,333,1,32,2024-04-25,2026-04-04,20,10.40625,1.0,0,0.0,0.24624624624624625
.github/workflows/codeql.yml,9,222,111,333,4,7,2025-10-27,2026-04-18,6,37.0,0.3333333333333333,2,0.2222222222222222,0.3153153153153153
AnkiDroid/src/main/res/values-ur/02-strings.xml,63,175,156,331,1,59,2024-05-12,2026-04-23,1,5.253968253968254,1.0,0,0.0,0.18126888217522658
AnkiDroid/src/main/res/values-wo/03-dialogs.xml,25,42,289,331,2,24,2024-04-27,2025-08-04,263,13.24,0.96,0,0.0,0.7522658610271903
AnkiDroid/src/main/res/values-yue/03-dialogs.xml,25,42,289,331,2,24,2024-04-27,2025-08-04,263,13.24,0.96,0,0.0,0.7522658610271903
AnkiDroid/src/test/java/com/ichi2/anki/dialogs/CreateDeckDialogTest.kt,9,256,75,331,4,9,2024-12-29,2026-04-07,17,36.77777777777778,0.6666666666666666,3,0.3333333333333333,0.4380664652567976
AnkiDroid/src/main/res/values-te/03-dialogs.xml,49,178,152,330,1,46,2024-04-27,2026-04-06,18,6.73469387755102,1.0,0,0.0,0.29393939393939394
AnkiDroid/src/main/res/xml/preferences_reviewer.xml,28,225,105,330,1,16,2024-06-30,2025-09-06,230,11.785714285714286,1.0,1,0.03571428571428571,0.26666666666666666
AnkiDroid/src/main/res/values-de/01-core.xml,43,147,182,329,1,41,2024-04-25,2026-04-04,20,7.651162790697675,1.0,0,0.0,0.24924012158054712
AnkiDroid/src/main/res/values/01-core.xml,29,130,199,329,17,27,2024-04-22,2026-04-01,23,11.344827586206897,0.2413793103448276,3,0.10344827586206896,0.2553191489361702
AnkiDroid/src/main/java/com/ichi2/anki/previewer/PreviewerHelpers.kt,19,161,168,329,5,13,2024-05-27,2026-01-08,106,17.31578947368421,0.5263157894736842,3,0.15789473684210525,0.2857142857142857
AnkiDroid/src/main/java/com/ichi2/compat/CompatV24.kt,9,142,187,329,3,7,2024-05-29,2024-11-06,534,36.55555555555556,0.3333333333333333,0,0.0,0.3404255319148936
AnkiDroid/src/main/res/values-hy/02-strings.xml,69,179,147,326,1,66,2024-04-27,2026-04-23,1,4.72463768115942,1.0,0,0.0,0.1165644171779141
AnkiDroid/src/main/java/com/ichi2/preferences/ReviewerControlPreference.kt,18,242,84,326,3,12,2025-02-05,2026-04-15,9,18.11111111111111,0.7222222222222222,4,0.2222222222222222,0.23006134969325154
AnkiDroid/src/main/res/menu/reviewer2.xml,11,163,163,326,1,6,2024-04-27,2024-12-13,497,29.636363636363637,1.0,0,0.0,0.49693251533742333
AnkiDroid/src/main/res/values-sv/02-strings.xml,68,171,153,324,1,64,2024-04-27,2026-04-23,1,4.764705882352941,1.0,0,0.0,0.1111111111111111
AnkiDroid/src/test/java/com/ichi2/anki/browser/SearchHistoryTest.kt,4,304,20,324,1,3,2026-01-18,2026-01-22,92,81.0,1.0,0,0.0,0.42901234567901236
AnkiDroid/src/main/res/values-pt-rBR/01-core.xml,40,144,179,323,1,40,2024-04-25,2026-04-19,5,8.075,1.0,0,0.0,0.30340557275541796
AnkiDroid/src/main/res/values-el/01-core.xml,32,145,178,323,1,32,2024-04-25,2026-04-04,20,10.09375,1.0,0,0.0,0.25386996904024767
AnkiDroid/src/main/java/com/ichi2/anki/pages/PageFragment.kt,22,195,128,323,7,18,2024-05-21,2026-03-23,32,14.681818181818182,0.4090909090909091,9,0.4090909090909091,0.2043343653250774
AnkiDroid/src/main/java/com/ichi2/libanki/NotetypeJson.kt,18,233,90,323,6,14,2024-05-26,2025-06-25,303,17.944444444444443,0.5,5,0.2777777777777778,0.6439628482972136
AnkiDroid/src/test/java/com/ichi2/anki/reviewreminders/ReminderTroubleshootingViewModelTest.kt,6,298,25,323,1,1,2026-03-28,2026-03-28,27,53.833333333333336,1.0,0,0.0,0.37770897832817335
AnkiDroid/src/test/java/com/ichi2/anki/filtered/FilteredDeckOptionsViewModelTest.kt,4,323,0,323,1,3,2025-12-01,2026-03-22,33,80.75,1.0,1,0.25,0.6749226006191951
AnkiDroid/src/main/res/values-pt-rBR/03-dialogs.xml,55,174,148,322,1,53,2024-04-27,2026-04-19,5,5.8545454545454545,1.0,0,0.0,0.09316770186335403
AnkiDroid/src/main/res/values-sk/02-strings.xml,66,171,150,321,1,63,2024-04-27,2026-04-23,1,4.863636363636363,1.0,0,0.0,0.19314641744548286
AnkiDroid/src/main/res/values-ml/01-core.xml,32,143,178,321,1,32,2024-04-25,2026-04-04,20,10.03125,1.0,0,0.0,0.42990654205607476
AnkiDroid/src/main/res/values-es-rAR/01-core.xml,38,144,176,320,1,38,2024-04-25,2026-04-04,20,8.421052631578947,1.0,0,0.0,0.25625
AnkiDroid/src/main/java/com/ichi2/anki/dialogs/LocaleSelectionDialog.kt,9,151,168,319,3,7,2024-09-08,2026-03-23,32,35.44444444444444,0.6666666666666666,2,0.2222222222222222,0.5705329153605015
AnkiDroid/src/main/res/values-es-rES/01-core.xml,38,143,175,318,1,38,2024-04-25,2026-04-04,20,8.368421052631579,1.0,0,0.0,0.2578616352201258
AnkiDroid/src/main/java/com/ichi2/anki/browser/CardBrowserColumn.kt,15,223,95,318,2,7,2024-06-14,2026-01-27,87,21.2,0.9333333333333333,1,0.06666666666666667,0.2578616352201258
AnkiDroid/src/main/res/values-bg/01-core.xml,31,141,176,317,1,31,2024-04-25,2026-04-04,20,10.225806451612904,1.0,0,0.0,0.2586750788643533
AnkiDroid/src/main/res/values-sr/01-core.xml,29,141,176,317,1,29,2024-04-25,2026-04-04,20,10.931034482758621,1.0,0,0.0,0.305993690851735
AnkiDroid/src/main/java/com/ichi2/anki/scheduling/ForgetCardsDialog.kt,18,202,114,316,7,14,2024-08-14,2026-04-22,2,17.555555555555557,0.5555555555555556,1,0.05555555555555555,0.49683544303797467
AnkiDroid/src/main/res/layout/about_layout.xml,4,173,142,315,3,3,2024-10-24,2025-09-12,224,78.75,0.5,0,0.0,0.873015873015873
AnkiDroid/src/main/java/com/ichi2/widget/DeckPickerWidget.kt,3,309,6,315,1,2,2024-05-22,2024-08-25,607,105.0,1.0,0,0.0,0.9047619047619048
AnkiDroid/src/test/java/com/ichi2/anki/servicelayer/scopedstorage/MoveConflictedFileTest.kt,2,18,296,314,2,2,2024-07-15,2024-08-27,605,157.0,0.5,0,0.0,0.9299363057324841
AnkiDroid/src/main/res/values-be/10-preferences.xml,50,169,144,313,1,47,2024-04-27,2026-04-12,12,6.26,1.0,0,0.0,0.1853035143769968
AnkiDroid/src/main/res/values-cs/01-core.xml,42,138,175,313,1,40,2024-04-25,2026-04-04,20,7.4523809523809526,1.0,0,0.0,0.26198083067092653
AnkiDroid/src/main/res/values-ta/01-core.xml,30,139,174,313,1,29,2024-04-25,2026-04-04,20,10.433333333333334,1.0,0,0.0,0.3514376996805112
AnkiDroid/src/main/java/com/ichi2/utils/FileUtil.kt,12,143,170,313,7,10,2024-04-25,2026-03-22,33,26.083333333333332,0.4166666666666667,3,0.25,0.4057507987220447
AnkiDroid/src/main/res/values-tr/03-dialogs.xml,62,169,142,311,1,59,2024-04-27,2026-04-24,0,5.016129032258065,1.0,0,0.0,0.05787781350482315
AnkiDroid/src/main/res/values-ug/01-core.xml,17,267,44,311,1,17,2025-01-04,2026-04-04,20,18.294117647058822,1.0,0,0.0,0.6527331189710611
AnkiDroid/src/main/res/layout/floating_add_button.xml,7,166,143,309,5,7,2025-01-11,2026-01-26,88,44.142857142857146,0.42857142857142855,4,0.5714285714285714,0.9061488673139159
AnkiDroid/src/main/java/com/ichi2/anki/servicelayer/scopedstorage/MigrateEssentialFiles.kt,2,1,308,309,2,2,2024-07-15,2024-08-27,605,154.5,0.5,0,0.0,0.9935275080906149
AnkiDroid/src/main/res/values-it/03-dialogs.xml,48,167,140,307,1,45,2024-04-25,2026-04-08,16,6.395833333333333,1.0,0,0.0,0.23452768729641693
AnkiDroid/src/main/res/values-hr/10-preferences.xml,42,165,141,306,1,40,2024-04-27,2026-04-09,15,7.285714285714286,1.0,0,0.0,0.6111111111111112
AnkiDroid/src/main/java/com/ichi2/anki/previewer/TypeAnswer.kt,9,215,91,306,3,8,2024-12-22,2026-03-24,31,34.0,0.4444444444444444,2,0.2222222222222222,0.48366013071895425
AnkiDroid/src/main/res/values-es-rES/03-dialogs.xml,54,166,139,305,1,49,2024-04-27,2026-04-06,18,5.648148148148148,1.0,0,0.0,0.09180327868852459
AnkiDroid/src/main/res/values-fi/01-core.xml,32,135,170,305,1,32,2024-04-25,2026-04-04,20,9.53125,1.0,0,0.0,0.26885245901639343
AnkiDroid/src/main/java/com/ichi2/anki/browser/RepositionCardFragment.kt,7,233,72,305,5,7,2025-02-11,2026-03-16,39,43.57142857142857,0.42857142857142855,2,0.2857142857142857,0.39672131147540984
AnkiDroid/src/main/res/values-nl/03-dialogs.xml,49,165,139,304,1,47,2024-04-27,2026-04-15,9,6.204081632653061,1.0,0,0.0,0.18421052631578946
AnkiDroid/src/main/res/values-pl/01-core.xml,41,133,170,303,1,37,2024-04-25,2026-04-22,2,7.390243902439025,1.0,0,0.0,0.20132013201320131
AnkiDroid/src/main/res/values-mr/03-dialogs.xml,47,164,138,302,1,43,2024-04-27,2026-04-06,18,6.425531914893617,1.0,0,0.0,0.18543046357615894
AnkiDroid/src/main/res/values-fr/01-core.xml,39,134,168,302,1,38,2024-04-25,2026-04-06,18,7.743589743589744,1.0,0,0.0,0.271523178807947
AnkiDroid/src/main/java/com/ichi2/anki/pages/Statistics.kt,22,172,130,302,7,18,2024-02-24,2026-03-23,32,13.727272727272727,0.36363636363636365,5,0.22727272727272727,0.3211920529801324
AnkiDroid/src/main/java/com/ichi2/anki/TtsVoices.kt,12,152,150,302,5,8,2024-07-15,2025-12-15,130,25.166666666666668,0.5833333333333334,3,0.25,0.2913907284768212
libanki/src/main/java/com/ichi2/anki/libanki/Decks.kt,20,186,113,299,4,9,2025-06-15,2026-01-26,88,14.95,0.75,0,0.0,0.18394648829431437
AnkiDroid/src/main/java/com/ichi2/anki/instantnoteeditor/EditorChips.kt,7,259,40,299,2,5,2024-06-10,2025-06-18,310,42.714285714285715,0.7142857142857143,1,0.14285714285714285,0.4782608695652174
AnkiDroid/src/main/java/com/ichi2/anki/instantnoteeditor/TextSurroundHelper.kt,2,149,149,298,1,2,2024-05-14,2024-06-10,683,149.0,1.0,0,0.0,0.5
AnkiDroid/src/main/res/values-fr/03-dialogs.xml,50,163,134,297,1,45,2024-06-03,2026-04-19,5,5.94,1.0,0,0.0,0.1750841750841751
AnkiDroid/src/main/res/values-sat/01-core.xml,35,131,166,297,1,34,2024-04-25,2026-04-04,20,8.485714285714286,1.0,0,0.0,0.24242424242424243
AnkiDroid/src/main/java/com/ichi2/anki/browser/BrowserColumnSelectionAdapter.kt,3,268,29,297,1,3,2025-01-08,2026-03-22,33,99.0,1.0,0,0.0,0.8249158249158249
AnkiDroid/src/main/res/values-de/03-dialogs.xml,58,162,133,295,1,52,2024-05-01,2026-04-06,18,5.086206896551724,1.0,0,0.0,0.1152542372881356
AnkiDroid/src/main/res/values-es-rAR/10-preferences.xml,52,160,135,295,1,48,2024-04-27,2026-04-09,15,5.673076923076923,1.0,0,0.0,0.14915254237288136
AnkiDroid/src/main/res/values-kn/03-dialogs.xml,49,161,134,295,1,43,2024-04-27,2026-04-06,18,6.020408163265306,1.0,0,0.0,0.1694915254237288
AnkiDroid/src/main/java/com/ichi2/anki/browser/BrowserColumnSelectionFragment.kt,6,277,17,294,1,6,2025-01-08,2026-03-23,32,49.0,1.0,0,0.0,0.8333333333333334
AnkiDroid/src/main/res/layout/note_editor_fragment.xml,5,162,132,294,3,5,2025-07-10,2025-11-30,145,58.8,0.4,0,0.0,0.7585034013605442
AnkiDroid/src/main/res/values-heb/03-dialogs.xml,52,161,132,293,1,48,2024-05-27,2026-04-06,18,5.634615384615385,1.0,0,0.0,0.13651877133105803
AnkiDroid/src/main/res/values-fi/03-dialogs.xml,50,160,133,293,1,46,2024-04-27,2026-04-19,5,5.86,1.0,0,0.0,0.2593856655290102
AnkiDroid/src/main/res/values-zh-rCN/03-dialogs.xml,62,159,133,292,1,57,2024-04-27,2026-04-08,16,4.709677419354839,1.0,0,0.0,0.08904109589041095
AnkiDroid/src/main/java/com/ichi2/anki/analytics/AnalyticsConstants.kt,1,292,0,292,1,1,2026-04-08,2026-04-08,16,292.0,1.0,0,0.0,1.0
AnkiDroid/src/main/res/values-de/10-preferences.xml,54,159,132,291,1,51,2024-04-27,2026-04-09,15,5.388888888888889,1.0,0,0.0,0.20618556701030927
AnkiDroid/src/main/res/values-nl/10-preferences.xml,45,158,133,291,1,42,2024-04-27,2026-04-09,15,6.466666666666667,1.0,0,0.0,0.33676975945017185
AnkiDroid/src/test/java/com/ichi2/anki/multiprofile/ProfileManagerTest.kt,4,278,12,290,1,4,2025-12-20,2026-04-09,15,72.5,1.0,0,0.0,0.603448275862069
AnkiDroid/src/main/res/values-fi/10-preferences.xml,45,157,132,289,1,42,2024-04-27,2026-04-09,15,6.4222222222222225,1.0,0,0.0,0.2491349480968858
AnkiDroid/src/main/res/values-ru/01-core.xml,40,127,162,289,1,40,2024-04-25,2026-04-06,18,7.225,1.0,0,0.0,0.21107266435986158
AnkiDroid/src/test/java/com/ichi2/anki/deckpicker/DeckPickerViewModelTest.kt,12,250,39,289,5,10,2025-01-06,2026-03-04,51,24.083333333333332,0.5833333333333334,1,0.08333333333333333,0.36678200692041524
AnkiDroid/src/main/res/values-cs/03-dialogs.xml,54,157,130,287,1,50,2024-04-25,2026-04-06,18,5.314814814814815,1.0,0,0.0,0.07665505226480836
AnkiDroid/src/main/java/com/ichi2/anki/dialogs/TtsVoicesDialogFragment.kt,9,139,148,287,3,7,2024-06-05,2026-03-22,33,31.88888888888889,0.7777777777777778,1,0.1111111111111111,0.4843205574912892
AnkiDroid/src/main/res/values-hr/01-core.xml,29,125,161,286,1,29,2024-04-25,2026-04-04,20,9.862068965517242,1.0,0,0.0,0.3986013986013986
AnkiDroid/src/main/java/com/ichi2/anki/workarounds/SafeWebViewLayout.kt,9,264,22,286,5,6,2025-11-07,2026-04-17,7,31.77777777777778,0.4444444444444444,5,0.5555555555555556,0.4020979020979021
AnkiDroid/src/main/res/values-te/01-core.xml,35,125,160,285,1,33,2024-04-25,2026-04-04,20,8.142857142857142,1.0,0,0.0,0.21403508771929824
AnkiDroid/src/main/java/com/ichi2/anki/notetype/NotetypeAdapter.kt,7,93,192,285,3,4,2024-07-07,2025-11-13,162,40.714285714285715,0.42857142857142855,1,0.14285714285714285,0.40350877192982454
AnkiDroid/src/main/res/values-no/02-strings.xml,67,158,126,284,1,64,2024-04-27,2026-04-23,1,4.2388059701492535,1.0,0,0.0,0.08450704225352113
AnkiDroid/src/main/res/values-fa/03-dialogs.xml,52,156,127,283,1,49,2024-06-03,2026-04-06,18,5.4423076923076925,1.0,0,0.0,0.2049469964664311
AnkiDroid/src/main/res/values-ga/02-strings.xml,68,160,122,282,1,65,2024-04-27,2026-04-23,1,4.147058823529412,1.0,0,0.0,0.0851063829787234
AnkiDroid/src/test/java/com/ichi2/anki/settings/PrefsRobolectricTest.kt,9,221,61,282,3,7,2025-01-16,2026-04-14,10,31.333333333333332,0.6666666666666666,1,0.1111111111111111,0.35106382978723405
AnkiDroid/src/main/res/values-ja/10-preferences.xml,69,153,128,281,1,61,2024-04-27,2026-04-22,2,4.072463768115942,1.0,0,0.0,0.06405693950177936
AnkiDroid/src/main/res/values-es-rAR/03-dialogs.xml,54,154,127,281,1,49,2024-04-27,2026-04-06,18,5.203703703703703,1.0,0,0.0,0.099644128113879
AnkiDroid/src/main/java/com/ichi2/anki/servicelayer/ScopedStorageService.kt,6,26,255,281,3,4,2024-08-27,2025-11-17,158,46.833333333333336,0.6666666666666666,1,0.16666666666666666,0.8434163701067615
AnkiDroid/src/main/res/values-ja/03-dialogs.xml,61,154,126,280,1,55,2024-04-27,2026-04-19,5,4.590163934426229,1.0,0,0.0,0.09285714285714286
AnkiDroid/src/main/res/values-bn/01-core.xml,31,123,156,279,1,31,2024-04-25,2026-04-04,20,9.0,1.0,0,0.0,0.2939068100358423
AnkiDroid/src/main/res/values-az/01-core.xml,30,122,157,279,1,30,2024-04-25,2026-04-04,20,9.3,1.0,0,0.0,0.2939068100358423
AnkiDroid/src/main/res/values-hy/01-core.xml,30,122,157,279,1,30,2024-04-25,2026-04-15,9,9.3,1.0,0,0.0,0.21863799283154123
AnkiDroid/src/main/java/com/ichi2/anki/AndroidTtsPlayer.kt,7,159,118,277,3,5,2024-08-27,2026-03-22,33,39.57142857142857,0.7142857142857143,2,0.2857142857142857,0.4729241877256318
AnkiDroid/src/main/res/values-mn/02-strings.xml,68,154,122,276,1,64,2024-04-27,2026-04-23,1,4.0588235294117645,1.0,0,0.0,0.08695652173913043
AnkiDroid/src/main/res/values-kn/10-preferences.xml,46,149,127,276,1,42,2024-04-27,2026-04-09,15,6.0,1.0,0,0.0,0.2210144927536232
AnkiDroid/src/main/java/com/ichi2/anki/multimedia/MultimediaFragment.kt,18,232,44,276,5,15,2024-06-13,2026-04-17,7,15.333333333333334,0.3888888888888889,1,0.05555555555555555,0.32608695652173914
AnkiDroid/src/main/res/values-fa/10-preferences.xml,53,150,125,275,1,48,2024-04-27,2026-04-09,15,5.188679245283019,1.0,0,0.0,0.2545454545454545
AnkiDroid/src/main/res/values-lt/01-core.xml,31,119,156,275,1,31,2024-04-25,2026-04-04,20,8.870967741935484,1.0,0,0.0,0.22181818181818183
AnkiDroid/src/main/java/com/ichi2/anki/NoteTypeFieldEditor.kt,22,155,119,274,7,18,2025-05-29,2026-03-23,32,12.454545454545455,0.5,3,0.13636363636363635,0.20437956204379562
AnkiDroid/src/test/java/com/ichi2/anki/model/FieldFilterChainTest.kt,1,274,0,274,1,1,2026-03-20,2026-03-20,35,274.0,1.0,0,0.0,1.0
AnkiDroid/src/main/res/values-am/01-core.xml,29,118,153,271,1,29,2024-04-25,2026-04-04,20,9.344827586206897,1.0,0,0.0,0.3025830258302583
AnkiDroid/src/main/java/com/ichi2/anki/SingleFragmentActivity.kt,27,168,103,271,6,21,2024-05-02,2026-03-23,32,10.037037037037036,0.5555555555555556,9,0.3333333333333333,0.17712177121771217
AnkiDroid/src/main/res/values-kk/02-strings.xml,67,151,119,270,1,64,2024-04-27,2026-04-23,1,4.029850746268656,1.0,0,0.0,0.08888888888888889
AnkiDroid/src/main/res/values-ku/02-strings.xml,67,151,119,270,1,64,2024-04-27,2026-04-23,1,4.029850746268656,1.0,0,0.0,0.08888888888888889
AnkiDroid/src/main/res/values-ky/02-strings.xml,67,151,119,270,1,64,2024-04-27,2026-04-23,1,4.029850746268656,1.0,0,0.0,0.08888888888888889
AnkiDroid/src/main/res/values-mk/02-strings.xml,67,151,119,270,1,64,2024-04-27,2026-04-23,1,4.029850746268656,1.0,0,0.0,0.08888888888888889
AnkiDroid/src/main/res/values-nl/01-core.xml,34,118,152,270,1,34,2024-04-25,2026-04-15,9,7.9411764705882355,1.0,0,0.0,0.26296296296296295
AnkiDroid/src/main/res/values-ga/01-core.xml,30,116,154,270,1,30,2024-04-25,2026-04-04,20,9.0,1.0,0,0.0,0.3037037037037037
AnkiDroid/src/main/java/com/ichi2/widget/AnkiDroidWidgetSmall.kt,18,134,134,268,5,13,2024-05-21,2026-03-22,33,14.88888888888889,0.7777777777777778,6,0.3333333333333333,0.26865671641791045
AnkiDroid/src/test/java/com/ichi2/anki/notetype/ManageNoteTypesViewModelTest.kt,3,253,15,268,3,3,2025-11-13,2026-01-03,111,89.33333333333333,0.3333333333333333,2,0.6666666666666666,0.835820895522388
AnkiDroid/src/main/res/values-el/03-dialogs.xml,47,147,120,267,1,44,2024-04-27,2026-04-06,18,5.680851063829787,1.0,0,0.0,0.15730337078651685
AnkiDroid/src/main/java/com/ichi2/async/CollectionOperations.kt,14,57,209,266,5,11,2024-06-15,2025-10-20,186,19.0,0.35714285714285715,0,0.0,0.22180451127819548
AnkiDroid/src/main/res/layout/fragment_whiteboard.xml,4,142,123,265,1,3,2025-09-05,2025-12-30,115,66.25,1.0,0,0.0,0.47924528301886793
AnkiDroid/src/main/res/values-ms/02-strings.xml,67,147,117,264,1,64,2024-04-27,2026-04-23,1,3.9402985074626864,1.0,0,0.0,0.09090909090909091
AnkiDroid/src/main/java/com/ichi2/anki/FieldEditLine.kt,16,121,143,264,8,14,2024-05-02,2026-03-22,33,16.5,0.4375,4,0.25,0.3977272727272727
AnkiDroid/src/main/res/values-my/02-strings.xml,66,146,116,262,1,63,2024-04-27,2026-04-23,1,3.9696969696969697,1.0,0,0.0,0.0916030534351145
AnkiDroid/src/main/AndroidManifest.xml,36,178,84,262,12,31,2024-05-14,2025-12-07,138,7.277777777777778,0.2777777777777778,7,0.19444444444444445,0.10305343511450382
AnkiDroid/src/main/res/values-ro/01-core.xml,30,113,149,262,1,30,2024-04-25,2026-04-04,20,8.733333333333333,1.0,0,0.0,0.25190839694656486
AnkiDroid/src/androidTest/java/com/ichi2/anki/tests/InstrumentedTest.kt,23,168,94,262,7,18,2024-06-24,2025-12-11,134,11.391304347826088,0.5652173913043478,6,0.2608695652173913,0.12213740458015267
AnkiDroid/src/main/java/com/ichi2/anki/reviewreminders/ReminderTroubleshootingViewModel.kt,6,252,10,262,1,1,2026-03-28,2026-03-28,27,43.666666666666664,1.0,0,0.0,0.4389312977099237
AnkiDroid/src/main/res/values-zh-rCN/10-preferences.xml,62,147,114,261,1,55,2024-04-27,2026-04-19,5,4.209677419354839,1.0,0,0.0,0.1685823754789272
AnkiDroid/src/main/res/values-cs/10-preferences.xml,55,143,118,261,1,51,2024-04-27,2026-04-09,15,4.745454545454545,1.0,0,0.0,0.07662835249042145
AnkiDroid/src/main/res/values-da/01-core.xml,32,113,148,261,1,32,2024-04-25,2026-04-04,20,8.15625,1.0,0,0.0,0.31417624521072796
AnkiDroid/src/main/java/com/ichi2/anki/dialogs/FlagAdapter.kt,11,206,54,260,4,9,2024-04-22,2026-03-22,33,23.636363636363637,0.7272727272727273,1,0.09090909090909091,0.5230769230769231
AnkiDroid/src/main/res/values-ru/10-preferences.xml,50,141,118,259,1,47,2024-04-27,2026-04-09,15,5.18,1.0,0,0.0,0.10810810810810811
AnkiDroid/src/main/res/values-ckb/01-core.xml,29,112,147,259,1,29,2024-04-25,2026-04-04,20,8.931034482758621,1.0,0,0.0,0.3166023166023166
AnkiDroid/src/test/java/com/ichi2/testutils/TestClass.kt,26,153,106,259,4,19,2024-04-26,2025-07-07,291,9.961538461538462,0.7307692307692307,3,0.11538461538461539,0.2084942084942085
AnkiDroid/src/main/java/com/ichi2/anki/StudyOptionsActivity.kt,21,148,111,259,6,19,2024-05-02,2026-03-23,32,12.333333333333334,0.42857142857142855,5,0.23809523809523808,0.3088803088803089
AnkiDroid/jacoco.gradle,20,161,98,259,5,17,2024-06-20,2026-04-17,7,12.95,0.45,1,0.05,0.18532818532818532
AnkiDroid/src/main/res/values-heb/01-core.xml,35,112,146,258,1,35,2024-04-25,2026-04-04,20,7.371428571428571,1.0,0,0.0,0.2441860465116279
AnkiDroid/src/main/java/com/ichi2/widget/deckpicker/DeckPickerWidgetConfig.kt,22,110,148,258,8,19,2024-08-26,2026-04-17,7,11.727272727272727,0.4090909090909091,6,0.2727272727272727,0.15891472868217055
AnkiDroid/src/test/java/com/ichi2/anki/AnkiDroidJsAPITest.kt,20,136,122,258,6,17,2024-06-23,2025-12-10,135,12.9,0.4,1,0.05,0.16279069767441862
AnkiDroid/src/main/res/values-sl/02-strings.xml,64,139,118,257,1,61,2024-04-27,2026-04-23,1,4.015625,1.0,0,0.0,0.0933852140077821
AnkiDroid/src/main/res/values-ml/03-dialogs.xml,46,142,115,257,1,43,2024-04-27,2026-04-06,18,5.586956521739131,1.0,0,0.0,0.21011673151750973
AnkiDroid/src/main/res/values-ur/10-preferences.xml,36,145,112,257,1,34,2024-04-27,2026-04-09,15,7.138888888888889,1.0,0,0.0,0.6536964980544747
AnkiDroid/src/main/java/com/ichi2/anki/multimedia/AudioRecordingFragment.kt,11,205,52,257,3,9,2024-08-01,2026-04-22,2,23.363636363636363,0.45454545454545453,2,0.18181818181818182,0.6108949416342413
AnkiDroid/src/main/res/layout/add_edit_reminder_dialog.xml,5,240,17,257,2,4,2025-09-26,2026-02-16,67,51.4,0.8,0,0.0,0.7587548638132295
AnkiDroid/src/main/res/layout/fragment_standard_search.xml,5,221,36,257,1,5,2026-01-11,2026-03-13,42,51.4,1.0,0,0.0,0.6186770428015564
AnkiDroid/src/main/res/values-sk/03-dialogs.xml,43,141,115,256,1,41,2024-04-27,2026-04-24,0,5.953488372093023,1.0,0,0.0,0.3515625
AnkiDroid/src/main/res/values-uk/01-core.xml,37,111,145,256,1,35,2024-04-25,2026-04-19,5,6.918918918918919,1.0,0,0.0,0.23828125
AnkiDroid/src/main/res/values-sr/02-strings.xml,64,137,118,255,1,61,2024-04-27,2026-04-23,1,3.984375,1.0,0,0.0,0.09411764705882353
AnkiDroid/src/main/res/values-heb/10-preferences.xml,51,140,115,255,1,48,2024-04-27,2026-04-09,15,5.0,1.0,0,0.0,0.20392156862745098
AnkiDroid/src/main/res/values-fr/10-preferences.xml,50,141,114,255,1,47,2024-04-27,2026-04-15,9,5.1,1.0,0,0.0,0.14901960784313725
AnkiDroid/src/main/java/com/ichi2/anki/Whiteboard.kt,17,142,113,255,8,13,2024-07-15,2026-03-22,33,15.0,0.5294117647058824,3,0.17647058823529413,0.3843137254901961
AnkiDroid/src/main/res/values-sat/03-dialogs.xml,44,140,114,254,1,41,2024-04-27,2026-04-06,18,5.7727272727272725,1.0,0,0.0,0.31496062992125984
AnkiDroid/src/main/res/values-mr/01-core.xml,34,109,144,253,1,33,2024-04-25,2026-04-04,20,7.4411764705882355,1.0,0,0.0,0.24110671936758893
AnkiDroid/src/main/res/values-tt/02-strings.xml,63,136,116,252,1,59,2024-04-27,2026-04-23,1,4.0,1.0,0,0.0,0.11904761904761904
AnkiDroid/src/main/res/values-zh-rCN/01-core.xml,41,110,142,252,1,40,2024-04-25,2026-04-08,16,6.146341463414634,1.0,0,0.0,0.24206349206349206
AnkiDroid/src/main/res/values-es-rES/10-preferences.xml,51,138,113,251,1,47,2024-04-27,2026-04-09,15,4.921568627450981,1.0,0,0.0,0.14342629482071714
AnkiDroid/src/main/res/values-te/10-preferences.xml,46,136,115,251,1,44,2024-04-27,2026-04-09,15,5.456521739130435,1.0,0,0.0,0.26693227091633465
AnkiDroid/src/main/res/values-no/01-core.xml,30,108,143,251,1,30,2024-04-25,2026-04-04,20,8.366666666666667,1.0,0,0.0,0.24302788844621515
AnkiDroid/src/test/java/com/ichi2/anki/servicelayer/scopedstorage/MoveDirectoryTest.kt,2,7,243,250,2,2,2024-07-15,2024-08-27,605,125.0,0.5,0,0.0,0.964
AnkiDroid/src/main/res/values-uk/10-preferences.xml,50,141,108,249,1,48,2024-04-27,2026-04-19,5,4.98,1.0,0,0.0,0.27309236947791166
AnkiDroid/src/main/res/values-kn/01-core.xml,33,107,142,249,1,33,2024-04-25,2026-04-04,20,7.545454545454546,1.0,0,0.0,0.24497991967871485
AnkiDroid/src/main/res/values-eu/01-core.xml,28,107,142,249,1,28,2024-04-25,2026-04-04,20,8.892857142857142,1.0,0,0.0,0.3293172690763052
AnkiDroid/src/main/res/values-fy/01-core.xml,28,107,142,249,1,28,2024-04-25,2026-04-04,20,8.892857142857142,1.0,0,0.0,0.3293172690763052
AnkiDroid/src/main/java/com/ichi2/anki/reviewreminders/ScheduleRemindersAdapter.kt,8,228,21,249,3,7,2025-07-26,2026-03-22,33,31.125,0.5,2,0.25,0.5060240963855421
AnkiDroid/src/main/java/com/ichi2/anki/dialogs/customstudy/TagLimitFragment.kt,7,206,43,249,2,7,2025-02-09,2026-03-09,46,35.57142857142857,0.8571428571428571,3,0.42857142857142855,0.6746987951807228
AnkiDroid/src/main/java/com/ichi2/anki/ui/windows/reviewer/AnswerTimer.kt,5,233,16,249,2,5,2025-06-13,2026-04-24,0,49.8,0.8,3,0.6,0.44176706827309237
AnkiDroid/src/main/res/values-got/07-cardbrowser.xml,18,130,117,247,1,18,2024-08-08,2026-04-19,5,13.722222222222221,1.0,0,0.0,0.44534412955465585
AnkiDroid/src/main/java/com/ichi2/anki/ViewerResourceHandler.kt,9,192,55,247,3,6,2024-05-04,2025-06-18,310,27.444444444444443,0.5555555555555556,4,0.4444444444444444,0.3522267206477733
AnkiDroid/src/main/res/values-az/03-dialogs.xml,45,136,109,245,1,42,2024-04-27,2026-04-06,18,5.444444444444445,1.0,0,0.0,0.2530612244897959
AnkiDroid/src/main/res/values-km/10-preferences.xml,42,135,110,245,1,40,2024-04-27,2026-04-09,15,5.833333333333333,1.0,0,0.0,0.5306122448979592
AnkiDroid/src/test/java/com/ichi2/anki/ui/windows/reviewer/audiorecord/CheckPronunciationViewModelTest.kt,4,231,14,245,2,3,2025-08-10,2026-04-22,2,61.25,0.75,1,0.25,0.7387755102040816
AnkiDroid/src/main/java/com/ichi2/anki/multimediacard/fields/BasicMediaClipFieldController.kt,4,12,232,244,3,4,2024-04-25,2024-08-01,631,61.0,0.5,0,0.0,0.9098360655737705
AnkiDroid/src/main/java/com/ichi2/anki/notetype/NoteTypesAdapter.kt,3,199,45,244,2,3,2025-11-13,2026-01-12,102,81.33333333333333,0.6666666666666666,1,0.3333333333333333,0.6639344262295082
AnkiDroid/src/main/res/values-pt-rBR/10-preferences.xml,57,134,109,243,1,52,2024-04-27,2026-04-09,15,4.2631578947368425,1.0,0,0.0,0.11522633744855967
AnkiDroid/src/main/res/values-km/03-dialogs.xml,44,135,108,243,1,41,2024-04-27,2026-04-06,18,5.5227272727272725,1.0,0,0.0,0.32098765432098764
lint-rules/src/main/java/com/ichi2/anki/lint/rules/FixedPreferencesTitleLength.kt,4,157,86,243,3,3,2023-12-04,2024-10-10,561,60.75,0.5,1,0.25,0.5061728395061729
AnkiDroid/src/main/res/values-km/01-core.xml,28,104,138,242,1,28,2024-04-25,2026-04-04,20,8.642857142857142,1.0,0,0.0,0.32231404958677684
AnkiDroid/src/main/res/values-da/03-dialogs.xml,45,134,107,241,1,42,2024-04-27,2026-04-06,18,5.355555555555555,1.0,0,0.0,0.24066390041493776
AnkiDroid/src/main/res/values-tr/01-core.xml,41,104,137,241,1,41,2024-04-25,2026-04-15,9,5.878048780487805,1.0,0,0.0,0.25311203319502074
AnkiDroid/src/main/res/values-sc/10-preferences.xml,39,132,109,241,1,36,2024-04-27,2026-04-09,15,6.17948717948718,1.0,0,0.0,0.3983402489626556
AnkiDroid/src/main/java/com/ichi2/anki/CollectionHelper.kt,18,128,113,241,5,13,2024-03-05,2025-12-10,135,13.38888888888889,0.7777777777777778,3,0.16666666666666666,0.27800829875518673
AnkiDroid/src/main/java/com/ichi2/utils/WebViewUtils.kt,10,207,34,241,7,8,2024-11-15,2026-04-17,7,24.1,0.3,3,0.3,0.3029045643153527
AnkiDroid/src/main/java/com/ichi2/libanki/LaTeX.kt,5,106,135,241,2,2,2024-12-09,2025-06-27,301,48.2,0.8,1,0.2,0.5477178423236515
AnkiDroid/src/main/java/com/ichi2/anki/Info.kt,12,128,111,239,3,9,2024-10-26,2026-03-23,32,19.916666666666668,0.6666666666666666,2,0.16666666666666666,0.41422594142259417
libanki/src/test/java/com/ichi2/anki/libanki/SchedulerTest.kt,7,120,119,239,4,7,2025-07-07,2025-12-11,134,34.142857142857146,0.5714285714285714,0,0.0,0.8368200836820083
AnkiDroid/src/test/java/com/ichi2/anki/servicelayer/scopedstorage/MoveDirectoryContentTest.kt,2,9,230,239,2,2,2024-07-15,2024-08-27,605,119.5,0.5,0,0.0,0.9497907949790795
AnkiDroid/src/main/res/values-kk/01-core.xml,29,101,136,237,1,29,2024-04-25,2026-04-04,20,8.172413793103448,1.0,0,0.0,0.27848101265822783
AnkiDroid/src/main/java/com/ichi2/widget/WidgetAlarm.kt,7,208,29,237,4,6,2024-08-25,2026-03-23,32,33.857142857142854,0.42857142857142855,2,0.2857142857142857,0.6033755274261603
AnkiDroid/src/main/res/layout/item_manage_note_type.xml,5,121,114,235,3,4,2024-09-29,2026-04-24,0,47.0,0.6,1,0.2,0.5361702127659574
AnkiDroid/src/main/res/values-iw/07-cardbrowser.xml,23,187,47,234,1,23,2024-05-02,2026-04-19,5,10.173913043478262,1.0,0,0.0,0.5512820512820513
AnkiDroid/src/main/res/values-ind/03-dialogs.xml,47,130,103,233,1,44,2024-04-27,2026-04-06,18,4.957446808510638,1.0,0,0.0,0.2145922746781116
AnkiDroid/src/main/res/values-hi/03-dialogs.xml,46,130,103,233,1,43,2024-04-27,2026-04-06,18,5.065217391304348,1.0,0,0.0,0.13733905579399142
AnkiDroid/src/main/java/com/ichi2/anki/noteeditor/Toolbar.kt,14,162,71,233,9,12,2024-07-15,2026-03-23,32,16.642857142857142,0.35714285714285715,5,0.35714285714285715,0.3605150214592275
AnkiDroid/src/main/java/com/ichi2/libanki/Note.kt,14,107,126,233,5,14,2024-07-15,2025-06-18,310,16.642857142857142,0.42857142857142855,2,0.14285714285714285,0.296137339055794
AnkiDroid/src/main/java/com/ichi2/anki/multimedia/MultimediaActivity.kt,13,187,46,233,3,10,2024-06-13,2026-04-22,2,17.923076923076923,0.46153846153846156,3,0.23076923076923078,0.51931330472103
libanki/src/main/java/com/ichi2/anki/libanki/DeckConfig.kt,6,77,156,233,2,4,2025-07-06,2026-03-19,36,38.833333333333336,0.8333333333333334,1,0.16666666666666666,0.5364806866952789
AnkiDroid/src/test/java/com/ichi2/anki/pages/viewmodel/ImageOcclusionViewModelTest.kt,2,233,0,233,1,2,2025-11-24,2026-04-14,10,116.5,1.0,1,0.5,0.9871244635193133
AnkiDroid/src/main/res/values-sc/03-dialogs.xml,44,129,103,232,1,41,2024-04-27,2026-04-06,18,5.2727272727272725,1.0,0,0.0,0.28448275862068967
AnkiDroid/src/main/res/values-hi/01-core.xml,35,98,134,232,1,35,2024-04-25,2026-04-04,20,6.628571428571429,1.0,0,0.0,0.2629310344827586
AnkiDroid/src/test/java/com/ichi2/anki/settings/PrefsTest.kt,5,145,87,232,2,4,2025-01-16,2025-12-04,141,46.4,0.8,1,0.2,0.3922413793103448
AnkiDroid/src/test/java/com/ichi2/anki/reviewreminders/ReviewReminderTest.kt,5,220,11,231,1,5,2025-07-03,2026-02-16,67,46.2,1.0,0,0.0,0.6883116883116883
AnkiDroid/src/main/java/com/ichi2/anki/multimedia/SoundUtils.kt,4,208,23,231,1,4,2025-06-18,2026-03-22,33,57.75,1.0,0,0.0,0.7835497835497836
.github/workflows/tests_unit.yml,26,155,74,229,4,21,2024-04-23,2026-04-14,10,8.807692307692308,0.46153846153846156,0,0.0,0.21397379912663755
AnkiDroid/src/main/java/com/ichi2/anki/FieldEditText.kt,11,107,122,229,6,8,2024-07-15,2025-12-10,135,20.818181818181817,0.36363636363636365,3,0.2727272727272727,0.28820960698689957
AnkiDroid/src/main/java/com/ichi2/preferences/IncrementerNumberRangePreferenceCompat.kt,6,152,77,229,4,6,2025-11-22,2026-03-19,36,38.166666666666664,0.3333333333333333,3,0.5,0.44541484716157204
common/src/test/java/com/ichi2/anki/common/utils/StringUtilsTest.kt,4,226,3,229,2,3,2025-06-18,2026-01-30,84,57.25,0.75,0,0.0,0.6899563318777293
AnkiDroid/src/main/java/com/ichi2/libanki/Utils.kt,5,36,192,228,2,4,2024-07-15,2025-07-05,293,45.6,0.8,1,0.2,0.37719298245614036
AnkiDroid/src/main/java/com/ichi2/anki/recorder/AudioRecorder.kt,3,221,7,228,2,3,2025-12-23,2026-03-22,33,76.0,0.6666666666666666,1,0.3333333333333333,0.8245614035087719
AnkiDroid/src/main/res/layout/activity_audio_recording_reviewer.xml,3,226,2,228,3,3,2024-04-22,2024-08-03,629,76.0,0.3333333333333333,0,0.0,0.9736842105263158
AnkiDroid/src/main/res/values-ka/03-dialogs.xml,46,127,100,227,1,42,2024-06-03,2026-04-06,18,4.934782608695652,1.0,0,0.0,0.12334801762114538
AnkiDroid/src/test/java/com/ichi2/utils/NoteTypeTest.kt,9,157,70,227,4,9,2024-05-18,2025-07-20,278,25.22222222222222,0.4444444444444444,0,0.0,0.3788546255506608
AnkiDroid/src/main/res/values-zh-rTW/03-dialogs.xml,42,126,100,226,1,40,2024-06-03,2026-04-06,18,5.380952380952381,1.0,0,0.0,0.22566371681415928
AnkiDroid/src/main/java/com/ichi2/anki/preferences/ReviewerOptionsFragment.kt,21,162,64,226,2,15,2024-06-30,2025-08-18,249,10.761904761904763,0.8571428571428571,2,0.09523809523809523,0.1592920353982301
AnkiDroid/src/main/res/values-or/01-core.xml,32,95,130,225,1,32,2024-04-25,2026-04-04,20,7.03125,1.0,0,0.0,0.27111111111111114
AnkiDroid/src/test/java/com/ichi2/testutils/JvmTest.kt,17,75,150,225,4,10,2024-05-23,2026-01-05,109,13.235294117647058,0.7647058823529411,2,0.11764705882352941,0.4577777777777778
AnkiDroid/src/main/java/com/ichi2/anki/deckpicker/DisplayDeckNode.kt,8,185,40,225,4,8,2025-05-08,2026-03-15,40,28.125,0.5,2,0.25,0.6311111111111111
AnkiDroid/src/main/java/com/ichi2/anki/dialogs/CardBrowserMySearchesDialog.kt,6,53,171,224,2,4,2024-12-09,2025-08-12,255,37.333333333333336,0.6666666666666666,1,0.16666666666666666,0.45535714285714285
AnkiDroid/src/main/java/com/ichi2/anki/dialogs/DeckPickerContextMenu.kt,11,124,99,223,4,8,2024-12-07,2026-04-07,17,20.272727272727273,0.6363636363636364,2,0.18181818181818182,0.2645739910313901
AnkiDroid/src/test/java/com/ichi2/anki/multiprofile/ProfileContextWrapperTest.kt,2,222,0,222,2,2,2025-12-06,2026-01-05,109,111.0,0.5,0,0.0,0.9819819819819819
AnkiDroid/src/main/res/values-pt-rPT/01-core.xml,38,93,128,221,1,38,2024-04-25,2026-04-04,20,5.815789473684211,1.0,0,0.0,0.27601809954751133
AnkiDroid/src/main/res/values-it/01-core.xml,35,93,128,221,1,35,2024-04-25,2026-04-08,16,6.314285714285714,1.0,0,0.0,0.27601809954751133
.github/workflows/tests_emulator.yml,21,143,78,221,6,19,2024-04-29,2026-03-10,45,10.523809523809524,0.42857142857142855,0,0.0,0.3755656108597285
AnkiDroid/src/test/java/com/ichi2/anki/servicelayer/scopedstorage/MigrateEssentialFilesTest.kt,2,2,219,221,2,2,2024-07-15,2024-08-27,605,110.5,0.5,0,0.0,0.9864253393665159
AnkiDroid/src/main/res/values-tgl/02-strings.xml,61,121,99,220,1,58,2024-04-27,2026-04-23,1,3.6065573770491803,1.0,0,0.0,0.10909090909090909
AnkiDroid/src/main/res/values-ti/02-strings.xml,61,121,99,220,1,58,2024-04-27,2026-04-23,1,3.6065573770491803,1.0,0,0.0,0.10909090909090909
lint-rules/src/main/java/com/ichi2/anki/lint/utils/LayoutPrefixUtils.kt,2,110,110,220,2,2,2026-01-03,2026-02-08,75,110.0,0.5,0,0.0,0.5
AnkiDroid/src/main/res/values-ja/01-core.xml,44,92,126,218,1,44,2024-04-25,2026-04-19,5,4.954545454545454,1.0,0,0.0,0.2798165137614679
AnkiDroid/src/main/res/layout/instant_editor_dialog.xml,6,198,20,218,2,6,2024-05-14,2025-10-19,187,36.333333333333336,0.8333333333333334,1,0.16666666666666666,0.6192660550458715
libanki/src/main/java/com/ichi2/anki/libanki/DB.kt,6,135,83,218,2,6,2025-07-06,2026-01-28,86,36.333333333333336,0.8333333333333334,1,0.16666666666666666,0.7201834862385321
AnkiDroid/src/test/java/com/ichi2/anki/pages/DeckOptionsTest.kt,3,109,109,218,3,3,2024-10-27,2024-12-28,482,72.66666666666667,0.3333333333333333,0,0.0,0.3853211009174312
AnkiDroid/src/main/java/com/ichi2/anki/dialogs/BrowserOptionsDialog.kt,12,145,72,217,5,11,2024-04-22,2026-03-19,36,18.083333333333332,0.5833333333333334,2,0.16666666666666666,0.19815668202764977
AnkiDroid/src/main/res/layout/browser_options_dialog.xml,10,149,68,217,3,7,2024-04-22,2025-09-11,225,21.7,0.5,2,0.2,0.25806451612903225
AnkiDroid/src/test/java/com/ichi2/anki/AbstractFlashcardViewerTest.kt,33,112,104,216,9,27,2024-06-23,2026-01-08,106,6.545454545454546,0.45454545454545453,3,0.09090909090909091,0.1712962962962963
AnkiDroid/src/main/java/com/ichi2/anki/dialogs/tags/TagsArrayAdapter.kt,15,121,95,216,7,13,2024-05-09,2026-03-22,33,14.4,0.5333333333333333,5,0.3333333333333333,0.2962962962962963
AnkiDroid/src/test/java/com/ichi2/anki/ui/windows/reviewer/autoadvance/AutoAdvanceTest.kt,2,215,1,216,1,2,2026-01-07,2026-04-22,2,108.0,1.0,1,0.5,0.9861111111111112
AnkiDroid/src/main/res/values-ind/01-core.xml,32,90,125,215,1,32,2024-04-25,2026-04-04,20,6.71875,1.0,0,0.0,0.2837209302325581
AnkiDroid/src/main/java/com/ichi2/utils/Permissions.kt,14,190,25,215,7,12,2024-05-29,2026-04-19,5,15.357142857142858,0.35714285714285715,4,0.2857142857142857,0.386046511627907
AnkiDroid/src/main/res/layout/view_whiteboard_toolbar.xml,5,150,64,214,3,5,2025-12-30,2026-04-22,2,42.8,0.6,1,0.2,0.6121495327102804
CONTRIBUTING.md,4,209,5,214,3,4,2025-12-09,2026-01-28,86,53.5,0.5,0,0.0,0.883177570093458
AnkiDroid/src/main/res/values-sk/01-core.xml,31,88,125,213,1,30,2024-04-25,2026-04-24,0,6.870967741935484,1.0,0,0.0,0.2863849765258216
AnkiDroid/src/main/java/com/ichi2/anki/widgets/DeckDropDownAdapter.kt,9,47,166,213,3,6,2024-12-09,2025-12-10,135,23.666666666666668,0.4444444444444444,2,0.2222222222222222,0.5727699530516432
AnkiDroid/src/main/java/com/ichi2/libanki/Consts.kt,7,130,83,213,2,4,2024-10-20,2025-01-05,474,30.428571428571427,0.8571428571428571,0,0.0,0.47417840375586856
AnkiDroid/src/test/java/com/ichi2/anki/ReviewerKeyboardInputTest.kt,15,98,114,212,6,13,2024-07-15,2026-03-23,32,14.133333333333333,0.4,1,0.06666666666666667,0.20754716981132076
AnkiDroid/src/main/res/values-got/11-arrays.xml,13,100,112,212,1,13,2024-09-28,2026-01-12,102,16.307692307692307,1.0,0,0.0,0.3490566037735849
AnkiDroid/src/main/java/com/ichi2/anki/pages/PageWebViewClient.kt,8,116,96,212,3,7,2024-05-21,2025-12-10,135,26.5,0.625,2,0.25,0.3160377358490566
AnkiDroid/src/main/java/com/ichi2/anki/ui/windows/reviewer/audiorecord/CheckPronunciationFragment.kt,7,188,24,212,2,5,2025-08-10,2026-04-22,2,30.285714285714285,0.7142857142857143,1,0.14285714285714285,0.6462264150943396
AnkiDroid/src/test/java/com/ichi2/libanki/DeckConfigTest.kt,1,212,0,212,1,1,2025-01-17,2025-01-17,462,212.0,1.0,0,0.0,1.0
AnkiDroid/src/main/res/values-hu/03-dialogs.xml,49,120,91,211,1,45,2024-04-27,2026-04-06,18,4.3061224489795915,1.0,0,0.0,0.14218009478672985
AnkiDroid/src/androidTest/java/com/ichi2/anki/tests/ACRATest.kt,9,137,74,211,5,6,2023-12-04,2026-04-17,7,23.444444444444443,0.4444444444444444,2,0.2222222222222222,0.2037914691943128
AnkiDroid/src/main/java/com/ichi2/preferences/StepsPreference.kt,6,23,188,211,4,5,2024-05-21,2026-01-05,109,35.166666666666664,0.5,3,0.5,0.7819905213270142
AnkiDroid/src/main/res/values-or/03-dialogs.xml,48,118,92,210,1,45,2024-04-27,2026-04-06,18,4.375,1.0,0,0.0,0.1523809523809524
AnkiDroid/src/main/res/values-vi/03-dialogs.xml,44,118,92,210,1,42,2024-04-27,2026-04-06,18,4.7727272727272725,1.0,0,0.0,0.11428571428571428
AnkiDroid/src/main/java/com/ichi2/anki/noteeditor/FieldState.kt,13,96,113,209,6,11,2024-07-03,2025-12-24,121,16.076923076923077,0.6153846153846154,4,0.3076923076923077,0.31100478468899523
AnkiDroid/src/main/res/values-tr/10-preferences.xml,56,116,92,208,1,51,2024-04-27,2026-04-15,9,3.7142857142857144,1.0,0,0.0,0.0673076923076923
AnkiDroid/src/main/java/com/ichi2/anki/ui/windows/reviewer/autoadvance/AutoAdvance.kt,11,154,54,208,4,10,2024-06-22,2025-12-27,118,18.90909090909091,0.5454545454545454,1,0.09090909090909091,0.46634615384615385
AnkiDroid/src/main/java/com/ichi2/anki/previewer/TemplatePreviewerPage.kt,9,151,57,208,5,7,2024-08-17,2025-12-17,128,23.11111111111111,0.4444444444444444,3,0.3333333333333333,0.40865384615384615
AnkiDroid/src/main/java/com/ichi2/anki/ui/dialogs/ActivityAgnosticDialogs.kt,4,39,169,208,2,2,2024-08-27,2024-12-09,501,52.0,0.75,1,0.25,0.7355769230769231
AnkiDroid/src/main/res/values-ga/03-dialogs.xml,46,117,90,207,1,43,2024-04-27,2026-04-06,18,4.5,1.0,0,0.0,0.08695652173913043
AnkiDroid/src/main/res/values-sk/10-preferences.xml,39,115,92,207,1,37,2024-04-27,2026-04-09,15,5.3076923076923075,1.0,0,0.0,0.4830917874396135
AnkiDroid/src/main/java/com/ichi2/anki/browser/BrowserColumnCollection.kt,11,175,32,207,3,8,2024-06-15,2025-07-05,293,18.818181818181817,0.8181818181818182,3,0.2727272727272727,0.46859903381642515
AnkiDroid/src/main/java/com/ichi2/anki/dialogs/EditDeckDescriptionDialogViewModel.kt,4,192,15,207,1,2,2025-07-02,2025-07-13,285,51.75,1.0,0,0.0,0.4782608695652174
AnkiDroid/src/test/java/com/ichi2/anki/browser/SortTypeTest.kt,1,207,0,207,1,1,2026-01-27,2026-01-27,87,207.0,1.0,0,0.0,1.0
AnkiDroid/src/main/res/values/03-dialogs.xml,52,116,90,206,18,44,2024-04-22,2026-03-26,29,3.9615384615384617,0.34615384615384615,11,0.21153846153846154,0.08737864077669903
AnkiDroid/src/main/res/values-vi/01-core.xml,33,87,119,206,1,33,2024-04-25,2026-04-04,20,6.242424242424242,1.0,0,0.0,0.2961165048543689
AnkiDroid/src/main/java/com/ichi2/libanki/DeckConfig.kt,4,177,29,206,2,3,2024-12-09,2025-06-25,303,51.5,0.75,1,0.25,0.9563106796116505
AnkiDroid/src/main/java/com/ichi2/anki/jsaddons/TgzPackageExtract.kt,10,120,85,205,5,7,2024-07-15,2026-03-22,33,20.5,0.6,2,0.2,0.32682926829268294
AnkiDroid/src/test/java/com/ichi2/anki/BackupManagerSimpleTest.kt,3,9,196,205,3,3,2024-07-15,2025-03-21,399,68.33333333333333,0.3333333333333333,0,0.0,0.9219512195121952
AnkiDroid/src/main/java/com/ichi2/anki/servicelayer/scopedstorage/MoveFile.kt,2,7,198,205,2,2,2024-07-15,2024-08-27,605,102.5,0.5,0,0.0,0.9609756097560975
AnkiDroid/src/main/java/com/ichi2/anki/reviewer/AutomaticAnswer.kt,15,115,89,204,5,11,2024-05-14,2025-07-05,293,13.6,0.6,5,0.3333333333333333,0.2107843137254902
AnkiDroid/src/main/java/com/ichi2/libanki/Sound.kt,10,23,181,204,5,9,2024-07-21,2025-06-26,302,20.4,0.5,2,0.2,0.7401960784313726
AnkiDroid/src/test/java/com/ichi2/anki/dialogs/EditDeckDescriptionDialogViewModelTest.kt,4,200,4,204,1,2,2025-07-02,2025-07-13,285,51.0,1.0,0,0.0,0.6078431372549019
AnkiDroid/src/main/res/values-ka/01-core.xml,34,84,119,203,1,34,2024-04-25,2026-04-04,20,5.970588235294118,1.0,0,0.0,0.30049261083743845
AnkiDroid/src/test/java/com/ichi2/anki/browser/CardBrowserColumnTest.kt,6,123,80,203,3,5,2024-06-14,2025-01-03,476,33.833333333333336,0.6666666666666666,0,0.0,0.4876847290640394
AnkiDroid/src/main/java/com/ichi2/anki/dialogs/viewmodel/TtsVoicesViewModel.kt,5,120,83,203,2,3,2024-12-09,2025-07-05,293,40.6,0.8,2,0.4,0.4975369458128079
AnkiDroid/src/main/java/com/ichi2/anki/dialogs/InsertFieldDialogViewModel.kt,4,201,2,203,1,3,2026-01-01,2026-01-07,107,50.75,1.0,0,0.0,0.37438423645320196
AnkiDroid/src/test/java/com/ichi2/anki/dialogs/InsertFieldDialogTest.kt,3,203,0,203,1,3,2026-01-07,2026-04-14,10,67.66666666666667,1.0,1,0.3333333333333333,0.9211822660098522
AnkiDroid/src/test/java/com/ichi2/anki/ui/windows/reviewer/AnswerTimerTest.kt,2,202,0,202,1,2,2025-12-13,2026-04-22,2,101.0,1.0,2,1.0,0.9257425742574258
lint-rules/src/main/java/com/ichi2/anki/lint/rules/FragmentLayoutPrefixDetector.kt,2,101,101,202,2,2,2026-01-03,2026-02-08,75,101.0,0.5,0,0.0,0.5
AnkiDroid/src/main/java/com/ichi2/anki/reviewreminders/AddEditReminderDialogViewModel.kt,6,190,11,201,2,5,2025-09-26,2025-12-26,119,33.5,0.8333333333333334,1,0.16666666666666666,0.7562189054726368
AnkiDroid/src/test/java/com/ichi2/anki/servicelayer/scopedstorage/ExecutorTest.kt,3,3,198,201,3,3,2024-06-24,2024-08-27,605,67.0,0.3333333333333333,0,0.0,0.9701492537313433
AnkiDroid/src/main/java/com/ichi2/anki/PromptBackgroundInterface.kt,4,43,157,200,1,2,2024-12-09,2025-01-04,475,50.0,1.0,1,0.25,0.68
AnkiDroid/src/main/res/values-sv/03-dialogs.xml,44,112,86,198,1,42,2024-04-27,2026-04-06,18,4.5,1.0,0,0.0,0.16161616161616163
AnkiDroid/src/main/java/com/ichi2/anki/dialogs/SaveBrowserSearchDialogFragment.kt,5,178,20,198,2,4,2025-08-11,2026-01-21,93,39.6,0.6,1,0.2,0.6262626262626263
lint-rules/src/main/java/com/ichi2/anki/lint/rules/DialogLayoutPrefixDetector.kt,2,99,99,198,2,2,2026-01-03,2026-02-08,75,99.0,0.5,0,0.0,0.5
lint-rules/src/main/java/com/ichi2/anki/lint/rules/ViewLayoutPrefixDetector.kt,2,99,99,198,2,2,2026-01-03,2026-02-08,75,99.0,0.5,0,0.0,0.5
AnkiDroid/src/main/res/values-ur/01-core.xml,27,84,113,197,1,27,2024-04-25,2026-04-04,20,7.296296296296297,1.0,0,0.0,0.3096446700507614
AnkiDroid/src/main/java/com/ichi2/anki/dialogs/GradeNowDialog.kt,8,164,33,197,4,8,2025-07-18,2026-03-22,33,24.625,0.625,3,0.375,0.6345177664974619
AnkiDroid/src/test/java/com/ichi2/anki/recorder/AudioRecorderTest.kt,4,196,1,197,2,4,2025-12-23,2026-04-14,10,49.25,0.5,1,0.25,0.7360406091370558
AnkiDroid/src/main/java/com/ichi2/anki/workarounds/NestedScrollingWebView.kt,3,196,1,197,3,3,2024-10-13,2025-11-07,168,65.66666666666667,0.3333333333333333,3,1.0,0.9289340101522843
AnkiDroid/src/main/java/com/ichi2/libanki/Media.kt,11,113,83,196,6,8,2024-07-15,2025-06-27,301,17.818181818181817,0.45454545454545453,2,0.18181818181818182,0.3520408163265306
AnkiDroid/src/main/java/com/ichi2/anki/reviewer/Binding.kt,9,122,74,196,3,5,2024-12-09,2026-02-08,75,21.77777777777778,0.5555555555555556,1,0.1111111111111111,0.6275510204081632
AnkiDroid/src/main/java/com/ichi2/anki/reviewer/PeripheralKeymap.kt,9,81,115,196,3,5,2024-07-15,2025-02-07,441,21.77777777777778,0.5555555555555556,1,0.1111111111111111,0.5459183673469388
AnkiDroid/src/main/java/com/ichi2/anki/dialogs/FlagRenameDialog.kt,8,142,54,196,3,6,2024-04-22,2026-03-23,32,24.5,0.75,1,0.125,0.576530612244898
lint-rules/src/test/java/com/ichi2/anki/lint/rules/ActivityLayoutPrefixDetectorTest.kt,2,98,98,196,2,2,2026-01-03,2026-02-08,75,98.0,0.5,0,0.0,0.5
lint-rules/src/test/java/com/ichi2/anki/lint/rules/DialogLayoutPrefixDetectorTest.kt,2,98,98,196,2,2,2026-01-03,2026-02-08,75,98.0,0.5,0,0.0,0.5
lint-rules/src/test/java/com/ichi2/anki/lint/rules/FragmentLayoutPrefixDetectorTest.kt,2,98,98,196,2,2,2026-01-03,2026-02-08,75,98.0,0.5,0,0.0,0.5
lint-rules/src/test/java/com/ichi2/anki/lint/rules/ViewLayoutPrefixDetectorTest.kt,2,98,98,196,2,2,2026-01-03,2026-02-08,75,98.0,0.5,0,0.0,0.5
AnkiDroid/src/main/res/values-am/03-dialogs.xml,45,111,84,195,1,42,2024-04-27,2026-04-06,18,4.333333333333333,1.0,0,0.0,0.09230769230769231
AnkiDroid/src/main/res/values-vi/10-preferences.xml,39,114,81,195,1,37,2024-04-27,2026-04-09,15,5.0,1.0,0,0.0,0.2358974358974359
AnkiDroid/src/main/res/values-sc/01-core.xml,27,80,115,195,1,27,2024-04-25,2026-04-04,20,7.222222222222222,1.0,0,0.0,0.3230769230769231
AnkiDroid/src/test/java/com/ichi2/anki/DeckPickerOnDiskTest.kt,6,189,6,195,3,5,2025-07-07,2026-03-23,32,32.5,0.6666666666666666,0,0.0,0.9435897435897436
AnkiDroid/src/main/res/values-hi/10-preferences.xml,46,110,84,194,1,41,2024-04-27,2026-04-09,15,4.217391304347826,1.0,0,0.0,0.17525773195876287
AnkiDroid/src/main/java/com/ichi2/anki/ui/windows/reviewer/audiorecord/AudioRecorder.kt,2,97,97,194,2,2,2025-08-10,2025-12-23,122,97.0,0.5,0,0.0,0.5
AnkiDroid/src/main/java/com/ichi2/anki/model/SortType.kt,10,163,30,193,2,5,2024-05-31,2026-01-27,87,19.3,0.9,2,0.2,0.533678756476684
AnkiDroid/src/main/java/com/ichi2/anki/account/LoginViewModel.kt,6,173,20,193,2,3,2025-01-31,2026-04-05,19,32.166666666666664,0.5,1,0.16666666666666666,0.6424870466321243
AnkiDroid/src/test/java/com/ichi2/utils/PermissionsTest.kt,2,192,1,193,2,2,2025-12-28,2026-03-16,39,96.5,0.5,0,0.0,0.9896373056994818
AnkiDroid/src/test/java/com/ichi2/anki/recorder/AudioTimerTest.kt,1,193,0,193,1,1,2025-12-12,2025-12-12,133,193.0,1.0,0,0.0,1.0
AnkiDroid/src/main/res/values-hu/01-core.xml,31,79,113,192,1,31,2024-04-25,2026-04-04,20,6.193548387096774,1.0,0,0.0,0.3177083333333333
AnkiDroid/src/main/res/layout/my_account_logged_in.xml,8,118,74,192,5,5,2024-04-23,2025-01-31,448,24.0,0.5,3,0.375,0.6770833333333334
AnkiDroid/src/test/java/com/ichi2/anki/preferences/reviewer/MenuDisplayTypeTest.kt,2,96,96,192,1,2,2024-12-10,2025-02-24,424,96.0,1.0,0,0.0,0.5
common/android/src/main/java/com/ichi2/anki/CrashReportService.kt,1,192,0,192,1,1,2026-04-17,2026-04-17,7,192.0,1.0,0,0.0,1.0
.github/workflows/compare_apk_size.yml,15,152,39,191,6,11,2024-06-18,2026-04-19,5,12.733333333333333,0.3333333333333333,1,0.06666666666666667,0.6073298429319371
AnkiDroid/src/main/java/com/ichi2/anki/dialogs/customstudy/IncludedExcludedTagsAdapter.kt,4,164,27,191,2,4,2025-02-09,2025-12-10,135,47.75,0.75,2,0.5,0.7486910994764397
AnkiDroid/src/main/java/com/ichi2/anki/ui/windows/reviewer/AnswerFeedbackView.kt,8,137,53,190,2,6,2025-07-01,2026-03-09,46,23.75,0.875,2,0.25,0.4105263157894737
AnkiDroid/src/main/java/com/ichi2/anki/multimediacard/AudioRecorder.kt,5,32,158,190,4,4,2024-11-06,2025-12-23,122,38.0,0.4,0,0.0,0.6894736842105263
AnkiDroid/src/main/java/com/ichi2/anki/utils/CardTemplateJson.kt,4,94,96,190,2,4,2024-05-18,2025-05-29,330,47.5,0.75,0,0.0,0.39473684210526316
AnkiDroid/src/main/java/com/ichi2/anki/browser/search/FlagsBottomSheetFragment.kt,1,190,0,190,1,1,2026-01-26,2026-01-26,88,190.0,1.0,0,0.0,1.0
AnkiDroid/src/main/java/com/ichi2/anki/deckpicker/DeckFilters.kt,1,190,0,190,1,1,2026-02-08,2026-02-08,75,190.0,1.0,0,0.0,1.0
AnkiDroid/src/main/res/values-ca/03-dialogs.xml,46,108,81,189,1,43,2024-04-27,2026-04-06,18,4.108695652173913,1.0,0,0.0,0.09523809523809523
AnkiDroid/src/main/res/values-or/10-preferences.xml,44,107,82,189,1,42,2024-04-27,2026-04-09,15,4.295454545454546,1.0,0,0.0,0.1693121693121693
AnkiDroid/src/main/res/values-zh-rTW/10-preferences.xml,37,111,78,189,1,35,2024-04-27,2026-04-09,15,5.108108108108108,1.0,0,0.0,0.47619047619047616
AnkiDroid/src/test/java/com/ichi2/anki/ui/windows/reviewer/whiteboard/MultiTouchDetectorTest.kt,1,189,0,189,1,1,2026-02-06,2026-02-06,77,189.0,1.0,0,0.0,1.0
AnkiDroid/src/main/res/values-sv/01-core.xml,30,77,111,188,1,30,2024-04-25,2026-04-04,20,6.266666666666667,1.0,0,0.0,0.324468085106383
lint-rules/src/main/java/com/ichi2/anki/lint/rules/ActivityLayoutPrefixDetector.kt,2,94,94,188,2,2,2026-01-03,2026-02-08,75,94.0,0.5,0,0.0,0.5
AnkiDroid/src/main/java/com/ichi2/anki/multiprofile/ProfileContextWrapper.kt,1,188,0,188,1,1,2025-12-06,2025-12-06,139,188.0,1.0,0,0.0,1.0
AnkiDroid/src/main/res/values-tt/03-dialogs.xml,41,107,80,187,1,39,2024-04-27,2026-04-06,18,4.560975609756097,1.0,0,0.0,0.1711229946524064
AnkiDroid/src/main/res/values-ar/07-cardbrowser.xml,23,98,89,187,1,23,2024-08-08,2026-04-24,0,8.130434782608695,1.0,0,0.0,0.27807486631016043
AnkiDroid/src/main/java/com/ichi2/anki/deckpicker/BackgroundImage.kt,9,131,56,187,2,5,2024-08-14,2026-04-08,16,20.77777777777778,0.6666666666666666,1,0.1111111111111111,0.44919786096256686
AnkiDroid/src/main/java/com/ichi2/anki/preferences/AboutFragment.kt,14,95,91,186,6,12,2024-07-15,2026-03-23,32,13.285714285714286,0.5,1,0.07142857142857142,0.26344086021505375
AnkiDroid/src/main/java/com/ichi2/anki/DeckUtils.kt,8,130,56,186,4,7,2024-08-27,2025-09-24,212,23.25,0.375,0,0.0,0.46236559139784944
AnkiDroid/src/main/java/com/ichi2/anki/preferences/reviewer/ReviewerMenuSettingsAdapter.kt,6,156,30,186,2,6,2024-12-13,2026-03-22,33,31.0,0.6666666666666666,0,0.0,0.6182795698924731
lint-rules/src/test/java/com/ichi2/anki/lint/rules/TranslationTypoTest.kt,4,185,1,186,1,3,2024-09-30,2025-07-29,269,46.5,1.0,1,0.25,0.3870967741935484
AnkiDroid/src/main/res/layout/fragment_find_replace.xml,2,180,6,186,1,2,2025-01-29,2025-12-27,118,93.0,1.0,0,0.0,0.9354838709677419
AnkiDroid/src/main/res/values-ckb/03-dialogs.xml,44,106,79,185,1,41,2024-04-27,2026-04-06,18,4.204545454545454,1.0,0,0.0,0.0972972972972973
common/src/main/java/com/ichi2/anki/common/json/JSONContainer.kt,3,161,23,184,2,3,2025-06-25,2025-11-08,167,61.333333333333336,0.6666666666666666,0,0.0,0.8315217391304348
AnkiDroid/src/main/java/com/ichi2/anki/reviewreminders/ReviewReminderSchema.kt,2,184,0,184,1,2,2026-02-02,2026-02-16,67,92.0,1.0,0,0.0,0.8641304347826086
AnkiDroid/src/main/res/values-eu/03-dialogs.xml,44,105,78,183,1,41,2024-04-27,2026-04-06,18,4.159090909090909,1.0,0,0.0,0.09836065573770492
AnkiDroid/src/main/res/values-fy/03-dialogs.xml,44,105,78,183,1,41,2024-04-27,2026-04-06,18,4.159090909090909,1.0,0,0.0,0.09836065573770492
AnkiDroid/src/main/java/com/ichi2/anki/preferences/SettingsFragment.kt,13,98,85,183,3,10,2024-03-05,2026-04-08,16,14.076923076923077,0.46153846153846156,2,0.15384615384615385,0.18579234972677597
tools/release.sh,12,116,67,183,6,11,2024-05-21,2026-04-22,2,15.25,0.4166666666666667,2,0.16666666666666666,0.3114754098360656
AnkiDroid/src/main/res/values-lv/07-cardbrowser.xml,17,97,85,182,1,17,2024-08-08,2026-04-19,5,10.705882352941176,1.0,0,0.0,0.3956043956043956
.github/workflows/conflict.yaml,8,124,58,182,5,8,2024-04-29,2026-03-10,45,22.75,0.25,4,0.5,0.8406593406593407
AnkiDroid/src/main/res/values-ku/01-core.xml,28,73,108,181,1,28,2024-04-25,2026-04-04,20,6.464285714285714,1.0,0,0.0,0.3370165745856354
AnkiDroid/src/test/java/com/ichi2/anki/export/ExportDialogFragmentTest.kt,3,171,10,181,3,3,2024-12-30,2026-02-22,61,60.333333333333336,0.3333333333333333,0,0.0,0.5303867403314917
AnkiDroid/src/main/java/com/ichi2/anki/browser/search/CardStateBottomSheetFragment.kt,2,164,17,181,1,1,2026-03-12,2026-03-12,43,90.5,1.0,0,0.0,0.8895027624309392
AnkiDroid/src/main/res/values-hr/07-cardbrowser.xml,14,96,84,180,1,14,2024-08-08,2026-04-19,5,12.857142857142858,1.0,0,0.0,0.7444444444444445
AnkiDroid/src/main/res/values/constants.xml,34,122,57,179,12,34,2024-04-23,2026-03-16,39,5.264705882352941,0.29411764705882354,1,0.029411764705882353,0.1452513966480447
AnkiDroid/src/test/java/com/ichi2/anki/analytics/PreferencesAnalyticsTest.kt,22,107,71,178,6,19,2023-12-04,2026-04-14,10,8.090909090909092,0.6818181818181818,1,0.045454545454545456,0.5561797752808989
AnkiDroid/src/main/java/com/ichi2/anki/servicelayer/scopedstorage/MoveConflictedFile.kt,2,5,173,178,2,2,2024-07-15,2024-08-27,605,89.0,0.5,0,0.0,0.9662921348314607
AnkiDroid/src/main/res/values-ku/03-dialogs.xml,43,102,75,177,1,40,2024-04-27,2026-04-06,18,4.116279069767442,1.0,0,0.0,0.1016949152542373
AnkiDroid/src/test/java/com/ichi2/libanki/CardTest.kt,12,96,81,177,3,12,2024-07-15,2025-06-18,310,14.75,0.5833333333333334,1,0.08333333333333333,0.2655367231638418
AnkiDroid/src/main/java/com/ichi2/anki/preferences/reviewer/ReviewerMenuSettingsFragment.kt,7,151,26,177,2,7,2024-12-10,2026-03-23,32,25.285714285714285,0.7142857142857143,0,0.0,0.5819209039548022
AnkiDroid/src/main/res/values/10-preferences.xml,51,107,69,176,14,45,2024-04-23,2026-04-06,18,3.450980392156863,0.47058823529411764,3,0.058823529411764705,0.125
AnkiDroid/src/main/res/values-sl/03-dialogs.xml,41,101,75,176,1,39,2024-04-27,2026-04-06,18,4.2926829268292686,1.0,0,0.0,0.10227272727272728
AnkiDroid/src/main/java/com/ichi2/anki/CardTemplateBrowserAppearanceEditor.kt,13,89,87,176,5,10,2024-05-02,2026-04-06,18,13.538461538461538,0.6923076923076923,2,0.15384615384615385,0.3068181818181818
libanki/testutils/build.gradle.kts,7,88,88,176,2,6,2025-07-07,2026-04-10,14,25.142857142857142,0.8571428571428571,2,0.2857142857142857,0.4602272727272727
AnkiDroid/src/main/res/values-ka/10-preferences.xml,47,100,75,175,1,45,2024-04-27,2026-04-09,15,3.723404255319149,1.0,0,0.0,0.11428571428571428
AnkiDroid/src/main/res/values-am/10-preferences.xml,43,100,75,175,1,41,2024-04-27,2026-04-09,15,4.069767441860465,1.0,0,0.0,0.21714285714285714
AnkiDroid/src/main/res/values-kk/03-dialogs.xml,43,101,74,175,1,40,2024-04-27,2026-04-06,18,4.069767441860465,1.0,0,0.0,0.10285714285714286
AnkiDroid/src/main/res/values-ky/03-dialogs.xml,43,101,74,175,1,40,2024-04-27,2026-04-06,18,4.069767441860465,1.0,0,0.0,0.10285714285714286
AnkiDroid/src/main/res/values-mk/03-dialogs.xml,43,101,74,175,1,40,2024-04-27,2026-04-06,18,4.069767441860465,1.0,0,0.0,0.10285714285714286
AnkiDroid/src/main/res/values-mn/03-dialogs.xml,43,101,74,175,1,40,2024-04-27,2026-04-06,18,4.069767441860465,1.0,0,0.0,0.10285714285714286
AnkiDroid/src/main/java/com/ichi2/anki/servicelayer/ThrowableFilterService.kt,4,146,29,175,2,3,2024-12-02,2025-12-10,135,43.75,0.75,2,0.5,0.6742857142857143
AnkiDroid/src/test/java/com/ichi2/utils/FileUtilTest.kt,3,59,116,175,2,2,2024-08-27,2024-12-08,502,58.333333333333336,0.6666666666666666,1,0.3333333333333333,0.5657142857142857
AnkiDroid/src/main/res/values-ro/03-dialogs.xml,42,100,74,174,1,40,2024-04-27,2026-04-06,18,4.142857142857143,1.0,0,0.0,0.10344827586206896
AnkiDroid/src/main/res/values-tt/01-core.xml,28,71,103,174,1,28,2024-04-25,2026-04-04,20,6.214285714285714,1.0,0,0.0,0.3505747126436782
AnkiDroid/src/test/java/com/ichi2/anki/services/NoteServiceTest.kt,11,58,116,174,4,10,2024-07-15,2025-07-07,291,15.818181818181818,0.45454545454545453,0,0.0,0.3505747126436782
AnkiDroid/src/test/java/com/ichi2/anki/previewer/TemplatePreviewerViewModelTest.kt,7,114,60,174,4,7,2025-03-25,2026-01-24,90,24.857142857142858,0.5714285714285714,2,0.2857142857142857,0.3448275862068966
AnkiDroid/src/main/res/layout/bottomsheet_multimedia.xml,3,171,3,174,2,3,2024-06-13,2025-11-30,145,58.0,0.6666666666666666,0,0.0,0.9655172413793104
AnkiDroid/src/test/java/com/ichi2/anki/sync/MeteredSyncPolicyTest.kt,2,172,2,174,1,1,2026-04-07,2026-04-07,17,87.0,1.0,1,0.5,0.8390804597701149
AnkiDroid/src/main/res/values-az/10-preferences.xml,43,99,74,173,1,41,2024-04-27,2026-04-09,15,4.023255813953488,1.0,0,0.0,0.20809248554913296
AnkiDroid/src/main/res/values-it/10-preferences.xml,42,99,74,173,1,39,2024-04-27,2026-04-09,15,4.119047619047619,1.0,0,0.0,0.30057803468208094
AnkiDroid/src/main/res/values-hu/10-preferences.xml,44,99,73,172,1,41,2024-04-27,2026-04-09,15,3.909090909090909,1.0,0,0.0,0.26744186046511625
AnkiDroid/src/main/res/values-sr/03-dialogs.xml,41,99,73,172,1,39,2024-04-27,2026-04-06,18,4.195121951219512,1.0,0,0.0,0.10465116279069768
AnkiDroid/src/main/java/com/ichi2/anki/browser/ColumnSelectionDialogFragment.kt,5,159,13,172,4,5,2025-02-12,2025-12-13,132,34.4,0.4,2,0.4,0.7325581395348837
AnkiDroid/src/main/java/com/ichi2/anki/contextmenu/DeckPickerMenuContentProvider.kt,4,148,24,172,2,2,2025-08-20,2026-04-07,17,43.0,0.75,0,0.0,0.6046511627906976
AnkiDroid/src/test/java/com/ichi2/anki/browser/FindAndReplaceDialogFragmentTest.kt,1,172,0,172,1,1,2025-12-28,2025-12-28,117,172.0,1.0,1,1.0,1.0
AnkiDroid/src/main/res/values-ky/01-core.xml,28,68,103,171,1,28,2024-04-25,2026-04-04,20,6.107142857142857,1.0,0,0.0,0.3567251461988304
AnkiDroid/src/main/java/com/ichi2/compat/Compat.kt,13,86,85,171,8,12,2024-07-15,2026-03-22,33,13.153846153846153,0.23076923076923078,1,0.07692307692307693,0.26900584795321636
AnkiDroid/src/main/java/com/ichi2/anki/dialogs/ImportDialog.kt,7,90,81,171,2,5,2024-11-03,2025-12-10,135,24.428571428571427,0.7142857142857143,2,0.2857142857142857,0.3333333333333333
AnkiDroid/src/test/java/com/ichi2/anki/settings/PrefsDelegatesTest.kt,6,131,40,171,2,4,2025-01-24,2025-12-05,140,28.5,0.8333333333333334,1,0.16666666666666666,0.4152046783625731
AnkiDroid/src/main/java/com/ichi2/libanki/StdModels.kt,1,0,171,171,1,1,2024-06-23,2024-06-23,670,171.0,1.0,0,0.0,1.0
AnkiDroid/src/main/res/values-mn/01-core.xml,28,68,102,170,1,28,2024-04-25,2026-04-04,20,6.071428571428571,1.0,0,0.0,0.3588235294117647
AnkiDroid/src/main/res/values-my/01-core.xml,27,68,102,170,1,27,2024-04-25,2026-04-04,20,6.296296296296297,1.0,0,0.0,0.3588235294117647
AnkiDroid/src/main/res/values-ar/11-arrays.xml,14,79,91,170,1,13,2024-09-28,2026-01-12,102,12.142857142857142,1.0,0,0.0,0.3176470588235294
AnkiDroid/src/main/res/values-sl/01-core.xml,26,66,103,169,1,26,2024-04-25,2026-04-04,20,6.5,1.0,0,0.0,0.3609467455621302
AnkiDroid/src/main/java/com/ichi2/anki/services/BootService.kt,18,115,54,169,7,14,2024-07-15,2026-04-17,7,9.38888888888889,0.5555555555555556,6,0.3333333333333333,0.3431952662721893
AnkiDroid/src/main/res/values-is/07-cardbrowser.xml,12,27,142,169,2,12,2024-08-08,2025-08-04,263,14.083333333333334,0.9166666666666666,0,0.0,0.7455621301775148
AnkiDroid/src/main/java/com/ichi2/anki/reviewer/ReviewerBinding.kt,6,140,29,169,2,5,2025-02-05,2025-06-03,325,28.166666666666668,0.8333333333333334,0,0.0,0.5325443786982249
AnkiDroid/src/test/java/com/ichi2/anki/deckpicker/DeckFiltersTest.kt,1,169,0,169,1,1,2026-02-08,2026-02-08,75,169.0,1.0,0,0.0,1.0
AnkiDroid/src/main/res/values-my/03-dialogs.xml,42,97,71,168,1,40,2024-04-27,2026-04-06,18,4.0,1.0,0,0.0,0.10714285714285714
AnkiDroid/src/main/java/com/ichi2/compat/BaseCompat.kt,11,54,114,168,6,9,2024-11-06,2026-03-22,33,15.272727272727273,0.36363636363636365,2,0.18181818181818182,0.40476190476190477
AnkiDroid/src/main/java/com/ichi2/anki/utils/Time.kt,9,51,117,168,6,9,2024-06-07,2026-01-09,105,18.666666666666668,0.4444444444444444,2,0.2222222222222222,0.31547619047619047
AnkiDroid/src/main/res/values-mk/01-core.xml,27,66,101,167,1,27,2024-04-25,2026-04-04,20,6.185185185185185,1.0,0,0.0,0.3652694610778443
AnkiDroid/src/main/res/values-fil/11-arrays.xml,10,77,89,166,1,10,2024-06-03,2026-01-03,111,16.6,1.0,0,0.0,0.37349397590361444
AnkiDroid/src/test/java/com/ichi2/anki/browser/search/SearchRequestTest.kt,5,152,14,166,1,4,2026-01-21,2026-04-14,10,33.2,1.0,0,0.0,0.8132530120481928
AnkiDroid/src/main/res/values-bg/03-dialogs.xml,43,96,69,165,1,40,2024-04-27,2026-04-06,18,3.8372093023255816,1.0,0,0.0,0.08484848484848485
AnkiDroid/src/main/res/values-et/07-cardbrowser.xml,16,89,76,165,1,16,2024-08-08,2026-04-19,5,10.3125,1.0,0,0.0,0.509090909090909
AnkiDroid/src/main/java/com/ichi2/anki/NotificationChannels.kt,9,89,76,165,5,8,2024-08-27,2026-04-21,3,18.333333333333332,0.4444444444444444,3,0.3333333333333333,0.43636363636363634
AnkiDroid/src/main/res/values-nn/03-dialogs.xml,42,95,69,164,1,40,2024-04-27,2026-04-06,18,3.9047619047619047,1.0,0,0.0,0.08536585365853659
AnkiDroid/src/main/res/values-no/03-dialogs.xml,42,95,69,164,1,40,2024-04-27,2026-04-06,18,3.9047619047619047,1.0,0,0.0,0.08536585365853659
AnkiDroid/src/main/res/values-ko/07-cardbrowser.xml,18,89,75,164,1,18,2024-08-08,2026-04-19,5,9.11111111111111,1.0,0,0.0,0.3902439024390244
AnkiDroid/src/main/res/values-got/17-model-manager.xml,13,85,79,164,1,13,2025-02-08,2026-04-19,5,12.615384615384615,1.0,0,0.0,0.4146341463414634
AnkiDroid/src/main/res/values-bn/11-arrays.xml,11,76,88,164,1,11,2024-09-28,2026-01-03,111,14.909090909090908,1.0,0,0.0,0.36585365853658536
lint-rules/src/main/java/com/ichi2/anki/lint/utils/Crowdin.kt,4,153,11,164,2,3,2023-12-04,2025-03-18,402,41.0,0.75,2,0.5,0.8170731707317073
AnkiDroid/src/test/java/com/ichi2/anki/dialogs/tags/TagsDialogViewModelTest.kt,1,164,0,164,1,1,2025-11-16,2025-11-16,159,164.0,1.0,0,0.0,1.0
AnkiDroid/src/main/res/values-gl/07-cardbrowser.xml,22,88,75,163,1,21,2024-08-08,2026-04-22,2,7.409090909090909,1.0,0,0.0,0.294478527607362
libanki/src/test/java/com/ichi2/anki/libanki/CardTest.kt,7,150,13,163,4,7,2025-07-07,2025-12-11,134,23.285714285714285,0.5714285714285714,1,0.14285714285714285,0.7607361963190185
AnkiDroid/src/main/java/com/ichi2/anki/ui/ResizablePaneManager.kt,4,163,0,163,2,4,2025-06-01,2026-01-07,107,40.75,0.75,1,0.25,0.8220858895705522
AnkiDroid/src/main/res/values-ms/03-dialogs.xml,41,94,68,162,1,39,2024-06-03,2026-04-06,18,3.951219512195122,1.0,0,0.0,0.08641975308641975
AnkiDroid/src/main/res/values-ms/01-core.xml,27,64,98,162,1,27,2024-04-25,2026-04-04,20,6.0,1.0,0,0.0,0.3765432098765432
AnkiDroid/src/main/res/values-ug/07-cardbrowser.xml,17,145,17,162,1,16,2025-01-04,2026-04-19,5,9.529411764705882,1.0,0,0.0,0.7222222222222222
AnkiDroid/src/main/res/values-jv/07-cardbrowser.xml,12,27,135,162,2,12,2024-08-08,2025-08-04,263,13.5,0.9166666666666666,0,0.0,0.7407407407407407
AnkiDroid/src/test/java/com/ichi2/anki/DeckPickerNoExternalFilesDirTest.kt,5,154,8,162,1,3,2025-11-17,2025-11-30,145,32.4,1.0,4,0.8,0.3950617283950617
AnkiDroid/src/main/res/values-ti/01-core.xml,25,64,97,161,1,25,2024-04-25,2026-04-04,20,6.44,1.0,0,0.0,0.37888198757763975
common/build.gradle.kts,16,94,67,161,4,13,2024-05-29,2026-04-13,11,10.0625,0.6875,0,0.0,0.36645962732919257
libanki/src/test/java/com/ichi2/anki/libanki/SortOrderTest.kt,5,107,54,161,1,1,2026-01-27,2026-01-27,87,32.2,1.0,0,0.0,0.32298136645962733
AnkiDroid/src/main/res/xml/preferences_dev_options.xml,25,103,57,160,8,23,2024-03-23,2026-01-05,109,6.4,0.28,2,0.08,0.1625
AnkiDroid/src/main/java/com/ichi2/widget/WidgetConfigScreenAdapter.kt,9,125,35,160,3,9,2024-05-22,2026-03-22,33,17.77777777777778,0.7777777777777778,0,0.0,0.625
AnkiDroid/src/main/java/com/ichi2/anki/ui/windows/reviewer/audiorecord/CheckPronunciationViewModel.kt,4,150,10,160,2,3,2025-08-10,2026-04-22,2,40.0,0.75,1,0.25,0.7875
AnkiDroid/src/main/assets/scripts/card.js,3,81,79,160,2,3,2024-10-11,2024-10-31,540,53.333333333333336,0.6666666666666666,2,0.6666666666666666,0.49375
AnkiDroid/src/main/java/com/ichi2/anki/dialogs/LoadingDialogFragment.kt,2,145,15,160,2,2,2025-01-12,2025-12-10,135,80.0,0.5,1,0.5,0.8125
AnkiDroid/src/main/res/layout/widget_deck_picker_drawable_v31.xml,2,159,1,160,1,2,2024-05-22,2024-12-27,483,80.0,1.0,0,0.0,0.9875
AnkiDroid/src/main/res/values-tgl/03-dialogs.xml,39,93,66,159,1,37,2024-04-27,2026-04-06,18,4.076923076923077,1.0,0,0.0,0.11320754716981132
AnkiDroid/src/main/res/values-ti/03-dialogs.xml,39,93,66,159,1,37,2024-04-27,2026-04-06,18,4.076923076923077,1.0,0,0.0,0.11320754716981132
AnkiDroid/src/main/res/values-tgl/01-core.xml,24,63,96,159,1,24,2024-04-25,2026-04-04,20,6.625,1.0,0,0.0,0.3836477987421384
AnkiDroid/src/main/java/com/ichi2/preferences/ListPreferenceTrait.kt,2,157,2,159,1,2,2024-03-05,2024-12-09,501,79.5,1.0,0,0.0,0.9685534591194969
AnkiDroid/src/main/java/dev/androidbroadcast/vbpd/ActivityViewBindings.kt,1,159,0,159,1,1,2025-09-18,2025-09-18,218,159.0,1.0,0,0.0,1.0
lint-rules/src/test/java/com/ichi2/anki/lint/utils/CrowdinLanguageTagTest.kt,1,159,0,159,1,1,2024-09-30,2024-09-30,571,159.0,1.0,0,0.0,1.0
AnkiDroid/src/main/res/values-pa/11-arrays.xml,11,73,85,158,1,10,2024-08-27,2026-01-03,111,14.363636363636363,1.0,0,0.0,0.4177215189873418
AnkiDroid/src/main/res/values-et/11-arrays.xml,10,73,85,158,1,10,2024-09-28,2026-03-09,46,15.8,1.0,0,0.0,0.34177215189873417
AnkiDroid/src/androidTest/java/com/ichi2/anki/DeckPickerTest.kt,9,56,102,158,4,8,2024-03-31,2025-12-10,135,17.555555555555557,0.4444444444444444,2,0.2222222222222222,0.33544303797468356
AnkiDroid/src/main/java/dev/androidbroadcast/vbpd/FragmentViewBindings.kt,1,158,0,158,1,1,2025-09-18,2025-09-18,218,158.0,1.0,0,0.0,1.0
AnkiDroid/src/test/java/com/ichi2/anki/widget/DeckPickerWidgetConfigTest.kt,1,158,0,158,1,1,2024-05-22,2024-05-22,702,158.0,1.0,0,0.0,1.0
AnkiDroid/src/main/res/values-da/10-preferences.xml,43,91,66,157,1,41,2024-04-27,2026-04-09,15,3.6511627906976742,1.0,0,0.0,0.12738853503184713
AnkiDroid/src/main/res/values-hy/03-dialogs.xml,43,93,64,157,1,40,2024-04-27,2026-04-06,18,3.6511627906976742,1.0,0,0.0,0.08917197452229299
AnkiDroid/src/main/res/values-uz/07-cardbrowser.xml,18,85,72,157,1,18,2024-08-08,2026-04-22,2,8.722222222222221,1.0,0,0.0,0.5095541401273885
AnkiDroid/src/main/java/com/ichi2/anki/dialogs/ExportReadyDialog.kt,11,86,71,157,4,8,2024-07-15,2025-12-10,135,14.272727272727273,0.7272727272727273,4,0.36363636363636365,0.31210191082802546
libanki/src/main/java/com/ichi2/anki/libanki/SortOrder.kt,7,100,57,157,1,2,2025-07-06,2026-01-27,87,22.428571428571427,1.0,0,0.0,0.3248407643312102
AnkiDroid/src/main/java/com/ichi2/anki/DrawingActivity.kt,6,27,130,157,5,6,2024-04-28,2025-11-03,172,26.166666666666668,0.3333333333333333,0,0.0,0.7261146496815286
libanki/testutils/src/main/java/com/ichi2/anki/libanki/testutils/TestCollectionManager.kt,3,148,9,157,1,2,2025-07-07,2025-07-21,277,52.333333333333336,1.0,0,0.0,0.6242038216560509
AnkiDroid/src/main/java/com/ichi2/anki/Undo.kt,7,86,70,156,2,6,2024-12-09,2025-12-10,135,22.285714285714285,0.8571428571428571,1,0.14285714285714285,0.4230769230769231
AnkiDroid/src/main/res/values-th/03-dialogs.xml,39,91,64,155,1,37,2024-04-27,2026-04-06,18,3.9743589743589745,1.0,0,0.0,0.11612903225806452
AnkiDroid/src/main/java/com/ichi2/anki/android/input/Shortcut.kt,7,125,30,155,4,4,2024-11-06,2025-01-12,467,22.142857142857142,0.5714285714285714,2,0.2857142857142857,0.5870967741935483
AnkiDroid/src/main/assets/fonts/freefont/GNU GENERAL PUBLIC LICENSE.txt,1,0,155,155,1,1,2025-06-08,2025-06-08,320,155.0,1.0,0,0.0,1.0
AnkiDroid/src/main/java/com/ichi2/anki/preferences/ReviewingSettingsFragment.kt,12,91,63,154,6,7,2024-10-18,2025-07-23,275,12.833333333333334,0.4166666666666667,2,0.16666666666666666,0.2727272727272727
AnkiDroid/src/main/java/com/ichi2/anki/multimedia/MultimediaBottomSheet.kt,6,121,33,154,2,5,2024-06-13,2026-03-23,32,25.666666666666668,0.8333333333333334,0,0.0,0.577922077922078
AnkiDroid/src/main/java/com/ichi2/anki/ui/windows/reviewer/whiteboard/MultiTouchDetector.kt,3,143,11,154,1,2,2026-02-06,2026-03-12,43,51.333333333333336,1.0,1,0.3333333333333333,0.7402597402597403
AnkiDroid/src/main/java/com/ichi2/anki/recorder/AudioTimer.kt,1,154,0,154,1,1,2025-12-12,2025-12-12,133,154.0,1.0,0,0.0,1.0
AnkiDroid/src/test/java/com/ichi2/anki/dialogs/ImportFileSelectionFragmentTest.kt,1,154,0,154,1,1,2026-04-08,2026-04-08,16,154.0,1.0,0,0.0,1.0
AnkiDroid/src/main/java/com/ichi2/anki/notetype/ManageNoteTypesState.kt,5,130,23,153,2,5,2025-11-11,2026-01-08,106,30.6,0.6,1,0.2,0.6143790849673203
AnkiDroid/src/test/java/com/ichi2/anki/multimediacard/fields/BasicImageFieldControllerTest.kt,4,4,149,153,4,4,2024-04-25,2024-08-01,631,38.25,0.25,1,0.25,0.954248366013072
AnkiDroid/src/main/java/com/ichi2/anki/browser/SearchHistory.kt,3,152,1,153,1,3,2026-01-18,2026-01-22,92,51.0,1.0,0,0.0,0.6862745098039216
AnkiDroid/src/main/java/com/ichi2/anki/dialogs/ImportFileSelectionFragment.kt,14,85,67,152,7,9,2024-05-02,2026-04-08,16,10.857142857142858,0.42857142857142855,3,0.21428571428571427,0.23684210526315788
AnkiDroid/src/main/java/com/ichi2/anki/ui/windows/reviewer/whiteboard/ColorPickerDialog.kt,4,142,10,152,3,4,2025-11-10,2026-03-26,29,38.0,0.5,3,0.75,0.5657894736842105
AnkiDroid/src/main/res/layout/image_occlusion_options_layout.xml,4,76,76,152,3,4,2024-05-14,2025-10-29,177,38.0,0.5,0,0.0,0.48026315789473684
AnkiDroid/src/main/java/com/ichi2/compat/VibrationAttributesCompat.kt,1,152,0,152,1,1,2025-08-28,2025-08-28,239,152.0,1.0,0,0.0,1.0
AnkiDroid/src/main/res/drawable/login_logo.xml,1,152,0,152,1,1,2024-10-06,2024-10-06,565,152.0,1.0,0,0.0,1.0
AnkiDroid/src/main/res/layout/audio_record_view.xml,2,145,6,151,1,2,2025-08-11,2026-01-17,97,75.5,1.0,0,0.0,0.9337748344370861
AnkiDroid/src/main/res/layout-land/view_audio_recorder.xml,1,151,0,151,1,1,2026-03-23,2026-03-23,32,151.0,1.0,0,0.0,1.0
AnkiDroid/src/main/res/layout/view_audio_recorder.xml,1,151,0,151,1,1,2026-03-23,2026-03-23,32,151.0,1.0,0,0.0,1.0
AnkiDroid/src/androidTest/java/com/ichi2/anki/testutil/DeckPicker.kt,4,129,21,150,2,4,2024-11-11,2026-01-12,102,37.5,0.75,1,0.25,0.7266666666666667
AnkiDroid/src/main/java/com/ichi2/anki/ui/windows/reviewer/audiorecord/AudioPlayView.kt,4,128,22,150,3,4,2025-08-10,2026-01-17,97,37.5,0.5,0,0.0,0.7533333333333333
AnkiDroid/src/main/java/com/ichi2/anki/preferences/reviewer/MenuDisplayType.kt,2,94,56,150,1,2,2024-12-10,2025-02-24,424,75.0,1.0,0,0.0,0.6266666666666667
AnkiDroid/src/main/res/values-gu/07-cardbrowser.xml,16,81,68,149,1,16,2024-06-17,2026-04-19,5,9.3125,1.0,0,0.0,0.5637583892617449
AnkiDroid/src/main/res/values-iw/11-arrays.xml,11,121,28,149,1,10,2024-05-02,2026-01-03,111,13.545454545454545,1.0,0,0.0,0.7046979865771812
AnkiDroid/src/main/java/com/ichi2/libanki/sched/DeckNode.kt,9,71,78,149,9,9,2024-07-15,2025-06-08,320,16.555555555555557,0.1111111111111111,3,0.3333333333333333,0.4429530201342282
AnkiDroid/src/main/res/layout/dialog_empty_cards.xml,5,128,21,149,3,5,2025-01-14,2025-09-11,225,29.8,0.4,2,0.4,0.5436241610738255
AnkiDroid/src/main/java/com/ichi2/anki/ui/windows/permissions/AllPermissionsExplanationFragment.kt,4,127,22,149,3,4,2025-08-27,2025-12-13,132,37.25,0.5,1,0.25,0.6375838926174496
AnkiDroid/src/main/res/values-es-rES/11-arrays.xml,14,68,80,148,1,14,2024-09-28,2026-01-12,102,10.571428571428571,1.0,0,0.0,0.3108108108108108
AnkiDroid/src/test/java/com/ichi2/anki/ui/windows/reviewer/StudyScreenRepositoryTest.kt,2,148,0,148,1,2,2025-12-04,2026-01-17,97,74.0,1.0,0,0.0,0.9121621621621622
AnkiDroid/src/main/java/com/ichi2/widget/WidgetStatus.kt,9,78,69,147,4,7,2024-10-26,2025-12-10,135,16.333333333333332,0.5555555555555556,1,0.1111111111111111,0.2108843537414966
AnkiDroid/src/main/res/values-is/11-arrays.xml,8,21,126,147,2,8,2024-09-28,2025-08-04,263,18.375,0.875,0,0.0,0.6190476190476191
AnkiDroid/src/main/res/values-jv/11-arrays.xml,8,21,126,147,2,8,2024-09-28,2025-08-04,263,18.375,0.875,0,0.0,0.6190476190476191
AnkiDroid/src/main/res/values-ss/11-arrays.xml,8,21,126,147,2,8,2024-09-28,2025-08-04,263,18.375,0.875,0,0.0,0.6190476190476191
AnkiDroid/src/main/res/values-sw/11-arrays.xml,8,21,126,147,2,8,2024-09-28,2025-08-04,263,18.375,0.875,0,0.0,0.6190476190476191
AnkiDroid/src/main/res/values-tg/11-arrays.xml,8,21,126,147,2,8,2024-09-28,2025-08-04,263,18.375,0.875,0,0.0,0.6190476190476191
AnkiDroid/src/main/java/com/ichi2/anki/scheduling/SetDueDateViewModel.kt,7,115,32,147,2,5,2024-12-09,2025-07-05,293,21.0,0.8571428571428571,0,0.0,0.3333333333333333
AnkiDroid/src/main/res/values-es-rAR/11-arrays.xml,14,67,79,146,1,14,2024-09-28,2026-01-12,102,10.428571428571429,1.0,0,0.0,0.3150684931506849
lint-rules/src/main/java/com/ichi2/anki/lint/rules/TranslationTypo.kt,12,119,27,146,6,9,2024-04-25,2025-09-08,228,12.166666666666666,0.5833333333333334,1,0.08333333333333333,0.3835616438356164
AnkiDroid/src/main/java/com/ichi2/anki/ui/windows/permissions/PermissionsFragment.kt,7,100,46,146,4,6,2024-12-09,2026-03-16,39,20.857142857142858,0.2857142857142857,1,0.14285714285714285,0.2876712328767123
AnkiDroid/src/main/java/com/ichi2/anki/multimedia/MultimediaActionHandler.kt,1,146,0,146,1,1,2026-04-22,2026-04-22,2,146.0,1.0,0,0.0,1.0
AnkiDroid/src/main/res/values-ml/07-cardbrowser.xml,15,79,66,145,1,15,2024-08-08,2026-04-19,5,9.666666666666666,1.0,0,0.0,0.6206896551724138
AnkiDroid/src/main/res/menu/card_browser_multiselect.xml,11,78,67,145,6,11,2024-04-26,2026-04-10,14,13.181818181818182,0.5454545454545454,3,0.2727272727272727,0.2206896551724138
AnkiDroid/src/main/res/values-ss/07-cardbrowser.xml,10,15,130,145,2,10,2024-08-08,2025-08-04,263,14.5,0.9,0,0.0,0.8689655172413793
AnkiDroid/src/main/res/values-sw/07-cardbrowser.xml,10,15,130,145,2,10,2024-08-08,2025-08-04,263,14.5,0.9,0,0.0,0.8689655172413793
AnkiDroid/src/main/res/values-tg/07-cardbrowser.xml,10,15,130,145,2,10,2024-08-08,2025-08-04,263,14.5,0.9,0,0.0,0.8689655172413793
AnkiDroid/src/main/res/values-tn/07-cardbrowser.xml,10,15,130,145,2,10,2024-08-08,2025-08-04,263,14.5,0.9,0,0.0,0.8689655172413793
AnkiDroid/src/main/res/values-ts/07-cardbrowser.xml,10,15,130,145,2,10,2024-08-08,2025-08-04,263,14.5,0.9,0,0.0,0.8689655172413793
AnkiDroid/src/main/res/values-ve/07-cardbrowser.xml,10,15,130,145,2,10,2024-08-08,2025-08-04,263,14.5,0.9,0,0.0,0.8689655172413793
AnkiDroid/src/main/res/values-xh/07-cardbrowser.xml,10,15,130,145,2,10,2024-08-08,2025-08-04,263,14.5,0.9,0,0.0,0.8689655172413793
AnkiDroid/src/main/res/values-zu/07-cardbrowser.xml,10,15,130,145,2,10,2024-08-08,2025-08-04,263,14.5,0.9,0,0.0,0.8689655172413793
AnkiDroid/src/main/java/com/ichi2/anki/BackendExporting.kt,9,79,66,145,3,7,2024-12-09,2025-12-10,135,16.11111111111111,0.6666666666666666,1,0.1111111111111111,0.20689655172413793
AnkiDroid/src/test/java/com/ichi2/anki/pages/StatisticsTest.kt,3,127,18,145,3,3,2025-10-13,2025-12-11,134,48.333333333333336,0.3333333333333333,1,0.3333333333333333,0.696551724137931
libanki/testutils/src/main/java/com/ichi2/anki/libanki/testutils/InMemoryAnkiTest.kt,2,130,15,145,1,2,2025-07-07,2025-12-10,135,72.5,1.0,1,0.5,0.7931034482758621
AnkiDroid/src/test/java/com/ichi2/anki/multiprofile/ProfileNameTest.kt,1,145,0,145,1,1,2026-04-09,2026-04-09,15,145.0,1.0,0,0.0,1.0
AnkiDroid/src/main/res/values-gl/11-arrays.xml,14,66,78,144,1,14,2024-09-28,2026-01-12,102,10.285714285714286,1.0,0,0.0,0.3194444444444444
AnkiDroid/src/main/java/com/ichi2/anki/i18n/LocaleCodes.kt,3,136,8,144,1,2,2025-12-15,2026-01-03,111,48.0,1.0,1,0.3333333333333333,0.7152777777777778
AnkiDroid/src/main/java/com/ichi2/anki/ui/windows/reviewer/whiteboard/WhiteboardRepository.kt,3,143,1,144,2,3,2025-09-05,2026-01-31,83,48.0,0.6666666666666666,0,0.0,0.9305555555555556
AnkiDroid/src/main/java/com/ichi2/ui/CollectionMediaImageGetter.kt,1,144,0,144,1,1,2025-12-25,2025-12-25,120,144.0,1.0,1,1.0,1.0
AnkiDroid/src/main/res/values-ga/10-preferences.xml,42,84,59,143,1,40,2024-04-27,2026-04-09,15,3.4047619047619047,1.0,0,0.0,0.13986013986013987
AnkiDroid/src/main/java/com/ichi2/anki/ui/internationalization/SentenceCase.kt,9,118,25,143,4,8,2024-08-14,2026-04-06,18,15.88888888888889,0.6666666666666666,1,0.1111111111111111,0.27972027972027974
AnkiDroid/src/main/java/com/ichi2/anki/backend/BackendDBUtils.kt,7,115,28,143,2,5,2025-06-18,2026-04-17,7,20.428571428571427,0.8571428571428571,0,0.0,0.5524475524475524
AnkiDroid/src/main/res/values-tn/11-arrays.xml,7,19,124,143,2,7,2024-09-28,2025-08-04,263,20.428571428571427,0.8571428571428571,0,0.0,0.6363636363636364
AnkiDroid/src/main/res/values-ts/11-arrays.xml,7,19,124,143,2,7,2024-09-28,2025-08-04,263,20.428571428571427,0.8571428571428571,0,0.0,0.6363636363636364
AnkiDroid/src/main/res/values-ve/11-arrays.xml,7,19,124,143,2,7,2024-09-28,2025-08-04,263,20.428571428571427,0.8571428571428571,0,0.0,0.6363636363636364
AnkiDroid/src/main/res/values-wo/11-arrays.xml,7,19,124,143,2,7,2024-09-28,2025-08-04,263,20.428571428571427,0.8571428571428571,0,0.0,0.6363636363636364
AnkiDroid/src/main/res/values-xh/11-arrays.xml,7,19,124,143,2,7,2024-09-28,2025-08-04,263,20.428571428571427,0.8571428571428571,0,0.0,0.6363636363636364
AnkiDroid/src/main/res/values-yue/11-arrays.xml,7,19,124,143,2,7,2024-09-28,2025-08-04,263,20.428571428571427,0.8571428571428571,0,0.0,0.6363636363636364
AnkiDroid/src/main/res/values-zu/11-arrays.xml,7,19,124,143,2,7,2024-09-28,2025-08-04,263,20.428571428571427,0.8571428571428571,0,0.0,0.6363636363636364
AnkiDroid/src/main/java/com/ichi2/anki/dialogs/tags/TagsDialogViewModel.kt,6,120,23,143,5,6,2025-05-10,2026-04-24,0,23.833333333333332,0.3333333333333333,2,0.3333333333333333,0.5174825174825175
AnkiDroid/src/test/java/com/ichi2/anki/browser/search/StandardSearchFragmentTest.kt,3,109,34,143,1,3,2026-01-19,2026-03-05,50,47.666666666666664,1.0,0,0.0,0.5874125874125874
AnkiDroid/src/main/java/com/ichi2/anki/browser/search/AdvancedSearchFieldsTab.kt,1,143,0,143,1,1,2026-03-16,2026-03-16,39,143.0,1.0,0,0.0,1.0
AnkiDroid/src/main/res/values-gu/11-arrays.xml,11,65,77,142,1,11,2024-06-01,2026-01-03,111,12.909090909090908,1.0,0,0.0,0.36619718309859156
AnkiDroid/src/main/res/layout/fragment_schedule_reminders.xml,8,112,30,142,2,8,2025-06-15,2026-03-22,33,17.75,0.75,1,0.125,0.38028169014084506
AnkiDroid/src/test/java/com/ichi2/anki/dialogs/InsertFieldDialogViewModelTest.kt,3,142,0,142,1,3,2026-01-01,2026-01-07,107,47.333333333333336,1.0,0,0.0,0.5
AnkiDroid/src/main/res/values-ca/10-preferences.xml,43,83,58,141,1,40,2024-04-27,2026-04-09,15,3.2790697674418605,1.0,0,0.0,0.14184397163120568
AnkiDroid/src/main/res/values-sv/10-preferences.xml,41,82,59,141,1,38,2024-04-27,2026-04-09,15,3.4390243902439024,1.0,0,0.0,0.0851063829787234
AnkiDroid/src/test/java/com/ichi2/anki/servicemodel/PreferenceUpgradeServiceTest.kt,7,136,5,141,4,7,2024-07-15,2026-01-08,106,20.142857142857142,0.42857142857142855,0,0.0,0.41843971631205673
AnkiDroid/src/main/res/layout/cardbrowser_searchview.xml,3,134,7,141,1,2,2025-08-07,2025-09-02,234,47.0,1.0,0,0.0,0.5673758865248227
AnkiDroid/src/main/res/layout-xlarge/card_template_editor.xml,6,91,49,140,3,6,2024-05-30,2026-01-04,110,23.333333333333332,0.5,2,0.3333333333333333,0.39285714285714285
AnkiDroid/src/main/res/menu/deck_picker.xml,6,66,74,140,5,6,2024-06-21,2026-04-01,23,23.333333333333332,0.3333333333333333,2,0.3333333333333333,0.6571428571428571
AnkiDroid/src/main/res/layout/reviewer_menu_item.xml,3,98,42,140,1,2,2024-12-13,2025-07-27,271,46.666666666666664,1.0,0,0.0,0.6071428571428571
AnkiDroid/src/main/java/com/ichi2/widget/Id.kt,1,140,0,140,1,1,2025-09-09,2025-09-09,227,140.0,1.0,0,0.0,1.0
AnkiDroid/src/main/res/values-eu/10-preferences.xml,43,82,57,139,1,41,2024-04-27,2026-04-09,15,3.2325581395348837,1.0,0,0.0,0.14388489208633093
AnkiDroid/src/test/java/com/ichi2/libanki/CollectionTest.kt,11,103,36,139,5,10,2023-12-04,2025-04-26,363,12.636363636363637,0.45454545454545453,0,0.0,0.43884892086330934
AnkiDroid/src/main/res/values-wo/07-cardbrowser.xml,10,15,124,139,2,10,2024-08-08,2025-08-04,263,13.9,0.9,0,0.0,0.8633093525179856
AnkiDroid/src/main/res/values-yue/07-cardbrowser.xml,10,15,124,139,2,10,2024-08-08,2025-08-04,263,13.9,0.9,0,0.0,0.8633093525179856
AnkiDroid/src/main/java/com/ichi2/libanki/CardTemplate.kt,4,137,2,139,2,4,2024-12-28,2025-06-25,303,34.75,0.75,1,0.25,0.9712230215827338
AnkiDroid/src/test/java/com/ichi2/anki/BackupManagerTest.kt,2,7,132,139,2,2,2024-07-15,2025-03-21,399,69.5,0.5,0,0.0,0.9424460431654677
AnkiDroid/src/test/java/com/ichi2/anki/servicelayer/scopedstorage/MigrateEssentialFilesIntegrationTest.kt,1,0,139,139,1,1,2024-08-27,2024-08-27,605,139.0,1.0,0,0.0,1.0
AnkiDroid/src/test/java/com/ichi2/anki/multiprofile/ProfileSwitchGuardTest.kt,1,138,0,138,1,1,2026-04-04,2026-04-04,20,138.0,1.0,0,0.0,1.0
AnkiDroid/src/main/res/values-af/10-preferences.xml,42,81,56,137,1,40,2024-04-27,2026-04-09,15,3.261904761904762,1.0,0,0.0,0.145985401459854
AnkiDroid/src/main/res/values-bg/10-preferences.xml,42,81,56,137,1,39,2024-04-27,2026-04-09,15,3.261904761904762,1.0,0,0.0,0.145985401459854
AnkiDroid/src/main/res/values-ckb/10-preferences.xml,42,81,56,137,1,40,2024-04-27,2026-04-09,15,3.261904761904762,1.0,0,0.0,0.145985401459854
AnkiDroid/src/main/res/values-fy/10-preferences.xml,42,81,56,137,1,40,2024-04-27,2026-04-09,15,3.261904761904762,1.0,0,0.0,0.145985401459854
AnkiDroid/src/main/res/values-nn/10-preferences.xml,42,81,56,137,1,39,2024-04-27,2026-04-09,15,3.261904761904762,1.0,0,0.0,0.11678832116788321
libanki/build.gradle.kts,12,113,24,137,2,8,2025-06-18,2026-04-10,14,11.416666666666666,0.9166666666666666,1,0.08333333333333333,0.4744525547445255
AnkiDroid/src/main/java/com/ichi2/anki/filtered/FilteredDeckOptionsState.kt,4,137,0,137,1,3,2025-12-01,2026-03-22,33,34.25,1.0,0,0.0,0.8248175182481752
AnkiDroid/src/test/java/com/ichi2/anki/ui/windows/reviewer/StudyScreenScreenshotTest.kt,4,131,6,137,1,4,2025-12-21,2026-01-30,84,34.25,1.0,1,0.25,0.9343065693430657
AnkiDroid/src/test/java/com/ichi2/anki/browser/search/SavedSearchesTest.kt,3,137,0,137,1,3,2026-01-21,2026-01-31,83,45.666666666666664,1.0,1,0.3333333333333333,0.7591240875912408
AnkiDroid/src/main/java/com/ichi2/anki/backend/HtmlUtils.kt,2,119,18,137,1,2,2025-07-05,2025-12-10,135,68.5,1.0,1,0.5,0.7372262773722628
AnkiDroid/src/main/res/layout/fragment_advanced_search.xml,2,134,3,137,1,1,2026-01-11,2026-01-11,103,68.5,1.0,0,0.0,0.8321167883211679
AnkiDroid/src/main/res/values-iw/08-widget.xml,9,110,26,136,1,9,2024-05-02,2025-08-26,241,15.11111111111111,1.0,0,0.0,0.5073529411764706
AnkiDroid/src/main/res/layout/template_previewer.xml,7,48,88,136,4,7,2024-05-31,2025-11-07,168,19.428571428571427,0.42857142857142855,2,0.2857142857142857,0.5661764705882353
AnkiDroid/src/main/java/com/ichi2/anki/account/LoggedInFragment.kt,3,133,3,136,2,3,2025-01-31,2026-03-23,32,45.333333333333336,0.6666666666666666,0,0.0,0.9632352941176471
AnkiDroid/src/main/java/com/ichi2/anki/dialogs/FieldSelectionDialog.kt,1,136,0,136,1,1,2026-03-16,2026-03-16,39,136.0,1.0,0,0.0,1.0
AnkiDroid/src/main/res/drawable/logged_in_logo.xml,1,136,0,136,1,1,2024-10-06,2024-10-06,565,136.0,1.0,0,0.0,1.0
libanki/src/main/java/com/ichi2/anki/libanki/sched/Scheduler.kt,10,72,63,135,4,9,2025-06-16,2026-02-08,75,13.5,0.5,1,0.1,0.34074074074074073
AnkiDroid/src/main/java/com/ichi2/anki/browser/ColumnWithSample.kt,2,109,26,135,1,2,2025-01-08,2026-04-19,5,67.5,1.0,1,0.5,0.7037037037037037
AnkiDroid/src/main/java/com/ichi2/anki/multimediacard/fields/BasicTextFieldController.kt,1,0,135,135,1,1,2024-08-01,2024-08-01,631,135.0,1.0,0,0.0,1.0
AnkiDroid/src/main/res/values-tt/10-preferences.xml,36,79,55,134,1,34,2024-04-27,2026-04-09,15,3.7222222222222223,1.0,0,0.0,0.34328358208955223
AnkiDroid/src/main/res/values-pa/07-cardbrowser.xml,16,75,59,134,1,16,2024-07-30,2026-04-19,5,8.375,1.0,0,0.0,0.34328358208955223
AnkiDroid/src/main/java/com/ichi2/anki/ui/windows/reviewer/StudyScreenRepository.kt,14,107,27,134,1,8,2025-06-14,2026-04-23,1,9.571428571428571,1.0,1,0.07142857142857142,0.29850746268656714
AnkiDroid/src/main/java/com/ichi2/anki/servicelayer/DebugInfoService.kt,13,58,76,134,5,9,2024-10-11,2026-04-17,7,10.307692307692308,0.6153846153846154,2,0.15384615384615385,0.4253731343283582
AnkiDroid/src/main/res/menu/reviewer.xml,10,90,44,134,8,10,2024-04-26,2026-01-26,88,13.4,0.3,3,0.3,0.2462686567164179
AnkiDroid/src/test/java/com/ichi2/testutils/TestChangeSubscriber.kt,7,114,20,134,1,6,2024-06-02,2026-03-23,32,19.142857142857142,1.0,2,0.2857142857142857,0.3805970149253731
AnkiDroid/src/main/res/values-ta/07-cardbrowser.xml,16,73,60,133,1,16,2024-08-08,2026-04-19,5,8.3125,1.0,0,0.0,0.48120300751879697
AnkiDroid/src/main/res/values-ug/11-arrays.xml,9,113,20,133,1,8,2025-01-04,2026-01-12,102,14.777777777777779,1.0,0,0.0,0.7894736842105263
AnkiDroid/src/main/java/com/ichi2/libanki/Field.kt,7,125,8,133,2,6,2024-12-23,2025-06-25,303,19.0,0.8571428571428571,1,0.14285714285714285,0.8646616541353384
AnkiDroid/src/main/java/com/ichi2/utils/ViewUtils.kt,7,132,1,133,4,7,2024-06-11,2025-05-13,346,19.0,0.5714285714285714,0,0.0,0.41353383458646614
AnkiDroid/src/main/java/com/ichi2/libanki/Fields.kt,3,81,52,133,1,3,2024-12-23,2025-06-25,303,44.333333333333336,1.0,0,0.0,0.5639097744360902
AnkiDroid/src/test/java/com/ichi2/anki/OnboardingFlagTest.kt,1,0,133,133,1,1,2024-08-24,2024-08-24,608,133.0,1.0,0,0.0,1.0
AnkiDroid/src/test/java/com/ichi2/anki/cardviewer/MediaErrorHandlerJvmTest.kt,1,133,0,133,1,1,2025-12-27,2025-12-27,118,133.0,1.0,0,0.0,1.0
AnkiDroid/src/main/res/values-th/10-preferences.xml,36,78,54,132,1,34,2024-04-27,2026-04-09,15,3.6666666666666665,1.0,0,0.0,0.3333333333333333
AnkiDroid/src/androidTest/java/com/ichi2/anki/tests/libanki/MediaTest.kt,16,61,71,132,7,13,2024-07-15,2025-12-11,134,8.25,0.5625,2,0.125,0.32575757575757575
AnkiDroid/src/main/res/values-pt-rPT/11-arrays.xml,13,60,72,132,1,12,2024-05-19,2026-01-03,111,10.153846153846153,1.0,0,0.0,0.3484848484848485
AnkiDroid/src/main/res/layout/card_browser.xml,10,33,99,132,5,9,2024-07-06,2025-10-17,189,13.2,0.6,2,0.2,0.3712121212121212
AnkiDroid/src/main/res/values-iw/16-multimedia-editor.xml,14,106,25,131,1,14,2024-05-02,2026-03-26,29,9.357142857142858,1.0,0,0.0,0.7022900763358778
AnkiDroid/src/main/res/values-iw/17-model-manager.xml,13,113,18,131,1,13,2024-05-02,2026-04-19,5,10.076923076923077,1.0,0,0.0,0.6793893129770993
AnkiDroid/src/main/java/com/ichi2/anki/dialogs/ConfirmationDialog.kt,7,86,45,131,1,3,2024-12-09,2026-03-24,31,18.714285714285715,1.0,2,0.2857142857142857,0.40458015267175573
AnkiDroid/src/main/res/layout/card_browser_searchview_fragment.xml,7,81,50,131,1,5,2025-09-09,2026-03-22,33,18.714285714285715,1.0,2,0.2857142857142857,0.5038167938931297
AnkiDroid/src/main/assets/mathjax/sre/mathmaps/en.js,1,0,131,131,1,1,2024-10-11,2024-10-11,560,131.0,1.0,0,0.0,1.0
AnkiDroid/src/main/res/values-uz/11-arrays.xml,11,59,71,130,1,10,2024-09-28,2026-01-19,95,11.818181818181818,1.0,0,0.0,0.6615384615384615
AnkiDroid/src/main/java/com/ichi2/anki/multimedia/MultimediaViewModel.kt,7,104,26,130,3,6,2024-06-13,2026-04-05,19,18.571428571428573,0.5714285714285714,0,0.0,0.4153846153846154
AnkiDroid/src/main/java/com/ichi2/anki/multimedia/audio/AudioTimer.kt,4,20,110,130,2,3,2024-08-03,2025-12-12,133,32.5,0.5,1,0.25,0.7384615384615385
AnkiDroid/src/test/java/com/ichi2/preferences/NumberRangePreferenceCompatTest.kt,1,130,0,130,1,1,2025-12-28,2025-12-28,117,130.0,1.0,0,0.0,1.0
AnkiDroid/src/test/java/com/ichi2/anki/servicelayer/ScopedStorageAndroidTest.kt,1,0,129,129,1,1,2024-08-27,2024-08-27,605,129.0,1.0,0,0.0,1.0
build.gradle,1,0,129,129,1,1,2024-05-21,2024-05-21,703,129.0,1.0,0,0.0,1.0
common/src/main/java/com/ichi2/anki/common/utils/StringUtils.kt,7,121,7,128,4,4,2025-06-18,2026-02-08,75,18.285714285714285,0.5714285714285714,0,0.0,0.375
AnkiDroid/src/main/java/com/ichi2/anki/mediacheck/MediaCheckAdapter.kt,2,64,64,128,1,2,2025-02-19,2025-05-17,342,64.0,1.0,0,0.0,0.5
AnkiDroid/src/main/res/values/preferences.xml,67,102,25,127,12,57,2024-03-23,2026-03-16,39,1.8955223880597014,0.4925373134328358,3,0.04477611940298507,0.11811023622047244
AnkiDroid/src/main/res/values-be/07-cardbrowser.xml,20,69,58,127,1,20,2024-07-08,2026-04-19,5,6.35,1.0,0,0.0,0.1889763779527559
AnkiDroid/src/main/java/com/ichi2/anki/multimediacard/impl/MultimediaEditableNote.kt,12,84,42,126,5,10,2024-07-15,2026-03-22,33,10.5,0.6666666666666666,4,0.3333333333333333,0.3968253968253968
AnkiDroid/src/main/res/values-lv/11-arrays.xml,11,57,69,126,1,11,2024-09-28,2026-01-03,111,11.454545454545455,1.0,0,0.0,0.6666666666666666
AnkiDroid/src/test/java/com/ichi2/anki/preferences/PreferencesTest.kt,10,79,47,126,4,10,2024-06-02,2025-07-05,293,12.6,0.6,2,0.2,0.2857142857142857
AnkiDroid/src/main/java/com/ichi2/anki/pages/AnkiPackageImporterFragment.kt,5,70,56,126,2,4,2024-06-18,2025-12-11,134,25.2,0.6,1,0.2,0.36507936507936506
AnkiDroid/src/main/java/com/ichi2/anki/bottomsheet/ImageOcclusionBottomSheetFragment.kt,4,63,63,126,3,3,2024-05-14,2025-10-29,177,31.5,0.5,0,0.0,0.48412698412698413
AnkiDroid/src/main/java/com/ichi2/libanki/Tags.kt,4,88,38,126,3,3,2024-12-09,2025-05-04,355,31.5,0.5,1,0.25,0.5
AnkiDroid/src/test/java/com/ichi2/anki/backend/HtmlUtilsTest.kt,3,105,21,126,1,3,2025-07-05,2025-12-10,135,42.0,1.0,1,0.3333333333333333,0.7142857142857143
AnkiDroid/src/main/java/com/ichi2/anki/browser/search/CardState.kt,1,126,0,126,1,1,2026-01-23,2026-01-23,91,126.0,1.0,0,0.0,1.0
AnkiDroid/src/main/res/drawable/intro_ankidroid_logo.xml,1,15,111,126,1,1,2024-11-06,2024-11-06,534,126.0,1.0,0,0.0,1.0
AnkiDroid/src/main/res/values-hy/10-preferences.xml,42,75,50,125,1,40,2024-04-27,2026-04-09,15,2.9761904761904763,1.0,0,0.0,0.096
AnkiDroid/src/main/res/values-fa/07-cardbrowser.xml,23,69,56,125,1,23,2024-07-30,2026-04-19,5,5.434782608695652,1.0,0,0.0,0.176
AnkiDroid/src/main/java/com/ichi2/anki/browser/search/SavedSearches.kt,3,123,2,125,1,3,2026-01-21,2026-01-31,83,41.666666666666664,1.0,1,0.3333333333333333,0.912
AnkiDroid/src/main/assets/mathjax/sre/mathmaps/de.js,1,0,125,125,1,1,2024-10-11,2024-10-11,560,125.0,1.0,0,0.0,1.0
AnkiDroid/src/main/assets/mathjax/sre/mathmaps/fr.js,1,0,125,125,1,1,2024-10-11,2024-10-11,560,125.0,1.0,0,0.0,1.0
AnkiDroid/src/main/assets/mathjax/sre/mathmaps/hi.js,1,0,125,125,1,1,2024-10-11,2024-10-11,560,125.0,1.0,0,0.0,1.0
AnkiDroid/src/main/assets/mathjax/sre/mathmaps/it.js,1,0,125,125,1,1,2024-10-11,2024-10-11,560,125.0,1.0,0,0.0,1.0
AnkiDroid/src/main/res/values-eo/11-arrays.xml,17,56,68,124,1,17,2024-09-03,2026-01-12,102,7.294117647058823,1.0,0,0.0,0.3709677419354839
AnkiDroid/src/main/res/values-uz/17-model-manager.xml,16,65,59,124,1,16,2025-02-08,2026-04-22,2,7.75,1.0,0,0.0,0.43548387096774194
AnkiDroid/src/main/res/values-nn/11-arrays.xml,9,56,68,124,1,9,2024-09-28,2026-01-03,111,13.777777777777779,1.0,0,0.0,0.532258064516129
AnkiDroid/src/main/res/values-no/11-arrays.xml,9,56,68,124,1,9,2024-09-28,2026-01-03,111,13.777777777777779,1.0,0,0.0,0.532258064516129
AnkiDroid/src/main/java/com/ichi2/anki/utils/CollectionPreferences.kt,3,112,12,124,1,3,2025-06-26,2025-08-09,258,41.333333333333336,1.0,1,0.3333333333333333,0.7741935483870968
AnkiDroid/src/test/java/com/ichi2/anki/servicelayer/ScopedStorageAnkiDroidTest.kt,1,0,124,124,1,1,2024-08-27,2024-08-27,605,124.0,1.0,0,0.0,1.0
AnkiDroid/src/main/res/values-fil/07-cardbrowser.xml,15,68,55,123,1,15,2024-06-03,2026-04-19,5,8.2,1.0,0,0.0,0.45528455284552843
AnkiDroid/src/main/java/com/ichi2/anki/ui/windows/permissions/PermissionsBottomSheet.kt,3,120,3,123,2,3,2025-11-25,2026-03-23,32,41.0,0.6666666666666666,1,0.3333333333333333,0.8943089430894309
AnkiDroid/src/main/java/com/ichi2/anki/ui/windows/managespace/ManageSpaceFragment.kt,13,79,43,122,5,10,2024-07-15,2025-12-10,135,9.384615384615385,0.6153846153846154,4,0.3076923076923077,0.2540983606557377
AnkiDroid/src/androidTest/java/com/ichi2/anki/tests/Shared.kt,12,71,51,122,3,9,2024-12-09,2026-03-22,33,10.166666666666666,0.8333333333333334,2,0.16666666666666666,0.4016393442622951
AnkiDroid/src/main/java/com/ichi2/anki/pages/CsvImporter.kt,6,69,53,122,3,5,2024-06-18,2025-12-11,134,20.333333333333332,0.5,2,0.3333333333333333,0.4180327868852459
AnkiDroid/src/test/java/com/ichi2/anki/ConstantUniquenessTest.kt,6,63,59,122,3,6,2024-07-15,2025-01-24,455,20.333333333333332,0.6666666666666666,0,0.0,0.9016393442622951
AnkiDroid/src/main/java/com/ichi2/anki/DrawingFragment.kt,5,114,8,122,2,5,2025-11-03,2026-03-23,32,24.4,0.6,0,0.0,0.7868852459016393
AnkiDroid/src/test/java/com/ichi2/anki/DeckPickerFloatingActionMenuTest.kt,4,14,108,122,2,4,2024-07-15,2026-04-14,10,30.5,0.75,0,0.0,0.8852459016393442
AnkiDroid/src/main/assets/mathjax/sre/mathmaps/es.js,1,0,122,122,1,1,2024-10-11,2024-10-11,560,122.0,1.0,0,0.0,1.0
AnkiDroid/src/main/res/values-no/10-preferences.xml,41,73,48,121,1,38,2024-04-27,2026-04-09,15,2.951219512195122,1.0,0,0.0,0.09917355371900827
libanki/src/main/java/com/ichi2/anki/libanki/Media.kt,9,80,41,121,1,7,2025-07-06,2026-01-26,88,13.444444444444445,1.0,2,0.2222222222222222,0.2892561983471074
AnkiDroid/src/main/java/com/ichi2/anki/CustomActionModeCallback.kt,6,101,20,121,3,4,2024-05-14,2025-03-22,398,20.166666666666668,0.5,1,0.16666666666666666,0.6446280991735537
AnkiDroid/src/main/res/drawable-v31/ic_anki_unthemed_finish.xml,2,118,3,121,1,2,2025-07-14,2025-07-23,275,60.5,1.0,1,0.5,0.9504132231404959
AnkiDroid/src/test/java/com/ichi2/anki/servicelayer/scopedstorage/migrateuserdata/MigrateUserDataJvmTest.kt,2,4,117,121,2,2,2024-07-15,2024-08-27,605,60.5,0.5,0,0.0,0.9504132231404959
AnkiDroid/src/main/res/drawable/ic_widget_small.xml,1,121,0,121,1,1,2025-03-09,2025-03-09,411,121.0,1.0,0,0.0,1.0
AnkiDroid/src/main/java/com/ichi2/anki/ui/windows/reviewer/AnswerButton.kt,4,91,29,120,1,4,2025-07-06,2026-01-17,97,30.0,1.0,1,0.25,0.5333333333333333
AnkiDroid/src/main/java/com/ichi2/anki/utils/ext/BundleUtils.kt,4,75,45,120,1,2,2025-12-28,2026-03-16,39,30.0,1.0,0,0.0,0.6583333333333333
AnkiDroid/src/main/java/com/ichi2/ui/ButtonItemAdapter.kt,3,5,115,120,2,3,2024-12-09,2025-08-12,255,40.0,0.6666666666666666,0,0.0,0.9333333333333333
AnkiDroid/src/main/res/layout-land/fragment_tag_limit.xml,2,117,3,120,2,2,2025-02-09,2025-09-11,225,60.0,0.5,0,0.0,0.95
funding.json,1,120,0,120,1,1,2024-10-16,2024-10-16,555,120.0,1.0,0,0.0,1.0
AnkiDroid/src/main/res/values-az/07-cardbrowser.xml,15,66,53,119,1,15,2024-08-08,2026-04-19,5,7.933333333333334,1.0,0,0.0,0.4369747899159664
AnkiDroid/src/main/res/values-da/07-cardbrowser.xml,15,66,53,119,1,15,2024-07-14,2026-04-19,5,7.933333333333334,1.0,0,0.0,0.4369747899159664
AnkiDroid/src/main/java/com/ichi2/anki/dialogs/BackupPromptDialog.kt,10,70,49,119,4,7,2024-07-15,2026-04-17,7,11.9,0.5,1,0.1,0.46218487394957986
AnkiDroid/src/main/java/com/ichi2/anki/ui/windows/permissions/PermissionsItem.kt,6,60,59,119,4,4,2025-08-03,2026-01-03,111,19.833333333333332,0.5,0,0.0,0.2857142857142857
AnkiDroid/src/main/java/com/ichi2/anki/services/ServiceUtils.kt,5,16,103,119,2,3,2024-08-27,2025-01-04,475,23.8,0.8,1,0.2,0.7815126050420168
AnkiDroid/src/main/java/com/ichi2/anki/snackbar/SensibleSwipeDismissBehavior.kt,4,75,44,119,2,2,2024-12-09,2025-05-13,346,29.75,0.75,1,0.25,0.7394957983193278
AnkiDroid/src/main/res/layout/popup_eraser_options.xml,4,88,31,119,2,4,2025-09-05,2026-02-01,82,29.75,0.75,0,0.0,0.6386554621848739
AnkiDroid/src/main/res/layout/fragment_media_check.xml,3,92,27,119,2,3,2025-02-19,2025-09-11,225,39.666666666666664,0.6666666666666666,0,0.0,0.7394957983193278
AnkiDroid/src/main/java/com/ichi2/anki/reviewreminders/ReviewReminderGroup.kt,1,119,0,119,1,1,2026-02-02,2026-02-02,81,119.0,1.0,0,0.0,1.0
AnkiDroid/src/test/java/com/ichi2/anki/ui/windows/reviewer/StudyCountsViewTest.kt,1,119,0,119,1,1,2025-12-29,2025-12-29,116,119.0,1.0,0,0.0,1.0
AnkiDroid/src/main/res/values-de/11-arrays.xml,14,53,65,118,1,14,2024-09-28,2026-03-09,46,8.428571428571429,1.0,0,0.0,0.3898305084745763
AnkiDroid/src/main/java/com/ichi2/anki/cardviewer/TypeAnswer.kt,12,70,48,118,6,9,2024-10-12,2026-02-08,75,9.833333333333334,0.5833333333333334,2,0.16666666666666666,0.3305084745762712
AnkiDroid/src/main/java/com/ichi2/compat/CompatHelper.kt,10,78,40,118,5,10,2024-05-16,2025-12-10,135,11.8,0.4,3,0.3,0.2542372881355932
AnkiDroid/src/main/res/values-az/11-arrays.xml,10,53,65,118,1,10,2024-09-28,2026-01-03,111,11.8,1.0,0,0.0,0.3898305084745763
AnkiDroid/src/main/res/values-ml/11-arrays.xml,10,53,65,118,1,10,2024-09-28,2026-01-03,111,11.8,1.0,0,0.0,0.6779661016949152
AnkiDroid/src/main/res/values-ta/11-arrays.xml,10,53,65,118,1,10,2024-08-27,2026-01-03,111,11.8,1.0,0,0.0,0.3220338983050847
AnkiDroid/src/main/java/com/ichi2/anki/sync/SchemaChanges.kt,4,115,3,118,1,1,2026-01-28,2026-01-28,86,29.5,1.0,1,0.25,0.7033898305084746
AnkiDroid/src/test/java/com/ichi2/libanki/LaTeXTest.kt,2,3,115,118,2,2,2023-12-04,2025-06-27,301,59.0,0.5,0,0.0,0.9745762711864406
AnkiDroid/src/main/res/values-ind/10-preferences.xml,41,71,46,117,1,39,2024-04-27,2026-04-09,15,2.8536585365853657,1.0,0,0.0,0.10256410256410256
AnkiDroid/src/main/res/values-kk/10-preferences.xml,41,71,46,117,1,39,2024-04-27,2026-04-09,15,2.8536585365853657,1.0,0,0.0,0.10256410256410256
AnkiDroid/src/main/res/values-ku/10-preferences.xml,41,71,46,117,1,39,2024-04-27,2026-04-09,15,2.8536585365853657,1.0,0,0.0,0.10256410256410256
AnkiDroid/src/main/res/values-ky/10-preferences.xml,41,71,46,117,1,39,2024-04-27,2026-04-09,15,2.8536585365853657,1.0,0,0.0,0.10256410256410256
AnkiDroid/src/main/res/values-mk/10-preferences.xml,41,71,46,117,1,39,2024-04-27,2026-04-09,15,2.8536585365853657,1.0,0,0.0,0.10256410256410256
AnkiDroid/src/main/res/values-mn/10-preferences.xml,41,71,46,117,1,39,2024-04-27,2026-04-09,15,2.8536585365853657,1.0,0,0.0,0.10256410256410256
AnkiDroid/src/main/res/values-ug/17-model-manager.xml,12,104,13,117,1,12,2025-01-04,2026-04-19,5,9.75,1.0,0,0.0,0.7264957264957265
AnkiDroid/src/test/java/com/ichi2/anki/CardTemplateNotetypeTest.kt,9,67,50,117,4,9,2024-07-15,2026-03-22,33,13.0,0.4444444444444444,1,0.1111111111111111,0.47863247863247865
AnkiDroid/src/main/java/com/ichi2/themes/Themes.kt,6,53,64,117,4,6,2024-05-29,2025-12-06,139,19.5,0.5,0,0.0,0.48717948717948717
AnkiDroid/src/main/java/com/ichi2/widget/AnalyticsWidgetProvider.kt,4,113,4,117,3,4,2024-06-04,2025-11-17,158,29.25,0.5,1,0.25,0.8461538461538461
AnkiDroid/src/main/java/com/ichi2/anki/model/SpecialField.kt,2,117,0,117,1,2,2026-01-06,2026-03-19,36,58.5,1.0,1,0.5,0.9829059829059829
AnkiDroid/src/main/res/layout/dialog_templates.xml,1,117,0,117,1,1,2025-11-08,2025-11-08,167,117.0,1.0,0,0.0,1.0
lint-rules/src/test/java/com/ichi2/anki/lint/rules/FixedPreferencesTitleLengthTest.kt,1,71,46,117,1,1,2024-10-10,2024-10-10,561,117.0,1.0,1,1.0,1.0
AnkiDroid/src/main/res/values-fa/11-arrays.xml,12,52,64,116,1,12,2024-07-30,2026-01-03,111,9.666666666666666,1.0,0,0.0,0.39655172413793105
AnkiDroid/src/main/res/values-ko/11-arrays.xml,11,52,64,116,1,10,2024-09-28,2026-01-03,111,10.545454545454545,1.0,0,0.0,0.5172413793103449
AnkiDroid/src/main/java/com/ichi2/utils/AdaptionUtil.kt,9,69,47,116,3,9,2024-05-29,2026-04-19,5,12.88888888888889,0.6666666666666666,4,0.4444444444444444,0.31896551724137934
libanki/src/main/java/com/ichi2/anki/libanki/Deck.kt,9,96,20,116,2,8,2025-07-02,2026-01-26,88,12.88888888888889,0.8888888888888888,1,0.1111111111111111,0.25862068965517243
AnkiDroid/src/main/java/com/ichi2/anki/dialogs/DeckPickerConfirmDeleteDeckDialog.kt,8,71,45,116,2,6,2024-07-05,2025-12-28,117,14.5,0.875,2,0.25,0.25862068965517243
AnkiDroid/src/main/java/com/ichi2/anki/utils/ext/Flow.kt,5,105,11,116,3,4,2024-03-23,2026-03-09,46,23.2,0.6,3,0.6,0.5258620689655172
AnkiDroid/src/main/res/layout/cardbrowser.xml,5,98,18,116,2,4,2024-07-06,2025-06-20,308,23.2,0.8,0,0.0,0.4224137931034483
AnkiDroid/src/androidTest/java/com/ichi2/anki/preferences/PreferencesNavigationTest.kt,4,110,6,116,4,4,2025-03-05,2025-12-10,135,29.0,0.25,2,0.5,0.9051724137931034
AnkiDroid/src/main/java/com/ichi2/anki/AcraCrashReporter.kt,2,51,65,116,1,1,2026-04-17,2026-04-17,7,58.0,1.0,0,0.0,0.9137931034482759
AnkiDroid/src/main/java/com/ichi2/utils/ImageUtils.kt,2,58,58,116,1,2,2024-05-14,2024-08-05,627,58.0,1.0,0,0.0,0.5
AnkiDroid/src/test/java/com/ichi2/libanki/DeckNodeTest.kt,3,114,1,115,3,3,2025-05-10,2025-06-23,305,38.333333333333336,0.3333333333333333,1,0.3333333333333333,0.9565217391304348
AnkiDroid/src/main/res/drawable-v31/ic_anki_dynamic.xml,1,115,0,115,1,1,2025-01-27,2025-01-27,452,115.0,1.0,0,0.0,1.0
AnkiDroid/src/main/res/drawable-v31/ic_anki_dynamic_finish.xml,1,115,0,115,1,1,2025-01-27,2025-01-27,452,115.0,1.0,0,0.0,1.0
AnkiDroid/src/main/res/drawable-v31/ic_anki_unthemed.xml,1,115,0,115,1,1,2025-07-14,2025-07-14,284,115.0,1.0,1,1.0,1.0
AnkiDroid/src/main/res/values/11-arrays.xml,11,49,65,114,5,11,2024-09-23,2025-12-06,139,10.363636363636363,0.36363636363636365,3,0.2727272727272727,0.40350877192982454
AnkiDroid/src/main/java/com/ichi2/anki/ui/windows/reviewer/autoadvance/AnswerAction.kt,6,75,39,114,3,4,2024-06-22,2025-12-27,118,19.0,0.5,1,0.16666666666666666,0.32456140350877194
AnkiDroid/src/main/java/com/ichi2/anki/ui/OnHoldListener.kt,3,90,24,114,2,2,2024-06-04,2024-12-09,501,38.0,0.6666666666666666,0,0.0,0.5350877192982456
AnkiDroid/src/main/java/com/ichi2/anki/browser/search/SearchString.kt,2,114,0,114,1,2,2026-01-21,2026-02-01,82,57.0,1.0,0,0.0,0.9649122807017544
AnkiDroid/src/main/java/com/ichi2/anki/ui/windows/reviewer/ReviewerMenu.kt,2,113,1,114,1,2,2025-07-31,2025-08-09,258,57.0,1.0,1,0.5,0.9824561403508771
AnkiDroid/src/main/res/values-ms/10-preferences.xml,40,69,44,113,1,38,2024-04-27,2026-04-09,15,2.825,1.0,0,0.0,0.10619469026548672
AnkiDroid/src/main/res/values-my/10-preferences.xml,40,69,44,113,1,38,2024-04-27,2026-04-09,15,2.825,1.0,0,0.0,0.10619469026548672
AnkiDroid/src/main/java/com/ichi2/anki/utils/ext/JSONObject.kt,5,42,71,113,3,4,2024-04-26,2025-06-18,310,22.6,0.6,2,0.4,0.36283185840707965
AnkiDroid/src/main/java/com/ichi2/utils/MenuUtils.kt,4,71,42,113,2,2,2025-05-13,2025-06-20,308,28.25,0.75,0,0.0,0.5752212389380531
AnkiDroid/src/test/java/com/ichi2/anki/servicelayer/scopedstorage/OperationTest.kt,2,1,112,113,2,2,2024-07-15,2024-08-27,605,56.5,0.5,0,0.0,0.9823008849557522
lint-rules/src/main/java/com/ichi2/anki/lint/rules/LocaleRootDetector.kt,2,112,1,113,2,2,2025-03-14,2025-12-20,125,56.5,0.5,0,0.0,0.9823008849557522
AnkiDroid/src/main/assets/mathjax/sre/mathmaps/nemeth.js,1,0,113,113,1,1,2024-10-11,2024-10-11,560,113.0,1.0,0,0.0,1.0
AnkiDroid/src/main/java/com/ichi2/anki/android/back/ExitViaDoubleTapBackBackPressCallback.kt,4,104,8,112,2,3,2025-01-16,2026-04-22,2,28.0,0.75,1,0.25,0.6160714285714286
common/src/test/java/com/ichi2/anki/common/time/TimeUtilsTest.kt,3,111,1,112,2,2,2026-03-20,2026-04-13,11,37.333333333333336,0.6666666666666666,1,0.3333333333333333,0.6696428571428571
AnkiDroid/src/main/java/com/ichi2/anki/reviewer/SingleAxisDetector.kt,2,89,23,112,1,1,2025-04-05,2025-04-05,384,56.0,1.0,0,0.0,0.6339285714285714
AnkiDroid/src/test/java/com/ichi2/anki/dialogs/GradeNowDialogTest.kt,1,112,0,112,1,1,2026-03-12,2026-03-12,43,112.0,1.0,0,0.0,1.0
AnkiDroid/src/test/java/com/ichi2/anki/multimediacard/fields/ImageFieldTest.kt,1,0,112,112,1,1,2024-08-01,2024-08-01,631,112.0,1.0,0,0.0,1.0
AnkiDroid/src/main/res/values-es-rAR/07-cardbrowser.xml,20,62,49,111,1,20,2024-05-31,2026-04-19,5,5.55,1.0,0,0.0,0.1981981981981982
AnkiDroid/src/main/java/com/ichi2/anki/browser/BrowserRowCollection.kt,4,108,3,111,1,4,2024-06-19,2025-07-05,293,27.75,1.0,0,0.0,0.8288288288288288
AnkiDroid/src/main/java/com/ichi2/anki/ui/windows/reviewer/whiteboard/BrushAdapter.kt,2,110,1,111,2,2,2025-12-30,2026-03-22,33,55.5,0.5,0,0.0,0.9819819819819819
AnkiDroid/src/main/res/layout/fragment_reminder_troubleshooting.xml,2,109,2,111,1,1,2026-03-28,2026-03-28,27,55.5,1.0,0,0.0,0.8918918918918919
AnkiDroid/src/test/java/com/ichi2/anki/FilteredDeckOptionsTest.kt,2,16,95,111,2,2,2025-12-01,2026-01-05,109,55.5,0.5,0,0.0,0.7387387387387387
AnkiDroid/src/main/java/com/ichi2/anki/worker/SyncWorker.kt,13,62,48,110,3,9,2024-12-09,2026-02-25,58,8.461538461538462,0.6923076923076923,8,0.6153846153846154,0.2818181818181818
AnkiDroid/src/main/res/values-pa/17-model-manager.xml,12,58,52,110,1,12,2024-09-28,2026-04-19,5,9.166666666666666,1.0,0,0.0,0.6545454545454545
AnkiDroid/src/main/res/values-ta/17-model-manager.xml,12,58,52,110,1,12,2024-09-01,2026-04-19,5,9.166666666666666,1.0,0,0.0,0.41818181818181815
AnkiDroid/src/main/res/values-gu/17-model-manager.xml,11,58,52,110,1,11,2024-06-01,2026-04-19,5,10.0,1.0,0,0.0,0.6909090909090909
AnkiDroid/src/main/res/values-lv/17-model-manager.xml,10,58,52,110,1,10,2025-02-08,2026-04-19,5,11.0,1.0,0,0.0,0.7454545454545455
testlib/build.gradle.kts,8,26,84,110,3,8,2024-04-27,2026-03-22,33,13.75,0.625,1,0.125,0.6181818181818182
AnkiDroid/src/main/java/com/ichi2/anki/jsaddons/AddonData.kt,6,62,48,110,2,3,2024-10-20,2025-12-10,135,18.333333333333332,0.8333333333333334,2,0.3333333333333333,0.38181818181818183
AnkiDroid/src/main/java/com/ichi2/anki/OnboardingUtils.kt,2,1,109,110,2,2,2024-07-15,2024-08-24,608,55.0,0.5,0,0.0,0.9818181818181818
AnkiDroid/src/main/java/com/ichi2/utils/DimmedPromptBackgroundDecorator.kt,2,5,105,110,2,2,2024-07-15,2025-01-04,475,55.0,0.5,0,0.0,0.9454545454545454
AnkiDroid/src/main/java/com/ichi2/anki/preferences/AdvancedSettingsFragment.kt,15,60,49,109,5,12,2024-07-15,2026-03-22,33,7.266666666666667,0.4,2,0.13333333333333333,0.1559633027522936
docs/marketing/localized_description/ankidroid-titles.txt,11,32,77,109,2,9,2024-05-02,2024-06-01,692,9.909090909090908,0.9090909090909091,0,0.0,0.4036697247706422
AnkiDroid/src/main/java/com/ichi2/anki/ui/windows/reviewer/audiorecord/AudioPlayer.kt,2,108,1,109,1,2,2025-08-10,2026-04-22,2,54.5,1.0,1,0.5,0.7614678899082569
AnkiDroid/src/main/res/layout/fragment_tag_limit.xml,2,106,3,109,2,2,2025-02-09,2025-09-11,225,54.5,0.5,0,0.0,0.944954128440367
lint-rules/src/test/java/com/ichi2/anki/lint/rules/LocaleRootDetectorTest.kt,2,94,15,109,2,2,2025-03-14,2025-12-10,135,54.5,0.5,1,0.5,0.7247706422018348
AnkiDroid/src/main/res/values-ar/17-model-manager.xml,18,57,51,108,1,18,2024-10-23,2026-04-24,0,6.0,1.0,0,0.0,0.3148148148148148
AnkiDroid/src/main/res/values-el/11-arrays.xml,11,48,60,108,1,11,2024-09-28,2026-01-03,111,9.818181818181818,1.0,0,0.0,0.42592592592592593
AnkiDroid/src/main/java/com/ichi2/compat/CompatV26.kt,10,62,46,108,6,10,2024-07-15,2026-03-22,33,10.8,0.4,2,0.2,0.2962962962962963
AnkiDroid/src/main/java/com/ichi2/anki/snackbar/Snackbars.kt,6,86,22,108,3,5,2024-12-09,2026-04-17,7,18.0,0.6666666666666666,1,0.16666666666666666,0.3333333333333333
AnkiDroid/src/main/java/dev/androidbroadcast/vbpd/internal/VbpdUtils.kt,1,108,0,108,1,1,2025-09-18,2025-09-18,218,108.0,1.0,0,0.0,1.0
AnkiDroid/src/main/res/values-cs/07-cardbrowser.xml,26,59,48,107,1,24,2024-04-25,2026-04-19,5,4.115384615384615,1.0,0,0.0,0.21495327102803738
AnkiDroid/src/main/res/values-eo/07-cardbrowser.xml,25,60,47,107,1,25,2024-08-08,2026-04-19,5,4.28,1.0,0,0.0,0.205607476635514
AnkiDroid/src/main/res/values-de/07-cardbrowser.xml,21,60,47,107,1,20,2024-05-01,2026-04-19,5,5.095238095238095,1.0,0,0.0,0.205607476635514
AnkiDroid/src/main/res/layout/widget_card_analysis.xml,7,94,13,107,2,7,2024-08-27,2025-05-19,340,15.285714285714286,0.8571428571428571,0,0.0,0.6074766355140186
AnkiDroid/src/main/java/com/ichi2/anim/ActivityTransitionAnimation.kt,5,71,36,107,2,3,2024-12-08,2025-01-15,464,21.4,0.8,2,0.4,0.6635514018691588
AnkiDroid/src/main/res/layout/fragment_multimedia_image.xml,5,88,19,107,3,5,2024-06-13,2025-09-12,224,21.4,0.6,0,0.0,0.7476635514018691
AnkiDroid/src/main/java/com/ichi2/anki/account/AccountActivity.kt,2,81,26,107,2,2,2025-01-31,2025-12-28,117,53.5,0.5,0,0.0,0.7570093457943925
AnkiDroid/src/main/java/com/ichi2/anki/analytics/AnkiDroidCrashReportDialog.kt,11,52,54,106,4,6,2024-06-05,2026-04-17,7,9.636363636363637,0.6363636363636364,3,0.2727272727272727,0.3018867924528302
AnkiDroid/src/main/res/menu/card_browser.xml,10,61,45,106,7,9,2024-04-26,2026-03-14,41,10.6,0.4,3,0.3,0.3018867924528302
AnkiDroid/src/main/res/values-is/16-multimedia-editor.xml,10,7,99,106,2,10,2024-07-20,2025-08-04,263,10.6,0.9,0,0.0,0.7358490566037735
AnkiDroid/src/main/res/values-jv/16-multimedia-editor.xml,10,7,99,106,2,10,2024-07-20,2025-08-04,263,10.6,0.9,0,0.0,0.7358490566037735
AnkiDroid/src/main/res/values-hr/11-arrays.xml,9,47,59,106,1,9,2024-09-28,2026-01-28,86,11.777777777777779,1.0,0,0.0,0.5660377358490566
common/README.md,2,76,30,106,1,2,2024-05-29,2026-04-13,11,53.0,1.0,0,0.0,0.6226415094339622
AnkiDroid/src/main/res/values-ro/10-preferences.xml,38,64,41,105,1,36,2024-04-27,2026-04-09,15,2.763157894736842,1.0,0,0.0,0.11428571428571428
AnkiDroid/src/main/res/values-sl/10-preferences.xml,38,64,41,105,1,36,2024-04-27,2026-04-09,15,2.763157894736842,1.0,0,0.0,0.11428571428571428
AnkiDroid/src/main/res/values-sq/10-preferences.xml,38,64,41,105,1,36,2024-04-27,2026-04-09,15,2.763157894736842,1.0,0,0.0,0.11428571428571428
AnkiDroid/src/main/res/values-sr/10-preferences.xml,38,64,41,105,1,36,2024-04-27,2026-04-09,15,2.763157894736842,1.0,0,0.0,0.11428571428571428
AnkiDroid/src/main/res/values-heb/07-cardbrowser.xml,22,58,47,105,1,22,2024-05-27,2026-04-19,5,4.7727272727272725,1.0,0,0.0,0.21904761904761905
AnkiDroid/src/main/res/values-es-rES/07-cardbrowser.xml,20,59,46,105,1,20,2024-05-31,2026-04-19,5,5.25,1.0,0,0.0,0.20952380952380953
AnkiDroid/src/main/res/values-fr/07-cardbrowser.xml,19,59,46,105,1,19,2024-08-08,2026-04-19,5,5.526315789473684,1.0,0,0.0,0.20952380952380953
AnkiDroid/src/main/java/com/ichi2/anki/multimediacard/fields/ImageField.kt,13,52,53,105,6,11,2024-07-17,2025-12-10,135,8.076923076923077,0.6153846153846154,4,0.3076923076923077,0.34285714285714286
AnkiDroid/src/main/res/values-ar/08-widget.xml,11,61,44,105,1,11,2024-08-28,2025-08-26,241,9.545454545454545,1.0,0,0.0,0.2857142857142857
AnkiDroid/src/main/java/com/ichi2/anki/IntentHandler2.kt,8,79,26,105,6,8,2024-07-02,2025-12-10,135,13.125,0.25,2,0.25,0.3904761904761905
AnkiDroid/src/main/java/com/ichi2/anki/NoteFieldsCheckResult.kt,8,91,14,105,4,6,2024-05-20,2025-07-05,293,13.125,0.5,2,0.25,0.7333333333333333
AnkiDroid/src/main/java/com/ichi2/anki/mediacheck/MediaCheckViewModel.kt,7,90,15,105,3,5,2025-02-19,2026-04-24,0,15.0,0.5714285714285714,0,0.0,0.6476190476190476
libanki/src/main/java/com/ichi2/anki/libanki/NotetypeJson.kt,5,37,68,105,2,4,2025-07-06,2025-12-10,135,21.0,0.8,1,0.2,0.6476190476190476
AnkiDroid/src/main/java/com/ichi2/anki/browser/search/SearchFilters.kt,3,86,19,105,1,2,2026-02-01,2026-03-13,42,35.0,1.0,0,0.0,0.5142857142857142
AnkiDroid/src/test/java/com/ichi2/anki/utils/ext/ParcelableUtilsTest.kt,1,105,0,105,1,1,2025-07-02,2025-07-02,296,105.0,1.0,1,1.0,1.0
AnkiDroid/src/main/res/values-ml/17-model-manager.xml,10,55,49,104,1,10,2024-09-30,2026-04-19,5,10.4,1.0,0,0.0,0.7307692307692307
AnkiDroid/src/main/res/values-af/11-arrays.xml,9,46,58,104,1,9,2024-09-28,2026-01-03,111,11.555555555555555,1.0,0,0.0,0.4423076923076923
AnkiDroid/src/main/res/values-am/11-arrays.xml,9,46,58,104,1,9,2024-09-28,2026-01-03,111,11.555555555555555,1.0,0,0.0,0.4423076923076923
AnkiDroid/src/main/res/values-bg/11-arrays.xml,9,46,58,104,1,9,2024-09-28,2026-01-03,111,11.555555555555555,1.0,0,0.0,0.4423076923076923
AnkiDroid/src/main/res/values-ckb/11-arrays.xml,9,46,58,104,1,9,2024-09-28,2026-01-03,111,11.555555555555555,1.0,0,0.0,0.4423076923076923
AnkiDroid/src/main/res/values-da/11-arrays.xml,9,46,58,104,1,9,2024-09-28,2026-01-03,111,11.555555555555555,1.0,0,0.0,0.4423076923076923
AnkiDroid/src/main/res/values-eu/11-arrays.xml,9,46,58,104,1,9,2024-09-28,2026-01-03,111,11.555555555555555,1.0,0,0.0,0.4423076923076923
AnkiDroid/src/main/res/values-fy/11-arrays.xml,9,46,58,104,1,9,2024-09-28,2026-01-03,111,11.555555555555555,1.0,0,0.0,0.4423076923076923
AnkiDroid/src/main/res/values-ga/11-arrays.xml,9,46,58,104,1,9,2024-09-28,2026-01-03,111,11.555555555555555,1.0,0,0.0,0.4423076923076923
AnkiDroid/src/main/res/values-ss/16-multimedia-editor.xml,9,6,98,104,2,9,2024-07-20,2025-08-04,263,11.555555555555555,0.8888888888888888,0,0.0,0.75
AnkiDroid/src/main/res/values-sw/16-multimedia-editor.xml,9,6,98,104,2,9,2024-07-20,2025-08-04,263,11.555555555555555,0.8888888888888888,0,0.0,0.75
AnkiDroid/src/main/res/values-tg/16-multimedia-editor.xml,9,6,98,104,2,9,2024-07-20,2025-08-04,263,11.555555555555555,0.8888888888888888,0,0.0,0.75
AnkiDroid/src/main/res/values-tn/16-multimedia-editor.xml,9,6,98,104,2,9,2024-07-20,2025-08-04,263,11.555555555555555,0.8888888888888888,0,0.0,0.75
AnkiDroid/src/main/res/values-ts/16-multimedia-editor.xml,9,6,98,104,2,9,2024-07-20,2025-08-04,263,11.555555555555555,0.8888888888888888,0,0.0,0.75
AnkiDroid/src/main/res/values-ve/16-multimedia-editor.xml,9,6,98,104,2,9,2024-07-20,2025-08-04,263,11.555555555555555,0.8888888888888888,0,0.0,0.75
AnkiDroid/src/main/res/values-wo/16-multimedia-editor.xml,9,6,98,104,2,9,2024-07-20,2025-08-04,263,11.555555555555555,0.8888888888888888,0,0.0,0.75
AnkiDroid/src/main/res/values-xh/16-multimedia-editor.xml,9,6,98,104,2,9,2024-07-20,2025-08-04,263,11.555555555555555,0.8888888888888888,0,0.0,0.75
AnkiDroid/src/main/res/values-yue/16-multimedia-editor.xml,9,6,98,104,2,9,2024-07-20,2025-08-04,263,11.555555555555555,0.8888888888888888,0,0.0,0.75
AnkiDroid/src/main/res/values-zu/16-multimedia-editor.xml,9,6,98,104,2,9,2024-07-20,2025-08-04,263,11.555555555555555,0.8888888888888888,0,0.0,0.75
libanki/testutils/src/main/java/com/ichi2/anki/libanki/testutils/AnkiTest.kt,9,82,22,104,5,9,2025-07-07,2026-03-11,44,11.555555555555555,0.4444444444444444,0,0.0,0.375
AnkiDroid/src/main/java/com/ichi2/anki/reviewer/MotionEventHandler.kt,7,34,70,104,3,5,2024-11-06,2025-04-05,384,14.857142857142858,0.42857142857142855,1,0.14285714285714285,0.49038461538461536
AnkiDroid/src/main/java/com/ichi2/anki/ui/windows/reviewer/AnswerTimerView.kt,2,47,57,104,1,2,2025-12-12,2025-12-13,132,52.0,1.0,1,0.5,0.9807692307692307
AnkiDroid/src/main/res/values-fi/07-cardbrowser.xml,16,58,45,103,1,16,2024-08-08,2026-04-19,5,6.4375,1.0,0,0.0,0.23300970873786409
AnkiDroid/src/main/res/values/styles.xml,16,87,16,103,7,15,2024-04-07,2026-01-31,83,6.4375,0.375,2,0.125,0.11650485436893204
AnkiDroid/src/test/java/com/ichi2/anki/cardviewer/CardMediaPlayerTest.kt,7,54,49,103,4,6,2024-07-15,2025-07-26,272,14.714285714285714,0.2857142857142857,0,0.0,0.7184466019417476
AnkiDroid/src/main/res/values-is/08-widget.xml,6,20,83,103,2,6,2024-08-28,2025-08-04,263,17.166666666666668,0.8333333333333334,0,0.0,0.7475728155339806
AnkiDroid/src/main/java/com/ichi2/anki/dialogs/EmptyCardsViewModel.kt,3,82,21,103,2,3,2025-01-14,2026-04-24,0,34.333333333333336,0.6666666666666666,1,0.3333333333333333,0.6116504854368932
AnkiDroid/src/main/java/com/ichi2/anki/android/menu/SearchBarMenuHost.kt,1,103,0,103,1,1,2026-01-25,2026-01-25,89,103.0,1.0,0,0.0,1.0
AnkiDroid/src/main/res/values-gl/17-model-manager.xml,18,54,48,102,1,18,2024-10-23,2026-04-22,2,5.666666666666667,1.0,0,0.0,0.23529411764705882
AnkiDroid/src/test/java/com/ichi2/anki/preferences/PreferenceTestUtils.kt,9,70,32,102,2,8,2024-11-23,2026-01-31,83,11.333333333333334,0.8888888888888888,1,0.1111111111111111,0.3137254901960784
AnkiDroid/src/main/java/com/ichi2/anki/utils/ext/FragmentActivity.kt,5,99,3,102,1,4,2024-11-29,2026-03-09,46,20.4,1.0,2,0.4,0.5294117647058824
lint-rules/src/test/java/com/ichi2/anki/lint/rules/OpenInputStreamSafeDetectorTest.kt,1,102,0,102,1,1,2025-12-04,2025-12-04,141,102.0,1.0,0,0.0,1.0
AnkiDroid/src/main/res/values-gu/16-multimedia-editor.xml,13,45,56,101,1,13,2024-06-17,2026-03-26,29,7.769230769230769,1.0,0,0.0,0.5742574257425742
AnkiDroid/src/main/java/com/ichi2/anki/cardviewer/SoundTagPlayer.kt,11,58,43,101,3,8,2024-09-11,2025-07-27,271,9.181818181818182,0.7272727272727273,2,0.18181818181818182,0.27722772277227725
AnkiDroid/src/main/java/com/ichi2/anki/dialogs/DialogHandler.kt,11,63,38,101,5,8,2024-07-15,2026-03-26,29,9.181818181818182,0.6363636363636364,4,0.36363636363636365,0.297029702970297
AnkiDroid/src/main/java/com/ichi2/anki/dialogs/IntegerDialog.kt,7,63,38,101,2,5,2024-07-16,2025-12-10,135,14.428571428571429,0.8571428571428571,3,0.42857142857142855,0.33663366336633666
AnkiDroid/src/test/java/com/ichi2/anki/MyAccountTest.kt,4,52,49,101,4,4,2025-01-16,2026-02-08,75,25.25,0.25,1,0.25,0.5643564356435643
AnkiDroid/src/test/java/com/ichi2/anki/services/ReminderServiceTest.kt,3,6,95,101,3,3,2024-07-15,2025-08-21,246,33.666666666666664,0.3333333333333333,0,0.0,0.900990099009901
AnkiDroid/src/test/java/com/ichi2/anki/ui/internationalization/SentenceCaseTest.kt,15,65,35,100,6,14,2024-04-29,2026-04-14,10,6.666666666666667,0.6666666666666666,1,0.06666666666666667,0.58
AnkiDroid/src/main/res/values-bn/17-model-manager.xml,13,53,47,100,1,13,2024-10-23,2026-04-19,5,7.6923076923076925,1.0,0,0.0,0.36
AnkiDroid/src/main/java/com/ichi2/libanki/ChangeManager.kt,10,57,43,100,3,9,2024-06-02,2025-06-18,310,10.0,0.7,2,0.2,0.3
tools/localization/src/update.ts,7,43,57,100,4,7,2024-05-02,2026-03-04,51,14.285714285714286,0.42857142857142855,3,0.42857142857142855,0.7
AnkiDroid/src/test/java/com/ichi2/testutils/JsonUtils.kt,5,79,21,100,3,5,2025-01-17,2025-11-25,150,20.0,0.4,1,0.2,0.43
AnkiDroid/src/main/java/com/ichi2/anki/ui/preferences/screens/BackupLimitsPresenter.kt,4,63,37,100,2,2,2024-07-15,2024-12-09,501,25.0,0.75,1,0.25,0.62
AnkiDroid/src/main/res/layout/fragment_reposition_card.xml,3,97,3,100,3,3,2025-02-11,2025-09-12,224,33.333333333333336,0.3333333333333333,1,0.3333333333333333,0.88
AnkiDroid/src/main/java/com/ichi2/anki/dialogs/MigrationProgressDialogFragment.kt,2,2,98,100,2,2,2024-06-05,2024-08-27,605,50.0,0.5,0,0.0,0.96
AnkiDroid/src/main/java/com/ichi2/anki/preferences/profiles/ProfileAdapter.kt,2,99,1,100,2,2,2025-08-26,2026-03-23,32,50.0,0.5,0,0.0,0.99
AnkiDroid/src/test/java/com/ichi2/anki/ui/windows/reviewer/AnswerAreaViewTest.kt,2,96,4,100,2,2,2025-12-20,2026-03-23,32,50.0,0.5,0,0.0,0.96
AnkiDroid/src/androidTest/java/com/ichi2/anki/dialogs/CollectionPathMismatchRecoveryTest.kt,1,100,0,100,1,1,2026-02-25,2026-02-25,58,100.0,1.0,0,0.0,1.0
AnkiDroid/src/test/java/com/ichi2/anki/browser/BrowserColumnCollectionTest.kt,1,100,0,100,1,1,2024-06-15,2024-06-15,678,100.0,1.0,0,0.0,1.0
AnkiDroid/src/main/res/values-pt-rPT/07-cardbrowser.xml,21,56,43,99,1,21,2024-05-11,2026-04-19,5,4.714285714285714,1.0,0,0.0,0.30303030303030304
AnkiDroid/src/main/res/values-el/07-cardbrowser.xml,17,56,43,99,1,17,2024-08-08,2026-04-19,5,5.823529411764706,1.0,0,0.0,0.24242424242424243
AnkiDroid/src/main/java/com/ichi2/libanki/TemplateManager.kt,11,58,41,99,5,9,2024-05-12,2025-06-27,301,9.0,0.5454545454545454,2,0.18181818181818182,0.32323232323232326
AnkiDroid/src/main/java/com/ichi2/anki/PromptBackgroundAdapter.kt,4,22,77,99,1,2,2024-12-09,2025-01-04,475,24.75,1.0,1,0.25,0.6464646464646465
AnkiDroid/src/main/res/layout/dialog_fields.xml,1,99,0,99,1,1,2025-11-08,2025-11-08,167,99.0,1.0,0,0.0,1.0
AnkiDroid/src/main/res/values-be/11-arrays.xml,11,43,55,98,1,11,2024-07-08,2026-04-12,12,8.909090909090908,1.0,0,0.0,0.46938775510204084
AnkiDroid/src/main/java/com/ichi2/preferences/NumberRangePreferenceCompat.kt,7,73,25,98,6,7,2024-11-26,2026-03-19,36,14.0,0.2857142857142857,3,0.42857142857142855,0.35714285714285715
AnkiDroid/src/main/res/layout/fragment_image_cropper.xml,4,80,18,98,3,4,2024-08-05,2025-07-08,290,24.5,0.5,1,0.25,0.5714285714285714
AnkiDroid/src/main/java/com/ichi2/anki/multimedia/MultimediaResult.kt,1,98,0,98,1,1,2026-04-22,2026-04-22,2,98.0,1.0,0,0.0,1.0
AnkiDroid/src/main/res/layout/preference_slider.xml,1,43,55,98,1,1,2024-07-13,2024-07-13,650,98.0,1.0,0,0.0,1.0
AnkiDroid/src/main/java/com/ichi2/anki/UIUtils.kt,8,36,61,97,4,6,2024-07-15,2025-06-18,310,12.125,0.625,1,0.125,0.28865979381443296
AnkiDroid/src/main/java/com/ichi2/widget/cardanalysis/CardAnalysisWidgetPreferences.kt,4,81,16,97,3,4,2024-08-27,2025-09-09,227,24.25,0.5,0,0.0,0.6804123711340206
AnkiDroid/src/main/res/values-ss/08-widget.xml,4,17,80,97,2,4,2024-08-28,2025-08-04,263,24.25,0.75,0,0.0,0.7938144329896907
AnkiDroid/src/main/res/values-sw/08-widget.xml,4,17,80,97,2,4,2024-08-28,2025-08-04,263,24.25,0.75,0,0.0,0.7938144329896907
AnkiDroid/src/main/res/values-tg/08-widget.xml,4,17,80,97,2,4,2024-08-28,2025-08-04,263,24.25,0.75,0,0.0,0.7938144329896907
AnkiDroid/src/main/res/values-tn/08-widget.xml,4,17,80,97,2,4,2024-08-28,2025-08-04,263,24.25,0.75,0,0.0,0.7938144329896907
AnkiDroid/src/main/res/values-ts/08-widget.xml,4,17,80,97,2,4,2024-08-28,2025-08-04,263,24.25,0.75,0,0.0,0.7938144329896907
AnkiDroid/src/main/res/values-ve/08-widget.xml,4,17,80,97,2,4,2024-08-28,2025-08-04,263,24.25,0.75,0,0.0,0.7938144329896907
AnkiDroid/src/main/res/values-xh/08-widget.xml,4,17,80,97,2,4,2024-08-28,2025-08-04,263,24.25,0.75,0,0.0,0.7938144329896907
AnkiDroid/src/main/res/values-zu/08-widget.xml,4,17,80,97,2,4,2024-08-28,2025-08-04,263,24.25,0.75,0,0.0,0.7938144329896907
AnkiDroid/src/main/java/com/ichi2/anki/dialogs/SchedulerUpgradeDialog.kt,3,94,3,97,3,3,2025-06-16,2025-08-03,264,32.333333333333336,0.3333333333333333,0,0.0,0.9484536082474226
AnkiDroid/src/main/java/com/ichi2/anki/tags/TagName.kt,2,95,2,97,1,2,2026-03-25,2026-04-20,4,48.5,1.0,1,0.5,0.865979381443299
AnkiDroid/src/main/java/com/ichi2/anki/utils/Exceptions.kt,2,16,81,97,2,2,2024-08-27,2025-11-08,167,48.5,0.5,0,0.0,0.8350515463917526
AnkiDroid/src/main/java/com/ichi2/anki/model/RelativeFilePath.kt,1,0,97,97,1,1,2024-08-27,2024-08-27,605,97.0,1.0,0,0.0,1.0
AnkiDroid/src/main/java/com/ichi2/anki/servicelayer/scopedstorage/FileUtils.kt,1,0,97,97,1,1,2024-08-27,2024-08-27,605,97.0,1.0,0,0.0,1.0
AnkiDroid/src/main/res/values-pl/07-cardbrowser.xml,20,56,40,96,1,20,2024-05-19,2026-04-19,5,4.8,1.0,0,0.0,0.1875
AnkiDroid/src/main/res/values-jv/08-widget.xml,6,18,78,96,2,6,2024-08-28,2025-08-04,263,16.0,0.8333333333333334,0,0.0,0.7604166666666666
AnkiDroid/src/main/java/com/ichi2/anki/web/HttpFetcher.kt,5,28,68,96,2,5,2024-09-05,2025-12-16,129,19.2,0.8,2,0.4,0.5
AnkiDroid/src/main/res/layout/dialog_incrementer_preference.xml,3,90,6,96,2,2,2026-01-31,2026-03-21,34,32.0,0.6666666666666666,2,0.6666666666666666,0.90625
AnkiDroid/src/main/res/values-got/08-widget.xml,10,54,41,95,1,10,2024-08-28,2026-01-12,102,9.5,1.0,0,0.0,0.3368421052631579
AnkiDroid/src/main/res/values-iw/04-network.xml,6,89,6,95,1,6,2024-05-02,2026-03-30,25,15.833333333333334,1.0,0,0.0,0.8842105263157894
AnkiDroid/src/main/res/values-lv/04-network.xml,6,47,48,95,1,6,2024-06-09,2026-03-30,25,15.833333333333334,1.0,0,0.0,0.6105263157894737
AnkiDroid/src/main/java/com/ichi2/anki/preferences/AccessibilitySettingsFragment.kt,5,60,35,95,2,4,2024-07-15,2025-12-12,133,19.0,0.8,2,0.4,0.6526315789473685
AnkiDroid/src/main/java/com/ichi2/utils/SyncStatus.kt,5,5,90,95,2,3,2024-10-26,2025-07-27,271,19.0,0.8,1,0.2,0.6842105263157895
AnkiDroid/src/androidTest/java/com/ichi2/anki/dialogs/DatabaseCorruptDialogTest.kt,1,95,0,95,1,1,2025-12-30,2025-12-30,115,95.0,1.0,0,0.0,1.0
AnkiDroid/src/main/res/values-ko/17-model-manager.xml,13,50,44,94,1,13,2025-01-05,2026-04-19,5,7.230769230769231,1.0,0,0.0,0.425531914893617
AnkiDroid/src/main/java/com/ichi2/anki/multimediacard/fields/AudioField.kt,11,46,48,94,4,8,2024-07-17,2025-12-13,132,8.545454545454545,0.7272727272727273,4,0.36363636363636365,0.3829787234042553
AnkiDroid/src/androidTest/java/com/ichi2/anki/NoteEditorTest.kt,9,42,52,94,6,8,2023-12-04,2025-07-16,282,10.444444444444445,0.3333333333333333,1,0.1111111111111111,0.5425531914893617
AnkiDroid/src/main/res/layout/statistics.xml,6,51,43,94,4,5,2024-02-24,2025-11-07,168,15.666666666666666,0.3333333333333333,2,0.3333333333333333,0.3191489361702128
AnkiDroid/src/main/java/com/ichi2/anki/utils/ext/Context.kt,4,93,1,94,2,4,2025-07-11,2025-11-08,167,23.5,0.5,1,0.25,0.48936170212765956
lint-rules/src/main/java/com/ichi2/anki/lint/rules/AvoidAlertDialogUsage.kt,3,92,2,94,3,3,2024-06-05,2024-07-15,648,31.333333333333332,0.3333333333333333,1,0.3333333333333333,0.8617021276595744
AnkiDroid/src/main/res/values-is/17-model-manager.xml,6,4,89,93,2,6,2025-02-08,2025-08-04,263,15.5,0.8333333333333334,0,0.0,0.9032258064516129
AnkiDroid/src/main/res/values-ss/17-model-manager.xml,6,4,89,93,2,6,2025-02-08,2025-08-04,263,15.5,0.8333333333333334,0,0.0,0.9032258064516129
AnkiDroid/src/main/res/values-sw/17-model-manager.xml,6,4,89,93,2,6,2025-02-08,2025-08-04,263,15.5,0.8333333333333334,0,0.0,0.9032258064516129
lint-release.xml,5,40,53,93,4,5,2024-07-19,2025-03-14,406,18.6,0.4,1,0.2,0.8924731182795699
AnkiDroid/src/main/res/layout/dialog_axis_picker.xml,4,48,45,93,3,3,2024-09-09,2025-09-11,225,23.25,0.5,3,0.75,0.44086021505376344
AnkiDroid/src/main/res/xml/cram_deck_options.xml,2,1,92,93,2,2,2025-12-01,2026-01-05,109,46.5,0.5,1,0.5,0.978494623655914
AnkiDroid/src/main/assets/fonts/noto/OFL.txt,1,93,0,93,1,1,2025-06-08,2025-06-08,320,93.0,1.0,0,0.0,1.0
AnkiDroid/src/test/java/com/ichi2/utils/ExceptionsTest.kt,1,0,93,93,1,1,2024-08-27,2024-08-27,605,93.0,1.0,0,0.0,1.0
AnkiDroid/src/main/java/com/ichi2/anki/utils/AndroidUtils.kt,5,89,3,92,5,5,2025-01-31,2025-12-24,121,18.4,0.2,2,0.4,0.41304347826086957
AnkiDroid/src/main/res/values-wo/08-widget.xml,4,16,76,92,2,4,2024-08-28,2025-08-04,263,23.0,0.75,0,0.0,0.7934782608695652
AnkiDroid/src/main/res/values-yue/08-widget.xml,4,16,76,92,2,4,2024-08-28,2025-08-04,263,23.0,0.75,0,0.0,0.7934782608695652
AnkiDroid/src/main/java/com/ichi2/anki/OnContextAndLongClickListener.kt,3,75,17,92,2,3,2024-07-09,2025-12-10,135,30.666666666666668,0.6666666666666666,2,0.6666666666666666,0.6195652173913043
AnkiDroid/src/main/res/layout/item_troubleshooting_check.xml,2,92,0,92,1,1,2026-03-28,2026-03-28,27,46.0,1.0,0,0.0,0.8152173913043478
AnkiDroid/src/main/res/values-lt/07-cardbrowser.xml,14,51,40,91,1,14,2024-08-08,2026-04-19,5,6.5,1.0,0,0.0,0.4835164835164835
AnkiDroid/src/main/java/com/ichi2/anki/dialogs/TtsPlaybackErrorDialog.kt,7,79,12,91,5,6,2024-08-28,2026-04-17,7,13.0,0.42857142857142855,0,0.0,0.6923076923076923
AnkiDroid/src/main/res/values-jv/17-model-manager.xml,6,4,87,91,2,6,2025-02-08,2025-08-04,263,15.166666666666666,0.8333333333333334,0,0.0,0.9010989010989011
AnkiDroid/src/test/java/com/ichi2/anki/libanki/DeckNodeTest.kt,4,70,21,91,2,3,2025-07-05,2026-02-08,75,22.75,0.75,1,0.25,0.6043956043956044
AnkiDroid/src/main/res/layout/change_note_type_dialog.xml,1,91,0,91,1,1,2025-11-08,2025-11-08,167,91.0,1.0,0,0.0,1.0
AnkiDroid/src/test/java/com/ichi2/testutils/TranslationUtils.kt,1,91,0,91,1,1,2026-03-21,2026-03-21,34,91.0,1.0,0,0.0,1.0
AnkiDroid/src/main/java/com/ichi2/anki/DatabaseCheck.kt,4,48,42,90,1,3,2024-12-09,2026-03-02,53,22.5,1.0,1,0.25,0.4777777777777778
AnkiDroid/src/main/java/com/ichi2/anki/CustomMaterialTapTargetPromptBuilder.kt,1,0,90,90,1,1,2024-08-24,2024-08-24,608,90.0,1.0,0,0.0,1.0
AnkiDroid/src/main/res/values-da/16-multimedia-editor.xml,12,39,50,89,1,12,2024-07-14,2026-03-26,29,7.416666666666667,1.0,0,0.0,0.6067415730337079
AnkiDroid/src/main/java/com/ichi2/anki/cardviewer/AndroidCardRenderContext.kt,8,52,37,89,2,5,2024-10-11,2026-01-08,106,11.125,0.75,1,0.125,0.5056179775280899
AnkiDroid/src/main/java/com/ichi2/anki/dialogs/tags/TagsList.kt,6,36,53,89,4,4,2024-07-15,2025-11-16,159,14.833333333333334,0.5,2,0.3333333333333333,0.4943820224719101
libanki/src/main/java/com/ichi2/anki/libanki/BackendImportExport.kt,6,22,67,89,1,4,2025-06-17,2025-12-10,135,14.833333333333334,1.0,1,0.16666666666666666,0.5168539325842697
AnkiDroid/src/main/res/values-tg/17-model-manager.xml,5,2,87,89,2,5,2025-02-08,2025-08-04,263,17.8,0.8,0,0.0,0.9438202247191011
AnkiDroid/src/main/res/values-tn/17-model-manager.xml,5,2,87,89,2,5,2025-02-08,2025-08-04,263,17.8,0.8,0,0.0,0.9438202247191011
AnkiDroid/src/main/res/values-ts/17-model-manager.xml,5,2,87,89,2,5,2025-02-08,2025-08-04,263,17.8,0.8,0,0.0,0.9438202247191011
AnkiDroid/src/main/res/values-ve/17-model-manager.xml,5,2,87,89,2,5,2025-02-08,2025-08-04,263,17.8,0.8,0,0.0,0.9438202247191011
AnkiDroid/src/main/res/values-xh/17-model-manager.xml,5,2,87,89,2,5,2025-02-08,2025-08-04,263,17.8,0.8,0,0.0,0.9438202247191011
AnkiDroid/src/main/res/values-zu/17-model-manager.xml,5,2,87,89,2,5,2025-02-08,2025-08-04,263,17.8,0.8,0,0.0,0.9438202247191011
AnkiDroid/src/main/res/layout/browser_columns_selection_entry.xml,3,86,3,89,2,2,2025-01-08,2025-01-16,463,29.666666666666668,0.6666666666666666,0,0.0,0.9325842696629213
AnkiDroid/src/test/java/com/ichi2/anki/dialogs/DeckSelectionDialogTest.kt,3,83,6,89,3,3,2024-03-21,2026-02-22,61,29.666666666666668,0.3333333333333333,1,0.3333333333333333,0.651685393258427
AnkiDroid/src/test/java/com/ichi2/anki/preferences/reviewer/ReviewerMenuRepositoryTest.kt,1,89,0,89,1,1,2025-02-24,2025-02-24,424,89.0,1.0,0,0.0,1.0
AnkiDroid/src/main/res/values-tgl/10-preferences.xml,35,56,32,88,1,33,2024-04-27,2026-04-09,15,2.5142857142857142,1.0,0,0.0,0.10227272727272728
AnkiDroid/src/main/res/values-ti/10-preferences.xml,35,56,32,88,1,33,2024-04-27,2026-04-09,15,2.5142857142857142,1.0,0,0.0,0.10227272727272728
AnkiDroid/src/main/res/values-fr/11-arrays.xml,13,38,50,88,1,13,2024-09-28,2026-02-07,76,6.769230769230769,1.0,0,0.0,0.5227272727272727
AnkiDroid/src/androidTest/java/com/ichi2/anki/NoteEditorIntentTest.kt,10,37,51,88,6,9,2024-06-03,2025-07-16,282,8.8,0.2,0,0.0,0.45454545454545453
AnkiDroid/src/main/java/com/ichi2/anki/notetype/NotetypeUiModel.kt,7,41,47,88,3,6,2024-07-07,2025-12-10,135,12.571428571428571,0.5714285714285714,1,0.14285714285714285,0.3409090909090909
AnkiDroid/src/main/java/com/ichi2/anki/browser/search/SearchRequest.kt,3,87,1,88,1,3,2026-01-22,2026-03-13,42,29.333333333333332,1.0,0,0.0,0.9545454545454546
AnkiDroid/src/test/java/com/ichi2/anki/previewer/TemplatePreviewerViewModelFileSystemTest.kt,3,44,44,88,2,3,2025-07-07,2025-11-29,146,29.333333333333332,0.6666666666666666,0,0.0,0.5
AnkiDroid/src/main/java/com/ichi2/anki/multimediacard/activity/PickStringDialogFragment.kt,6,11,76,87,4,5,2024-06-05,2024-12-28,482,14.5,0.5,1,0.16666666666666666,0.7471264367816092
AnkiDroid/src/main/java/com/ichi2/ui/GestureDisplay.kt,6,46,41,87,4,5,2024-07-15,2026-01-30,84,14.5,0.3333333333333333,0,0.0,0.5747126436781609
AnkiDroid/src/main/res/values-ug/16-multimedia-editor.xml,6,84,3,87,1,6,2025-01-04,2026-03-26,29,14.5,1.0,0,0.0,0.8735632183908046
AnkiDroid/src/main/res/layout/preferences_reviewer_menu.xml,5,65,22,87,2,5,2024-12-10,2026-03-22,33,17.4,0.8,0,0.0,0.5517241379310345
AnkiDroid/src/main/res/values-wo/17-model-manager.xml,5,2,85,87,2,5,2025-02-08,2025-08-04,263,17.4,0.8,0,0.0,0.9425287356321839
AnkiDroid/src/main/res/values-yue/17-model-manager.xml,5,2,85,87,2,5,2025-02-08,2025-08-04,263,17.4,0.8,0,0.0,0.9425287356321839
AnkiDroid/src/main/java/com/ichi2/anki/LoginActivity.kt,4,4,83,87,2,3,2024-12-09,2025-06-18,310,21.75,0.75,1,0.25,0.9195402298850575
AnkiDroid/src/main/java/com/ichi2/utils/BitmapUtil.kt,3,68,19,87,3,3,2025-12-10,2026-04-17,7,29.0,0.3333333333333333,2,0.6666666666666666,0.5632183908045977
AnkiDroid/src/main/res/xml/preferences_previewer_controls.xml,3,84,3,87,2,3,2025-02-07,2025-07-06,292,29.0,0.6666666666666666,0,0.0,0.9310344827586207
AnkiDroid/src/main/res/layout/edit_flag_item.xml,2,86,1,87,2,2,2024-04-22,2025-11-22,153,43.5,0.5,0,0.0,0.9885057471264368
AnkiDroid/src/test/java/com/ichi2/anki/model/DiskFileTest.kt,2,3,84,87,2,2,2024-07-15,2024-08-27,605,43.5,0.5,0,0.0,0.9540229885057471
AnkiDroid/src/main/java/androidx/appcompat/widget/DialogTitleView.kt,1,87,0,87,1,1,2024-12-02,2024-12-02,508,87.0,1.0,0,0.0,1.0
AnkiDroid/src/main/java/com/ichi2/anki/preferences/reviewer/ReviewerMenuSettingsTouchHelperCallback.kt,1,87,0,87,1,1,2024-12-13,2024-12-13,497,87.0,1.0,0,0.0,1.0
AnkiDroid/src/main/res/values-ja/07-cardbrowser.xml,23,50,36,86,1,23,2024-04-25,2026-04-22,2,3.739130434782609,1.0,0,0.0,0.23255813953488372
AnkiDroid/src/main/res/values-tr/11-arrays.xml,13,37,49,86,1,12,2024-09-28,2026-03-10,45,6.615384615384615,1.0,0,0.0,0.27906976744186046
AnkiDroid/src/main/res/values-fi/11-arrays.xml,11,37,49,86,1,11,2024-09-28,2026-01-19,95,7.818181818181818,1.0,0,0.0,0.5348837209302325
AnkiDroid/src/main/res/values-ca/11-arrays.xml,9,37,49,86,1,9,2024-09-28,2026-01-03,111,9.555555555555555,1.0,0,0.0,0.5348837209302325
AnkiDroid/src/main/java/com/ichi2/anki/reviewreminders/ReminderTroubleshootingRepository.kt,5,86,0,86,1,1,2026-03-28,2026-03-28,27,17.2,1.0,0,0.0,0.4418604651162791
AnkiDroid/src/main/java/com/ichi2/anki/notetype/RepositionCardTemplateDialog.kt,3,50,36,86,1,1,2024-12-09,2024-12-09,501,28.666666666666668,1.0,1,0.3333333333333333,0.4883720930232558
AnkiDroid/src/main/res/values-is/04-network.xml,2,1,85,86,2,2,2024-06-09,2025-08-04,263,43.0,0.5,0,0.0,0.9883720930232558
AnkiDroid/src/main/res/values-jv/04-network.xml,2,1,85,86,2,2,2024-06-09,2025-08-04,263,43.0,0.5,0,0.0,0.9883720930232558
AnkiDroid/src/main/res/values-ss/04-network.xml,2,1,85,86,2,2,2024-06-09,2025-08-04,263,43.0,0.5,0,0.0,0.9883720930232558
AnkiDroid/src/main/res/values-sw/04-network.xml,2,1,85,86,2,2,2024-06-09,2025-08-04,263,43.0,0.5,0,0.0,0.9883720930232558
AnkiDroid/src/main/res/values-tg/04-network.xml,2,1,85,86,2,2,2024-06-09,2025-08-04,263,43.0,0.5,0,0.0,0.9883720930232558
AnkiDroid/src/main/res/values-tn/04-network.xml,2,1,85,86,2,2,2024-06-09,2025-08-04,263,43.0,0.5,0,0.0,0.9883720930232558
AnkiDroid/src/main/res/values-ts/04-network.xml,2,1,85,86,2,2,2024-06-09,2025-08-04,263,43.0,0.5,0,0.0,0.9883720930232558
AnkiDroid/src/main/res/values-ug/04-network.xml,2,85,1,86,1,2,2025-01-04,2026-03-30,25,43.0,1.0,0,0.0,0.9883720930232558
AnkiDroid/src/main/res/values-ve/04-network.xml,2,1,85,86,2,2,2024-06-09,2025-08-04,263,43.0,0.5,0,0.0,0.9883720930232558
AnkiDroid/src/main/res/values-wo/04-network.xml,2,1,85,86,2,2,2024-06-09,2025-08-04,263,43.0,0.5,0,0.0,0.9883720930232558
AnkiDroid/src/main/res/values-xh/04-network.xml,2,1,85,86,2,2,2024-06-09,2025-08-04,263,43.0,0.5,0,0.0,0.9883720930232558
AnkiDroid/src/main/res/values-yue/04-network.xml,2,1,85,86,2,2,2024-06-09,2025-08-04,263,43.0,0.5,0,0.0,0.9883720930232558
AnkiDroid/src/main/res/values-zu/04-network.xml,2,1,85,86,2,2,2024-06-09,2025-08-04,263,43.0,0.5,0,0.0,0.9883720930232558
AnkiDroid/src/test/java/com/ichi2/anki/browser/CardBrowserFragmentTest.kt,2,84,2,86,1,2,2026-03-05,2026-03-12,43,43.0,1.0,0,0.0,0.9534883720930233
compat/src/main/java/com/ichi2/anki/compat/PackageManagerCompat.kt,2,67,19,86,1,2,2026-03-22,2026-04-19,5,43.0,1.0,1,0.5,0.9767441860465116
AnkiDroid/src/test/java/com/ichi2/anki/servicelayer/scopedstorage/DeleteEmptyDirectoryTest.kt,1,0,86,86,1,1,2024-08-27,2024-08-27,605,86.0,1.0,0,0.0,1.0
AnkiDroid/src/main/res/values-bn/07-cardbrowser.xml,15,49,36,85,1,15,2024-08-08,2026-04-19,5,5.666666666666667,1.0,0,0.0,0.25882352941176473
AnkiDroid/src/main/res/values-ur/07-cardbrowser.xml,12,49,36,85,1,12,2024-07-19,2026-04-19,5,7.083333333333333,1.0,0,0.0,0.7529411764705882
AnkiDroid/src/main/java/com/ichi2/anki/model/SelectableDeck.kt,4,85,0,85,1,3,2025-08-07,2026-02-01,82,21.25,1.0,0,0.0,0.8117647058823529
AnkiDroid/src/main/java/com/ichi2/anki/scheduling/ForgetCardsViewModel.kt,2,1,84,85,2,2,2024-06-18,2024-10-01,570,42.5,0.5,0,0.0,0.9647058823529412
AnkiDroid/src/main/java/com/ichi2/anki/ui/windows/permissions/NotificationsPermissionFragment.kt,2,82,3,85,2,2,2025-11-25,2026-03-23,32,42.5,0.5,0,0.0,0.9294117647058824
AnkiDroid/src/test/java/com/ichi2/anki/model/RelativeFilePathTest.kt,2,3,82,85,2,2,2024-07-15,2024-08-27,605,42.5,0.5,0,0.0,0.9529411764705882
AnkiDroid/src/main/java/com/ichi2/anki/dialogs/DeckOptionsSelectionDialog.kt,1,85,0,85,1,1,2025-12-29,2025-12-29,116,85.0,1.0,0,0.0,1.0
buildSrc/src/main/kotlin/com/ichi2/anki/gradle/TestSummaryService.kt,1,85,0,85,1,1,2026-04-17,2026-04-17,7,85.0,1.0,0,0.0,1.0
.github/workflows/lint.yml,15,47,37,84,4,14,2024-04-29,2026-03-10,45,5.6,0.3333333333333333,0,0.0,0.2857142857142857
AnkiDroid/src/main/res/values-et/17-model-manager.xml,11,45,39,84,1,11,2024-10-23,2026-04-19,5,7.636363636363637,1.0,0,0.0,0.5952380952380952
AnkiDroid/src/main/java/com/ichi2/anki/preferences/CustomButtonsSettingsFragment.kt,10,40,44,84,5,9,2024-05-28,2025-02-05,443,8.4,0.4,2,0.2,0.36904761904761907
AnkiDroid/src/main/res/values-km/11-arrays.xml,10,36,48,84,1,10,2024-09-28,2026-01-03,111,8.4,1.0,0,0.0,0.38095238095238093
AnkiDroid/src/main/res/values-lv/08-widget.xml,9,49,35,84,1,9,2024-08-28,2025-08-26,241,9.333333333333334,1.0,0,0.0,0.30952380952380953
AnkiDroid/src/main/res/values-th/17-model-manager.xml,9,45,39,84,1,9,2025-02-08,2026-04-19,5,9.333333333333334,1.0,0,0.0,0.7142857142857143
AnkiDroid/src/main/java/dev/androidbroadcast/vbpd/ViewBindingProperty.kt,1,84,0,84,1,1,2025-09-18,2025-09-18,218,84.0,1.0,0,0.0,1.0
AnkiDroid/src/main/res/layout-v31/widget_small_unthemed.xml,1,84,0,84,1,1,2025-07-14,2025-07-14,284,84.0,1.0,1,1.0,1.0
AnkiDroid/src/main/res/values/attrs.xml,21,77,6,83,10,19,2024-04-07,2026-04-06,18,3.9523809523809526,0.23809523809523808,3,0.14285714285714285,0.20481927710843373
AnkiDroid/src/main/res/values-uz/16-multimedia-editor.xml,13,36,47,83,1,13,2024-07-20,2026-03-30,25,6.384615384615385,1.0,0,0.0,0.3855421686746988
AnkiDroid/src/main/res/values-gl/08-widget.xml,10,48,35,83,1,10,2024-08-28,2025-08-26,241,8.3,1.0,0,0.0,0.4819277108433735
AnkiDroid/src/main/java/com/ichi2/anki/preferences/profiles/SwitchProfilesFragment.kt,3,82,1,83,1,2,2025-08-26,2026-04-05,19,27.666666666666668,1.0,0,0.0,0.4578313253012048
AnkiDroid/src/main/res/layout/fragment_audio_video.xml,3,79,4,83,3,3,2024-07-21,2025-09-11,225,27.666666666666668,0.3333333333333333,0,0.0,0.9036144578313253
AnkiDroid/src/main/res/menu/previewer.xml,3,42,41,83,3,3,2024-04-26,2024-05-17,707,27.666666666666668,0.3333333333333333,1,0.3333333333333333,0.3855421686746988
AnkiDroid/src/main/res/layout-v31/widget_small.xml,1,83,0,83,1,1,2025-01-27,2025-01-27,452,83.0,1.0,0,0.0,1.0
lint-rules/src/main/java/com/ichi2/anki/lint/rules/OpenInputStreamSafeDetector.kt,1,83,0,83,1,1,2025-12-04,2025-12-04,141,83.0,1.0,0,0.0,1.0
AnkiDroid/src/main/res/values-lt/11-arrays.xml,8,35,47,82,1,8,2024-09-28,2026-01-03,111,10.25,1.0,0,0.0,0.6829268292682927
AnkiDroid/src/main/java/com/ichi2/anki/cardviewer/MediaErrorHandler.kt,5,72,10,82,2,4,2024-12-09,2025-12-27,118,16.4,0.8,1,0.2,0.6585365853658537
AnkiDroid/src/main/java/com/ichi2/anki/reviewer/BindingMap.kt,5,63,19,82,1,3,2025-04-05,2025-06-29,299,16.4,1.0,0,0.0,0.5609756097560976
AnkiDroid/src/main/res/layout/activity_manage_note_types.xml,3,73,9,82,2,3,2025-09-10,2026-01-26,88,27.333333333333332,0.6666666666666666,1,0.3333333333333333,0.9512195121951219
AnkiDroid/src/main/res/values-ug/08-widget.xml,3,79,3,82,1,3,2025-01-04,2025-08-26,241,27.333333333333332,1.0,0,0.0,0.9390243902439024
AnkiDroid/src/main/res/layout/view_saved_search_item.xml,1,82,0,82,1,1,2026-01-19,2026-01-19,95,82.0,1.0,0,0.0,1.0
AnkiDroid/src/main/res/values-it/07-cardbrowser.xml,16,47,34,81,1,16,2024-04-25,2026-04-19,5,5.0625,1.0,0,0.0,0.3950617283950617
AnkiDroid/src/test/java/com/ichi2/libanki/FinderTest.kt,16,43,38,81,7,13,2023-12-04,2025-06-18,310,5.0625,0.5,1,0.0625,0.19753086419753085
AnkiDroid/src/main/res/values-uz/08-widget.xml,9,47,34,81,1,9,2024-08-28,2026-04-24,0,9.0,1.0,0,0.0,0.41975308641975306
AnkiDroid/src/main/res/menu-xlarge/deck_picker.xml,4,78,3,81,3,4,2024-10-26,2026-04-01,23,20.25,0.5,2,0.5,0.8271604938271605
libanki/src/main/java/com/ichi2/anki/libanki/BackendUndo.kt,4,43,38,81,1,4,2025-06-18,2026-01-26,88,20.25,1.0,1,0.25,0.5061728395061729
AnkiDroid/src/main/res/layout/dialog_export_options.xml,3,46,35,81,3,3,2024-09-09,2025-09-11,225,27.0,0.3333333333333333,1,0.3333333333333333,0.6172839506172839
AnkiDroid/src/main/res/layout/widget_deck_picker_config.xml,2,80,1,81,2,2,2024-05-22,2026-01-26,88,40.5,0.5,1,0.5,0.9753086419753086
AnkiDroid/src/test/java/com/ichi2/anki/dialogs/EmptyCardsReportTest.kt,2,66,15,81,2,2,2025-02-14,2025-12-10,135,40.5,0.5,2,1.0,0.6296296296296297
AnkiDroid/src/main/java/com/ichi2/anki/multiprofile/ProfileSwitchGuard.kt,1,81,0,81,1,1,2026-04-04,2026-04-04,20,81.0,1.0,0,0.0,1.0
AnkiDroid/src/test/java/com/ichi2/anki/servicelayer/ScopedStorageServiceTest.kt,1,0,81,81,1,1,2024-08-27,2024-08-27,605,81.0,1.0,0,0.0,1.0
AnkiDroid/src/main/res/values-km/07-cardbrowser.xml,14,47,33,80,1,14,2024-08-08,2026-04-19,5,5.714285714285714,1.0,0,0.0,0.45
AnkiDroid/src/main/java/com/ichi2/anki/Import.kt,11,41,39,80,4,9,2024-08-27,2025-11-26,149,7.2727272727272725,0.6363636363636364,2,0.18181818181818182,0.25
AnkiDroid/src/main/res/values-cs/11-arrays.xml,11,34,46,80,1,9,2024-09-28,2026-01-03,111,7.2727272727272725,1.0,0,0.0,0.575
AnkiDroid/src/main/res/values-mr/11-arrays.xml,11,34,46,80,1,11,2024-06-17,2026-01-03,111,7.2727272727272725,1.0,0,0.0,0.4
AnkiDroid/src/main/res/values-uz/04-network.xml,7,40,40,80,1,7,2024-06-09,2026-03-30,25,11.428571428571429,1.0,0,0.0,0.65
AnkiDroid/src/test/java/com/ichi2/utils/BundleUtilsTest.kt,6,72,8,80,4,5,2024-07-15,2026-01-24,90,13.333333333333334,0.5,0,0.0,0.375
AnkiDroid/src/main/java/com/ichi2/anki/AnkiDroidJsAPIConstants.kt,4,40,40,80,2,3,2024-10-20,2025-12-10,135,20.0,0.75,1,0.25,0.4125
AnkiDroid/src/main/java/com/ichi2/anki/reviewer/GestureMapper.kt,4,53,27,80,2,2,2023-12-04,2024-12-09,501,20.0,0.75,1,0.25,0.75
AnkiDroid/src/main/java/com/ichi2/anki/pages/DeckOptionsDestination.kt,3,75,5,80,2,3,2025-12-01,2025-12-29,116,26.666666666666668,0.6666666666666666,0,0.0,0.675
AnkiDroid/src/main/java/dev/androidbroadcast/vbpd/ViewGroupBindings.kt,1,80,0,80,1,1,2025-09-18,2025-09-18,218,80.0,1.0,0,0.0,1.0
lint-rules/src/main/java/com/ichi2/anki/lint/rules/SentenceCaseConventions.kt,1,80,0,80,1,1,2025-03-19,2025-03-19,401,80.0,1.0,0,0.0,1.0
AnkiDroid/src/main/res/values-got/16-multimedia-editor.xml,14,34,45,79,1,14,2024-07-20,2026-03-26,29,5.642857142857143,1.0,0,0.0,0.43037974683544306
AnkiDroid/src/main/res/values-lv/16-multimedia-editor.xml,13,34,45,79,1,13,2024-07-20,2026-03-26,29,6.076923076923077,1.0,0,0.0,0.5316455696202531
AnkiDroid/src/main/java/com/ichi2/anki/worker/SyncMediaWorker.kt,12,50,29,79,4,10,2024-06-21,2026-02-25,58,6.583333333333333,0.5833333333333334,8,0.6666666666666666,0.379746835443038
AnkiDroid/src/test/java/com/ichi2/anki/libanki/NoteTypeTest.kt,11,42,37,79,4,7,2025-07-05,2025-12-11,134,7.181818181818182,0.5454545454545454,0,0.0,0.27848101265822783
AnkiDroid/src/main/java/com/ichi2/anki/sync/MeteredSyncPolicy.kt,3,76,3,79,1,1,2026-04-07,2026-04-07,17,26.333333333333332,1.0,1,0.3333333333333333,0.4430379746835443
AnkiDroid/src/main/java/com/ichi2/anki/ui/windows/reviewer/HideSystemBars.kt,3,38,41,79,2,3,2024-06-30,2025-01-16,463,26.333333333333332,0.6666666666666666,0,0.0,0.4936708860759494
AnkiDroid/src/main/java/com/ichi2/utils/JSONContainer.kt,3,78,1,79,3,3,2024-12-28,2025-03-31,389,26.333333333333332,0.3333333333333333,0,0.0,0.9493670886075949
AnkiDroid/src/main/java/com/ichi2/anki/multiprofile/ProfileName.kt,1,79,0,79,1,1,2026-04-09,2026-04-09,15,79.0,1.0,0,0.0,1.0
AnkiDroid/src/test/java/com/ichi2/libanki/NotetypesTest.kt,1,79,0,79,1,1,2025-06-27,2025-06-27,301,79.0,1.0,0,0.0,1.0
AnkiDroid/src/main/res/values-eo/17-model-manager.xml,15,42,36,78,1,15,2024-10-23,2026-04-19,5,5.2,1.0,0,0.0,0.23076923076923078
AnkiDroid/src/main/res/values-te/11-arrays.xml,12,33,45,78,1,12,2024-05-01,2026-01-03,111,6.5,1.0,0,0.0,0.41025641025641024
AnkiDroid/src/main/res/values-hr/17-model-manager.xml,10,42,36,78,1,10,2025-02-08,2026-04-19,5,7.8,1.0,0,0.0,0.6410256410256411
AnkiDroid/src/test/java/com/ichi2/anki/utils/ext/JSONObjectTest.kt,5,75,3,78,1,4,2024-12-23,2026-04-14,10,15.6,1.0,1,0.2,0.5641025641025641
AnkiDroid/src/main/java/com/ichi2/anki/previewer/PreviewerAction.kt,4,75,3,78,3,4,2025-02-07,2025-06-12,316,19.5,0.5,0,0.0,0.8974358974358975
AnkiDroid/src/main/java/com/ichi2/anki/contextmenu/MouseContextMenuHandler.kt,1,78,0,78,1,1,2025-08-20,2025-08-20,247,78.0,1.0,0,0.0,1.0
AnkiDroid/src/main/java/com/ichi2/anki/servicelayer/scopedstorage/MoveDirectoryContent.kt,1,0,78,78,1,1,2024-08-27,2024-08-27,605,78.0,1.0,0,0.0,1.0
AnkiDroid/src/main/java/dev/androidbroadcast/vbpd/ViewHolderBindings.kt,1,78,0,78,1,1,2025-09-18,2025-09-18,218,78.0,1.0,0,0.0,1.0
AnkiDroid/src/test/java/com/ichi2/anki/servicelayer/scopedstorage/MockMigrationContext.kt,1,0,78,78,1,1,2024-08-27,2024-08-27,605,78.0,1.0,0,0.0,1.0
AnkiDroid/src/test/java/com/ichi2/anki/ReviewerNoParamTest.kt,17,40,37,77,5,15,2024-06-24,2026-01-08,106,4.529411764705882,0.47058823529411764,0,0.0,0.12987012987012986
AnkiDroid/src/main/res/values-ta/16-multimedia-editor.xml,11,33,44,77,1,11,2024-07-20,2026-03-26,29,7.0,1.0,0,0.0,0.5974025974025974
AnkiDroid/src/main/java/com/ichi2/anki/pages/CardInfoDestination.kt,9,63,14,77,3,8,2024-06-18,2025-12-11,134,8.555555555555555,0.4444444444444444,1,0.1111111111111111,0.36363636363636365
AnkiDroid/src/main/res/values-got/04-network.xml,9,38,39,77,1,9,2024-06-09,2026-03-30,25,8.555555555555555,1.0,0,0.0,0.6233766233766234
AnkiDroid/src/test/java/com/ichi2/anki/widget/deckpicker/DeckPickerWidgetConfigTest.kt,9,34,43,77,3,6,2024-08-26,2025-09-09,227,8.555555555555555,0.4444444444444444,1,0.1111111111111111,0.23376623376623376
AnkiDroid/src/main/java/com/ichi2/anki/BackendImporting.kt,8,40,37,77,3,7,2024-06-18,2025-12-10,135,9.625,0.75,2,0.25,0.38961038961038963
AnkiDroid/src/main/java/com/ichi2/anki/JavaScriptTTS.kt,5,38,39,77,1,3,2024-12-09,2025-12-10,135,15.4,1.0,2,0.4,0.36363636363636365
AnkiDroid/src/main/java/com/ichi2/anki/servicelayer/scopedstorage/MoveFileOrDirectory.kt,2,1,76,77,2,2,2024-07-15,2024-08-27,605,38.5,0.5,0,0.0,0.974025974025974
AnkiDroid/src/main/java/com/ichi2/anki/preferences/reviewer/ReviewerMenuRepository.kt,1,77,0,77,1,1,2025-02-24,2025-02-24,424,77.0,1.0,0,0.0,1.0
AnkiDroid/src/main/res/layout/item_browser_filter_bottom_sheet.xml,1,77,0,77,1,1,2026-03-12,2026-03-12,43,77.0,1.0,0,0.0,1.0
AnkiDroid/src/test/java/com/ichi2/anki/CardBrowserNonAndroidTest.kt,1,0,77,77,1,1,2024-07-21,2024-07-21,642,77.0,1.0,0,0.0,1.0
AnkiDroid/src/test/java/com/ichi2/anki/browser/search/SearchStringTest.kt,1,77,0,77,1,1,2026-02-01,2026-02-01,82,77.0,1.0,0,0.0,1.0
AnkiDroid/src/main/java/com/ichi2/libanki/BackendImportExport.kt,7,25,51,76,4,6,2024-06-18,2025-06-28,300,10.857142857142858,0.5714285714285714,1,0.14285714285714285,0.3815789473684211
AnkiDroid/src/main/java/com/ichi2/ui/GesturePicker.kt,7,50,26,76,3,7,2024-12-09,2026-01-30,84,10.857142857142858,0.5714285714285714,1,0.14285714285714285,0.40789473684210525
AnkiDroid/src/test/java/com/ichi2/anki/servicemodel/UpgradeGesturesToControlsTest.kt,6,41,35,76,3,5,2023-12-04,2026-01-08,106,12.666666666666666,0.6666666666666666,0,0.0,0.5
AnkiDroid/src/main/java/com/ichi2/anki/ui/windows/reviewer/autoadvance/AutoAdvanceSettings.kt,5,61,15,76,3,5,2024-06-22,2025-12-27,118,15.2,0.4,0,0.0,0.6447368421052632
AnkiDroid/src/test/java/com/ichi2/anki/utils/ext/ViewerCommand.kt,5,62,14,76,2,4,2025-02-05,2026-03-23,32,15.2,0.8,0,0.0,0.4342105263157895
AnkiDroid/src/test/java/com/ichi2/audio/AudioRecordingControllerTest.kt,5,67,9,76,3,5,2024-04-22,2025-06-18,310,15.2,0.4,0,0.0,0.75
AnkiDroid/src/main/res/layout/control_preference.xml,4,69,7,76,2,4,2025-02-05,2026-03-22,33,19.0,0.5,0,0.0,0.8421052631578947
AnkiDroid/src/test/java/com/ichi2/anki/browser/search/CardStateTest.kt,2,76,0,76,1,2,2026-01-23,2026-04-14,10,38.0,1.0,0,0.0,0.9605263157894737
AnkiDroid/src/main/java/com/ichi2/anki/utils/ViewModelUtils.kt,1,76,0,76,1,1,2025-11-08,2025-11-08,167,76.0,1.0,0,0.0,1.0
AnkiDroid/src/main/java/com/ichi2/widget/WidgetPreferences.kt,1,76,0,76,1,1,2024-05-22,2024-05-22,702,76.0,1.0,0,0.0,1.0
AnkiDroid/src/test/java/com/ichi2/anki/utils/ext/StateFlowLifecycleCollectionTest.kt,1,76,0,76,1,1,2026-03-09,2026-03-09,46,76.0,1.0,0,0.0,1.0
AnkiDroid/src/test/java/com/ichi2/anki/widget/DeckNameAndStatsTest.kt,1,76,0,76,1,1,2024-05-22,2024-05-22,702,76.0,1.0,0,0.0,1.0
AnkiDroid/src/main/res/values/theme_black.xml,23,51,24,75,9,21,2024-05-21,2026-03-22,33,3.260869565217391,0.43478260869565216,6,0.2608695652173913,0.17333333333333334
AnkiDroid/src/main/java/com/ichi2/anki/dialogs/WhiteBoardWidthDialog.kt,6,43,32,75,3,4,2024-07-15,2025-12-10,135,12.5,0.6666666666666666,3,0.5,0.4
AnkiDroid/src/main/java/com/ichi2/widget/AddNoteWidget.kt,6,30,45,75,5,6,2024-06-04,2025-12-10,135,12.5,0.3333333333333333,1,0.16666666666666666,0.36
AnkiDroid/src/main/res/values-iw/09-backup.xml,5,72,3,75,1,5,2024-05-02,2026-04-06,18,15.0,1.0,0,0.0,0.9066666666666666
AnkiDroid/src/test/java/com/ichi2/anki/ThrowableFilterServiceTest.kt,2,70,5,75,2,2,2024-12-02,2024-12-12,498,37.5,0.5,0,0.0,0.8666666666666667
AnkiDroid/src/main/java/com/ichi2/audio/AudioWaveform.kt,1,47,28,75,1,1,2024-04-23,2024-04-23,731,75.0,1.0,0,0.0,1.0
AnkiDroid/src/test/java/com/ichi2/testutils/ActivityList.kt,21,46,28,74,9,20,2024-05-21,2025-12-01,144,3.5238095238095237,0.2857142857142857,0,0.0,0.24324324324324326
AnkiDroid/src/main/res/values-kn/11-arrays.xml,10,31,43,74,1,10,2024-05-01,2026-01-03,111,7.4,1.0,0,0.0,0.43243243243243246
compat/build.gradle.kts,4,66,8,74,2,3,2025-11-04,2026-04-07,17,18.5,0.75,0,0.0,0.6486486486486487
AnkiDroid/src/test/java/com/ichi2/anki/ui/windows/reviewer/StudyScreenRepositoryCollectionTest.kt,3,74,0,74,2,2,2026-01-17,2026-04-14,10,24.666666666666668,0.6666666666666666,0,0.0,0.7432432432432432
AnkiDroid/src/androidTest/java/com/ichi2/anki/DrawingActivityTest.kt,2,37,37,74,2,2,2025-10-12,2025-11-03,172,37.0,0.5,0,0.0,0.5
AnkiDroid/src/main/java/com/ichi2/anki/ui/windows/reviewer/AnswerAreaView.kt,1,74,0,74,1,1,2025-12-20,2025-12-20,125,74.0,1.0,0,0.0,1.0
AnkiDroid/src/main/res/values-gl/16-multimedia-editor.xml,17,31,42,73,1,17,2024-07-20,2026-03-30,25,4.294117647058823,1.0,0,0.0,0.2054794520547945
AnkiDroid/src/main/res/values-uk/08-widget.xml,11,44,29,73,1,10,2024-05-27,2025-08-26,241,6.636363636363637,1.0,0,0.0,0.2465753424657534
libanki/testutils/src/main/java/com/ichi2/anki/libanki/testutils/ext/Collection.kt,5,72,1,73,2,5,2025-07-07,2025-12-11,134,14.6,0.8,0,0.0,0.5205479452054794
AnkiDroid/src/main/java/com/ichi2/anki/browser/BrowserDestination.kt,4,66,7,73,2,3,2025-06-05,2025-12-04,141,18.25,0.5,0,0.0,0.4931506849315068
AnkiDroid/src/test/java/com/ichi2/anki/IntentHandlerTest.kt,4,61,12,73,4,4,2025-01-24,2025-08-21,246,18.25,0.25,1,0.25,0.7534246575342466
docs/marketing/localized_description/marketdescription-ro.txt,3,19,54,73,1,3,2025-05-10,2026-03-09,46,24.333333333333332,1.0,0,0.0,0.9178082191780822
AnkiDroid/src/test/java/com/ichi2/anki/multimediacard/activity/MultimediaEditFieldActivityTestBase.kt,2,0,73,73,2,2,2024-04-22,2024-08-01,631,36.5,0.5,0,0.0,0.8767123287671232
AnkiDroid/src/main/res/values-ml/16-multimedia-editor.xml,11,31,41,72,1,11,2024-07-20,2026-03-26,29,6.545454545454546,1.0,0,0.0,0.5694444444444444
AnkiDroid/src/androidTest/java/com/ichi2/anki/PagesTest.kt,9,38,34,72,4,7,2024-06-18,2025-12-11,134,8.0,0.5555555555555556,1,0.1111111111111111,0.3611111111111111
docs/marketing/localized_description/marketdescription-uz.txt,7,36,36,72,1,7,2025-05-10,2026-03-09,46,10.285714285714286,1.0,0,0.0,0.8055555555555556
libanki/src/main/java/com/ichi2/anki/libanki/CollectionFiles.kt,6,59,13,72,1,4,2025-07-06,2026-01-26,88,12.0,1.0,0,0.0,0.5972222222222222
.github/workflows/update_js_libs.yml,5,7,65,72,3,5,2025-08-01,2026-01-18,96,14.4,0.4,0,0.0,0.8611111111111112
AnkiDroid/src/main/java/com/ichi2/anki/browser/CardOrNoteId.kt,5,67,5,72,2,5,2024-06-19,2026-03-23,32,14.4,0.8,2,0.4,0.6111111111111112
AnkiDroid/src/main/java/com/ichi2/libanki/Config.kt,5,38,34,72,4,5,2024-04-26,2025-02-06,442,14.4,0.4,2,0.4,0.3194444444444444
AnkiDroid/src/main/java/com/ichi2/anki/JavaScriptSTT.kt,4,39,33,72,1,2,2024-12-09,2025-12-10,135,18.0,1.0,2,0.5,0.4305555555555556
AnkiDroid/src/main/java/com/ichi2/ui/RecyclerSingleTouchAdapter.kt,1,0,72,72,1,1,2025-03-22,2025-03-22,398,72.0,1.0,0,0.0,1.0
AnkiDroid/src/main/res/layout/view_answer_area.xml,1,72,0,72,1,1,2025-12-20,2025-12-20,125,72.0,1.0,0,0.0,1.0
AnkiDroid/src/main/res/values/theme_dark.xml,22,50,21,71,9,20,2024-04-07,2026-03-28,27,3.227272727272727,0.2727272727272727,4,0.18181818181818182,0.16901408450704225
AnkiDroid/src/main/res/values-ru/07-cardbrowser.xml,18,42,29,71,1,17,2024-08-08,2026-04-19,5,3.9444444444444446,1.0,0,0.0,0.30985915492957744
AnkiDroid/src/main/res/values/07-cardbrowser.xml,16,44,27,71,6,15,2024-07-21,2026-01-21,93,4.4375,0.3125,0,0.0,0.30985915492957744
AnkiDroid/src/main/res/values-cs/08-widget.xml,12,43,28,71,1,12,2024-08-28,2025-08-26,241,5.916666666666667,1.0,0,0.0,0.16901408450704225
AnkiDroid/src/main/res/values-be/08-widget.xml,10,43,28,71,1,10,2024-08-28,2026-01-03,111,7.1,1.0,0,0.0,0.22535211267605634
AnkiDroid/src/main/res/values-ug/09-backup.xml,3,70,1,71,1,3,2025-01-04,2026-04-06,18,23.666666666666668,1.0,0,0.0,0.9577464788732394
common/src/main/java/com/ichi2/anki/common/time/TimeUtils.kt,3,66,5,71,2,2,2025-06-18,2026-03-20,35,23.666666666666668,0.6666666666666666,1,0.3333333333333333,0.9154929577464789
AnkiDroid/src/test/java/com/ichi2/anki/servicelayer/scopedstorage/Utils.kt,2,2,69,71,2,2,2024-07-15,2024-08-27,605,35.5,0.5,0,0.0,0.9436619718309859
AnkiDroid/src/main/java/com/ichi2/anki/servicelayer/scopedstorage/migrateuserdata/MoveDirectory.kt,1,0,71,71,1,1,2024-08-27,2024-08-27,605,71.0,1.0,0,0.0,1.0
AnkiDroid/src/test/java/com/ichi2/anki/multimediacard/AudioRecorderAndroidTest.kt,1,0,71,71,1,1,2025-12-23,2025-12-23,122,71.0,1.0,0,0.0,1.0
AnkiDroid/src/main/res/values-or/07-cardbrowser.xml,17,43,27,70,1,15,2024-08-08,2026-04-19,5,4.117647058823529,1.0,0,0.0,0.4
AnkiDroid/src/main/res/values-ga/07-cardbrowser.xml,14,40,30,70,1,14,2024-08-08,2026-04-19,5,5.0,1.0,0,0.0,0.34285714285714286
AnkiDroid/src/main/res/layout/note_type_field_editor.xml,8,55,15,70,3,6,2025-05-29,2026-03-22,33,8.75,0.5,1,0.125,0.6142857142857143
AnkiDroid/src/test/java/com/ichi2/utils/ImportUtilsTest.kt,7,63,7,70,6,6,2024-11-12,2026-04-20,4,10.0,0.2857142857142857,0,0.0,0.6428571428571429
docs/marketing/localized_description/marketdescription-lv.txt,7,35,35,70,1,7,2025-04-27,2025-06-30,298,10.0,1.0,0,0.0,0.6571428571428571
AnkiDroid/src/main/java/com/ichi2/anki/settings/PrefKey.kt,3,35,35,70,1,2,2025-01-16,2025-01-24,455,23.333333333333332,1.0,0,0.0,0.5
AI_POLICY.md,2,70,0,70,2,2,2026-01-04,2026-01-28,86,35.0,0.5,0,0.0,0.8285714285714286
AnkiDroid/src/main/res/values-is/09-backup.xml,2,1,69,70,2,2,2025-05-24,2025-08-04,263,35.0,0.5,0,0.0,0.9714285714285714
AnkiDroid/src/main/res/values-jv/09-backup.xml,2,1,69,70,2,2,2025-05-24,2025-08-04,263,35.0,0.5,0,0.0,0.9714285714285714
AnkiDroid/src/test/java/com/ichi2/anki/widget/AnalyticalWidgetProviderTest.kt,2,69,1,70,2,2,2024-06-04,2025-09-09,227,35.0,0.5,0,0.0,0.9571428571428572
common/android/build.gradle.kts,2,70,0,70,1,1,2026-04-13,2026-04-13,11,35.0,1.0,0,0.0,0.9
AnkiDroid/src/main/java/com/ichi2/anki/multimediacard/fields/IFieldController.kt,1,0,70,70,1,1,2024-08-01,2024-08-01,631,70.0,1.0,0,0.0,1.0
AnkiDroid/src/main/res/values-uk/07-cardbrowser.xml,21,41,28,69,1,19,2024-05-19,2026-04-19,5,3.2857142857142856,1.0,0,0.0,0.2028985507246377
AnkiDroid/src/main/res/values-ar/16-multimedia-editor.xml,19,29,40,69,1,18,2024-07-20,2026-04-12,12,3.6315789473684212,1.0,0,0.0,0.21739130434782608
AnkiDroid/src/main/res/values-ka/07-cardbrowser.xml,16,41,28,69,1,16,2024-08-08,2026-04-19,5,4.3125,1.0,0,0.0,0.30434782608695654
AnkiDroid/src/main/res/values-et/16-multimedia-editor.xml,12,29,40,69,1,12,2024-07-20,2026-03-26,29,5.75,1.0,0,0.0,0.4927536231884058
AnkiDroid/src/main/res/values-pa/08-widget.xml,8,41,28,69,1,8,2024-08-28,2025-08-26,241,8.625,1.0,0,0.0,0.5507246376811594
AnkiDroid/src/main/res/values-gu/04-network.xml,7,34,35,69,1,7,2024-06-01,2026-03-30,25,9.857142857142858,1.0,0,0.0,0.6376811594202898
AnkiDroid/src/main/res/values-bn/04-network.xml,6,34,35,69,1,6,2024-06-09,2026-03-30,25,11.5,1.0,0,0.0,0.6666666666666666
AnkiDroid/src/main/java/com/ichi2/anki/servicelayer/CardService.kt,5,17,52,69,1,3,2024-08-14,2025-01-04,475,13.8,1.0,1,0.2,0.5362318840579711
AnkiDroid/src/main/res/values-da/04-network.xml,5,34,35,69,1,5,2024-06-09,2026-03-30,25,13.8,1.0,0,0.0,0.927536231884058
AnkiDroid/src/main/res/values-ta/04-network.xml,5,34,35,69,1,5,2024-06-09,2026-03-30,25,13.8,1.0,0,0.0,0.6086956521739131
AnkiDroid/src/main/java/com/ichi2/anki/ui/windows/reviewer/StudyCountsView.kt,3,64,5,69,2,3,2025-12-29,2026-03-23,32,23.0,0.6666666666666666,0,0.0,0.8985507246376812
AnkiDroid/src/main/res/layout/widget_card_analysis_drawable_v31.xml,3,65,4,69,1,3,2024-08-27,2025-02-15,433,23.0,1.0,0,0.0,0.8840579710144928
AnkiDroid/src/main/res/layout/deck_picker_dialog_list_item.xml,2,49,20,69,2,2,2024-03-21,2025-09-12,224,34.5,0.5,0,0.0,0.8840579710144928
AnkiDroid/src/test/java/com/ichi2/anki/widget/DeckAdapterTest.kt,2,60,9,69,2,2,2026-02-08,2026-04-10,14,34.5,0.5,0,0.0,0.8405797101449275
AnkiDroid/src/main/res/values/theme_light.xml,24,51,17,68,10,22,2024-04-07,2026-03-28,27,2.8333333333333335,0.2916666666666667,6,0.25,0.17647058823529413
AnkiDroid/src/main/res/values-pt-rBR/07-cardbrowser.xml,20,42,26,68,1,20,2024-05-01,2026-04-19,5,3.4,1.0,0,0.0,0.17647058823529413
libanki/src/main/java/com/ichi2/anki/libanki/Notetypes.kt,11,26,42,68,4,9,2025-07-06,2026-03-13,42,6.181818181818182,0.45454545454545453,1,0.09090909090909091,0.19117647058823528
AnkiDroid/src/main/java/com/ichi2/preferences/NumberRangePreference.kt,5,33,35,68,2,4,2024-05-21,2026-03-13,42,13.6,0.8,3,0.6,0.4411764705882353
AnkiDroid/src/main/java/com/ichi2/widget/WidgetUtils.kt,5,59,9,68,2,5,2024-06-10,2026-03-23,32,13.6,0.8,3,0.6,0.4411764705882353
AnkiDroid/src/test/java/com/ichi2/anki/libanki/DeckConfigTest.kt,5,29,39,68,1,3,2025-07-05,2025-07-18,280,13.6,1.0,0,0.0,0.5147058823529411
AnkiDroid/src/main/java/com/ichi2/anki/dialogs/SimpleMessageDialog.kt,4,40,28,68,1,3,2024-11-29,2025-12-10,135,17.0,1.0,1,0.25,0.4411764705882353
AnkiDroid/src/main/java/com/ichi2/anki/preferences/ControlsTabPreference.kt,4,66,2,68,3,4,2025-06-13,2026-03-23,32,17.0,0.5,2,0.5,0.8235294117647058
AnkiDroid/src/main/java/com/ichi2/anki/utils/ext/Translations.kt,3,53,15,68,3,3,2025-09-13,2025-12-11,134,22.666666666666668,0.3333333333333333,1,0.3333333333333333,0.4411764705882353
AnkiDroid/src/main/res/layout/fragment_switch_profiles.xml,3,66,2,68,1,2,2025-08-26,2025-12-06,139,22.666666666666668,1.0,0,0.0,0.5
AnkiDroid/src/main/res/drawable/ic_restart.xml,2,34,34,68,1,2,2024-06-13,2024-07-21,642,34.0,1.0,0,0.0,0.5
AnkiDroid/src/test/java/com/ichi2/anki/ShortcutTest.kt,2,34,34,68,2,2,2024-11-25,2025-01-12,467,34.0,0.5,1,0.5,0.5
buildSrc/src/main/kotlin/com/ichi2/anki/gradle/ReportOpener.kt,2,65,3,68,1,1,2026-04-17,2026-04-17,7,34.0,1.0,1,0.5,0.9117647058823529
AnkiDroid/src/main/res/values-ss/09-backup.xml,1,0,68,68,1,1,2025-08-04,2025-08-04,263,68.0,1.0,0,0.0,1.0
AnkiDroid/src/main/res/values-sw/09-backup.xml,1,0,68,68,1,1,2025-08-04,2025-08-04,263,68.0,1.0,0,0.0,1.0
AnkiDroid/src/main/res/values-tg/09-backup.xml,1,0,68,68,1,1,2025-08-04,2025-08-04,263,68.0,1.0,0,0.0,1.0
AnkiDroid/src/main/res/values-tn/09-backup.xml,1,0,68,68,1,1,2025-08-04,2025-08-04,263,68.0,1.0,0,0.0,1.0
AnkiDroid/src/main/res/values-ve/09-backup.xml,1,0,68,68,1,1,2025-08-04,2025-08-04,263,68.0,1.0,0,0.0,1.0
AnkiDroid/src/main/res/values-wo/09-backup.xml,1,0,68,68,1,1,2025-08-04,2025-08-04,263,68.0,1.0,0,0.0,1.0
AnkiDroid/src/main/res/values-xh/09-backup.xml,1,0,68,68,1,1,2025-08-04,2025-08-04,263,68.0,1.0,0,0.0,1.0
AnkiDroid/src/main/res/values-yue/09-backup.xml,1,0,68,68,1,1,2025-08-04,2025-08-04,263,68.0,1.0,0,0.0,1.0
AnkiDroid/src/main/res/values-zu/09-backup.xml,1,0,68,68,1,1,2025-08-04,2025-08-04,263,68.0,1.0,0,0.0,1.0
AnkiDroid/src/test/java/com/ichi2/anki/servicelayer/scopedstorage/MoveFileOrDirectoryTest.kt,1,0,68,68,1,1,2024-08-27,2024-08-27,605,68.0,1.0,0,0.0,1.0
AnkiDroid/src/test/java/com/ichi2/anki/utils/ext/ConfigTest.kt,1,68,0,68,1,1,2026-03-19,2026-03-19,36,68.0,1.0,0,0.0,1.0
testlib/src/main/java/com/ichi2/testutils/FailOnUnhandledExceptionRule.kt,1,68,0,68,1,1,2024-04-27,2024-04-27,727,68.0,1.0,0,0.0,1.0
AnkiDroid/src/main/res/values-hu/07-cardbrowser.xml,16,40,27,67,1,16,2024-08-08,2026-04-19,5,4.1875,1.0,0,0.0,0.31343283582089554
AnkiDroid/src/main/res/values-af/07-cardbrowser.xml,14,40,27,67,1,14,2024-08-08,2026-04-19,5,4.785714285714286,1.0,0,0.0,0.3283582089552239
AnkiDroid/src/main/res/values-am/07-cardbrowser.xml,14,40,27,67,1,14,2024-08-08,2026-04-19,5,4.785714285714286,1.0,0,0.0,0.3283582089552239
AnkiDroid/src/main/res/values-bg/07-cardbrowser.xml,14,40,27,67,1,14,2024-08-08,2026-04-19,5,4.785714285714286,1.0,0,0.0,0.3283582089552239
AnkiDroid/src/main/res/values-ca/07-cardbrowser.xml,14,40,27,67,1,14,2024-08-08,2026-04-19,5,4.785714285714286,1.0,0,0.0,0.3283582089552239
AnkiDroid/src/main/res/values-ckb/07-cardbrowser.xml,14,40,27,67,1,14,2024-08-08,2026-04-19,5,4.785714285714286,1.0,0,0.0,0.3283582089552239
AnkiDroid/src/main/res/values-eu/07-cardbrowser.xml,14,40,27,67,1,14,2024-08-08,2026-04-19,5,4.785714285714286,1.0,0,0.0,0.3283582089552239
AnkiDroid/src/main/res/values-fy/07-cardbrowser.xml,14,40,27,67,1,14,2024-08-08,2026-04-19,5,4.785714285714286,1.0,0,0.0,0.3283582089552239
AnkiDroid/src/main/res/values-pa/16-multimedia-editor.xml,11,28,39,67,1,11,2024-07-20,2026-03-26,29,6.090909090909091,1.0,0,0.0,0.5373134328358209
AnkiDroid/src/main/res/values-pl/08-widget.xml,11,41,26,67,1,10,2024-08-28,2026-01-28,86,6.090909090909091,1.0,0,0.0,0.3582089552238806
AnkiDroid/src/main/res/values-heb/08-widget.xml,8,41,26,67,1,8,2024-08-28,2025-08-26,241,8.375,1.0,0,0.0,0.3880597014925373
AnkiDroid/src/main/res/values-pa/04-network.xml,6,33,34,67,1,6,2024-06-09,2026-03-30,25,11.166666666666666,1.0,0,0.0,0.5373134328358209
AnkiDroid/src/androidTest/java/com/ichi2/anki/TestUtils.kt,4,32,35,67,1,2,2024-12-09,2025-12-10,135,16.75,1.0,2,0.5,0.4626865671641791
AnkiDroid/src/main/res/values-hr/04-network.xml,4,33,34,67,1,4,2024-06-09,2026-03-30,25,16.75,1.0,0,0.0,0.9552238805970149
AnkiDroid/src/test/java/com/ichi2/anki/dialogs/DeckPickerContextMenuTest.kt,4,35,32,67,3,4,2024-07-15,2025-07-05,293,16.75,0.5,1,0.25,0.7910447761194029
AnkiDroid/src/main/res/layout/widget_item_deck_main.xml,2,66,1,67,1,2,2024-05-22,2024-10-25,546,33.5,1.0,0,0.0,0.8805970149253731
AnkiDroid/src/test/java/com/ichi2/utils/ClipboardUtilTest.kt,2,66,1,67,2,2,2023-12-04,2024-07-24,639,33.5,0.5,0,0.0,0.9552238805970149
common/src/main/java/com/ichi2/anki/utils/android/ColorUtils.kt,2,67,0,67,1,2,2024-06-19,2025-01-06,473,33.5,1.0,1,0.5,0.7164179104477612
AnkiDroid/src/main/res/values-ur/11-arrays.xml,8,27,39,66,1,8,2024-07-19,2026-01-03,111,8.25,1.0,0,0.0,0.48484848484848486
AnkiDroid/src/main/res/xml/widget_provider_deck_picker.xml,5,47,19,66,3,4,2024-05-22,2026-03-15,40,13.2,0.6,0,0.0,0.42424242424242425
AnkiDroid/src/test/java/com/ichi2/libanki/FlagTest.kt,4,35,31,66,3,4,2024-11-03,2025-03-02,418,16.5,0.5,0,0.0,0.5303030303030303
AnkiDroid/src/test/java/com/ichi2/anki/tags/ManageTagsTestUtils.kt,3,57,9,66,1,2,2026-03-25,2026-04-20,4,22.0,1.0,1,0.3333333333333333,0.696969696969697
docs/marketing/localized_description/marketdescription-ur-PK.txt,3,33,33,66,1,3,2024-05-27,2025-06-30,298,22.0,1.0,0,0.0,0.9090909090909091
AnkiDroid/src/main/java/com/ichi2/anki/servicelayer/scopedstorage/DeleteEmptyDirectory.kt,2,3,63,66,2,2,2024-07-15,2024-08-27,605,33.0,0.5,0,0.0,0.9393939393939394
AnkiDroid/src/main/res/layout/dialog_key_picker.xml,2,35,31,66,2,2,2024-09-05,2025-09-11,225,33.0,0.5,1,0.5,0.9696969696969697
AnkiDroid/src/main/res/layout/template_previewer_container.xml,2,58,8,66,2,2,2024-08-17,2024-12-22,488,33.0,0.5,1,0.5,0.7878787878787878
AnkiDroid/src/main/java/com/ichi2/anki/servicelayer/scopedstorage/migrateuserdata/UserDataMigrationPreferences.kt,1,0,66,66,1,1,2024-08-27,2024-08-27,605,66.0,1.0,0,0.0,1.0
AnkiDroid/src/test/java/com/ichi2/anki/notetype/ManageNotetypesTest.kt,1,66,0,66,1,1,2026-03-23,2026-03-23,32,66.0,1.0,0,0.0,1.0
AnkiDroid/src/main/res/values-kn/07-cardbrowser.xml,16,39,26,65,1,16,2024-04-27,2026-04-19,5,4.0625,1.0,0,0.0,0.3230769230769231
AnkiDroid/src/main/res/values-ru/08-widget.xml,11,40,25,65,1,10,2024-08-28,2026-04-06,18,5.909090909090909,1.0,0,0.0,0.27692307692307694
AnkiDroid/src/androidTest/java/com/ichi2/anki/tests/libanki/DBTest.kt,8,34,31,65,2,5,2024-07-15,2025-12-10,135,8.125,0.875,2,0.25,0.47692307692307695
AnkiDroid/src/main/java/com/ichi2/anki/ui/windows/permissions/PermissionsUntil29Fragment.kt,8,37,28,65,4,6,2024-12-09,2026-03-16,39,8.125,0.375,0,0.0,0.49230769230769234
AnkiDroid/src/main/java/com/ichi2/preferences/IncrementerNumberRangePreference.kt,6,32,33,65,3,6,2024-05-21,2025-12-10,135,10.833333333333334,0.6666666666666666,1,0.16666666666666666,0.46153846153846156
AnkiDroid/src/main/java/com/ichi2/anki/multimedia/audio/AudioWaveform.kt,5,41,24,65,3,4,2024-08-03,2025-11-06,169,13.0,0.4,1,0.2,0.4153846153846154
AnkiDroid/src/main/res/values-ml/04-network.xml,5,32,33,65,1,5,2024-06-09,2026-03-30,25,13.0,1.0,0,0.0,0.8923076923076924
AnkiDroid/src/main/java/com/ichi2/anki/multimedia/MultimediaMenuProvider.kt,4,58,7,65,2,2,2024-07-21,2024-12-09,501,16.25,0.75,1,0.25,0.7846153846153846
AnkiDroid/src/test/java/com/ichi2/anki/AbstractFlashcardViewerCommandTest.kt,4,37,28,65,4,4,2024-07-15,2025-07-05,293,16.25,0.25,0,0.0,0.676923076923077
AnkiDroid/src/test/java/com/ichi2/anki/scheduling/SetDueDateViewModelTest.kt,4,61,4,65,3,4,2024-07-15,2025-07-05,293,16.25,0.5,0,0.0,0.7846153846153846
AnkiDroid/src/androidTest/java/com/ichi2/anki/testutil/NoteEditor.kt,3,59,6,65,2,2,2024-07-02,2024-12-09,501,21.666666666666668,0.6666666666666666,1,0.3333333333333333,0.8769230769230769
AnkiDroid/src/main/java/com/ichi2/anki/ui/ResizingDivider.kt,3,54,11,65,2,3,2025-07-25,2026-03-23,32,21.666666666666668,0.6666666666666666,0,0.0,0.7538461538461538
AnkiDroid/src/main/java/com/ichi2/ui/AxisPicker.kt,3,24,41,65,3,3,2025-09-11,2026-02-01,82,21.666666666666668,0.3333333333333333,1,0.3333333333333333,0.5846153846153846
AnkiDroid/src/main/java/com/ichi2/anki/utils/ext/FragmentResult.kt,2,50,15,65,2,2,2025-03-30,2025-12-10,135,32.5,0.5,1,0.5,0.5384615384615384
AnkiDroid/src/main/res/layout/fragment_audio_recording.xml,2,64,1,65,2,2,2024-08-01,2024-12-21,489,32.5,0.5,0,0.0,0.9692307692307692
AnkiDroid/src/main/res/layout/activity_card_analysis_widget_config.xml,1,65,0,65,1,1,2025-10-05,2025-10-05,201,65.0,1.0,0,0.0,1.0
AnkiDroid/src/main/res/layout/all_permissions_explanation_fragment.xml,1,65,0,65,1,1,2025-08-27,2025-08-27,240,65.0,1.0,0,0.0,1.0
AnkiDroid/src/main/res/values-is/20-search-preference.xml,1,0,65,65,1,1,2025-08-04,2025-08-04,263,65.0,1.0,0,0.0,1.0
AnkiDroid/src/main/res/values-iw/20-search-preference.xml,1,65,0,65,1,1,2024-05-02,2024-05-02,722,65.0,1.0,0,0.0,1.0
AnkiDroid/src/main/res/values-jv/20-search-preference.xml,1,0,65,65,1,1,2025-08-04,2025-08-04,263,65.0,1.0,0,0.0,1.0
AnkiDroid/src/main/res/values-ss/20-search-preference.xml,1,0,65,65,1,1,2025-08-04,2025-08-04,263,65.0,1.0,0,0.0,1.0
AnkiDroid/src/main/res/values-sw/20-search-preference.xml,1,0,65,65,1,1,2025-08-04,2025-08-04,263,65.0,1.0,0,0.0,1.0
AnkiDroid/src/main/res/values-tg/20-search-preference.xml,1,0,65,65,1,1,2025-08-04,2025-08-04,263,65.0,1.0,0,0.0,1.0
AnkiDroid/src/main/res/values-tn/20-search-preference.xml,1,0,65,65,1,1,2025-08-04,2025-08-04,263,65.0,1.0,0,0.0,1.0
AnkiDroid/src/main/res/values-ts/20-search-preference.xml,1,0,65,65,1,1,2025-08-04,2025-08-04,263,65.0,1.0,0,0.0,1.0
AnkiDroid/src/main/res/values-ug/20-search-preference.xml,1,65,0,65,1,1,2025-01-04,2025-01-04,475,65.0,1.0,0,0.0,1.0
AnkiDroid/src/main/res/values-ve/20-search-preference.xml,1,0,65,65,1,1,2025-08-04,2025-08-04,263,65.0,1.0,0,0.0,1.0
AnkiDroid/src/main/res/values-wo/20-search-preference.xml,1,0,65,65,1,1,2025-08-04,2025-08-04,263,65.0,1.0,0,0.0,1.0
AnkiDroid/src/main/res/values-xh/20-search-preference.xml,1,0,65,65,1,1,2025-08-04,2025-08-04,263,65.0,1.0,0,0.0,1.0
AnkiDroid/src/main/res/values-yue/20-search-preference.xml,1,0,65,65,1,1,2025-08-04,2025-08-04,263,65.0,1.0,0,0.0,1.0
AnkiDroid/src/main/res/values-zu/20-search-preference.xml,1,0,65,65,1,1,2025-08-04,2025-08-04,263,65.0,1.0,0,0.0,1.0
AnkiDroid/src/test/java/com/ichi2/anki/CardUtilsTest.kt,1,65,0,65,1,1,2026-03-04,2026-03-04,51,65.0,1.0,0,0.0,1.0
AnkiDroid/src/test/java/com/ichi2/anki/FlagSerializerTest.kt,1,65,0,65,1,1,2026-01-23,2026-01-23,91,65.0,1.0,0,0.0,1.0
AnkiDroid/src/test/java/com/ichi2/libanki/UtilsTest.kt,1,0,65,65,1,1,2025-07-05,2025-07-05,293,65.0,1.0,0,0.0,1.0
AnkiDroid/src/main/res/values-fil/17-model-manager.xml,11,35,29,64,1,11,2024-06-03,2026-04-19,5,5.818181818181818,1.0,0,0.0,0.46875
AnkiDroid/src/main/java/com/ichi2/anki/multimediacard/fields/TextField.kt,10,32,32,64,4,8,2024-07-17,2025-12-10,135,6.4,0.7,3,0.3,0.5625
lint-rules/src/main/java/com/ichi2/anki/lint/IssueRegistry.kt,10,38,26,64,7,8,2024-06-05,2026-02-08,75,6.4,0.2,2,0.2,0.46875
AnkiDroid/src/main/java/com/ichi2/anki/observability/ChangeManager.kt,6,58,6,64,3,6,2025-07-05,2026-04-17,7,10.666666666666666,0.3333333333333333,3,0.5,0.78125
AnkiDroid/src/main/java/com/ichi2/anki/utils/ext/Fragment.kt,6,60,4,64,4,6,2024-05-16,2026-03-28,27,10.666666666666666,0.5,1,0.16666666666666666,0.359375
AnkiDroid/src/main/java/com/ichi2/anki/ui/windows/permissions/TiramisuPermissionsFragment.kt,4,4,60,64,3,3,2024-12-09,2025-08-27,240,16.0,0.5,0,0.0,0.875
AnkiDroid/src/test/java/com/ichi2/libanki/DecksTest.kt,4,48,16,64,3,4,2023-12-04,2025-03-13,407,16.0,0.5,0,0.0,0.65625
fastlane/metadata/android/en-US/full_description.txt,4,53,11,64,3,3,2023-07-30,2025-06-28,300,16.0,0.5,0,0.0,0.59375
AnkiDroid/src/androidTest/java/com/ichi2/anki/DownloadFileTest.kt,3,56,8,64,1,2,2024-12-08,2024-12-09,501,21.333333333333332,1.0,1,0.3333333333333333,0.734375
docs/marketing/localized_description/marketdescription-et.txt,3,32,32,64,1,3,2025-05-10,2026-03-09,46,21.333333333333332,1.0,0,0.0,0.90625
AnkiDroid/src/main/java/com/ichi2/utils/ExifUtil.kt,2,28,36,64,2,2,2025-12-09,2025-12-10,135,32.0,0.5,2,1.0,0.5625
AnkiDroid/src/main/res/layout/audio_play_view.xml,2,61,3,64,2,2,2025-08-10,2025-09-11,225,32.0,0.5,0,0.0,0.90625
AnkiDroid/src/test/java/com/ichi2/anki/LoginActivityTest.kt,2,3,61,64,2,2,2025-01-16,2025-01-31,448,32.0,0.5,0,0.0,0.90625
AnkiDroid/src/main/res/layout/item_profiles.xml,1,64,0,64,1,1,2025-08-26,2025-08-26,241,64.0,1.0,0,0.0,1.0
AnkiDroid/src/main/java/com/ichi2/anki/reviewer/ActionButtonStatus.kt,8,34,29,63,4,6,2024-12-09,2025-09-13,223,7.875,0.625,3,0.375,0.5396825396825397
AnkiDroid/src/main/res/values-ta/08-widget.xml,8,38,25,63,1,8,2024-08-28,2025-08-26,241,7.875,1.0,0,0.0,0.3492063492063492
AnkiDroid/src/main/java/com/ichi2/utils/ClipboardUtil.kt,4,44,19,63,2,3,2024-07-24,2025-03-25,395,15.75,0.75,1,0.25,0.873015873015873
AnkiDroid/src/androidTest/java/com/ichi2/anki/testutil/IntroductionSlide.kt,3,45,18,63,3,3,2024-11-11,2026-01-24,90,21.0,0.3333333333333333,1,0.3333333333333333,0.49206349206349204
AnkiDroid/src/test/java/com/ichi2/libanki/FieldTest.kt,3,62,1,63,2,3,2024-12-23,2025-03-03,417,21.0,0.6666666666666666,1,0.3333333333333333,0.7142857142857143
vbpd/build.gradle.kts,3,55,8,63,2,2,2025-10-27,2025-11-04,171,21.0,0.6666666666666666,0,0.0,0.746031746031746
AnkiDroid/src/androidTest/java/com/ichi2/anki/testutil/StudyOptionsFragment.kt,2,47,16,63,2,2,2024-11-11,2025-12-10,135,31.5,0.5,1,0.5,0.5079365079365079
AnkiDroid/src/test/java/com/ichi2/anki/FlagTest.kt,2,63,0,63,1,2,2026-01-23,2026-04-14,10,31.5,1.0,0,0.0,0.9682539682539683
AnkiDroid/src/test/java/com/ichi2/libanki/ChangeManagerTest.kt,1,63,0,63,1,1,2024-08-26,2024-08-26,606,63.0,1.0,0,0.0,1.0
AnkiDroid/src/test/java/com/ichi2/preferences/IncrementerNumberRangePreferenceCompatTest.kt,1,63,0,63,1,1,2026-01-05,2026-01-05,109,63.0,1.0,1,1.0,1.0
lint-rules/src/test/java/com/ichi2/anki/lint/rules/LayoutPrefixDetectorTest.kt,1,63,0,63,1,1,2026-02-08,2026-02-08,75,63.0,1.0,0,0.0,1.0
AnkiDroid/src/main/java/com/ichi2/anki/DayRolloverHandler.kt,11,44,18,62,3,7,2024-07-15,2026-04-17,7,5.636363636363637,0.8181818181818182,2,0.18181818181818182,0.1935483870967742
AnkiDroid/src/main/res/values-ka/11-arrays.xml,10,25,37,62,1,10,2024-09-28,2026-01-03,111,6.2,1.0,0,0.0,0.5161290322580645
AnkiDroid/src/main/java/com/ichi2/anki/introduction/SetupCollectionFragment.kt,7,19,43,62,3,6,2024-07-15,2026-03-23,32,8.857142857142858,0.7142857142857143,1,0.14285714285714285,0.3225806451612903
libanki/src/test/java/com/ichi2/anki/libanki/FinderTest.kt,7,26,36,62,3,6,2025-07-07,2026-01-27,87,8.857142857142858,0.7142857142857143,0,0.0,0.3225806451612903
AnkiDroid/src/main/java/com/ichi2/anki/preferences/PreferenceUtils.kt,6,51,11,62,2,4,2024-12-09,2025-09-20,216,10.333333333333334,0.5,1,0.16666666666666666,0.3064516129032258
pre-commit,6,41,21,62,3,4,2024-12-12,2025-02-24,424,10.333333333333334,0.6666666666666666,3,0.5,0.3548387096774194
AnkiDroid/src/main/java/com/ichi2/anki/utils/ext/String.kt,2,44,18,62,2,2,2025-01-04,2025-02-06,442,31.0,0.5,0,0.0,0.7096774193548387
AnkiDroid/src/main/res/layout/alert_dialog_title_with_help.xml,2,56,6,62,2,2,2024-12-02,2026-01-18,96,31.0,0.5,0,0.0,0.5967741935483871
AnkiDroid/src/main/res/layout/popup_brush_options.xml,2,58,4,62,1,2,2025-09-05,2025-09-06,230,31.0,1.0,0,0.0,0.8870967741935484
AnkiDroid/src/test/java/com/ichi2/utils/EditTextUtilsTest.kt,2,62,0,62,1,2,2024-12-16,2026-04-14,10,31.0,1.0,0,0.0,0.9516129032258065
AnkiDroid/src/main/java/com/ichi2/anki/utils/AnimationUtils.kt,1,62,0,62,1,1,2025-11-18,2025-11-18,157,62.0,1.0,0,0.0,1.0
AnkiDroid/src/test/java/com/ichi2/anki/instanteditor/InstantEditorViewModelParameterizedTest.kt,1,62,0,62,1,1,2024-07-27,2024-07-27,636,62.0,1.0,1,1.0,1.0
AnkiDroid/src/main/res/values-tr/07-cardbrowser.xml,23,37,24,61,1,23,2024-05-12,2026-04-24,0,2.652173913043478,1.0,0,0.0,0.19672131147540983
AnkiDroid/src/main/res/values-fa/08-widget.xml,11,37,24,61,1,11,2024-08-28,2025-08-26,241,5.545454545454546,1.0,0,0.0,0.16393442622950818
AnkiDroid/src/main/res/values-ur/16-multimedia-editor.xml,10,25,36,61,1,10,2024-05-01,2026-03-26,29,6.1,1.0,0,0.0,0.5245901639344263
AnkiDroid/src/main/res/values-gu/08-widget.xml,8,37,24,61,1,8,2024-07-30,2025-08-26,241,7.625,1.0,0,0.0,0.32786885245901637
AnkiDroid/src/main/res/xml/preference_headers.xml,8,44,17,61,6,8,2024-05-23,2026-01-31,83,7.625,0.375,0,0.0,0.2786885245901639
AnkiDroid/src/main/java/com/ichi2/anki/ImageOcclusionIntentBuilder.kt,7,14,47,61,4,6,2024-07-02,2025-11-27,148,8.714285714285714,0.2857142857142857,1,0.14285714285714285,0.5081967213114754
AnkiDroid/src/main/java/com/ichi2/anki/cardviewer/GestureProcessor.kt,7,34,27,61,3,5,2024-12-08,2025-07-05,293,8.714285714285714,0.42857142857142855,1,0.14285714285714285,0.3442622950819672
AnkiDroid/src/main/java/com/ichi2/anki/cardviewer/TTS.kt,6,40,21,61,1,3,2024-12-09,2026-01-08,106,10.166666666666666,1.0,1,0.16666666666666666,0.47540983606557374
AnkiDroid/src/main/java/com/ichi2/anki/dialogs/customstudy/CustomStudyDialogFactory.kt,6,12,49,61,2,3,2024-12-09,2025-01-16,463,10.166666666666666,0.8333333333333334,1,0.16666666666666666,0.639344262295082
AnkiDroid/src/main/res/layout/dialog_deck_description.xml,4,45,16,61,1,3,2025-07-02,2025-09-11,225,15.25,1.0,0,0.0,0.5081967213114754
AnkiDroid/src/main/java/com/ichi2/async/CollectionLoader.kt,2,1,60,61,2,2,2025-07-05,2025-10-20,186,30.5,0.5,0,0.0,0.9672131147540983
AnkiDroid/src/main/res/values-iw/05-feedback.xml,2,60,1,61,1,2,2024-05-02,2024-10-20,551,30.5,1.0,0,0.0,0.9672131147540983
AnkiDroid/src/main/java/com/ichi2/preferences/VersatileTextPreference.kt,1,45,16,61,1,1,2026-04-06,2026-04-06,18,61.0,1.0,0,0.0,1.0
lint-rules/src/test/java/com/ichi2/anki/lint/rules/SentenceCaseConventionsTest.kt,1,61,0,61,1,1,2025-03-19,2025-03-19,401,61.0,1.0,0,0.0,1.0
AnkiDroid/src/main/res/values/ids.xml,12,60,0,60,3,10,2024-06-20,2026-04-22,2,5.0,0.8333333333333334,0,0.0,0.43333333333333335
AnkiDroid/src/main/java/com/ichi2/anki/preferences/SyncSettingsFragment.kt,10,44,16,60,3,8,2024-11-23,2026-04-17,7,6.0,0.4,1,0.1,0.25
AnkiDroid/robolectricDownloader.gradle,6,27,33,60,2,6,2024-10-09,2026-04-17,7,10.0,0.8333333333333334,0,0.0,0.5333333333333333
AnkiDroid/src/main/res/layout-xlarge/card_browser.xml,6,47,13,60,4,6,2024-07-06,2026-01-04,110,10.0,0.5,0,0.0,0.45
AnkiDroid/src/test/java/com/ichi2/testutils/ScreenSize.kt,3,58,2,60,1,3,2025-11-24,2026-01-24,90,20.0,1.0,1,0.3333333333333333,0.6333333333333333
AnkiDroid/src/main/java/com/ichi2/anki/reviewer/Axis.kt,2,1,59,60,2,2,2025-04-05,2026-03-22,33,30.0,0.5,0,0.0,0.9666666666666667
AnkiDroid/src/main/java/com/ichi2/anki/multimediacard/fields/FieldControllerBase.kt,1,0,60,60,1,1,2024-08-01,2024-08-01,631,60.0,1.0,0,0.0,1.0
AnkiDroid/src/main/res/layout/activity_manage_space.xml,1,0,60,60,1,1,2025-08-02,2025-08-02,265,60.0,1.0,1,1.0,1.0
AnkiDroid/src/test/java/com/ichi2/anki/multiprofile/ProfileIdTest.kt,1,60,0,60,1,1,2026-03-21,2026-03-21,34,60.0,1.0,0,0.0,1.0
AnkiDroid/src/test/java/com/ichi2/anki/notetype/AddNewNotesTypeTest.kt,1,60,0,60,1,1,2026-03-23,2026-03-23,32,60.0,1.0,0,0.0,1.0
AnkiDroid/src/test/java/com/ichi2/anki/previewer/TypeAnswerTest.kt,1,60,0,60,1,1,2026-03-24,2026-03-24,31,60.0,1.0,1,1.0,1.0
AnkiDroid/src/main/res/values-zh-rCN/07-cardbrowser.xml,23,36,23,59,1,23,2024-04-25,2026-04-22,2,2.5652173913043477,1.0,0,0.0,0.2033898305084746
AnkiDroid/src/main/res/values-fil/16-multimedia-editor.xml,12,24,35,59,1,12,2024-06-03,2026-03-26,29,4.916666666666667,1.0,0,0.0,0.4067796610169492
AnkiDroid/src/main/res/values-hr/16-multimedia-editor.xml,11,24,35,59,1,11,2024-07-20,2026-03-26,29,5.363636363636363,1.0,0,0.0,0.4745762711864407
AnkiDroid/src/main/res/values-eo/08-widget.xml,10,36,23,59,1,10,2024-08-28,2025-08-26,241,5.9,1.0,0,0.0,0.2711864406779661
AnkiDroid/src/main/res/values-de/08-widget.xml,9,36,23,59,1,9,2024-08-28,2025-08-26,241,6.555555555555555,1.0,0,0.0,0.3728813559322034
AnkiDroid/src/main/res/values-uz/09-backup.xml,4,30,29,59,1,4,2025-06-24,2026-04-19,5,14.75,1.0,0,0.0,0.6779661016949152
AnkiDroid/src/main/java/com/ichi2/anki/logging/FragmentLifecycleLogger.kt,2,40,19,59,1,1,2024-12-09,2024-12-09,501,29.5,1.0,0,0.0,0.5932203389830508
AnkiDroid/src/main/java/com/ichi2/imagecropper/ImageCropperLauncher.kt,2,58,1,59,2,2,2024-08-05,2024-12-09,501,29.5,0.5,1,0.5,0.9322033898305084
AnkiDroid/src/main/java/com/ichi2/anki/exception/SystemStorageException.kt,1,59,0,59,1,1,2025-11-17,2025-11-17,158,59.0,1.0,0,0.0,1.0
AnkiDroid/src/main/res/values-is/05-feedback.xml,1,0,59,59,1,1,2025-08-04,2025-08-04,263,59.0,1.0,0,0.0,1.0
AnkiDroid/src/main/res/values-jv/05-feedback.xml,1,0,59,59,1,1,2025-08-04,2025-08-04,263,59.0,1.0,0,0.0,1.0
AnkiDroid/src/main/res/values-ss/05-feedback.xml,1,0,59,59,1,1,2025-08-04,2025-08-04,263,59.0,1.0,0,0.0,1.0
AnkiDroid/src/main/res/values-sw/05-feedback.xml,1,0,59,59,1,1,2025-08-04,2025-08-04,263,59.0,1.0,0,0.0,1.0
AnkiDroid/src/main/res/values-tg/05-feedback.xml,1,0,59,59,1,1,2025-08-04,2025-08-04,263,59.0,1.0,0,0.0,1.0
AnkiDroid/src/main/res/values-tn/05-feedback.xml,1,0,59,59,1,1,2025-08-04,2025-08-04,263,59.0,1.0,0,0.0,1.0
AnkiDroid/src/main/res/values-ts/05-feedback.xml,1,0,59,59,1,1,2025-08-04,2025-08-04,263,59.0,1.0,0,0.0,1.0
AnkiDroid/src/main/res/values-ug/05-feedback.xml,1,59,0,59,1,1,2025-01-04,2025-01-04,475,59.0,1.0,0,0.0,1.0
AnkiDroid/src/main/res/values-ve/05-feedback.xml,1,0,59,59,1,1,2025-08-04,2025-08-04,263,59.0,1.0,0,0.0,1.0
AnkiDroid/src/main/res/values-wo/05-feedback.xml,1,0,59,59,1,1,2025-08-04,2025-08-04,263,59.0,1.0,0,0.0,1.0
AnkiDroid/src/main/res/values-xh/05-feedback.xml,1,0,59,59,1,1,2025-08-04,2025-08-04,263,59.0,1.0,0,0.0,1.0
AnkiDroid/src/main/res/values-yue/05-feedback.xml,1,0,59,59,1,1,2025-08-04,2025-08-04,263,59.0,1.0,0,0.0,1.0
AnkiDroid/src/main/res/values-zu/05-feedback.xml,1,0,59,59,1,1,2025-08-04,2025-08-04,263,59.0,1.0,0,0.0,1.0
buildSrc/src/main/kotlin/com/ichi2/anki/gradle/GitHubActionsTestListener.kt,1,59,0,59,1,1,2026-04-17,2026-04-17,7,59.0,1.0,0,0.0,1.0
testlib/src/test/java/com/ichi2/testutils/common/AnkiAssertTest.kt,1,59,0,59,1,1,2024-11-06,2024-11-06,534,59.0,1.0,0,0.0,1.0
AnkiDroid/src/main/res/values-kn/17-model-manager.xml,11,32,26,58,1,11,2024-04-27,2026-04-19,5,5.2727272727272725,1.0,0,0.0,0.3448275862068966
AnkiDroid/src/main/res/values-lt/17-model-manager.xml,10,32,26,58,1,10,2025-02-08,2026-04-19,5,5.8,1.0,0,0.0,0.5172413793103449
AnkiDroid/src/main/res/values-hy/11-arrays.xml,8,23,35,58,1,8,2024-09-28,2026-01-03,111,7.25,1.0,0,0.0,0.5517241379310345
AnkiDroid/src/main/res/values-ind/11-arrays.xml,8,23,35,58,1,8,2024-09-28,2026-01-03,111,7.25,1.0,0,0.0,0.5517241379310345
AnkiDroid/src/main/res/values-kk/11-arrays.xml,8,23,35,58,1,8,2024-09-28,2026-01-03,111,7.25,1.0,0,0.0,0.5517241379310345
AnkiDroid/src/main/res/values-ku/11-arrays.xml,8,23,35,58,1,8,2024-09-28,2026-01-03,111,7.25,1.0,0,0.0,0.5517241379310345
AnkiDroid/src/main/res/values-ky/11-arrays.xml,8,23,35,58,1,8,2024-09-28,2026-01-03,111,7.25,1.0,0,0.0,0.5517241379310345
AnkiDroid/src/main/res/values-mk/11-arrays.xml,8,23,35,58,1,8,2024-09-28,2026-01-03,111,7.25,1.0,0,0.0,0.5517241379310345
AnkiDroid/src/main/res/values-mn/11-arrays.xml,8,23,35,58,1,8,2024-09-28,2026-01-03,111,7.25,1.0,0,0.0,0.5517241379310345
AnkiDroid/src/main/res/values-ms/11-arrays.xml,8,23,35,58,1,8,2024-09-28,2026-01-03,111,7.25,1.0,0,0.0,0.5517241379310345
AnkiDroid/src/main/res/values-my/11-arrays.xml,8,23,35,58,1,8,2024-09-28,2026-01-03,111,7.25,1.0,0,0.0,0.5517241379310345
AnkiDroid/src/main/res/values-ro/11-arrays.xml,8,23,35,58,1,8,2024-09-28,2026-01-03,111,7.25,1.0,0,0.0,0.5517241379310345
AnkiDroid/src/main/res/values-sl/11-arrays.xml,8,23,35,58,1,8,2024-09-28,2026-01-03,111,7.25,1.0,0,0.0,0.5517241379310345
AnkiDroid/src/main/res/values-sq/11-arrays.xml,8,23,35,58,1,8,2024-09-28,2026-01-03,111,7.25,1.0,0,0.0,0.5517241379310345
AnkiDroid/src/main/res/values-sr/11-arrays.xml,8,23,35,58,1,8,2024-09-28,2026-01-03,111,7.25,1.0,0,0.0,0.5517241379310345
AnkiDroid/src/main/java/com/ichi2/anki/multimediacard/fields/IField.kt,6,28,30,58,3,5,2024-07-17,2025-12-10,135,9.666666666666666,0.6666666666666666,1,0.16666666666666666,0.6206896551724138
AnkiDroid/src/main/res/values-iw/06-statistics.xml,4,53,5,58,1,4,2024-05-02,2025-01-05,474,14.5,1.0,0,0.0,0.8793103448275862
AnkiDroid/src/main/res/layout/card_browser_item_my_searches_dialog.xml,3,39,19,58,3,3,2024-12-26,2025-09-11,225,19.333333333333332,0.3333333333333333,1,0.3333333333333333,0.6896551724137931
AnkiDroid/src/test/java/com/ichi2/anki/utils/ext/CardExt.kt,3,29,29,58,2,3,2025-03-02,2025-07-21,277,19.333333333333332,0.6666666666666666,0,0.0,0.4827586206896552
AnkiDroid/src/main/java/com/ichi2/anki/utils/ShortcutUtils.kt,2,57,1,58,2,2,2025-12-14,2026-04-17,7,29.0,0.5,1,0.5,0.9655172413793104
AnkiDroid/src/main/res/drawable/ic_rounded_draw.xml,2,29,29,58,2,2,2024-06-13,2025-11-30,145,29.0,0.5,0,0.0,0.5
AnkiDroid/src/main/res/values-vi/07-cardbrowser.xml,16,35,22,57,1,16,2024-05-01,2026-04-19,5,3.5625,1.0,0,0.0,0.42105263157894735
AnkiDroid/src/main/res/values-hy/07-cardbrowser.xml,15,35,22,57,1,15,2024-08-08,2026-04-19,5,3.8,1.0,0,0.0,0.3684210526315789
AnkiDroid/src/main/res/values-nl/08-widget.xml,9,35,22,57,1,9,2024-08-28,2025-08-26,241,6.333333333333333,1.0,0,0.0,0.3157894736842105
AnkiDroid/proguard-rules.pro,8,34,23,57,6,8,2024-06-25,2026-03-02,53,7.125,0.25,5,0.625,0.5964912280701754
AnkiDroid/src/main/res/values-kn/08-widget.xml,8,35,22,57,1,8,2024-04-27,2025-08-26,241,7.125,1.0,0,0.0,0.3508771929824561
.editorconfig,7,40,17,57,4,5,2023-12-04,2025-12-16,129,8.142857142857142,0.5714285714285714,1,0.14285714285714285,0.3157894736842105
AnkiDroid/src/main/assets/scripts/js-api.js,7,44,13,57,4,7,2024-04-24,2025-06-24,304,8.142857142857142,0.5714285714285714,2,0.2857142857142857,0.3333333333333333
AnkiDroid/src/main/java/com/ichi2/anki/dialogs/help/HelpItemActionsDispatcher.kt,6,31,26,57,4,5,2024-12-09,2026-04-17,7,9.5,0.5,1,0.16666666666666666,0.45614035087719296
AnkiDroid/src/main/java/com/ichi2/anki/export/ExportDialogsFactory.kt,4,7,50,57,2,2,2024-12-09,2025-03-03,417,14.25,0.75,1,0.25,0.7719298245614035
AnkiDroid/src/test/java/com/ichi2/utils/KeyUtilsTest.kt,2,57,0,57,2,2,2024-07-13,2026-04-14,10,28.5,0.5,0,0.0,0.9473684210526315
AnkiDroid/src/main/java/com/ichi2/anki/pages/CardInfo.kt,1,0,57,57,1,1,2024-06-18,2024-06-18,675,57.0,1.0,0,0.0,1.0
AnkiDroid/src/test/java/com/ichi2/testutils/CollectionDBCorruption.kt,1,0,57,57,1,1,2024-12-07,2024-12-07,503,57.0,1.0,0,0.0,1.0
tools/chromeos/release.sh,1,0,57,57,1,1,2024-05-04,2024-05-04,720,57.0,1.0,0,0.0,1.0
tools/update-js-libs.sh,1,0,57,57,1,1,2024-10-11,2024-10-11,560,57.0,1.0,0,0.0,1.0
AnkiDroid/src/main/res/values-ja/11-arrays.xml,12,22,34,56,1,12,2024-06-27,2026-02-11,72,4.666666666666667,1.0,0,0.0,0.2857142857142857
.github/workflows/publish.yml,11,33,23,56,6,11,2024-06-22,2026-03-10,45,5.090909090909091,0.2727272727272727,2,0.18181818181818182,0.25
AnkiDroid/src/main/res/values-ur/17-model-manager.xml,9,31,25,56,1,9,2024-08-19,2026-04-19,5,6.222222222222222,1.0,0,0.0,0.5714285714285714
AnkiDroid/src/androidTest/java/com/ichi2/anki/tests/NotificationChannelTest.kt,7,26,30,56,3,6,2024-04-29,2026-03-22,33,8.0,0.7142857142857143,2,0.2857142857142857,0.5357142857142857
AnkiDroid/src/test/java/com/ichi2/testutils/AnkiAssert.kt,6,3,53,56,2,3,2023-12-04,2025-07-07,291,9.333333333333334,0.8333333333333334,0,0.0,0.5714285714285714
AnkiDroid/src/main/res/values-ug/06-statistics.xml,2,52,4,56,1,2,2025-01-04,2025-01-05,474,28.0,1.0,0,0.0,0.9285714285714286
AnkiDroid/src/main/java/com/ichi2/anki/ui/animations/ViewAnimations.kt,1,56,0,56,1,1,2025-07-15,2025-07-15,283,56.0,1.0,1,1.0,1.0
AnkiDroid/src/test/java/com/ichi2/anki/browser/BrowserMultiColumnAdapterTest.kt,1,56,0,56,1,1,2024-07-09,2024-07-09,654,56.0,1.0,0,0.0,1.0
AnkiDroid/src/test/java/com/ichi2/widget/WidgetUtilsIntegrationTest.kt,1,56,0,56,1,1,2024-06-10,2024-06-10,683,56.0,1.0,1,1.0,1.0
AnkiDroid/src/main/res/values-sat/07-cardbrowser.xml,13,34,21,55,1,13,2024-08-08,2026-04-19,5,4.230769230769231,1.0,0,0.0,0.4727272727272727
AnkiDroid/src/main/res/values-el/08-widget.xml,11,34,21,55,1,11,2024-08-28,2025-08-26,241,5.0,1.0,0,0.0,0.2909090909090909
AnkiDroid/src/main/res/values-es-rAR/08-widget.xml,9,34,21,55,1,9,2024-08-28,2025-08-26,241,6.111111111111111,1.0,0,0.0,0.4
AnkiDroid/src/main/res/values-pt-rBR/08-widget.xml,9,34,21,55,1,9,2024-08-28,2025-08-26,241,6.111111111111111,1.0,0,0.0,0.36363636363636365
AnkiDroid/src/main/res/values-fi/08-widget.xml,8,34,21,55,1,8,2024-08-28,2025-10-26,180,6.875,1.0,0,0.0,0.4
AnkiDroid/src/main/java/com/ichi2/anki/BackendBackups.kt,7,26,29,55,3,7,2024-12-09,2026-04-01,23,7.857142857142857,0.7142857142857143,1,0.14285714285714285,0.5454545454545454
AnkiDroid/src/main/res/layout/fragment_card_browser_searchview.xml,7,43,12,55,1,5,2026-01-19,2026-03-23,32,7.857142857142857,1.0,0,0.0,0.23636363636363636
AnkiDroid/src/androidTest/java/com/ichi2/anki/tests/libanki/RetryRule.kt,4,30,25,55,1,2,2024-12-09,2025-12-10,135,13.75,1.0,2,0.5,0.6
AnkiDroid/src/main/res/layout-sw600dp/preferences.xml,3,26,29,55,1,3,2024-11-23,2025-07-03,295,18.333333333333332,1.0,0,0.0,0.6727272727272727
AnkiDroid/src/main/res/layout/media_check_dialog_body.xml,3,3,52,55,2,3,2024-12-26,2025-02-19,429,18.333333333333332,0.6666666666666666,1,0.3333333333333333,0.8545454545454545
AnkiDroid/src/test/java/com/ichi2/anki/observability/ChangeManagerTest.kt,3,51,4,55,2,3,2025-07-05,2025-11-21,154,18.333333333333332,0.6666666666666666,1,0.3333333333333333,0.8909090909090909
AnkiDroid/src/test/java/com/ichi2/utils/WebViewUtilsTest.kt,3,50,5,55,1,2,2023-12-04,2024-11-26,514,18.333333333333332,1.0,1,0.3333333333333333,0.8
AnkiDroid/src/main/res/layout/dialog_insert_field.xml,1,55,0,55,1,1,2026-01-06,2026-01-06,108,55.0,1.0,0,0.0,1.0
.github/workflows/sync_translations.yml,10,40,14,54,5,9,2024-04-25,2026-04-16,8,5.4,0.3,1,0.1,0.5185185185185185
AnkiDroid/src/main/res/values-hr/08-widget.xml,7,34,20,54,1,7,2024-08-28,2026-01-28,86,7.714285714285714,1.0,0,0.0,0.4444444444444444
AnkiDroid/src/main/res/values-tgl/11-arrays.xml,7,21,33,54,1,7,2024-09-28,2026-01-03,111,7.714285714285714,1.0,0,0.0,0.5925925925925926
AnkiDroid/src/main/res/values-th/11-arrays.xml,7,21,33,54,1,7,2024-09-28,2026-01-03,111,7.714285714285714,1.0,0,0.0,0.5925925925925926
AnkiDroid/src/main/res/values-ti/11-arrays.xml,7,21,33,54,1,7,2024-09-28,2026-01-03,111,7.714285714285714,1.0,0,0.0,0.5925925925925926
AnkiDroid/src/main/res/values-tt/11-arrays.xml,7,21,33,54,1,7,2024-09-28,2026-01-03,111,7.714285714285714,1.0,0,0.0,0.5925925925925926
libanki/src/main/java/com/ichi2/anki/libanki/Card.kt,7,39,15,54,3,6,2025-07-06,2026-04-18,6,7.714285714285714,0.7142857142857143,0,0.0,0.35185185185185186
docs/marketing/localized_description/marketdescription-got.txt,5,27,27,54,1,5,2025-05-10,2026-01-12,102,10.8,1.0,0,0.0,0.4074074074074074
AnkiDroid/src/main/assets/scripts/ankidroid-reviewer.js,4,44,10,54,1,3,2025-12-14,2026-04-22,2,13.5,1.0,3,0.75,0.6851851851851852
AnkiDroid/src/main/java/com/ichi2/anki/observability/OpChangesNotifier.kt,4,49,5,54,1,3,2025-06-18,2026-03-25,30,13.5,1.0,0,0.0,0.7037037037037037
AnkiDroid/src/main/java/com/ichi2/anki/LeakCanaryConfiguration.kt,3,29,25,54,1,2,2024-12-09,2025-12-10,135,18.0,1.0,1,0.3333333333333333,0.5555555555555556
AnkiDroid/src/main/java/com/ichi2/anki/ui/DoubleTapListener.kt,3,30,24,54,1,1,2024-12-09,2024-12-09,501,18.0,1.0,1,0.3333333333333333,0.8518518518518519
libanki/src/main/java/com/ichi2/anki/libanki/Sync.kt,3,15,39,54,1,3,2025-06-18,2025-12-10,135,18.0,1.0,1,0.3333333333333333,0.5555555555555556
AnkiDroid/src/main/java/com/ichi2/anki/noteeditor/EditCardDestination.kt,2,6,48,54,1,2,2024-07-02,2024-07-04,659,27.0,1.0,0,0.0,0.8148148148148148
AnkiDroid/src/main/java/com/ichi2/anki/model/DiskFile.kt,1,0,54,54,1,1,2024-08-27,2024-08-27,605,54.0,1.0,0,0.0,1.0
AnkiDroid/src/main/java/com/ichi2/anki/utils/ext/TextView.kt,1,54,0,54,1,1,2025-07-18,2025-07-18,280,54.0,1.0,0,0.0,1.0
AnkiDroid/src/main/java/com/ichi2/libanki/BrowserConfig.kt,1,54,0,54,1,1,2024-06-12,2024-06-12,681,54.0,1.0,0,0.0,1.0
AnkiDroid/src/main/res/layout/toolbar.xml,1,26,28,54,1,1,2026-02-01,2026-02-01,82,54.0,1.0,0,0.0,1.0
AnkiDroid/src/test/java/com/ichi2/utils/HtmlUtilsTest.kt,1,0,54,54,1,1,2025-10-03,2025-10-03,203,54.0,1.0,0,0.0,1.0
AnkiDroid/src/main/res/values-be/16-multimedia-editor.xml,17,21,32,53,1,17,2024-07-20,2026-04-12,12,3.1176470588235294,1.0,0,0.0,0.2830188679245283
AnkiDroid/src/main/res/values-fr/16-multimedia-editor.xml,14,21,32,53,1,14,2024-07-20,2026-03-30,25,3.7857142857142856,1.0,0,0.0,0.2830188679245283
AnkiDroid/src/main/res/values/colors.xml,10,42,11,53,5,10,2024-04-22,2026-04-06,18,5.3,0.4,1,0.1,0.22641509433962265
AnkiDroid/src/main/res/values-fr/08-widget.xml,9,33,20,53,1,9,2024-08-28,2025-08-26,241,5.888888888888889,1.0,0,0.0,0.37735849056603776
AnkiDroid/src/main/res/values-es-rES/08-widget.xml,8,33,20,53,1,8,2024-08-28,2025-08-26,241,6.625,1.0,0,0.0,0.41509433962264153
AnkiDroid/src/main/res/values-it/08-widget.xml,8,33,20,53,1,8,2024-08-28,2026-03-13,42,6.625,1.0,0,0.0,0.41509433962264153
AnkiDroid/src/main/res/values-pt-rPT/08-widget.xml,8,33,20,53,1,7,2024-08-28,2025-08-26,241,6.625,1.0,0,0.0,0.2641509433962264
AnkiDroid/src/main/res/values-et/08-widget.xml,7,33,20,53,1,7,2024-08-28,2026-03-09,46,7.571428571428571,1.0,0,0.0,0.49056603773584906
AnkiDroid/src/main/java/com/ichi2/anki/ui/windows/reviewer/autoadvance/QuestionAction.kt,6,43,10,53,3,5,2024-06-22,2025-12-27,118,8.833333333333334,0.5,1,0.16666666666666666,0.5660377358490566
AnkiDroid/src/main/java/com/ichi2/anki/LanguageUtils.kt,5,29,24,53,4,5,2024-07-15,2026-01-30,84,10.6,0.4,1,0.2,0.5283018867924528
AnkiDroid/src/main/java/com/ichi2/anki/utils/ext/Collection.kt,5,52,1,53,2,5,2025-03-02,2026-03-23,32,10.6,0.6,1,0.2,0.5283018867924528
AnkiDroid/src/main/res/layout-xlarge/homescreen.xml,5,34,19,53,3,5,2024-10-26,2025-09-10,226,10.6,0.6,1,0.2,0.32075471698113206
AnkiDroid/src/main/java/com/ichi2/anki/preferences/ExtendedPreferenceCategory.kt,4,27,26,53,2,3,2024-12-09,2026-03-23,32,13.25,0.75,0,0.0,0.8301886792452831
AnkiDroid/src/main/java/com/ichi2/anki/scheduling/Fsrs.kt,4,51,2,53,1,4,2025-07-09,2025-11-22,153,13.25,1.0,0,0.0,0.9056603773584906
AnkiDroid/src/main/res/layout/fragment_custom_study.xml,4,37,16,53,1,2,2025-12-15,2025-12-18,127,13.25,1.0,0,0.0,0.4716981132075472
AnkiDroid/src/test/java/com/ichi2/testutils/ext/Collection.kt,4,45,8,53,1,3,2025-01-10,2025-07-07,291,13.25,1.0,0,0.0,0.4716981132075472
AnkiDroid/src/main/res/values-is/06-statistics.xml,3,1,52,53,2,3,2024-10-06,2025-08-04,263,17.666666666666668,0.6666666666666666,0,0.0,0.9056603773584906
AnkiDroid/src/main/res/values-jv/06-statistics.xml,3,1,52,53,2,3,2024-10-06,2025-08-04,263,17.666666666666668,0.6666666666666666,0,0.0,0.9056603773584906
libanki/src/main/java/com/ichi2/anki/libanki/Storage.kt,3,33,20,53,1,3,2025-07-06,2025-12-10,135,17.666666666666668,1.0,1,0.3333333333333333,0.5849056603773585
AnkiDroid/src/main/res/layout/gesture_display.xml,2,34,19,53,2,2,2025-01-26,2025-09-11,225,26.5,0.5,0,0.0,0.9622641509433962
AnkiDroid/src/main/res/layout/tags_dialog.xml,2,40,13,53,2,2,2025-05-10,2025-09-11,225,26.5,0.5,0,0.0,0.7358490566037735
AnkiDroid/src/test/java/com/ichi2/anki/multimediacard/AudioRecorderTest.kt,2,2,51,53,2,2,2024-07-15,2025-12-23,122,26.5,0.5,0,0.0,0.9433962264150944
compat/src/main/java/com/ichi2/anki/compat/ResolveInfoCompat.kt,2,40,13,53,1,2,2026-03-22,2026-04-19,5,26.5,1.0,1,0.5,0.9622641509433962
AnkiDroid/src/main/java/com/ichi2/anki/ImageOcclusionActivity.kt,1,0,53,53,1,1,2024-05-21,2024-05-21,703,53.0,1.0,0,0.0,1.0
AnkiDroid/src/main/java/com/ichi2/anki/dialogs/FatalErrorDialog.kt,1,53,0,53,1,1,2025-11-21,2025-11-21,154,53.0,1.0,1,1.0,1.0
AnkiDroid/src/main/java/com/ichi2/anki/exception/CombinedException.kt,1,53,0,53,1,1,2025-11-24,2025-11-24,151,53.0,1.0,0,0.0,1.0
AnkiDroid/src/main/java/com/ichi2/anki/ui/windows/reviewer/whiteboard/EraserButton.kt,1,53,0,53,1,1,2025-09-05,2025-09-05,231,53.0,1.0,0,0.0,1.0
AnkiDroid/src/main/java/com/ichi2/anki/utils/ext/ParcelableUtils.kt,1,53,0,53,1,1,2025-07-02,2025-07-02,296,53.0,1.0,1,1.0,1.0
AnkiDroid/src/main/java/com/ichi2/async/AsyncOperation.kt,1,0,53,53,1,1,2025-10-20,2025-10-20,186,53.0,1.0,0,0.0,1.0
AnkiDroid/src/main/res/values-tr/17-model-manager.xml,13,29,23,52,1,13,2025-02-08,2026-04-24,0,4.0,1.0,0,0.0,0.2692307692307692
AnkiDroid/src/main/res/values-hy/17-model-manager.xml,10,29,23,52,1,10,2024-07-04,2026-04-19,5,5.2,1.0,0,0.0,0.46153846153846156
AnkiDroid/src/main/res/values-pt-rBR/11-arrays.xml,10,20,32,52,1,10,2024-08-01,2026-01-03,111,5.2,1.0,0,0.0,0.34615384615384615
AnkiDroid/src/main/res/values-ko/08-widget.xml,9,32,20,52,1,9,2024-08-28,2025-08-26,241,5.777777777777778,1.0,0,0.0,0.38461538461538464
AnkiDroid/src/androidTest/java/com/ichi2/anki/NoteEditorTabOrderTest.kt,5,17,35,52,4,4,2024-07-02,2025-07-09,289,10.4,0.4,0,0.0,0.7115384615384616
AnkiDroid/src/test/java/com/ichi2/anki/NoteTypeFieldEditorTest.kt,5,26,26,52,3,5,2025-05-29,2025-12-10,135,10.4,0.6,1,0.2,0.5769230769230769
api/src/main/java/com/ichi2/anki/api/AddContentApi.kt,5,26,26,52,4,5,2024-07-15,2025-12-10,135,10.4,0.4,1,0.2,0.6538461538461539
AnkiDroid/src/main/java/com/ichi2/ui/AxisSelector.kt,3,21,31,52,2,2,2025-09-11,2026-01-03,111,17.333333333333332,0.6666666666666666,0,0.0,0.7692307692307693
AnkiDroid/src/main/java/com/ichi2/anki/dialogs/DeckPickerBackupNoSpaceLeftDialog.kt,2,26,26,52,1,2,2024-12-09,2025-12-10,135,26.0,1.0,2,1.0,0.5769230769230769
AnkiDroid/src/main/java/com/ichi2/utils/TimeUtil.kt,2,38,14,52,2,2,2025-05-10,2026-03-26,29,26.0,0.5,0,0.0,0.9615384615384616
AnkiDroid/src/main/res/values-ss/06-statistics.xml,2,0,52,52,2,2,2025-01-05,2025-08-04,263,26.0,0.5,0,0.0,0.9230769230769231
AnkiDroid/src/main/res/values-sw/06-statistics.xml,2,0,52,52,2,2,2025-01-05,2025-08-04,263,26.0,0.5,0,0.0,0.9230769230769231
AnkiDroid/src/main/res/values-tg/06-statistics.xml,2,0,52,52,2,2,2025-01-05,2025-08-04,263,26.0,0.5,0,0.0,0.9230769230769231
AnkiDroid/src/main/res/values-tn/06-statistics.xml,2,0,52,52,2,2,2025-01-05,2025-08-04,263,26.0,0.5,0,0.0,0.9230769230769231
AnkiDroid/src/main/res/values-ts/06-statistics.xml,2,0,52,52,2,2,2025-01-05,2025-08-04,263,26.0,0.5,0,0.0,0.9230769230769231
AnkiDroid/src/main/res/values-ve/06-statistics.xml,2,0,52,52,2,2,2025-01-05,2025-08-04,263,26.0,0.5,0,0.0,0.9230769230769231
AnkiDroid/src/main/res/values-wo/06-statistics.xml,2,0,52,52,2,2,2025-01-05,2025-08-04,263,26.0,0.5,0,0.0,0.9230769230769231
AnkiDroid/src/main/res/values-xh/06-statistics.xml,2,0,52,52,2,2,2025-01-05,2025-08-04,263,26.0,0.5,0,0.0,0.9230769230769231
AnkiDroid/src/main/res/values-yue/06-statistics.xml,2,0,52,52,2,2,2025-01-05,2025-08-04,263,26.0,0.5,0,0.0,0.9230769230769231
AnkiDroid/src/main/res/values-zu/06-statistics.xml,2,0,52,52,2,2,2025-01-05,2025-08-04,263,26.0,0.5,0,0.0,0.9230769230769231
AnkiDroid/src/test/java/com/ichi2/anki/servicelayer/scopedstorage/MockMigrationContextTest.kt,2,1,51,52,2,2,2024-07-15,2024-08-27,605,26.0,0.5,0,0.0,0.9615384615384616
AnkiDroid/src/main/java/com/ichi2/anki/dialogs/customstudy/CustomStudyViewModel.kt,1,52,0,52,1,1,2025-12-18,2025-12-18,127,52.0,1.0,0,0.0,1.0
AnkiDroid/src/main/res/layout/activity_multimedia.xml,1,52,0,52,1,1,2024-06-13,2024-06-13,680,52.0,1.0,0,0.0,1.0
AnkiDroid/src/main/res/values-hi/07-cardbrowser.xml,16,32,19,51,1,15,2024-04-27,2026-04-19,5,3.1875,1.0,0,0.0,0.4117647058823529
AnkiDroid/src/main/res/values-te/07-cardbrowser.xml,16,32,19,51,1,16,2024-05-01,2026-04-19,5,3.1875,1.0,0,0.0,0.27450980392156865
AnkiDroid/src/main/res/values-uk/16-multimedia-editor.xml,16,20,31,51,1,16,2024-07-20,2026-04-19,5,3.1875,1.0,0,0.0,0.29411764705882354
AnkiDroid/src/main/res/values-es-rAR/16-multimedia-editor.xml,14,20,31,51,1,14,2024-07-20,2026-03-26,29,3.642857142857143,1.0,0,0.0,0.29411764705882354
AnkiDroid/src/main/res/values-bn/16-multimedia-editor.xml,12,20,31,51,1,12,2024-07-20,2026-03-26,29,4.25,1.0,0,0.0,0.3137254901960784
AnkiDroid/src/main/java/com/ichi2/anki/IntroductionActivity.kt,11,30,21,51,5,10,2024-07-15,2026-03-23,32,4.636363636363637,0.5454545454545454,3,0.2727272727272727,0.3137254901960784
AnkiDroid/src/main/res/values-ml/08-widget.xml,10,32,19,51,1,10,2024-08-28,2025-08-26,241,5.1,1.0,0,0.0,0.3137254901960784
AnkiDroid/src/main/java/com/ichi2/anki/servicelayer/LanguageHintService.kt,8,26,25,51,4,7,2024-07-15,2025-07-05,293,6.375,0.625,0,0.0,0.49019607843137253
AnkiDroid/src/main/res/values-hi/08-widget.xml,8,32,19,51,1,8,2024-08-28,2025-08-26,241,6.375,1.0,0,0.0,0.39215686274509803
AnkiDroid/src/main/res/values-tr/08-widget.xml,8,32,19,51,1,8,2024-08-28,2025-08-26,241,6.375,1.0,0,0.0,0.27450980392156865
AnkiDroid/src/main/res/values-lt/08-widget.xml,7,33,18,51,1,7,2024-08-28,2025-08-26,241,7.285714285714286,1.0,0,0.0,0.35294117647058826
AnkiDroid/src/test/java/com/ichi2/anki/libanki/SchedulerTest.kt,7,28,23,51,1,3,2025-06-15,2025-07-07,291,7.285714285714286,1.0,0,0.0,0.29411764705882354
AnkiDroid/src/main/java/com/ichi2/anki/ui/dialogs/tools/AsyncDialogs.kt,4,33,18,51,2,2,2024-06-05,2024-12-09,501,12.75,0.75,1,0.25,0.43137254901960786
AnkiDroid/src/main/java/com/ichi2/libanki/utils/PythonExtensions.kt,4,26,25,51,3,4,2024-07-15,2025-06-25,303,12.75,0.5,1,0.25,0.6274509803921569
AnkiDroid/src/main/res/menu/study_options_fragment.xml,3,19,32,51,3,3,2024-06-21,2025-06-15,313,17.0,0.3333333333333333,1,0.3333333333333333,0.5686274509803921
AnkiDroid/src/main/res/values-iw/18-standard-models.xml,3,41,10,51,1,3,2024-05-02,2025-04-10,379,17.0,1.0,0,0.0,0.7843137254901961
AnkiDroid/src/main/java/com/ichi2/anki/ui/windows/permissions/AllPermissionsExplanationActivity.kt,2,50,1,51,2,2,2025-08-27,2025-09-12,224,25.5,0.5,0,0.0,0.9607843137254902
AnkiDroid/src/main/java/com/ichi2/anki/utils/Translations.kt,2,1,50,51,1,2,2024-12-09,2025-01-04,475,25.5,1.0,0,0.0,0.9607843137254902
common/src/test/java/com/ichi2/anki/common/utils/ext/FloatTest.kt,2,50,1,51,1,2,2024-06-19,2026-04-13,11,25.5,1.0,0,0.0,0.9803921568627451
AnkiDroid/src/main/res/layout/dialog_insert_special_field_recycler_item.xml,1,51,0,51,1,1,2026-01-07,2026-01-07,107,51.0,1.0,0,0.0,1.0
AnkiDroid/src/main/res/layout/permissions_bottom_sheet.xml,1,51,0,51,1,1,2025-11-25,2025-11-25,150,51.0,1.0,0,0.0,1.0
AnkiDroid/src/main/res/layout/view_search_history_item.xml,1,51,0,51,1,1,2026-01-19,2026-01-19,95,51.0,1.0,0,0.0,1.0
AnkiDroid/src/test/java/com/ichi2/anki/pages/PostRequestHandlerTest.kt,1,51,0,51,1,1,2024-11-10,2024-11-10,530,51.0,1.0,0,0.0,1.0
AnkiDroid/src/test/java/com/ichi2/anki/servicelayer/scopedstorage/MockExecutor.kt,1,0,51,51,1,1,2024-08-27,2024-08-27,605,51.0,1.0,0,0.0,1.0
AnkiDroid/src/main/res/values-ja/17-model-manager.xml,16,28,22,50,1,15,2024-08-01,2026-04-22,2,3.125,1.0,0,0.0,0.14
AnkiDroid/src/main/res/values-nl/07-cardbrowser.xml,16,33,17,50,1,16,2024-07-30,2026-04-19,5,3.125,1.0,0,0.0,0.4
AnkiDroid/src/main/res/values-be/17-model-manager.xml,14,28,22,50,1,14,2024-10-23,2026-04-19,5,3.5714285714285716,1.0,0,0.0,0.16
AnkiDroid/src/main/res/values-el/17-model-manager.xml,12,28,22,50,1,12,2024-07-30,2026-04-19,5,4.166666666666667,1.0,0,0.0,0.2
AnkiDroid/src/main/res/values-pl/11-arrays.xml,12,19,31,50,1,11,2024-05-19,2026-02-11,72,4.166666666666667,1.0,0,0.0,0.26
AnkiDroid/src/main/res/values-ru/11-arrays.xml,12,19,31,50,1,12,2024-09-28,2026-04-06,18,4.166666666666667,1.0,0,0.0,0.26
AnkiDroid/src/main/res/values-ja/08-widget.xml,11,31,19,50,1,11,2024-08-28,2025-08-26,241,4.545454545454546,1.0,0,0.0,0.2
AnkiDroid/src/main/res/values-or/17-model-manager.xml,11,28,22,50,1,11,2025-02-08,2026-04-19,5,4.545454545454546,1.0,0,0.0,0.4
AnkiDroid/src/main/java/com/ichi2/anki/dialogs/DeckPickerAnalyticsOptInDialog.kt,5,27,23,50,3,5,2024-07-15,2026-04-20,4,10.0,0.6,3,0.6,0.6
AnkiDroid/src/main/res/xml/preferences_reviewing.xml,5,17,33,50,4,5,2024-11-19,2026-03-15,40,10.0,0.4,1,0.2,0.3
AnkiDroid/src/test/java/com/ichi2/anki/analytics/AnalyticsConstantsTest.kt,5,33,17,50,4,5,2023-12-04,2026-04-08,16,10.0,0.4,1,0.2,0.66
AnkiDroid/src/main/res/xml/widget_provider_card_analysis.xml,4,38,12,50,3,4,2024-08-27,2026-03-15,40,12.5,0.5,0,0.0,0.56
libanki/src/main/java/com/ichi2/anki/libanki/CardTemplate.kt,4,17,33,50,2,4,2025-07-06,2026-01-08,106,12.5,0.75,1,0.25,0.76
AnkiDroid/src/main/res/layout/page_fragment.xml,3,33,17,50,2,2,2025-01-28,2025-11-07,168,16.666666666666668,0.6666666666666666,2,0.6666666666666666,0.58
AnkiDroid/src/main/res/layout/schedule_reminders_list_item.xml,3,48,2,50,1,3,2025-07-13,2026-02-16,67,16.666666666666668,1.0,0,0.0,0.92
AnkiDroid/src/main/res/layout/dialog_listview_message.xml,2,48,2,50,2,2,2024-04-23,2025-09-12,224,25.0,0.5,0,0.0,0.92
AnkiDroid/src/test/java/com/ichi2/anki/CardBrowserCardCollectionTest.kt,2,2,48,50,2,2,2024-07-15,2024-07-21,642,25.0,0.5,0,0.0,0.92
AnkiDroid/src/test/java/com/ichi2/anki/preferences/ControlsSettingsFragmentTest.kt,2,47,3,50,1,2,2025-11-14,2026-01-30,84,25.0,1.0,0,0.0,0.76
.gitattributes,1,47,3,50,1,1,2024-07-08,2024-07-08,655,50.0,1.0,0,0.0,1.0
AnkiDroid/src/main/res/layout/view_browser_toolbar.xml,1,50,0,50,1,1,2025-10-17,2025-10-17,189,50.0,1.0,0,0.0,1.0
AnkiDroid/src/main/res/values-sv/07-cardbrowser.xml,13,31,18,49,1,12,2024-08-08,2026-04-19,5,3.769230769230769,1.0,0,0.0,0.32653061224489793
AnkiDroid/src/main/res/values-sat/16-multimedia-editor.xml,11,19,30,49,1,11,2024-07-20,2026-03-26,29,4.454545454545454,1.0,0,0.0,0.30612244897959184
AnkiDroid/src/main/res/values-ka/08-widget.xml,8,31,18,49,1,8,2024-08-28,2025-08-26,241,6.125,1.0,0,0.0,0.24489795918367346
AnkiDroid/src/main/res/values-bn/08-widget.xml,7,31,18,49,1,7,2024-08-28,2025-08-26,241,7.0,1.0,0,0.0,0.4489795918367347
AnkiDroid/src/main/res/values-te/08-widget.xml,7,31,18,49,1,7,2024-05-01,2025-08-26,241,7.0,1.0,0,0.0,0.40816326530612246
AnkiDroid/src/main/res/values-lv/09-backup.xml,5,25,24,49,1,5,2025-04-19,2026-04-06,18,9.8,1.0,0,0.0,0.8163265306122449
AnkiDroid/src/main/res/menu/whiteboard.xml,4,49,0,49,1,4,2025-09-05,2026-02-01,82,12.25,1.0,0,0.0,0.6326530612244898
AnkiDroid/src/main/java/com/ichi2/anki/ui/windows/permissions/InternetPermissionFragment.kt,3,41,8,49,3,2,2026-03-16,2026-03-23,32,16.333333333333332,0.3333333333333333,0,0.0,0.7755102040816326
AnkiDroid/src/main/java/com/ichi2/anki/multiprofile/ProfileId.kt,2,49,0,49,1,2,2025-12-06,2025-12-20,125,24.5,1.0,0,0.0,0.6530612244897959
AnkiDroid/src/main/res/layout/reviewer_menu_view.xml,2,43,6,49,1,2,2024-12-13,2025-02-08,440,24.5,1.0,0,0.0,0.7551020408163265
AnkiDroid/src/main/java/com/ichi2/anki/model/ResultType.kt,1,49,0,49,1,1,2026-03-16,2026-03-16,39,49.0,1.0,0,0.0,1.0
AnkiDroid/src/main/res/layout/view_advanced_search_list_item.xml,1,49,0,49,1,1,2026-01-11,2026-01-11,103,49.0,1.0,0,0.0,1.0
AnkiDroid/src/main/res/values-fr/17-model-manager.xml,14,27,21,48,1,14,2024-10-23,2026-04-19,5,3.4285714285714284,1.0,0,0.0,0.14583333333333334
AnkiDroid/src/main/res/values-uk/17-model-manager.xml,14,27,21,48,1,13,2025-02-08,2026-04-19,5,3.4285714285714284,1.0,0,0.0,0.16666666666666666
AnkiDroid/src/main/res/values-zh-rCN/17-model-manager.xml,13,27,21,48,1,13,2025-02-08,2026-04-22,2,3.6923076923076925,1.0,0,0.0,0.16666666666666666
AnkiDroid/src/main/res/values-sat/11-arrays.xml,10,18,30,48,1,10,2024-08-19,2026-01-03,111,4.8,1.0,0,0.0,0.3333333333333333
AnkiDroid/src/main/res/values-sv/11-arrays.xml,10,18,30,48,1,10,2024-07-30,2026-01-03,111,4.8,1.0,0,0.0,0.3333333333333333
AnkiDroid/src/main/java/com/ichi2/anki/previewer/CardViewerActivity.kt,9,29,19,48,4,6,2024-06-30,2025-07-04,294,5.333333333333333,0.3333333333333333,2,0.2222222222222222,0.25
AnkiDroid/src/main/java/com/ichi2/anki/reviewer/EaseButton.kt,8,30,18,48,5,7,2024-11-03,2025-07-28,270,6.0,0.5,0,0.0,0.2916666666666667
AnkiDroid/src/main/res/values-zh-rTW/08-widget.xml,7,30,18,48,1,6,2024-08-28,2025-08-26,241,6.857142857142857,1.0,0,0.0,0.25
.github/workflows/label.yml,6,32,16,48,4,6,2024-05-04,2026-03-10,45,8.0,0.3333333333333333,0,0.0,0.375
docs/marketing/localized_description/marketdescription-ug.txt,5,42,6,48,1,5,2025-01-04,2025-07-05,293,9.6,1.0,0,0.0,0.75
AnkiDroid/src/main/java/com/ichi2/anki/ui/windows/permissions/AndroidPermanentlyRevokedPermissionsDialog.kt,4,13,35,48,3,4,2024-04-24,2025-05-21,338,12.0,0.5,0,0.0,0.5416666666666666
AnkiDroid/src/main/java/com/ichi2/compat/CompatV33.kt,4,30,18,48,3,4,2024-12-09,2025-12-07,138,12.0,0.5,1,0.25,0.5
AnkiDroid/src/main/java/com/ichi2/anki/dialogs/AsyncDialogFragment.kt,3,30,18,48,1,3,2024-12-09,2025-12-10,135,16.0,1.0,3,1.0,0.625
AnkiDroid/src/main/java/com/ichi2/anki/dialogs/customstudy/CreateCustomStudySessionListener.kt,2,0,48,48,2,2,2024-07-11,2024-11-29,511,24.0,0.5,0,0.0,0.9583333333333334
AnkiDroid/src/main/java/com/ichi2/anki/workarounds/SafeWebViewClient.kt,2,47,1,48,1,1,2025-11-07,2025-11-07,168,24.0,1.0,2,1.0,0.9583333333333334
AnkiDroid/src/main/java/com/ichi2/anki/utils/ConfigAwareSingleFragmentActivity.kt,1,48,0,48,1,1,2025-11-26,2025-11-26,149,48.0,1.0,0,0.0,1.0
common/src/test/java/com/ichi2/anki/common/utils/ext/MutableListTest.kt,1,48,0,48,1,1,2025-09-12,2025-09-12,224,48.0,1.0,0,0.0,1.0
AnkiDroid/src/main/res/values-eo/16-multimedia-editor.xml,17,18,29,47,1,17,2024-07-20,2026-04-12,12,2.764705882352941,1.0,0,0.0,0.3191489361702128
AnkiDroid/src/main/res/values-tr/16-multimedia-editor.xml,16,18,29,47,1,15,2024-07-20,2026-04-24,0,2.9375,1.0,0,0.0,0.3191489361702128
AnkiDroid/src/main/res/values-el/16-multimedia-editor.xml,14,18,29,47,1,14,2024-07-20,2026-03-26,29,3.357142857142857,1.0,0,0.0,0.3191489361702128
AnkiDroid/src/main/res/values-pl/16-multimedia-editor.xml,14,18,29,47,1,14,2024-07-20,2026-03-30,25,3.357142857142857,1.0,0,0.0,0.3191489361702128
AnkiDroid/src/main/res/values-ko/16-multimedia-editor.xml,13,18,29,47,1,13,2024-07-20,2026-03-26,29,3.6153846153846154,1.0,0,0.0,0.3191489361702128
AnkiDroid/src/main/res/values-it/16-multimedia-editor.xml,11,18,29,47,1,11,2024-07-20,2026-04-08,16,4.2727272727272725,1.0,0,0.0,0.3404255319148936
.github/workflows/update-gradle-wrapper.yml,7,10,37,47,3,7,2024-09-16,2026-03-10,45,6.714285714285714,0.42857142857142855,0,0.0,0.6808510638297872
api/build.gradle.kts,7,23,24,47,3,7,2024-06-14,2026-04-19,5,6.714285714285714,0.5714285714285714,0,0.0,0.40425531914893614
AnkiDroid/src/androidTest/java/com/ichi2/anki/tests/libanki/NotetypeTest.kt,5,23,24,47,2,4,2024-12-09,2025-12-10,135,9.4,0.6,1,0.2,0.6808510638297872
AnkiDroid/src/main/java/com/ichi2/utils/VersionUtils.kt,5,24,23,47,4,5,2024-11-05,2026-04-17,7,9.4,0.4,1,0.2,0.6382978723404256
AnkiDroid/src/main/java/com/ichi2/anki/multimediacard/IMultimediaEditableNote.kt,3,27,20,47,1,2,2024-12-09,2025-12-10,135,15.666666666666666,1.0,1,0.3333333333333333,0.7659574468085106
AnkiDroid/src/main/java/com/ichi2/anki/utils/ext/Scheduler.kt,2,47,0,47,2,2,2025-08-13,2025-08-26,241,23.5,0.5,0,0.0,0.6595744680851063
AnkiDroid/src/main/java/com/ichi2/preferences/WhiteboardControlPreference.kt,2,47,0,47,1,1,2026-01-30,2026-01-30,84,23.5,1.0,0,0.0,0.9148936170212766
AnkiDroid/src/main/res/layout/browser_columns_selection.xml,2,46,1,47,1,2,2025-01-08,2026-03-22,33,23.5,1.0,0,0.0,0.9574468085106383
common/src/test/java/com/ichi2/anki/common/json/NamedJSONComparatorTest.kt,2,22,25,47,1,2,2025-06-18,2025-12-10,135,23.5,1.0,1,0.5,0.6595744680851063
AnkiDroid/src/main/java/com/ichi2/anki/utils/ext/MutableStateFlow.kt,1,47,0,47,1,1,2026-01-06,2026-01-06,108,47.0,1.0,0,0.0,1.0
libanki/src/test/java/com/ichi2/anki/libanki/PythonTypesTest.kt,1,47,0,47,1,1,2025-10-23,2025-10-23,183,47.0,1.0,0,0.0,1.0
tools/discord/format-for-discord.sh,1,47,0,47,1,1,2024-08-02,2024-08-02,630,47.0,1.0,0,0.0,1.0
AnkiDroid/src/main/res/values-mr/07-cardbrowser.xml,14,31,15,46,1,14,2024-06-27,2026-04-19,5,3.2857142857142856,1.0,0,0.0,0.391304347826087
AnkiDroid/src/main/res/values-pl/17-model-manager.xml,14,26,20,46,1,14,2025-02-08,2026-04-19,5,3.2857142857142856,1.0,0,0.0,0.15217391304347827
AnkiDroid/src/main/java/com/ichi2/anki/cardviewer/Gesture.kt,10,31,15,46,4,8,2024-12-09,2026-03-23,32,4.6,0.4,1,0.1,0.2826086956521739
AnkiDroid/src/test/java/com/ichi2/anki/EaseTest.kt,4,39,7,46,3,4,2024-10-02,2025-07-28,270,11.5,0.5,0,0.0,0.6739130434782609
AnkiDroid/src/main/java/com/ichi2/anki/preferences/CustomSyncServerSettingsFragment.kt,3,35,11,46,2,2,2024-06-25,2024-12-09,501,15.333333333333334,0.6666666666666666,0,0.0,0.45652173913043476
AnkiDroid/src/main/res/layout/check_pronunciation_fragment.xml,3,43,3,46,2,3,2025-08-10,2025-11-08,167,15.333333333333334,0.6666666666666666,0,0.0,0.8695652173913043
libanki/src/main/java/com/ichi2/anki/libanki/Tags.kt,3,27,19,46,1,3,2025-07-06,2026-03-25,30,15.333333333333334,1.0,1,0.3333333333333333,0.7391304347826086
lint-rules/src/test/java/com/ichi2/anki/lint/rules/DirectSystemTimeInstantiationTest.kt,3,23,23,46,2,3,2024-07-15,2025-12-10,135,15.333333333333334,0.6666666666666666,1,0.3333333333333333,0.6521739130434783
AnkiDroid/src/androidTest/java/com/ichi2/anki/dialogs/NoteTypeFieldEditorContextMenuTest.kt,2,25,21,46,1,2,2025-06-12,2025-12-10,135,23.0,1.0,1,0.5,0.6521739130434783
AnkiDroid/src/main/java/com/ichi2/anki/pages/CardInfoFragment.kt,2,45,1,46,1,1,2025-12-11,2025-12-11,134,23.0,1.0,0,0.0,0.6086956521739131
AnkiDroid/src/main/java/com/ichi2/anki/utils/Layout.kt,2,23,23,46,1,2,2025-01-06,2025-02-08,440,23.0,1.0,1,0.5,0.5
AnkiDroid/src/main/java/com/ichi2/anki/utils/ext/ImageView.kt,2,42,4,46,1,1,2026-04-08,2026-04-08,16,23.0,1.0,1,0.5,0.6956521739130435
AnkiDroid/src/main/java/com/ichi2/libanki/backend/model/SortOrderUtil.kt,2,24,22,46,2,2,2024-12-09,2024-12-12,498,23.0,0.5,1,0.5,0.8695652173913043
AnkiDroid/src/main/res/layout/item_stats_deck.xml,2,23,23,46,2,2,2024-02-24,2025-10-30,176,23.0,0.5,0,0.0,0.5
AnkiDroid/src/test/java/com/ichi2/preferences/PreferenceExtensionsTest.kt,2,43,3,46,2,2,2025-03-15,2025-07-07,291,23.0,0.5,0,0.0,0.9565217391304348
AnkiDroid/src/main/java/com/ichi2/anki/contextmenu/MenuContentProvider.kt,1,46,0,46,1,1,2025-08-20,2025-08-20,247,46.0,1.0,0,0.0,1.0
AnkiDroid/src/main/res/layout-xlarge/note_editor.xml,1,46,0,46,1,1,2025-08-25,2025-08-25,242,46.0,1.0,0,0.0,1.0
AnkiDroid/src/main/res/layout/dialog_with_progress_indicator.xml,1,0,46,46,1,1,2024-08-27,2024-08-27,605,46.0,1.0,0,0.0,1.0
AnkiDroid/src/test/java/com/ichi2/anki/ui/windows/reviewer/whiteboard/WhiteboardRepositoryTest.kt,1,46,0,46,1,1,2025-09-05,2025-09-05,231,46.0,1.0,0,0.0,1.0
AnkiDroid/src/test/java/com/ichi2/widget/WidgetAlarmTest.kt,1,46,0,46,1,1,2026-03-23,2026-03-23,32,46.0,1.0,1,1.0,1.0
docs/ankidroid/sdk-version-history.md,1,46,0,46,1,1,2026-03-26,2026-03-26,29,46.0,1.0,0,0.0,1.0
libanki/src/test/java/com/ichi2/anki/libanki/CollectionOnDiskTest.kt,1,46,0,46,1,1,2025-07-30,2025-07-30,268,46.0,1.0,1,1.0,1.0
AnkiDroid/src/main/res/values-ja/16-multimedia-editor.xml,16,17,28,45,1,15,2024-05-01,2026-04-22,2,2.8125,1.0,0,0.0,0.3333333333333333
AnkiDroid/src/main/res/values-ru/16-multimedia-editor.xml,14,17,28,45,1,14,2024-07-20,2026-04-06,18,3.2142857142857144,1.0,0,0.0,0.3333333333333333
AnkiDroid/src/main/res/values-zh-rCN/16-multimedia-editor.xml,14,17,28,45,1,12,2024-07-20,2026-04-04,20,3.2142857142857144,1.0,0,0.0,0.3333333333333333
AnkiDroid/src/main/res/values-kk/07-cardbrowser.xml,13,29,16,45,1,13,2024-08-08,2026-04-19,5,3.4615384615384617,1.0,0,0.0,0.4666666666666667
AnkiDroid/src/main/res/values-ku/07-cardbrowser.xml,13,29,16,45,1,13,2024-08-08,2026-04-19,5,3.4615384615384617,1.0,0,0.0,0.4666666666666667
AnkiDroid/src/main/res/values-ky/07-cardbrowser.xml,13,29,16,45,1,13,2024-08-08,2026-04-19,5,3.4615384615384617,1.0,0,0.0,0.4666666666666667
AnkiDroid/src/main/res/values-mk/07-cardbrowser.xml,13,29,16,45,1,13,2024-08-08,2026-04-19,5,3.4615384615384617,1.0,0,0.0,0.4666666666666667
AnkiDroid/src/main/res/values-mn/07-cardbrowser.xml,13,29,16,45,1,13,2024-08-08,2026-04-19,5,3.4615384615384617,1.0,0,0.0,0.4666666666666667
AnkiDroid/src/main/res/values-mr/16-multimedia-editor.xml,11,17,28,45,1,11,2024-06-17,2026-03-26,29,4.090909090909091,1.0,0,0.0,0.3333333333333333
AnkiDroid/src/main/java/com/ichi2/anki/servicelayer/MediaService.kt,3,3,42,45,3,3,2024-08-27,2025-02-19,429,15.0,0.3333333333333333,1,0.3333333333333333,0.6222222222222222
AnkiDroid/src/main/java/com/ichi2/utils/HandlerUtils.kt,2,29,16,45,1,2,2025-06-16,2025-12-10,135,22.5,1.0,2,1.0,0.6888888888888889
AnkiDroid/src/test/java/com/ichi2/testutils/PermissionUtils.kt,2,45,0,45,2,2,2025-11-18,2026-03-16,39,22.5,0.5,0,0.0,0.7111111111111111
AnkiDroid/src/test/java/com/ichi2/anki/OnboardingUtilsTest.kt,1,0,45,45,1,1,2024-08-24,2024-08-24,608,45.0,1.0,0,0.0,1.0
AnkiDroid/src/test/java/com/ichi2/anki/utils/ext/WholeAndFractionTest.kt,1,45,0,45,1,1,2026-01-29,2026-01-29,85,45.0,1.0,1,1.0,1.0
common/android/src/test/java/com/ichi2/anki/common/utils/android/ColorUtilsTest.kt,1,45,0,45,1,1,2026-04-13,2026-04-13,11,45.0,1.0,0,0.0,1.0
libanki/src/main/java/com/ichi2/anki/libanki/LibAnki.kt,1,45,0,45,1,1,2025-07-21,2025-07-21,277,45.0,1.0,0,0.0,1.0
AnkiDroid/src/main/res/values/sentence-case.xml,21,38,6,44,9,19,2024-04-29,2026-03-19,36,2.0952380952380953,0.2857142857142857,2,0.09523809523809523,0.29545454545454547
AnkiDroid/src/main/res/values-cs/17-model-manager.xml,14,25,19,44,1,14,2024-10-23,2026-04-19,5,3.142857142857143,1.0,0,0.0,0.1590909090909091
AnkiDroid/src/main/res/values-es-rAR/17-model-manager.xml,14,25,19,44,1,13,2024-10-23,2026-04-19,5,3.142857142857143,1.0,0,0.0,0.1590909090909091
AnkiDroid/src/main/res/values-es-rES/17-model-manager.xml,14,25,19,44,1,13,2024-10-23,2026-04-19,5,3.142857142857143,1.0,0,0.0,0.1590909090909091
AnkiDroid/src/main/res/values-fa/17-model-manager.xml,13,25,19,44,1,13,2024-10-23,2026-04-19,5,3.3846153846153846,1.0,0,0.0,0.1590909090909091
AnkiDroid/src/main/res/values-ind/07-cardbrowser.xml,13,29,15,44,1,13,2024-08-08,2026-04-19,5,3.3846153846153846,1.0,0,0.0,0.45454545454545453
AnkiDroid/src/main/res/values-az/17-model-manager.xml,11,25,19,44,1,11,2024-10-23,2026-04-19,5,4.0,1.0,0,0.0,0.22727272727272727
AnkiDroid/src/main/res/values-it/17-model-manager.xml,11,25,19,44,1,11,2025-02-08,2026-04-19,5,4.0,1.0,0,0.0,0.22727272727272727
AnkiDroid/src/main/res/values-uk/11-arrays.xml,11,16,28,44,1,11,2024-09-28,2026-01-28,86,4.0,1.0,0,0.0,0.29545454545454547
AnkiDroid/src/main/res/values-heb/11-arrays.xml,10,16,28,44,1,9,2024-09-28,2026-01-03,111,4.4,1.0,0,0.0,0.29545454545454547
AnkiDroid/src/main/res/values-ind/08-widget.xml,7,28,16,44,1,7,2024-08-28,2026-04-04,20,6.285714285714286,1.0,0,0.0,0.45454545454545453
AnkiDroid/src/main/res/values-vi/08-widget.xml,7,28,16,44,1,7,2024-08-28,2025-08-26,241,6.285714285714286,1.0,0,0.0,0.2727272727272727
AnkiDroid/src/main/java/com/ichi2/anki/preferences/GeneralSettingsFragment.kt,6,26,18,44,4,4,2024-07-15,2026-04-17,7,7.333333333333333,0.5,0,0.0,0.45454545454545453
docs/marketing/localized_description/marketdescription-ar.txt,6,22,22,44,1,5,2025-05-10,2025-07-16,282,7.333333333333333,1.0,0,0.0,0.6363636363636364
AnkiDroid/src/main/java/com/ichi2/anki/FlagToDisplay.kt,5,21,23,44,2,3,2024-11-03,2025-12-10,135,8.8,0.8,2,0.4,0.6818181818181818
AnkiDroid/src/main/java/com/ichi2/anki/CollectionIntegrityStorageCheck.kt,4,20,24,44,2,2,2024-12-09,2025-05-21,338,11.0,0.75,1,0.25,0.4318181818181818
AnkiDroid/src/test/java/com/ichi2/anki/reviewer/BindingTest.kt,3,30,14,44,2,2,2024-10-20,2025-02-05,443,14.666666666666666,0.6666666666666666,0,0.0,0.45454545454545453
AnkiDroid/src/main/java/com/ichi2/anki/multimediacard/fields/FieldBase.kt,2,18,26,44,1,2,2024-12-28,2025-12-10,135,22.0,1.0,2,1.0,0.8181818181818182
AnkiDroid/src/main/res/layout/grade_now_list_item.xml,2,43,1,44,1,2,2025-07-18,2025-09-11,225,22.0,1.0,0,0.0,0.9545454545454546
AnkiDroid/src/test/java/com/ichi2/anki/multimediacard/fields/MediaClipTest.kt,2,1,43,44,2,2,2024-07-17,2024-08-01,631,22.0,0.5,0,0.0,0.9545454545454546
AnkiDroid/src/test/java/com/ichi2/libanki/TagsTest.kt,2,23,21,44,2,2,2024-07-15,2024-10-20,551,22.0,0.5,0,0.0,0.9090909090909091
AnkiDroid/src/androidTest/java/com/ichi2/anki/dialogs/BrowserOptionsDialogTest.kt,1,44,0,44,1,1,2025-11-23,2025-11-23,152,44.0,1.0,0,0.0,1.0
AnkiDroid/src/main/java/com/ichi2/anki/android/AnkiBroadcastReceiver.kt,1,44,0,44,1,1,2026-04-17,2026-04-17,7,44.0,1.0,1,1.0,1.0
AnkiDroid/src/main/java/com/ichi2/anki/browser/BrowserColumnKey.kt,1,44,0,44,1,1,2026-01-27,2026-01-27,87,44.0,1.0,0,0.0,1.0
AnkiDroid/src/main/java/com/ichi2/anki/utils/Dialog.kt,1,44,0,44,1,1,2024-11-29,2024-11-29,511,44.0,1.0,0,0.0,1.0
AnkiDroid/src/main/java/com/ichi2/anki/utils/ext/MenuHost.kt,1,44,0,44,1,1,2026-01-24,2026-01-24,90,44.0,1.0,0,0.0,1.0
AnkiDroid/src/main/res/values-cs/16-multimedia-editor.xml,15,16,27,43,1,15,2024-07-20,2026-03-26,29,2.8666666666666667,1.0,0,0.0,0.3488372093023256
AnkiDroid/src/main/res/values-fa/16-multimedia-editor.xml,14,16,27,43,1,14,2024-07-20,2026-03-26,29,3.0714285714285716,1.0,0,0.0,0.3488372093023256
AnkiDroid/src/main/res/values-pt-rPT/16-multimedia-editor.xml,14,16,27,43,1,14,2024-07-20,2026-03-26,29,3.0714285714285716,1.0,0,0.0,0.3953488372093023
AnkiDroid/src/main/res/values-de/16-multimedia-editor.xml,13,16,27,43,1,13,2024-07-20,2026-03-26,29,3.3076923076923075,1.0,0,0.0,0.3488372093023256
AnkiDroid/src/main/res/values-es-rES/16-multimedia-editor.xml,13,16,27,43,1,13,2024-07-20,2026-03-26,29,3.3076923076923075,1.0,0,0.0,0.3488372093023256
AnkiDroid/src/main/res/values-fi/16-multimedia-editor.xml,13,16,27,43,1,13,2024-07-20,2026-03-26,29,3.3076923076923075,1.0,0,0.0,0.3488372093023256
AnkiDroid/src/main/res/values-nl/16-multimedia-editor.xml,13,16,27,43,1,13,2024-07-20,2026-04-15,9,3.3076923076923075,1.0,0,0.0,0.3488372093023256
AnkiDroid/src/main/res/values-lt/16-multimedia-editor.xml,11,16,27,43,1,11,2024-07-20,2026-03-26,29,3.909090909090909,1.0,0,0.0,0.3488372093023256
AnkiDroid/src/main/res/values-ar/09-backup.xml,9,22,21,43,1,9,2024-05-01,2026-04-12,12,4.777777777777778,1.0,0,0.0,0.4186046511627907
AnkiDroid/src/main/res/values-ar/04-network.xml,8,21,22,43,1,8,2024-06-09,2026-03-30,25,5.375,1.0,0,0.0,0.6511627906976745
AnkiDroid/src/main/java/com/ichi2/anki/cardviewer/OnRenderProcessGoneDelegate.kt,6,30,13,43,3,4,2024-07-15,2025-07-05,293,7.166666666666667,0.6666666666666666,1,0.16666666666666666,0.5116279069767442
AnkiDroid/src/main/res/values-sc/08-widget.xml,6,28,15,43,1,5,2024-08-28,2025-08-26,241,7.166666666666667,1.0,0,0.0,0.4186046511627907
AnkiDroid/src/main/res/values-ur/08-widget.xml,6,28,15,43,1,6,2024-05-01,2025-08-26,241,7.166666666666667,1.0,0,0.0,0.37209302325581395
AnkiDroid/src/main/res/values-pa/09-backup.xml,5,22,21,43,1,5,2024-08-27,2026-04-06,18,8.6,1.0,0,0.0,0.46511627906976744
AnkiDroid/src/main/res/values-sat/08-widget.xml,5,28,15,43,1,5,2024-08-28,2025-08-26,241,8.6,1.0,0,0.0,0.5116279069767442
AnkiDroid/src/main/res/values-sv/08-widget.xml,5,28,15,43,1,5,2024-08-28,2025-08-26,241,8.6,1.0,0,0.0,0.5116279069767442
AnkiDroid/src/main/java/com/ichi2/anki/receiver/SdCardReceiver.kt,4,23,20,43,1,3,2024-12-09,2026-04-17,7,10.75,1.0,2,0.5,0.6976744186046512
AnkiDroid/src/main/java/com/ichi2/anki/AbstractIntentHandler.kt,3,39,4,43,2,3,2024-07-02,2026-03-23,32,14.333333333333334,0.6666666666666666,1,0.3333333333333333,0.813953488372093
AnkiDroid/src/main/java/com/ichi2/utils/BundleUtils.kt,3,43,0,43,2,3,2024-09-23,2025-01-16,463,14.333333333333334,0.6666666666666666,0,0.0,0.37209302325581395
AnkiDroid/src/main/res/values-hr/09-backup.xml,3,22,21,43,1,3,2025-05-24,2026-04-06,18,14.333333333333334,1.0,0,0.0,0.9302325581395349
AnkiDroid/src/main/java/com/ichi2/ui/AccessibleSearchView.kt,2,42,1,43,2,2,2024-09-08,2026-03-22,33,21.5,0.5,0,0.0,0.9534883720930233
libanki/src/main/java/com/ichi2/anki/libanki/backend/model/SortOrderUtil.kt,2,0,43,43,1,2,2025-07-06,2026-01-27,87,21.5,1.0,0,0.0,1.0
AnkiDroid/src/main/java/com/ichi2/anki/notetype/CardTypeName.kt,1,43,0,43,1,1,2026-03-15,2026-03-15,40,43.0,1.0,0,0.0,1.0
AnkiDroid/src/main/java/com/ichi2/anki/ui/windows/reviewer/StudyCounts.kt,1,43,0,43,1,1,2025-12-27,2025-12-27,118,43.0,1.0,1,1.0,1.0
AnkiDroid/src/main/res/layout/all_permissions_explanation_activity.xml,1,43,0,43,1,1,2025-08-27,2025-08-27,240,43.0,1.0,0,0.0,1.0
AnkiDroid/src/main/res/layout/migration_progress_menu_layout.xml,1,0,43,43,1,1,2024-08-27,2024-08-27,605,43.0,1.0,0,0.0,1.0
AnkiDroid/src/main/res/layout/settings_fragment.xml,1,43,0,43,1,1,2025-07-01,2025-07-01,297,43.0,1.0,0,0.0,1.0
AnkiDroid/src/test/java/com/ichi2/anki/SharedDecksDownloadFragmentTest.kt,1,43,0,43,1,1,2024-11-02,2024-11-02,538,43.0,1.0,0,0.0,1.0
AnkiDroid/src/test/java/com/ichi2/utils/SequenceUtilTest.kt,1,0,43,43,1,1,2024-06-23,2024-06-23,670,43.0,1.0,0,0.0,1.0
common/src/main/java/com/ichi2/anki/common/annotations/LegacyNotifications.kt,1,43,0,43,1,1,2025-07-23,2025-07-23,275,43.0,1.0,0,0.0,1.0
tools/localization/eslint.config.mjs,1,43,0,43,1,1,2024-08-16,2024-08-16,616,43.0,1.0,0,0.0,1.0
AnkiDroid/src/main/res/values-pt-rBR/17-model-manager.xml,14,24,18,42,1,14,2024-08-01,2026-04-19,5,3.0,1.0,0,0.0,0.16666666666666666
AnkiDroid/src/main/res/values-de/17-model-manager.xml,13,24,18,42,1,13,2024-10-23,2026-04-19,5,3.230769230769231,1.0,0,0.0,0.16666666666666666
AnkiDroid/src/main/res/values-fi/17-model-manager.xml,12,24,18,42,1,12,2024-10-23,2026-04-19,5,3.5,1.0,0,0.0,0.16666666666666666
AnkiDroid/src/main/res/values-heb/17-model-manager.xml,12,24,18,42,1,12,2025-02-08,2026-04-19,5,3.5,1.0,0,0.0,0.19047619047619047
AnkiDroid/src/main/res/values-ru/17-model-manager.xml,12,24,18,42,1,12,2025-02-08,2026-04-19,5,3.5,1.0,0,0.0,0.16666666666666666
AnkiDroid/src/main/res/values-ga/08-widget.xml,8,29,13,42,1,8,2024-08-28,2025-08-26,241,5.25,1.0,0,0.0,0.30952380952380953
AnkiDroid/src/main/res/values-is/18-standard-models.xml,3,1,41,42,2,3,2024-07-18,2025-08-04,263,14.0,0.6666666666666666,0,0.0,0.7380952380952381
AnkiDroid/src/main/res/values-jv/18-standard-models.xml,3,1,41,42,2,3,2024-07-18,2025-08-04,263,14.0,0.6666666666666666,0,0.0,0.7380952380952381
AnkiDroid/src/main/res/values-ss/18-standard-models.xml,3,1,41,42,2,3,2024-07-18,2025-08-04,263,14.0,0.6666666666666666,0,0.0,0.7380952380952381
AnkiDroid/src/main/res/values-sw/18-standard-models.xml,3,1,41,42,2,3,2024-07-18,2025-08-04,263,14.0,0.6666666666666666,0,0.0,0.7380952380952381
AnkiDroid/src/main/res/values-tg/18-standard-models.xml,3,1,41,42,2,3,2024-07-18,2025-08-04,263,14.0,0.6666666666666666,0,0.0,0.7380952380952381
AnkiDroid/src/main/res/values-tn/18-standard-models.xml,3,1,41,42,2,3,2024-07-18,2025-08-04,263,14.0,0.6666666666666666,0,0.0,0.7380952380952381
AnkiDroid/src/main/res/values-ts/18-standard-models.xml,3,1,41,42,2,3,2024-07-18,2025-08-04,263,14.0,0.6666666666666666,0,0.0,0.7380952380952381
AnkiDroid/src/main/res/values-ve/18-standard-models.xml,3,1,41,42,2,3,2024-07-18,2025-08-04,263,14.0,0.6666666666666666,0,0.0,0.7380952380952381
AnkiDroid/src/main/res/values-wo/18-standard-models.xml,3,1,41,42,2,3,2024-07-18,2025-08-04,263,14.0,0.6666666666666666,0,0.0,0.7380952380952381
AnkiDroid/src/main/res/values-xh/18-standard-models.xml,3,1,41,42,2,3,2024-07-18,2025-08-04,263,14.0,0.6666666666666666,0,0.0,0.7380952380952381
AnkiDroid/src/main/res/values-yue/18-standard-models.xml,3,1,41,42,2,3,2024-07-18,2025-08-04,263,14.0,0.6666666666666666,0,0.0,0.7380952380952381
AnkiDroid/src/main/res/values-zu/18-standard-models.xml,3,1,41,42,2,3,2024-07-18,2025-08-04,263,14.0,0.6666666666666666,0,0.0,0.7380952380952381
AnkiDroid/src/main/java/com/ichi2/anki/utils/ext/LinearLayoutManager.kt,2,42,0,42,2,2,2025-07-16,2026-03-06,49,21.0,0.5,2,1.0,0.8809523809523809
AnkiDroid/src/test/java/com/ichi2/anki/browser/search/SearchFiltersTest.kt,2,40,2,42,1,2,2026-02-01,2026-03-13,42,21.0,1.0,0,0.0,0.9047619047619048
AnkiDroid/src/main/java/com/ichi2/anki/OnboardingFlag.kt,1,0,42,42,1,1,2024-08-24,2024-08-24,608,42.0,1.0,0,0.0,1.0
AnkiDroid/src/main/java/com/ichi2/anki/noteeditor/NoteEditorFragmentDelegate.kt,1,42,0,42,1,1,2025-08-25,2025-08-25,242,42.0,1.0,0,0.0,1.0
AnkiDroid/src/test/java/com/ichi2/anki/browser/search/CardStateSerializerTest.kt,1,42,0,42,1,1,2026-01-23,2026-01-23,91,42.0,1.0,0,0.0,1.0
AnkiDroid/src/test/java/com/ichi2/testutils/EmptyAnkiActivity.kt,1,42,0,42,1,1,2024-11-28,2024-11-28,512,42.0,1.0,0,0.0,1.0
AnkiDroid/src/test/java/com/ichi2/testutils/Robolectric.kt,1,42,0,42,1,1,2024-11-28,2024-11-28,512,42.0,1.0,0,0.0,1.0
tools/discord/macos-clipboard-to-discord.sh,1,42,0,42,1,1,2024-08-02,2024-08-02,630,42.0,1.0,0,0.0,1.0
AnkiDroid/src/main/res/values-pt-rBR/16-multimedia-editor.xml,13,15,26,41,1,13,2024-07-20,2026-03-26,29,3.1538461538461537,1.0,0,0.0,0.36585365853658536
AnkiDroid/src/main/res/values-kn/16-multimedia-editor.xml,12,15,26,41,1,12,2024-04-27,2026-03-26,29,3.4166666666666665,1.0,0,0.0,0.36585365853658536
AnkiDroid/src/main/res/values-or/08-widget.xml,10,27,14,41,1,10,2024-08-28,2026-01-19,95,4.1,1.0,0,0.0,0.24390243902439024
AnkiDroid/src/main/res/values-th/16-multimedia-editor.xml,10,15,26,41,1,10,2024-07-20,2026-03-26,29,4.1,1.0,0,0.0,0.36585365853658536
AnkiDroid/src/main/java/com/ichi2/anki/pages/AnkiServer.kt,8,19,22,41,2,6,2024-05-21,2026-04-22,2,5.125,0.5,4,0.5,0.34146341463414637
AnkiDroid/src/main/java/com/ichi2/anki/reviewer/PreviousAnswerIndicator.kt,6,20,21,41,3,5,2024-11-03,2025-07-28,270,6.833333333333333,0.6666666666666666,1,0.16666666666666666,0.4146341463414634
AnkiDroid/src/test/java/com/ichi2/anki/scheduling/SetDueDateDialogTest.kt,6,37,4,41,2,6,2025-01-03,2026-04-09,15,6.833333333333333,0.8333333333333334,0,0.0,0.5853658536585366
AnkiDroid/src/main/res/values-et/04-network.xml,5,20,21,41,1,5,2024-06-09,2026-03-30,25,8.2,1.0,0,0.0,0.8780487804878049
AnkiDroid/src/main/java/com/ichi2/anki/utils/ext/NoteType.kt,4,21,20,41,3,4,2024-05-18,2025-07-05,293,10.25,0.5,0,0.0,0.4634146341463415
AnkiDroid/src/test/java/com/ichi2/utils/LanguageUtilsTest.kt,4,22,19,41,2,4,2023-12-04,2026-04-14,10,10.25,0.5,0,0.0,0.5121951219512195
AnkiDroid/src/test/java/com/ichi2/testutils/CollectionManagerTestAdapter.kt,3,39,2,41,1,2,2025-07-07,2025-07-21,277,13.666666666666666,1.0,0,0.0,0.8536585365853658
libanki/src/main/java/com/ichi2/anki/libanki/PythonTypes.kt,3,34,7,41,1,3,2025-07-06,2025-09-09,227,13.666666666666666,1.0,0,0.0,0.6585365853658537
common/src/main/java/com/ichi2/anki/common/utils/TestUtils.kt,2,38,3,41,1,2,2024-05-29,2026-04-13,11,20.5,1.0,0,0.0,0.8048780487804879
AnkiDroid/src/main/java/com/ichi2/anki/account/LoggedInViewModel.kt,1,41,0,41,1,1,2025-01-31,2025-01-31,448,41.0,1.0,0,0.0,1.0
AnkiDroid/src/main/res/layout/tab_layout_icon_on_end.xml,1,41,0,41,1,1,2025-11-08,2025-11-08,167,41.0,1.0,0,0.0,1.0
AnkiDroid/src/test/java/com/ichi2/anki/MetaTest.kt,1,41,0,41,1,1,2026-03-11,2026-03-11,44,41.0,1.0,0,0.0,1.0
AnkiDroid/src/test/java/com/ichi2/anki/dialogs/utils/FragmentTestActivity.kt,1,0,41,41,1,1,2024-11-29,2024-11-29,511,41.0,1.0,0,0.0,1.0
AnkiDroid/src/main/res/values-am/17-model-manager.xml,11,23,17,40,1,11,2024-09-03,2026-04-19,5,3.6363636363636362,1.0,0,0.0,0.175
AnkiDroid/src/main/res/values-vi/11-arrays.xml,10,14,26,40,1,10,2024-09-28,2026-01-03,111,4.0,1.0,0,0.0,0.325
AnkiDroid/src/main/res/values-zh-rCN/11-arrays.xml,10,14,26,40,1,9,2024-09-28,2026-01-12,102,4.0,1.0,0,0.0,0.325
AnkiDroid/src/main/res/values-zh-rCN/08-widget.xml,8,26,14,40,1,8,2024-08-28,2025-08-26,241,5.0,1.0,0,0.0,0.225
AnkiDroid/src/main/java/com/ichi2/anki/dialogs/tags/TagsDialogListener.kt,4,25,15,40,2,3,2024-12-09,2026-03-22,33,10.0,0.75,0,0.0,0.725
AnkiDroid/src/main/res/layout/widget_deck_picker_large.xml,4,36,4,40,1,4,2024-05-22,2024-12-27,483,10.0,1.0,0,0.0,0.5
libanki/src/main/java/com/ichi2/anki/libanki/Utils.kt,4,20,20,40,3,4,2025-07-06,2026-02-08,75,10.0,0.5,1,0.25,0.9
AnkiDroid/src/main/java/com/ichi2/anki/jsaddons/AddonModel.kt,3,22,18,40,1,2,2024-12-09,2025-12-10,135,13.333333333333334,1.0,1,0.3333333333333333,0.75
AnkiDroid/src/main/java/com/ichi2/anki/reviewreminders/ScheduleRemindersDestination.kt,3,36,4,40,2,3,2025-06-15,2025-07-10,288,13.333333333333334,0.6666666666666666,0,0.0,0.725
AnkiDroid/src/test/java/com/ichi2/anki/ProductionCrashReportingTreeTest.kt,3,21,19,40,2,3,2024-07-15,2025-12-10,135,13.333333333333334,0.6666666666666666,1,0.3333333333333333,0.75
docs/marketing/localized_description/marketdescription-el.txt,3,20,20,40,1,3,2025-05-10,2025-06-30,298,13.333333333333334,1.0,0,0.0,0.85
libanki/src/main/java/com/ichi2/anki/libanki/Note.kt,3,20,20,40,1,3,2025-07-06,2026-01-26,88,13.333333333333334,1.0,1,0.3333333333333333,0.8
AnkiDroid/src/main/java/com/ichi2/anki/settings/enums/HideSystemBars.kt,2,35,5,40,1,2,2025-01-16,2025-08-03,264,20.0,1.0,0,0.0,0.625
AnkiDroid/src/main/java/com/ichi2/anki/utils/ext/View.kt,2,40,0,40,2,2,2025-07-06,2026-03-28,27,20.0,0.5,0,0.0,0.65
AnkiDroid/src/main/res/layout/browser_column_divider.xml,2,20,20,40,2,2,2025-01-07,2025-01-30,449,20.0,0.5,1,0.5,0.5
AnkiDroid/src/test/java/com/ichi2/anki/browser/CardBrowserColumnNonParamTest.kt,2,39,1,40,2,2,2024-06-14,2026-03-23,32,20.0,0.5,0,0.0,0.975
common/src/main/java/com/ichi2/anki/common/utils/ext/Float.kt,2,39,1,40,1,2,2024-06-19,2025-06-26,302,20.0,1.0,0,0.0,0.675
AnkiDroid/src/main/java/com/ichi2/anki/AppLifecycleObserver.kt,1,40,0,40,1,1,2025-11-14,2025-11-14,161,40.0,1.0,0,0.0,1.0
AnkiDroid/src/main/java/com/ichi2/themes/Theme.kt,1,0,40,40,1,1,2025-12-06,2025-12-06,139,40.0,1.0,0,0.0,1.0
AnkiDroid/src/main/res/drawable/bg_rounded_drop_shadow.xml,1,40,0,40,1,1,2024-04-22,2024-04-22,732,40.0,1.0,0,0.0,1.0
AnkiDroid/src/main/res/layout/browser_columns_selection_heading.xml,1,40,0,40,1,1,2025-01-08,2025-01-08,471,40.0,1.0,0,0.0,1.0
AnkiDroid/src/test/java/com/ichi2/anki/browser/BrowserColumnKeyTest.kt,1,40,0,40,1,1,2026-01-27,2026-01-27,87,40.0,1.0,0,0.0,1.0
AnkiDroid/src/test/java/com/ichi2/anki/browser/StringNormalizationTest.kt,1,40,0,40,1,1,2025-02-06,2025-02-06,442,40.0,1.0,0,0.0,1.0
AnkiDroid/src/test/java/com/ichi2/testutils/ext/ReviewRemindersDatabase.kt,1,40,0,40,1,1,2026-02-16,2026-02-16,67,40.0,1.0,0,0.0,1.0
common/src/main/java/com/ichi2/anki/common/annotations/UseContextParameter.kt,1,40,0,40,1,1,2025-07-07,2025-07-07,291,40.0,1.0,0,0.0,1.0
AnkiDroid/src/main/res/values-heb/16-multimedia-editor.xml,13,14,25,39,1,13,2024-07-20,2026-03-26,29,3.0,1.0,0,0.0,0.38461538461538464
AnkiDroid/src/main/res/values-ca/16-multimedia-editor.xml,12,14,25,39,1,12,2024-07-20,2026-03-26,29,3.25,1.0,0,0.0,0.38461538461538464
AnkiDroid/src/main/res/values/16-multimedia-editor.xml,11,13,26,39,4,10,2024-06-13,2026-03-23,32,3.5454545454545454,0.5454545454545454,2,0.18181818181818182,0.46153846153846156
AnkiDroid/src/androidTest/java/com/ichi2/anki/tests/LayoutValidationTest.kt,10,24,15,39,4,9,2024-05-21,2026-04-10,14,3.9,0.5,3,0.3,0.2564102564102564
AnkiDroid/src/main/res/values-ko/09-backup.xml,7,20,19,39,1,7,2024-04-27,2026-04-06,18,5.571428571428571,1.0,0,0.0,0.5641025641025641
AnkiDroid/src/main/java/com/ichi2/anki/ui/NoteTypeSpinnerUtils.kt,6,22,17,39,2,5,2024-12-09,2026-03-23,32,6.5,0.8333333333333334,0,0.0,0.6410256410256411
AnkiDroid/src/main/java/com/ichi2/anki/analytics/AcraAnalyticsInteraction.kt,4,22,17,39,2,3,2024-12-09,2025-12-10,135,9.75,0.75,2,0.5,0.7692307692307693
AnkiDroid/src/main/java/com/ichi2/anki/dialogs/help/HelpItem.kt,4,21,18,39,1,2,2024-12-09,2025-12-10,135,9.75,1.0,2,0.5,0.6666666666666666
AnkiDroid/src/main/res/values-gu/09-backup.xml,4,20,19,39,1,4,2024-07-30,2026-04-06,18,9.75,1.0,0,0.0,0.6666666666666666
AnkiDroid/src/main/res/values-ml/09-backup.xml,4,20,19,39,1,4,2024-09-29,2026-04-06,18,9.75,1.0,0,0.0,0.8205128205128205
AnkiDroid/src/main/java/com/ichi2/anki/settings/enums/ShouldFetchMedia.kt,3,34,5,39,1,3,2025-07-27,2025-08-09,258,13.0,1.0,1,0.3333333333333333,0.6153846153846154
AnkiDroid/src/main/java/com/ichi2/libanki/CardTemplates.kt,3,37,2,39,2,3,2024-12-28,2025-06-25,303,13.0,0.6666666666666666,0,0.0,0.8974358974358975
lint-rules/src/main/java/com/ichi2/anki/lint/rules/DirectSystemTimeInstantiation.kt,3,22,17,39,2,3,2024-07-15,2025-12-10,135,13.0,0.6666666666666666,1,0.3333333333333333,0.7692307692307693
AnkiDroid/src/main/java/com/ichi2/utils/CollectionUtils.kt,1,0,39,39,1,1,2024-07-21,2024-07-21,642,39.0,1.0,0,0.0,1.0
AnkiDroid/src/test/java/com/ichi2/anki/dialogs/CustomExceptionDataTest.kt,1,39,0,39,1,1,2024-12-06,2024-12-06,504,39.0,1.0,1,1.0,1.0
AnkiDroid/src/test/java/com/ichi2/utils/CollectionUtilsTest.kt,1,0,39,39,1,1,2024-07-21,2024-07-21,642,39.0,1.0,0,0.0,1.0
AnkiDroid/src/main/res/values-sv/17-model-manager.xml,12,22,16,38,1,12,2024-07-30,2026-04-19,5,3.1666666666666665,1.0,0,0.0,0.18421052631578946
AnkiDroid/src/main/res/values-da/17-model-manager.xml,11,22,16,38,1,11,2024-07-14,2026-04-19,5,3.4545454545454546,1.0,0,0.0,0.18421052631578946
AnkiDroid/src/main/res/values-nl/17-model-manager.xml,11,22,16,38,1,11,2025-02-08,2026-04-19,5,3.4545454545454546,1.0,0,0.0,0.18421052631578946
AnkiDroid/src/main/res/values/12-dont-translate.xml,7,30,8,38,2,4,2025-03-17,2025-08-21,246,5.428571428571429,0.7142857142857143,0,0.0,0.3684210526315789
AnkiDroid/src/main/java/com/ichi2/anki/TtsParser.kt,4,24,14,38,2,3,2024-07-15,2025-07-05,293,9.5,0.75,0,0.0,0.631578947368421
common/src/main/java/com/ichi2/anki/common/utils/ext/JSONObject.kt,4,36,2,38,2,3,2025-03-31,2025-09-08,228,9.5,0.75,1,0.25,0.5789473684210527
AnkiDroid/src/main/java/com/ichi2/anki/utils/ext/SavedStateHandle.kt,3,37,1,38,2,3,2025-06-05,2025-09-14,222,12.666666666666666,0.6666666666666666,2,0.6666666666666666,0.6052631578947368
AnkiDroid/src/main/res/layout/instant_editor_field_layout.xml,3,37,1,38,2,3,2024-05-14,2025-09-10,226,12.666666666666666,0.6666666666666666,0,0.0,0.9473684210526315
AnkiDroid/src/test/java/com/ichi2/compat/CompatCopyFileTest.kt,3,21,17,38,2,3,2024-07-15,2026-03-22,33,12.666666666666666,0.6666666666666666,1,0.3333333333333333,0.8157894736842105
AnkiDroid/src/test/java/com/ichi2/testutils/libanki/CollectionAssert.kt,3,4,34,38,2,3,2024-11-03,2025-01-04,475,12.666666666666666,0.6666666666666666,0,0.0,0.8157894736842105
AnkiDroid/src/main/java/com/ichi2/anki/multimediacard/fields/EFieldType.kt,2,19,19,38,1,2,2024-12-09,2025-12-10,135,19.0,1.0,1,0.5,0.9473684210526315
AnkiDroid/src/main/java/com/ichi2/utils/Colour.kt,2,23,15,38,1,2,2025-11-09,2025-12-10,135,19.0,1.0,1,0.5,0.7894736842105263
AnkiDroid/src/main/res/menu/multimedia_menu.xml,2,35,3,38,1,2,2024-06-13,2024-07-21,642,19.0,1.0,0,0.0,0.868421052631579
AnkiDroid/src/main/java/com/ichi2/anki/dialogs/ScopedStorageMigration.kt,1,0,38,38,1,1,2024-08-27,2024-08-27,605,38.0,1.0,0,0.0,1.0
AnkiDroid/src/main/java/com/ichi2/utils/DeckNameComparator.kt,1,0,38,38,1,1,2024-03-21,2024-03-21,764,38.0,1.0,0,0.0,1.0
AnkiDroid/src/test/java/com/ichi2/utils/LanguageUtilRobolectricTest.kt,1,38,0,38,1,1,2024-05-12,2024-05-12,712,38.0,1.0,1,1.0,1.0
common/src/test/java/com/ichi2/anki/common/utils/ext/ListTest.kt,1,38,0,38,1,1,2026-01-30,2026-01-30,84,38.0,1.0,0,0.0,1.0
AnkiDroid/src/main/res/values-sc/07-cardbrowser.xml,13,25,12,37,1,12,2024-08-08,2026-04-19,5,2.8461538461538463,1.0,0,0.0,0.32432432432432434
AnkiDroid/src/main/res/values-vi/16-multimedia-editor.xml,12,13,24,37,1,12,2024-07-20,2026-03-26,29,3.0833333333333335,1.0,0,0.0,0.40540540540540543
AnkiDroid/src/main/res/values-zh-rTW/16-multimedia-editor.xml,10,13,24,37,1,10,2024-07-20,2026-03-26,29,3.7,1.0,0,0.0,0.4594594594594595
AnkiDroid/src/main/res/values/08-widget.xml,9,26,11,37,4,9,2024-05-22,2025-08-21,246,4.111111111111111,0.6666666666666666,0,0.0,0.32432432432432434
AnkiDroid/src/main/res/values-hu/08-widget.xml,8,25,12,37,1,8,2024-08-28,2025-08-26,241,4.625,1.0,0,0.0,0.2702702702702703
AnkiDroid/src/test/java/com/ichi2/compat/Test21And26.kt,8,23,14,37,6,8,2024-07-15,2026-03-22,33,4.625,0.25,2,0.25,0.2702702702702703
AnkiDroid/src/main/res/layout/card_template_editor.xml,5,30,7,37,3,5,2024-05-30,2026-03-22,33,7.4,0.4,2,0.4,0.43243243243243246
AnkiDroid/src/main/java/com/ichi2/anki/android/input/ShortcutGroup.kt,3,35,2,37,2,2,2024-11-06,2024-12-09,501,12.333333333333334,0.6666666666666666,0,0.0,0.8108108108108109
AnkiDroid/src/main/java/com/ichi2/anki/dialogs/CardBrowserOrderDialog.kt,3,19,18,37,1,3,2024-12-09,2026-01-27,87,12.333333333333334,1.0,2,0.6666666666666666,0.8108108108108109
AnkiDroid/src/main/java/com/ichi2/anki/exception/StorageAccessException.kt,3,21,16,37,1,3,2024-12-09,2025-12-10,135,12.333333333333334,1.0,1,0.3333333333333333,0.8108108108108109
AnkiDroid/src/main/java/com/ichi2/anki/preferences/BackupLimitsSettingsFragment.kt,3,21,16,37,2,3,2024-08-25,2025-12-10,135,12.333333333333334,0.6666666666666666,1,0.3333333333333333,0.8108108108108109
AnkiDroid/src/main/java/com/ichi2/anki/settings/enums/ToolbarPosition.kt,3,32,5,37,1,3,2025-06-06,2025-08-09,258,12.333333333333334,1.0,1,0.3333333333333333,0.6486486486486487
AnkiDroid/src/main/java/com/ichi2/anki/ui/windows/reviewer/AnswerButtonsNextTime.kt,3,35,2,37,2,3,2024-06-23,2025-07-05,293,12.333333333333334,0.6666666666666666,0,0.0,0.8918918918918919
AnkiDroid/src/main/java/com/ichi2/utils/UiUtil.kt,3,37,0,37,3,3,2025-11-08,2026-04-16,8,12.333333333333334,0.3333333333333333,1,0.3333333333333333,0.7297297297297297
api/src/main/java/com/ichi2/anki/api/Utils.kt,3,18,19,37,3,3,2025-06-08,2026-02-08,75,12.333333333333334,0.3333333333333333,2,0.6666666666666666,0.8378378378378378
libanki/src/main/java/com/ichi2/anki/libanki/sched/DummyScheduler.kt,3,19,18,37,2,3,2025-07-06,2025-12-10,135,12.333333333333334,0.6666666666666666,1,0.3333333333333333,0.918918918918919
AnkiDroid/src/main/java/com/ichi2/anki/browser/CardBrowserFragmentViewModel.kt,2,36,1,37,1,2,2025-06-30,2025-08-07,260,18.5,1.0,0,0.0,0.5675675675675675
AnkiDroid/src/main/res/layout/card_template_editor_activity.xml,2,1,36,37,2,2,2024-07-25,2024-08-17,615,18.5,0.5,1,0.5,0.9459459459459459
AnkiDroid/src/test/java/com/ichi2/testutils/ext/TestClass.kt,2,36,1,37,1,1,2025-07-07,2025-07-07,291,18.5,1.0,0,0.0,0.9459459459459459
common/proguard-rules.pro,2,36,1,37,2,2,2024-05-29,2024-06-20,673,18.5,0.5,0,0.0,0.5675675675675675
libanki/src/testFixtures/java/com/ichi2/anki/libanki/testutils/AnkiTest.kt,2,37,0,37,2,2,2026-02-16,2026-04-10,14,18.5,0.5,0,0.0,1.0
lint-rules/src/main/java/com/ichi2/anki/lint/rules/DirectCalendarInstanceUsage.kt,2,21,16,37,2,2,2024-07-15,2025-12-10,135,18.5,0.5,1,0.5,0.8108108108108109
lint-rules/src/main/java/com/ichi2/anki/lint/rules/DirectDateInstantiation.kt,2,21,16,37,2,2,2024-07-15,2025-12-10,135,18.5,0.5,1,0.5,0.8108108108108109
lint-rules/src/main/java/com/ichi2/anki/lint/rules/DirectGregorianInstantiation.kt,2,21,16,37,2,2,2024-07-15,2025-12-10,135,18.5,0.5,1,0.5,0.8108108108108109
lint-rules/src/main/java/com/ichi2/anki/lint/rules/DirectSystemCurrentTimeMillisUsage.kt,2,21,16,37,2,2,2024-07-15,2025-12-10,135,18.5,0.5,1,0.5,0.8108108108108109
AnkiDroid/src/main/java/com/ichi2/utils/Assert.kt,1,0,37,37,1,1,2024-12-07,2024-12-07,503,37.0,1.0,0,0.0,1.0
AnkiDroid/src/test/java/com/ichi2/testutils/DialogUtils.kt,1,0,37,37,1,1,2024-04-27,2024-04-27,727,37.0,1.0,0,0.0,1.0
AnkiDroid/src/test/java/com/ichi2/testutils/TaskSchedulerRule.kt,1,0,37,37,1,1,2025-07-22,2025-07-22,276,37.0,1.0,0,0.0,1.0
AnkiDroid/src/main/res/values-hu/11-arrays.xml,9,12,24,36,1,9,2024-09-28,2026-01-03,111,4.0,1.0,0,0.0,0.3611111111111111
AnkiDroid/src/main/res/values-nl/11-arrays.xml,9,12,24,36,1,9,2024-07-30,2026-01-28,86,4.0,1.0,0,0.0,0.3611111111111111
AnkiDroid/src/main/res/values-it/11-arrays.xml,8,12,24,36,1,8,2024-09-28,2026-04-08,16,4.5,1.0,0,0.0,0.3611111111111111
AnkiDroid/src/main/java/com/ichi2/anki/SyncActionProvider.kt,7,22,14,36,3,6,2024-05-03,2026-03-23,32,5.142857142857143,0.7142857142857143,2,0.2857142857142857,0.3611111111111111
AnkiDroid/src/main/java/com/ichi2/libanki/Storage.kt,7,21,15,36,3,3,2025-05-10,2025-06-18,310,5.142857142857143,0.7142857142857143,0,0.0,0.4166666666666667
AnkiDroid/src/main/res/values-km/08-widget.xml,7,24,12,36,1,7,2024-08-28,2025-08-26,241,5.142857142857143,1.0,0,0.0,0.3333333333333333
docs/marketing/localized_description/marketdescription-pl.txt,6,18,18,36,1,6,2025-04-02,2026-02-11,72,6.0,1.0,0,0.0,0.3888888888888889
AnkiDroid/src/main/java/com/ichi2/anki/ui/windows/permissions/PermissionsStartingAt30Fragment.kt,5,21,15,36,3,3,2025-08-27,2026-03-16,39,7.2,0.6,0,0.0,0.6111111111111112
docs/marketing/localized_description/marketdescription-pt-BR.txt,4,18,18,36,1,4,2024-07-30,2025-07-05,293,9.0,1.0,0,0.0,0.6666666666666666
AnkiDroid/src/main/java/com/ichi2/utils/HashUtil.kt,3,16,20,36,2,3,2025-03-31,2026-03-25,30,12.0,0.6666666666666666,1,0.3333333333333333,0.8333333333333334
AnkiDroid/src/test/java/com/ichi2/anki/DeckAdapterFilterTest.kt,3,19,17,36,2,3,2025-06-05,2025-12-10,135,12.0,0.6666666666666666,1,0.3333333333333333,0.8333333333333334
AnkiDroid/src/test/java/com/ichi2/anki/HandlerUtilsTest.kt,3,19,17,36,2,3,2024-07-15,2026-04-14,10,12.0,0.6666666666666666,1,0.3333333333333333,0.8611111111111112
AnkiDroid/src/main/java/com/ichi2/anki/utils/Reflection.kt,2,35,1,36,2,2,2024-12-10,2026-03-23,32,18.0,0.5,0,0.0,0.9722222222222222
AnkiDroid/src/main/java/com/ichi2/anki/utils/ext/Chip.kt,2,36,0,36,1,2,2026-01-22,2026-03-13,42,18.0,1.0,0,0.0,0.9166666666666666
AnkiDroid/src/main/res/layout/colorpicker_flag_bubble.xml,2,34,2,36,2,2,2025-11-10,2026-03-26,29,18.0,0.5,2,1.0,0.8611111111111112
AnkiDroid/src/main/res/layout/preferences.xml,2,4,32,36,1,2,2024-11-23,2025-07-01,297,18.0,1.0,0,0.0,0.8888888888888888
lint-rules/src/test/java/com/ichi2/anki/lint/rules/DirectSystemCurrentTimeMillisUsageTest.kt,2,18,18,36,2,2,2024-07-15,2025-12-10,135,18.0,0.5,1,0.5,0.8333333333333334
AnkiDroid/src/main/java/com/ichi2/anki/ui/NonLeadingZeroInputFilter.kt,1,36,0,36,1,1,2026-03-19,2026-03-19,36,36.0,1.0,0,0.0,1.0
AnkiDroid/src/main/res/layout/item_notetype_field.xml,1,36,0,36,1,1,2025-10-21,2025-10-21,185,36.0,1.0,0,0.0,1.0
AnkiDroid/src/test/java/com/ichi2/anki/EmptyApplicationCategory.kt,1,36,0,36,1,1,2026-04-14,2026-04-14,10,36.0,1.0,0,0.0,1.0
common/src/test/java/com/ichi2/anki/common/utils/ext/LongTest.kt,1,36,0,36,1,1,2025-06-18,2025-06-18,310,36.0,1.0,0,0.0,1.0
compat/src/main/java/com/ichi2/anki/compat/DirectoryCompat.kt,1,36,0,36,1,1,2026-03-22,2026-03-22,33,36.0,1.0,0,0.0,1.0
AnkiDroid/src/main/res/values-zh-rTW/07-cardbrowser.xml,14,24,11,35,1,14,2024-08-07,2026-04-19,5,2.5,1.0,0,0.0,0.2
AnkiDroid/src/main/res/values-af/16-multimedia-editor.xml,11,12,23,35,1,11,2024-07-20,2026-03-26,29,3.1818181818181817,1.0,0,0.0,0.42857142857142855
AnkiDroid/src/main/res/values-am/16-multimedia-editor.xml,11,12,23,35,1,11,2024-07-20,2026-03-26,29,3.1818181818181817,1.0,0,0.0,0.42857142857142855
AnkiDroid/src/main/res/values-az/16-multimedia-editor.xml,11,12,23,35,1,11,2024-07-20,2026-03-26,29,3.1818181818181817,1.0,0,0.0,0.42857142857142855
AnkiDroid/src/main/res/values-bg/16-multimedia-editor.xml,11,12,23,35,1,11,2024-07-20,2026-03-26,29,3.1818181818181817,1.0,0,0.0,0.42857142857142855
AnkiDroid/src/main/res/values-ckb/16-multimedia-editor.xml,11,12,23,35,1,11,2024-07-20,2026-03-26,29,3.1818181818181817,1.0,0,0.0,0.42857142857142855
AnkiDroid/src/main/res/values-eu/16-multimedia-editor.xml,11,12,23,35,1,11,2024-07-20,2026-03-26,29,3.1818181818181817,1.0,0,0.0,0.42857142857142855
AnkiDroid/src/main/res/values-fy/16-multimedia-editor.xml,11,12,23,35,1,11,2024-07-20,2026-03-26,29,3.1818181818181817,1.0,0,0.0,0.42857142857142855
AnkiDroid/src/main/res/values-ga/16-multimedia-editor.xml,11,12,23,35,1,11,2024-07-20,2026-03-26,29,3.1818181818181817,1.0,0,0.0,0.42857142857142855
AnkiDroid/src/main/res/values-hi/16-multimedia-editor.xml,11,12,23,35,1,11,2024-07-20,2026-03-26,29,3.1818181818181817,1.0,0,0.0,0.42857142857142855
AnkiDroid/src/main/res/values-ka/16-multimedia-editor.xml,11,12,23,35,1,11,2024-07-20,2026-03-26,29,3.1818181818181817,1.0,0,0.0,0.42857142857142855
AnkiDroid/src/main/res/values-sv/16-multimedia-editor.xml,11,12,23,35,1,11,2024-07-20,2026-03-26,29,3.1818181818181817,1.0,0,0.0,0.42857142857142855
AnkiDroid/src/main/res/values-te/16-multimedia-editor.xml,11,12,23,35,1,11,2024-05-01,2026-03-26,29,3.1818181818181817,1.0,0,0.0,0.4857142857142857
AnkiDroid/src/main/res/values-or/16-multimedia-editor.xml,10,12,23,35,1,10,2024-07-20,2026-03-26,29,3.5,1.0,0,0.0,0.42857142857142855
AnkiDroid/src/main/res/values-sc/16-multimedia-editor.xml,10,12,23,35,1,10,2024-07-20,2026-03-26,29,3.5,1.0,0,0.0,0.42857142857142855
AnkiDroid/src/main/res/xml/preferences_custom_buttons.xml,9,28,7,35,5,9,2024-05-28,2025-09-13,223,3.888888888888889,0.4444444444444444,2,0.2222222222222222,0.2
AnkiDroid/src/main/java/com/ichi2/anki/reviewer/AnswerButtons.kt,5,17,18,35,3,3,2024-10-26,2026-01-08,106,7.0,0.6,1,0.2,0.2857142857142857
AnkiDroid/src/main/java/com/ichi2/anki/ActionProviderCompat.kt,3,18,17,35,1,2,2024-12-09,2025-12-10,135,11.666666666666666,1.0,2,0.6666666666666666,0.8571428571428571
AnkiDroid/src/main/java/com/ichi2/anki/contextmenu/SystemContextMenu.kt,3,22,13,35,1,1,2024-12-09,2024-12-09,501,11.666666666666666,1.0,1,0.3333333333333333,0.7142857142857143
AnkiDroid/src/main/res/layout/my_account.xml,3,27,8,35,3,3,2024-04-23,2025-01-31,448,11.666666666666666,0.3333333333333333,0,0.0,0.42857142857142855
AnkiDroid/src/main/res/layout/widget_item_deck_config.xml,3,31,4,35,2,3,2024-05-22,2025-09-11,225,11.666666666666666,0.6666666666666666,0,0.0,0.8
AnkiDroid/src/main/res/values-hy/09-backup.xml,3,18,17,35,1,3,2024-07-04,2026-04-06,18,11.666666666666666,1.0,0,0.0,0.9142857142857143
libanki/src/main/java/com/ichi2/anki/libanki/Field.kt,3,10,25,35,2,3,2025-07-06,2025-12-13,132,11.666666666666666,0.6666666666666666,1,0.3333333333333333,0.9428571428571428
AnkiDroid/src/androidTest/java/com/ichi2/anki/testutil/DatabaseUtils.kt,2,18,17,35,1,1,2024-12-09,2024-12-09,501,17.5,1.0,0,0.0,0.9428571428571428
AnkiDroid/src/main/java/com/ichi2/libanki/utils/Time.kt,2,1,34,35,2,2,2024-12-09,2025-05-10,349,17.5,0.5,1,0.5,0.8857142857142857
AnkiDroid/src/test/java/com/ichi2/anki/AnkiDroidAppFailureTest.kt,2,33,2,35,1,1,2024-10-11,2024-10-11,560,17.5,1.0,2,1.0,0.9428571428571428
AnkiDroid/src/test/java/com/ichi2/anki/reviewer/BindingAndroidTest.kt,2,17,18,35,2,2,2024-10-20,2025-02-05,443,17.5,0.5,0,0.0,0.8571428571428571
AnkiDroid/src/test/java/com/ichi2/anki/ui/windows/reviewer/ReviewerBigScreenTest.kt,2,35,0,35,2,2,2025-02-09,2025-07-07,291,17.5,0.5,0,0.0,0.9714285714285714
AnkiDroid/src/main/java/com/ichi2/anki/multiprofile/ProfileRestrictedDirectory.kt,1,35,0,35,1,1,2025-12-20,2025-12-20,125,35.0,1.0,0,0.0,1.0
AnkiDroid/src/main/java/com/ichi2/anki/preferences/reviewer/WhiteboardAction.kt,1,35,0,35,1,1,2026-01-30,2026-01-30,84,35.0,1.0,0,0.0,1.0
AnkiDroid/src/main/java/com/ichi2/anki/utils/ext/BitmapDrawable.kt,1,35,0,35,1,1,2024-09-03,2024-09-03,598,35.0,1.0,0,0.0,1.0
AnkiDroid/src/main/java/com/ichi2/anki/utils/ext/Config.kt,1,35,0,35,1,1,2026-03-19,2026-03-19,36,35.0,1.0,0,0.0,1.0
AnkiDroid/src/main/java/com/ichi2/anki/utils/ext/FragmentManager.kt,1,35,0,35,1,1,2024-04-23,2024-04-23,731,35.0,1.0,1,1.0,1.0
AnkiDroid/src/main/res/layout/fragment_loading.xml,1,35,0,35,1,1,2025-01-12,2025-01-12,467,35.0,1.0,0,0.0,1.0
AnkiDroid/src/main/res/menu/activity_edit_text.xml,1,0,35,35,1,1,2024-08-01,2024-08-01,631,35.0,1.0,0,0.0,1.0
AnkiDroid/src/test/java/com/ichi2/anki/multimediacard/fields/BasicMediaClipFieldControllerComplexTest.kt,1,0,35,35,1,1,2024-08-01,2024-08-01,631,35.0,1.0,0,0.0,1.0
AnkiDroid/src/test/java/com/ichi2/themes/ThemeTest.kt,1,0,35,35,1,1,2025-12-06,2025-12-06,139,35.0,1.0,0,0.0,1.0
common/src/main/java/com/ichi2/anki/common/utils/ext/List.kt,1,35,0,35,1,1,2026-01-30,2026-01-30,84,35.0,1.0,0,0.0,1.0
testlib/src/main/java/com/ichi2/testutils/AnkiAssert.kt,1,35,0,35,1,1,2024-04-29,2024-04-29,725,35.0,1.0,0,0.0,1.0
gradle/wrapper/gradle-wrapper.properties,17,17,17,34,4,17,2024-06-17,2026-03-10,45,2.0,0.5294117647058824,0,0.0,0.058823529411764705
AnkiDroid/src/main/res/values-pt-rPT/17-model-manager.xml,11,20,14,34,1,11,2025-02-08,2026-04-19,5,3.090909090909091,1.0,0,0.0,0.20588235294117646
AnkiDroid/src/main/res/values-te/17-model-manager.xml,11,20,14,34,1,11,2024-05-01,2026-04-19,5,3.090909090909091,1.0,0,0.0,0.20588235294117646
AnkiDroid/src/main/res/values/17-model-manager.xml,11,20,14,34,6,10,2024-10-10,2026-03-19,36,3.090909090909091,0.2727272727272727,1,0.09090909090909091,0.17647058823529413
AnkiDroid/src/main/res/values-af/17-model-manager.xml,10,20,14,34,1,10,2024-10-23,2026-04-19,5,3.4,1.0,0,0.0,0.20588235294117646
AnkiDroid/src/main/res/values-bg/17-model-manager.xml,10,20,14,34,1,10,2024-10-23,2026-04-19,5,3.4,1.0,0,0.0,0.20588235294117646
AnkiDroid/src/main/res/values-ca/17-model-manager.xml,10,20,14,34,1,10,2024-10-23,2026-04-19,5,3.4,1.0,0,0.0,0.20588235294117646
AnkiDroid/src/main/res/values-ckb/17-model-manager.xml,10,20,14,34,1,10,2024-10-23,2026-04-19,5,3.4,1.0,0,0.0,0.20588235294117646
AnkiDroid/src/main/res/values-eu/17-model-manager.xml,10,20,14,34,1,10,2024-10-23,2026-04-19,5,3.4,1.0,0,0.0,0.20588235294117646
AnkiDroid/src/main/res/values-fy/17-model-manager.xml,10,20,14,34,1,10,2024-10-23,2026-04-19,5,3.4,1.0,0,0.0,0.20588235294117646
AnkiDroid/src/main/res/values-ga/17-model-manager.xml,10,20,14,34,1,10,2024-10-23,2026-04-19,5,3.4,1.0,0,0.0,0.20588235294117646
AnkiDroid/src/main/res/values-hi/11-arrays.xml,10,11,23,34,1,10,2024-05-31,2026-01-03,111,3.4,1.0,0,0.0,0.38235294117647056
AnkiDroid/src/main/res/values-nn/17-model-manager.xml,10,20,14,34,1,10,2025-02-08,2026-04-19,5,3.4,1.0,0,0.0,0.20588235294117646
AnkiDroid/src/main/res/values-zh-rTW/11-arrays.xml,7,11,23,34,1,7,2024-08-07,2026-01-03,111,4.857142857142857,1.0,0,0.0,0.38235294117647056
AnkiDroid/src/main/res/xml/preferences_sync.xml,5,24,10,34,4,5,2025-01-31,2026-03-19,36,6.8,0.4,0,0.0,0.5294117647058824
AnkiDroid/src/main/java/com/ichi2/anki/dialogs/ModelEditorContextMenu.kt,3,11,23,34,2,2,2024-11-06,2024-12-09,501,11.333333333333334,0.6666666666666666,0,0.0,0.5
AnkiDroid/src/main/java/com/ichi2/anki/dialogs/Utils.kt,3,17,17,34,2,3,2024-12-09,2026-03-08,47,11.333333333333334,0.6666666666666666,2,0.6666666666666666,0.8823529411764706
AnkiDroid/src/main/java/com/ichi2/anki/dialogs/DeckPickerNoSpaceLeftDialog.kt,2,16,18,34,1,2,2024-12-09,2025-12-10,135,17.0,1.0,2,1.0,0.8823529411764706
AnkiDroid/src/main/java/com/ichi2/anki/settings/enums/FrameStyle.kt,2,31,3,34,1,2,2025-01-16,2025-08-03,264,17.0,1.0,0,0.0,0.6764705882352942
AnkiDroid/src/test/java/com/ichi2/anki/jsaddons/AddonModelTest.kt,2,18,16,34,2,2,2024-07-15,2025-12-10,135,17.0,0.5,1,0.5,0.8823529411764706
AnkiDroid/src/test/java/com/ichi2/utils/FileOperation.kt,2,15,19,34,2,2,2024-08-27,2025-12-10,135,17.0,0.5,1,0.5,0.8823529411764706
libanki/src/main/java/com/ichi2/anki/libanki/LaTeX.kt,2,17,17,34,1,2,2025-07-06,2025-12-10,135,17.0,1.0,1,0.5,1.0
AnkiDroid/src/main/assets/mathjax/input/tex/extensions/all-packages.js,1,0,34,34,1,1,2024-10-11,2024-10-11,560,34.0,1.0,0,0.0,1.0
AnkiDroid/src/main/assets/mathjax/input/tex/extensions/mhchem.js,1,0,34,34,1,1,2024-10-11,2024-10-11,560,34.0,1.0,0,0.0,1.0
AnkiDroid/src/main/java/com/ichi2/ui/WhiteboardGesturePicker.kt,1,34,0,34,1,1,2026-01-30,2026-01-30,84,34.0,1.0,0,0.0,1.0
AnkiDroid/src/main/res/layout-land/introduction_layout.xml,1,20,14,34,1,1,2024-11-06,2024-11-06,534,34.0,1.0,0,0.0,1.0
AnkiDroid/src/main/res/layout/dialog_new_note_type.xml,1,22,12,34,1,1,2026-03-18,2026-03-18,37,34.0,1.0,0,0.0,1.0
AnkiDroid/src/main/res/layout/multimedia_edit_field_activity.xml,1,0,34,34,1,1,2024-08-01,2024-08-01,631,34.0,1.0,0,0.0,1.0
AnkiDroid/src/main/res/values/theme_plain.xml,13,24,9,33,7,11,2024-05-21,2026-03-21,34,2.5384615384615383,0.23076923076923078,3,0.23076923076923078,0.24242424242424243
AnkiDroid/src/main/res/values-hu/16-multimedia-editor.xml,11,11,22,33,1,11,2024-07-20,2026-03-26,29,3.0,1.0,0,0.0,0.45454545454545453
AnkiDroid/src/main/res/values-tt/16-multimedia-editor.xml,10,11,22,33,1,10,2024-07-20,2026-03-26,29,3.3,1.0,0,0.0,0.45454545454545453
settings.gradle.kts,9,17,16,33,2,8,2024-05-29,2026-04-13,11,3.6666666666666665,0.8888888888888888,0,0.0,0.36363636363636365
AnkiDroid/src/main/res/values-hy/08-widget.xml,7,23,10,33,1,6,2024-08-28,2025-08-26,241,4.714285714285714,1.0,0,0.0,0.30303030303030304
AnkiDroid/src/main/res/values-got/09-backup.xml,4,17,16,33,1,4,2025-05-24,2026-04-06,18,8.25,1.0,0,0.0,0.7878787878787878
tools/release-description.md,4,28,5,33,3,4,2024-12-18,2025-08-03,264,8.25,0.5,0,0.0,0.7878787878787878
AnkiDroid/src/androidTest/java/com/ichi2/anki/testutil/GrantPermissions.kt,2,19,14,33,1,1,2024-12-09,2024-12-09,501,16.5,1.0,1,0.5,0.8484848484848485
AnkiDroid/src/main/java/com/ichi2/anki/ui/windows/reviewer/AnswerTimerStatus.kt,2,32,1,33,1,2,2025-06-13,2025-08-09,258,16.5,1.0,1,0.5,0.9393939393939394
AnkiDroid/src/main/res/values-ug/18-standard-models.xml,2,32,1,33,1,2,2025-01-04,2025-04-10,379,16.5,1.0,0,0.0,0.9393939393939394
AnkiDroid/src/main/java/com/ichi2/anki/settings/enums/DayTheme.kt,1,33,0,33,1,1,2025-12-06,2025-12-06,139,33.0,1.0,0,0.0,1.0
AnkiDroid/src/main/res/values/filtered_deck_options.xml,1,0,33,33,1,1,2025-12-01,2025-12-01,144,33.0,1.0,0,0.0,1.0
AnkiDroid/src/test/java/com/ichi2/testutils/MockCursor.kt,1,0,33,33,1,1,2025-01-04,2025-01-04,475,33.0,1.0,0,0.0,1.0
AnkiDroid/src/main/res/values-sat/17-model-manager.xml,10,19,13,32,1,10,2025-02-08,2026-04-19,5,3.2,1.0,0,0.0,0.21875
AnkiDroid/src/test/java/com/ichi2/anki/ActivityStartupUnderBackupTest.kt,10,14,18,32,5,9,2024-04-29,2026-04-14,10,3.2,0.5,2,0.2,0.25
AnkiDroid/src/main/res/values-or/11-arrays.xml,9,10,22,32,1,8,2024-09-28,2026-01-19,95,3.5555555555555554,1.0,0,0.0,0.40625
AnkiDroid/src/main/res/values-sc/11-arrays.xml,8,10,22,32,1,8,2024-09-28,2026-01-03,111,4.0,1.0,0,0.0,0.40625
AnkiDroid/src/main/res/values-sk/11-arrays.xml,8,10,22,32,1,8,2024-09-28,2026-01-03,111,4.0,1.0,0,0.0,0.40625
AnkiDroid/src/androidTest/java/com/ichi2/anki/TtsVoicesTest.kt,6,19,13,32,2,4,2024-11-06,2025-12-15,130,5.333333333333333,0.6666666666666666,0,0.0,0.40625
AnkiDroid/src/test/java/com/ichi2/anki/dialogs/utils/AlertDialogUtils.kt,6,29,3,32,3,6,2024-02-28,2025-11-21,154,5.333333333333333,0.6666666666666666,1,0.16666666666666666,0.46875
AnkiDroid/src/main/java/com/ichi2/anki/ui/windows/permissions/PermissionsActivity.kt,5,20,12,32,3,4,2024-12-09,2025-11-25,150,6.4,0.6,1,0.2,0.46875
AnkiDroid/src/main/java/com/ichi2/compat/CompatV23.kt,4,30,2,32,2,3,2024-07-24,2024-08-16,616,8.0,0.75,0,0.0,0.40625
AnkiDroid/src/main/res/layout/browser_column_heading.xml,3,29,3,32,2,2,2025-01-08,2025-01-30,449,10.666666666666666,0.6666666666666666,1,0.3333333333333333,0.78125
docs/marketing/localized_description/marketdescription-hy-AM.txt,3,16,16,32,1,3,2024-10-25,2025-06-30,298,10.666666666666666,1.0,0,0.0,0.8125
libanki/src/main/java/com/ichi2/anki/libanki/Consts.kt,3,16,16,32,2,3,2025-07-06,2025-12-13,132,10.666666666666666,0.6666666666666666,2,0.6666666666666666,0.9375
testlib/src/main/AndroidManifest.xml,3,15,17,32,3,3,2024-07-24,2026-03-22,33,10.666666666666666,0.3333333333333333,0,0.0,0.46875
AnkiDroid/src/androidTest/java/com/ichi2/anki/dialogs/ModelEditorContextMenuTest.kt,2,3,29,32,2,2,2024-11-06,2024-12-09,501,16.0,0.5,0,0.0,0.9375
AnkiDroid/src/main/java/com/ichi2/anki/jsaddons/NpmUtils.kt,2,16,16,32,2,2,2024-07-15,2025-12-10,135,16.0,0.5,1,0.5,0.9375
AnkiDroid/src/main/java/com/ichi2/anki/ui/windows/managespace/ManageSpaceActivity.kt,2,12,20,32,2,2,2025-08-02,2025-12-10,135,16.0,0.5,2,1.0,0.84375
AnkiDroid/src/main/java/com/ichi2/utils/NoteFieldDecorator.kt,2,16,16,32,2,2,2024-07-15,2025-12-10,135,16.0,0.5,1,0.5,0.9375
AnkiDroid/src/main/res/layout/card_browser_searchview.xml,2,21,11,32,1,1,2025-08-07,2025-08-07,260,16.0,1.0,0,0.0,0.53125
AnkiDroid/src/main/res/layout/fragment_shared_decks_download.xml,2,24,8,32,2,2,2024-11-02,2025-09-11,225,16.0,0.5,0,0.0,0.5
AnkiDroid/src/test/java/com/ichi2/anki/jsaddons/TgzPackageExtractTest.kt,2,16,16,32,2,2,2025-05-21,2025-12-10,135,16.0,0.5,1,0.5,0.9375
api/src/main/java/com/ichi2/anki/api/NoteInfo.kt,2,15,17,32,2,2,2024-07-15,2025-12-10,135,16.0,0.5,1,0.5,0.96875
common/src/main/java/com/ichi2/anki/common/json/NamedJSONComparator.kt,2,16,16,32,1,2,2025-06-18,2025-12-10,135,16.0,1.0,1,0.5,0.9375
AnkiDroid/src/main/java/com/ichi2/anki/utils/ext/DeckConfig.kt,1,0,32,32,1,1,2025-01-17,2025-01-17,462,32.0,1.0,0,0.0,1.0
AnkiDroid/src/main/java/com/ichi2/anki/utils/ext/TabLayout.kt,1,32,0,32,1,1,2025-12-17,2025-12-17,128,32.0,1.0,0,0.0,1.0
AnkiDroid/src/main/res/layout/dropdown_deck_selected_item.xml,1,0,32,32,1,1,2025-09-11,2025-09-11,225,32.0,1.0,0,0.0,1.0
AnkiDroid/src/main/res/layout/view_study_counts.xml,1,32,0,32,1,1,2025-12-29,2025-12-29,116,32.0,1.0,0,0.0,1.0
AnkiDroid/src/main/res/menu/image_cropper_menu.xml,1,32,0,32,1,1,2025-07-08,2025-07-08,290,32.0,1.0,1,1.0,1.0
AnkiDroid/src/test/java/com/ichi2/testutils/MockContentResolver.kt,1,0,32,32,1,1,2025-01-04,2025-01-04,475,32.0,1.0,0,0.0,1.0
AnkiDroid/src/test/java/com/ichi2/utils/InMemorySQLiteOpenHelperFactory.kt,1,0,32,32,1,1,2026-03-26,2026-03-26,29,32.0,1.0,0,0.0,1.0
tools/crashes-data-mining/cube.xml,1,0,32,32,1,1,2024-07-07,2024-07-07,656,32.0,1.0,0,0.0,1.0
AnkiDroid/src/main/res/values-hy/16-multimedia-editor.xml,10,10,21,31,1,10,2024-07-20,2026-03-26,29,3.1,1.0,0,0.0,0.4838709677419355
AnkiDroid/src/main/res/values-ind/16-multimedia-editor.xml,10,10,21,31,1,10,2024-07-20,2026-03-26,29,3.1,1.0,0,0.0,0.4838709677419355
AnkiDroid/src/main/res/values-kk/16-multimedia-editor.xml,10,10,21,31,1,10,2024-07-20,2026-03-26,29,3.1,1.0,0,0.0,0.4838709677419355
AnkiDroid/src/main/res/values-km/16-multimedia-editor.xml,10,10,21,31,1,10,2024-07-20,2026-03-26,29,3.1,1.0,0,0.0,0.4838709677419355
AnkiDroid/src/main/res/values-ku/16-multimedia-editor.xml,10,10,21,31,1,10,2024-07-20,2026-03-26,29,3.1,1.0,0,0.0,0.4838709677419355
AnkiDroid/src/main/res/values-ky/16-multimedia-editor.xml,10,10,21,31,1,10,2024-07-20,2026-03-26,29,3.1,1.0,0,0.0,0.4838709677419355
AnkiDroid/src/main/res/values-mk/16-multimedia-editor.xml,10,10,21,31,1,10,2024-07-20,2026-03-26,29,3.1,1.0,0,0.0,0.4838709677419355
AnkiDroid/src/main/res/values-mn/16-multimedia-editor.xml,10,10,21,31,1,10,2024-07-20,2026-03-26,29,3.1,1.0,0,0.0,0.4838709677419355
AnkiDroid/src/main/java/com/ichi2/compat/customtabs/CustomTabsHelper.kt,7,18,13,31,3,7,2024-10-27,2026-04-19,5,4.428571428571429,0.7142857142857143,4,0.5714285714285714,0.3225806451612903
AnkiDroid/src/main/res/values-fil/08-widget.xml,7,22,9,31,1,7,2024-06-03,2025-08-26,241,4.428571428571429,1.0,0,0.0,0.3225806451612903
AnkiDroid/src/androidTest/java/com/ichi2/anki/reviewer/PeripheralKeymapTest.kt,6,12,19,31,2,4,2024-12-09,2026-01-08,106,5.166666666666667,0.5,1,0.16666666666666666,0.3870967741935484
AnkiDroid/src/main/res/values-bn/09-backup.xml,4,16,15,31,1,4,2024-10-23,2026-04-06,18,7.75,1.0,0,0.0,0.8387096774193549
AnkiDroid/src/main/res/values-fil/18-standard-models.xml,4,11,20,31,1,4,2024-06-03,2025-04-10,379,7.75,1.0,0,0.0,0.5161290322580645
AnkiDroid/src/main/java/com/ichi2/utils/JSONArray.kt,3,12,19,31,2,3,2024-04-29,2025-03-31,389,10.333333333333334,0.6666666666666666,0,0.0,0.8387096774193549
AnkiDroid/src/main/res/layout/image_occlusion.xml,3,21,10,31,3,3,2025-09-21,2025-11-07,168,10.333333333333334,0.3333333333333333,1,0.3333333333333333,0.5161290322580645
AnkiDroid/src/main/res/values-gu/18-standard-models.xml,3,11,20,31,1,3,2024-06-01,2025-04-10,379,10.333333333333334,1.0,0,0.0,0.6451612903225806
AnkiDroid/src/main/res/layout/card_template_editor_top.xml,2,30,1,31,1,2,2024-08-17,2024-08-30,602,15.5,1.0,2,1.0,0.8709677419354839
AnkiDroid/src/main/res/values-ur/09-backup.xml,2,16,15,31,1,2,2024-07-30,2026-04-06,18,15.5,1.0,0,0.0,0.967741935483871
AnkiDroid/src/androidTest/java/com/ichi2/anki/tests/CollectionTest.kt,1,15,16,31,1,1,2025-12-10,2025-12-10,135,31.0,1.0,1,1.0,1.0
AnkiDroid/src/main/java/com/ichi2/libanki/CollectionFiles.kt,1,31,0,31,1,1,2025-06-18,2025-06-18,310,31.0,1.0,0,0.0,1.0
AnkiDroid/src/main/java/com/ichi2/utils/SequenceUtil.kt,1,0,31,31,1,1,2024-06-23,2024-06-23,670,31.0,1.0,0,0.0,1.0
AnkiDroid/src/test/java/com/ichi2/testutils/AnkiDroidAppWithFatalError.kt,1,31,0,31,1,1,2024-10-11,2024-10-11,560,31.0,1.0,1,1.0,1.0
AnkiDroid/src/main/res/values-ka/17-model-manager.xml,10,18,12,30,1,10,2025-02-08,2026-04-19,5,3.0,1.0,0,0.0,0.23333333333333334
.github/workflows/milestone.yml,9,15,15,30,4,9,2024-05-14,2026-03-10,45,3.3333333333333335,0.4444444444444444,0,0.0,0.2
AnkiDroid/src/main/res/values-vi/17-model-manager.xml,9,18,12,30,1,9,2025-02-08,2026-04-19,5,3.3333333333333335,1.0,0,0.0,0.23333333333333334
AnkiDroid/src/main/res/values-zh-rTW/17-model-manager.xml,9,18,12,30,1,9,2025-02-08,2026-04-19,5,3.3333333333333335,1.0,0,0.0,0.23333333333333334
AnkiDroid/src/main/java/com/ichi2/anki/servicelayer/SchedulerService.kt,6,14,16,30,3,5,2024-07-15,2025-07-05,293,5.0,0.6666666666666666,0,0.0,0.3333333333333333
AnkiDroid/src/test/java/com/ichi2/anki/libanki/FinderTest.kt,5,15,15,30,1,3,2025-06-17,2025-07-07,291,6.0,1.0,0,0.0,0.3333333333333333
AnkiDroid/src/main/java/com/ichi2/anki/CardUtils.kt,4,8,22,30,2,3,2024-12-09,2026-03-04,51,7.5,0.75,0,0.0,0.5666666666666667
AnkiDroid/src/main/res/layout/controls_tab_layout.xml,3,29,1,30,2,3,2025-06-13,2025-12-08,137,10.0,0.6666666666666666,2,0.6666666666666666,0.8
AnkiDroid/src/main/res/layout/note_type_field_editor_list_item.xml,3,10,20,30,3,3,2025-05-29,2025-10-21,185,10.0,0.3333333333333333,0,0.0,0.5666666666666667
AnkiDroid/src/test/java/com/ichi2/anki/ModelFieldEditorTest.kt,3,16,14,30,3,3,2024-05-20,2025-04-26,363,10.0,0.3333333333333333,0,0.0,0.6666666666666666
AnkiDroid/src/androidTest/java/com/ichi2/anki/testutil/CollectionUtils.kt,2,28,2,30,1,2,2025-01-10,2025-07-05,293,15.0,1.0,0,0.0,0.8666666666666667
AnkiDroid/src/main/res/layout/reviewer_topbar.xml,2,23,7,30,2,2,2024-04-06,2024-12-26,484,15.0,0.5,2,1.0,0.8666666666666667
AnkiDroid/src/test/java/com/ichi2/anki/ScreenshotTest.kt,2,29,1,30,1,2,2025-12-23,2026-01-30,84,15.0,1.0,0,0.0,0.8
AnkiDroid/src/test/java/com/ichi2/testutils/AnkiActivityUtils.kt,2,2,28,30,1,1,2024-11-29,2024-11-29,511,15.0,1.0,0,0.0,0.9
api/src/main/java/com/ichi2/anki/api/Ease.kt,2,30,0,30,2,2,2024-10-02,2024-11-03,537,15.0,0.5,0,0.0,0.8
libanki/src/main/java/com/ichi2/anki/libanki/BackendDeckOptions.kt,2,15,15,30,1,2,2025-07-06,2025-12-10,135,15.0,1.0,1,0.5,1.0
libanki/src/main/java/com/ichi2/anki/libanki/exception/ConfirmModSchemaException.kt,2,15,15,30,1,2,2025-07-06,2025-12-10,135,15.0,1.0,1,0.5,1.0
libanki/src/main/java/com/ichi2/anki/libanki/stats/BackendStats.kt,2,15,15,30,1,2,2025-07-06,2025-12-10,135,15.0,1.0,1,0.5,1.0
libanki/src/main/java/com/ichi2/anki/libanki/template/TemplateFilters.kt,2,15,15,30,1,2,2025-07-06,2025-12-10,135,15.0,1.0,1,0.5,1.0
libanki/src/test/java/com/ichi2/anki/libanki/UtilsTest.kt,2,15,15,30,1,2,2025-07-07,2025-12-10,135,15.0,1.0,1,0.5,1.0
AnkiDroid/src/main/java/com/ichi2/anki/analytics/AnalyticsDialogFragment.kt,1,15,15,30,1,1,2025-12-10,2025-12-10,135,30.0,1.0,1,1.0,1.0
AnkiDroid/src/main/java/com/ichi2/anki/jsaddons/AddonsConst.kt,1,15,15,30,1,1,2025-12-10,2025-12-10,135,30.0,1.0,1,1.0,1.0
AnkiDroid/src/main/java/com/ichi2/anki/reviewer/ReviewerCustomFonts.kt,1,15,15,30,1,1,2025-12-10,2025-12-10,135,30.0,1.0,1,1.0,1.0
AnkiDroid/src/main/java/com/ichi2/anki/utils/ext/MenuItemImpl.kt,1,30,0,30,1,1,2024-12-10,2024-12-10,500,30.0,1.0,0,0.0,1.0
AnkiDroid/src/main/java/com/ichi2/utils/Threads.kt,1,15,15,30,1,1,2025-12-10,2025-12-10,135,30.0,1.0,1,1.0,1.0
AnkiDroid/src/main/res/drawable-v24/intro_ankidroid_logo.xml,1,0,30,30,1,1,2024-11-06,2024-11-06,534,30.0,1.0,0,0.0,1.0
AnkiDroid/src/main/res/layout/item_column_selection.xml,1,30,0,30,1,1,2025-02-12,2025-02-12,436,30.0,1.0,0,0.0,1.0
AnkiDroid/src/test/java/com/ichi2/anki/TestUtils.kt,1,15,15,30,1,1,2025-12-10,2025-12-10,135,30.0,1.0,1,1.0,1.0
AnkiDroid/src/test/java/com/ichi2/anki/jsaddons/NpmUtilsTest.kt,1,15,15,30,1,1,2025-12-10,2025-12-10,135,30.0,1.0,1,1.0,1.0
AnkiDroid/src/test/java/com/ichi2/misc/LintReleaseFileTest.kt,1,15,15,30,1,1,2025-12-10,2025-12-10,135,30.0,1.0,1,1.0,1.0
AnkiDroid/src/test/java/com/ichi2/utils/CreateTempDir.kt,1,0,30,30,1,1,2024-08-27,2024-08-27,605,30.0,1.0,0,0.0,1.0
AnkiDroid/src/test/java/com/ichi2/utils/ListUtil.kt,1,15,15,30,1,1,2025-12-10,2025-12-10,135,30.0,1.0,1,1.0,1.0
jitpack.yml,1,15,15,30,1,1,2024-07-15,2024-07-15,648,30.0,1.0,0,0.0,1.0
lint-rules/src/main/java/com/ichi2/anki/lint/utils/Constants.kt,1,15,15,30,1,1,2025-12-10,2025-12-10,135,30.0,1.0,1,1.0,1.0
lint-rules/src/main/java/com/ichi2/anki/lint/utils/LintUtils.kt,1,15,15,30,1,1,2025-12-10,2025-12-10,135,30.0,1.0,1,1.0,1.0
lint-rules/src/test/java/com/ichi2/anki/lint/rules/DirectCalendarInstanceUsageTest.kt,1,15,15,30,1,1,2025-12-10,2025-12-10,135,30.0,1.0,1,1.0,1.0
lint-rules/src/test/java/com/ichi2/anki/lint/rules/DirectDateInstantiationTest.kt,1,15,15,30,1,1,2025-12-10,2025-12-10,135,30.0,1.0,1,1.0,1.0
lint-rules/src/test/java/com/ichi2/anki/lint/rules/DirectGregorianInstantiationTest.kt,1,15,15,30,1,1,2025-12-10,2025-12-10,135,30.0,1.0,1,1.0,1.0
AnkiDroid/src/main/res/values-ms/16-multimedia-editor.xml,9,9,20,29,1,9,2024-07-20,2026-03-26,29,3.2222222222222223,1.0,0,0.0,0.5172413793103449
AnkiDroid/src/main/res/values-my/16-multimedia-editor.xml,9,9,20,29,1,9,2024-07-20,2026-03-26,29,3.2222222222222223,1.0,0,0.0,0.5172413793103449
AnkiDroid/src/main/res/values-nn/16-multimedia-editor.xml,9,9,20,29,1,9,2024-07-20,2026-03-26,29,3.2222222222222223,1.0,0,0.0,0.5172413793103449
AnkiDroid/src/main/res/values-no/16-multimedia-editor.xml,9,9,20,29,1,9,2024-07-20,2026-03-26,29,3.2222222222222223,1.0,0,0.0,0.5172413793103449
AnkiDroid/src/main/res/values-ro/16-multimedia-editor.xml,9,9,20,29,1,9,2024-07-20,2026-03-26,29,3.2222222222222223,1.0,0,0.0,0.5172413793103449
AnkiDroid/src/main/res/values-sk/16-multimedia-editor.xml,9,9,20,29,1,9,2024-07-20,2026-03-26,29,3.2222222222222223,1.0,0,0.0,0.5172413793103449
AnkiDroid/src/main/res/values-sl/16-multimedia-editor.xml,9,9,20,29,1,9,2024-07-20,2026-03-26,29,3.2222222222222223,1.0,0,0.0,0.5172413793103449
AnkiDroid/src/main/res/values-sq/16-multimedia-editor.xml,9,9,20,29,1,9,2024-07-20,2026-03-26,29,3.2222222222222223,1.0,0,0.0,0.5172413793103449
AnkiDroid/src/main/res/values-sr/16-multimedia-editor.xml,9,9,20,29,1,9,2024-07-20,2026-03-26,29,3.2222222222222223,1.0,0,0.0,0.5172413793103449
AnkiDroid/src/main/res/values-tgl/16-multimedia-editor.xml,9,9,20,29,1,9,2024-07-20,2026-03-26,29,3.2222222222222223,1.0,0,0.0,0.5172413793103449
AnkiDroid/src/main/res/values-ti/16-multimedia-editor.xml,9,9,20,29,1,9,2024-07-20,2026-03-26,29,3.2222222222222223,1.0,0,0.0,0.5172413793103449
AnkiDroid/src/main/res/values-af/08-widget.xml,7,21,8,29,1,7,2024-08-28,2025-08-26,241,4.142857142857143,1.0,0,0.0,0.3448275862068966
AnkiDroid/src/main/java/com/ichi2/anki/notetype/RenameCardTemplateDialog.kt,6,18,11,29,3,4,2024-06-03,2026-01-30,84,4.833333333333333,0.6666666666666666,1,0.16666666666666666,0.4482758620689655
AnkiDroid/src/main/res/values-ko/04-network.xml,6,14,15,29,1,6,2024-06-09,2026-03-30,25,4.833333333333333,1.0,0,0.0,0.41379310344827586
AnkiDroid/src/main/java/com/ichi2/anki/cardviewer/CardAppearance.kt,4,18,11,29,2,2,2024-12-09,2025-12-06,139,7.25,0.75,1,0.25,0.41379310344827586
AnkiDroid/src/main/java/com/ichi2/anki/noteeditor/CustomToolbarButton.kt,4,17,12,29,2,3,2024-07-15,2025-07-05,293,7.25,0.75,1,0.25,0.4827586206896552
AnkiDroid/src/main/res/layout/note_editor.xml,4,23,6,29,4,4,2024-05-14,2025-07-16,282,7.25,0.25,0,0.0,0.5172413793103449
AnkiDroid/src/main/java/com/ichi2/anki/settings/enums/PrefEnum.kt,3,28,1,29,1,3,2025-01-16,2025-12-06,139,9.666666666666666,1.0,0,0.0,0.6896551724137931
AnkiDroid/src/main/res/layout/card_item_browser.xml,3,16,13,29,2,3,2024-12-26,2025-09-12,224,9.666666666666666,0.6666666666666666,1,0.3333333333333333,0.8620689655172413
AnkiDroid/src/main/java/com/ichi2/preferences/DialogFragmentProvider.kt,2,0,29,29,1,1,2025-07-11,2025-07-11,287,14.5,1.0,0,0.0,1.0
AnkiDroid/src/main/res/layout/rename_flag_layout.xml,2,28,1,29,2,2,2024-04-22,2025-09-11,225,14.5,0.5,0,0.0,0.9310344827586207
AnkiDroid/src/main/res/layout/reviewer_answer_buttons.xml,2,19,10,29,2,2,2024-04-07,2025-01-16,463,14.5,0.5,0,0.0,0.6551724137931034
AnkiDroid/src/test/java/com/ichi2/anki/dialogs/help/HelpDialogTest.kt,2,15,14,29,2,2,2024-07-15,2025-12-10,135,14.5,0.5,1,0.5,0.896551724137931
AnkiDroid/src/main/java/com/ichi2/anki/model/FieldName.kt,1,29,0,29,1,1,2026-01-01,2026-01-01,113,29.0,1.0,0,0.0,1.0
AnkiDroid/src/main/res/drawable/ic_crop.xml,1,29,0,29,1,1,2024-06-13,2024-06-13,680,29.0,1.0,0,0.0,1.0
AnkiDroid/src/main/res/drawable/material_dialog_background.xml,1,29,0,29,1,1,2026-01-31,2026-01-31,83,29.0,1.0,0,0.0,1.0
AnkiDroid/src/main/res/drawable/pin_shape.xml,1,29,0,29,1,1,2025-11-10,2025-11-10,165,29.0,1.0,1,1.0,1.0
AnkiDroid/src/main/res/layout/drawing_fragment.xml,1,29,0,29,1,1,2025-11-03,2025-11-03,172,29.0,1.0,0,0.0,1.0
AnkiDroid/src/main/res/menu/popupmenu_multimedia_options.xml,1,0,29,29,1,1,2024-08-01,2024-08-01,631,29.0,1.0,0,0.0,1.0
AnkiDroid/src/test/java/com/ichi2/anki/scheduling/FsrsTest.kt,1,29,0,29,1,1,2025-07-09,2025-07-09,289,29.0,1.0,0,0.0,1.0
AnkiDroid/src/main/res/values-hi/17-model-manager.xml,9,17,11,28,1,9,2025-02-08,2026-04-19,5,3.111111111111111,1.0,0,0.0,0.25
AnkiDroid/src/main/res/values-hu/17-model-manager.xml,9,17,11,28,1,9,2025-02-08,2026-04-19,5,3.111111111111111,1.0,0,0.0,0.25
AnkiDroid/src/main/res/values-ind/17-model-manager.xml,9,17,11,28,1,9,2025-02-08,2026-04-19,5,3.111111111111111,1.0,0,0.0,0.25
AnkiDroid/src/main/res/values-kk/17-model-manager.xml,9,17,11,28,1,9,2025-02-08,2026-04-19,5,3.111111111111111,1.0,0,0.0,0.25
AnkiDroid/src/main/res/values-km/17-model-manager.xml,9,17,11,28,1,9,2025-02-08,2026-04-19,5,3.111111111111111,1.0,0,0.0,0.25
AnkiDroid/src/main/res/values-ku/17-model-manager.xml,9,17,11,28,1,9,2025-02-08,2026-04-19,5,3.111111111111111,1.0,0,0.0,0.25
AnkiDroid/src/main/res/values-ky/17-model-manager.xml,9,17,11,28,1,9,2025-02-08,2026-04-19,5,3.111111111111111,1.0,0,0.0,0.25
AnkiDroid/src/main/res/values-mk/17-model-manager.xml,9,17,11,28,1,9,2025-02-08,2026-04-19,5,3.111111111111111,1.0,0,0.0,0.25
AnkiDroid/src/main/res/values-mn/17-model-manager.xml,9,17,11,28,1,9,2025-02-08,2026-04-19,5,3.111111111111111,1.0,0,0.0,0.25
AnkiDroid/src/main/res/values-mr/17-model-manager.xml,9,17,11,28,1,9,2025-02-08,2026-04-19,5,3.111111111111111,1.0,0,0.0,0.25
AnkiDroid/src/main/res/values-ms/17-model-manager.xml,9,17,11,28,1,9,2025-02-08,2026-04-19,5,3.111111111111111,1.0,0,0.0,0.25
AnkiDroid/src/main/res/values-my/17-model-manager.xml,9,17,11,28,1,9,2025-02-08,2026-04-19,5,3.111111111111111,1.0,0,0.0,0.25
AnkiDroid/src/main/res/values-no/17-model-manager.xml,9,17,11,28,1,9,2025-02-08,2026-04-19,5,3.111111111111111,1.0,0,0.0,0.25
AnkiDroid/src/main/res/values-ro/17-model-manager.xml,9,17,11,28,1,9,2025-02-08,2026-04-19,5,3.111111111111111,1.0,0,0.0,0.25
AnkiDroid/src/main/res/values-sc/17-model-manager.xml,9,17,11,28,1,9,2025-02-08,2026-04-19,5,3.111111111111111,1.0,0,0.0,0.25
AnkiDroid/src/main/res/values-sk/17-model-manager.xml,9,17,11,28,1,9,2025-02-08,2026-04-19,5,3.111111111111111,1.0,0,0.0,0.25
AnkiDroid/src/main/res/values-sl/17-model-manager.xml,9,17,11,28,1,9,2025-02-08,2026-04-19,5,3.111111111111111,1.0,0,0.0,0.25
AnkiDroid/src/main/res/values-sq/17-model-manager.xml,9,17,11,28,1,9,2025-02-08,2026-04-19,5,3.111111111111111,1.0,0,0.0,0.25
AnkiDroid/src/main/res/values-sr/17-model-manager.xml,9,17,11,28,1,9,2025-02-08,2026-04-19,5,3.111111111111111,1.0,0,0.0,0.25
AnkiDroid/src/main/java/com/ichi2/utils/UniqueArrayList.kt,7,18,10,28,6,7,2024-07-15,2025-12-10,135,4.0,0.2857142857142857,1,0.14285714285714285,0.35714285714285715
AnkiDroid/src/test/java/com/ichi2/libanki/AbstractSchedTest.kt,7,13,15,28,3,7,2024-04-29,2025-06-18,310,4.0,0.42857142857142855,0,0.0,0.32142857142857145
README.md,7,17,11,28,7,7,2024-05-17,2025-12-18,127,4.0,0.14285714285714285,0,0.0,0.21428571428571427
AnkiDroid/src/main/java/com/ichi2/anki/cardviewer/CardTemplate.kt,4,19,9,28,2,2,2024-12-09,2026-02-08,75,7.0,0.75,1,0.25,0.5
AnkiDroid/src/main/java/com/ichi2/anki/notetype/RenameCardTypeDialog.kt,4,22,6,28,1,2,2026-03-15,2026-03-24,31,7.0,1.0,2,0.5,0.7857142857142857
AnkiDroid/src/main/res/xml/preferences_accessibility.xml,4,24,4,28,2,4,2024-04-23,2025-09-06,230,7.0,0.75,0,0.0,0.35714285714285715
AnkiDroid/src/androidTest/java/com/ichi2/anki/FieldEditLineTest.kt,3,16,12,28,2,3,2024-07-02,2025-09-11,225,9.333333333333334,0.6666666666666666,0,0.0,0.7857142857142857
AnkiDroid/src/androidTest/java/com/ichi2/anki/testutil/TestEnvironment.kt,3,2,26,28,2,3,2024-07-15,2025-01-04,475,9.333333333333334,0.6666666666666666,1,0.3333333333333333,0.7857142857142857
AnkiDroid/src/test/java/com/ichi2/utils/JSONObjectTest.kt,3,24,4,28,2,3,2023-12-04,2026-04-14,10,9.333333333333334,0.6666666666666666,1,0.3333333333333333,0.75
AnkiDroid/src/androidTest/java/com/ichi2/testutils/common/DO_NOT_EDIT_HERE.txt,2,14,14,28,2,2,2024-06-24,2026-03-22,33,14.0,0.5,0,0.0,0.5
AnkiDroid/src/main/java/com/ichi2/anki/libanki/sched/Scheduler.kt,2,14,14,28,1,1,2025-07-05,2025-07-05,293,14.0,1.0,0,0.0,1.0
AnkiDroid/src/main/java/com/ichi2/anki/utils/ext/Int.kt,2,26,2,28,1,1,2025-06-26,2025-06-26,302,14.0,1.0,1,0.5,0.8571428571428571
AnkiDroid/src/main/res/layout/activity_drawing.xml,2,1,27,28,2,2,2025-09-10,2025-11-03,172,14.0,0.5,0,0.0,0.9285714285714286
AnkiDroid/src/main/res/menu/menu_deck_description.xml,2,1,27,28,1,2,2025-07-02,2025-07-13,285,14.0,1.0,0,0.0,0.9642857142857143
libanki/src/main/java/com/ichi2/anki/libanki/Lang.kt,2,28,0,28,2,2,2025-07-07,2025-07-17,281,14.0,0.5,0,0.0,0.8928571428571429
AnkiDroid/src/main/assets/mathjax/conf.js,1,0,28,28,1,1,2024-10-11,2024-10-11,560,28.0,1.0,0,0.0,1.0
AnkiDroid/src/main/java/com/ichi2/anki/exception/MediaSizeLimitExceededException.kt,1,28,0,28,1,1,2026-03-29,2026-03-29,26,28.0,1.0,0,0.0,1.0
AnkiDroid/src/main/java/com/ichi2/anki/utils/MimeTypeUtils.kt,1,28,0,28,1,1,2025-01-27,2025-01-27,452,28.0,1.0,0,0.0,1.0
AnkiDroid/src/main/java/com/ichi2/anki/utils/ext/BottomSheetDialogFragment.kt,1,28,0,28,1,1,2026-01-29,2026-01-29,85,28.0,1.0,1,1.0,1.0
AnkiDroid/src/main/java/com/ichi2/utils/DeckComparator.kt,1,0,28,28,1,1,2024-03-21,2024-03-21,764,28.0,1.0,0,0.0,1.0
AnkiDroid/src/main/java/com/ichi2/utils/MaterialBuilderUtil.kt,1,0,28,28,1,1,2024-04-23,2024-04-23,731,28.0,1.0,0,0.0,1.0
AnkiDroid/src/main/res/drawable/footer_button_ripple.xml,1,28,0,28,1,1,2024-04-07,2024-04-07,747,28.0,1.0,0,0.0,1.0
AnkiDroid/src/test/java/com/ichi2/anki/dialogs/utils/TagTestData.kt,1,28,0,28,1,1,2024-05-27,2024-05-27,697,28.0,1.0,1,1.0,1.0
AnkiDroid/src/main/res/values-tt/07-cardbrowser.xml,12,20,7,27,1,12,2024-08-08,2026-04-19,5,2.25,1.0,0,0.0,0.25925925925925924
AnkiDroid/src/main/java/com/ichi2/anki/cardviewer/VideoPlayer.kt,8,15,12,27,4,7,2024-12-09,2026-02-04,79,3.375,0.625,2,0.25,0.2222222222222222
AnkiDroid/src/main/res/values-am/08-widget.xml,6,20,7,27,1,6,2024-08-28,2025-08-26,241,4.5,1.0,0,0.0,0.37037037037037035
AnkiDroid/src/main/res/values-az/08-widget.xml,6,20,7,27,1,6,2024-08-28,2025-08-26,241,4.5,1.0,0,0.0,0.37037037037037035
AnkiDroid/src/main/res/values-bg/08-widget.xml,6,20,7,27,1,6,2024-08-28,2025-08-26,241,4.5,1.0,0,0.0,0.37037037037037035
AnkiDroid/src/main/res/values-ca/08-widget.xml,6,20,7,27,1,6,2024-08-28,2025-08-26,241,4.5,1.0,0,0.0,0.37037037037037035
AnkiDroid/src/main/res/values-ckb/08-widget.xml,6,20,7,27,1,6,2024-08-28,2025-08-26,241,4.5,1.0,0,0.0,0.37037037037037035
AnkiDroid/src/main/res/values-da/08-widget.xml,6,20,7,27,1,6,2024-08-28,2025-08-26,241,4.5,1.0,0,0.0,0.37037037037037035
AnkiDroid/src/main/res/values-eu/08-widget.xml,6,20,7,27,1,6,2024-08-28,2025-08-26,241,4.5,1.0,0,0.0,0.37037037037037035
AnkiDroid/src/main/res/values-fy/08-widget.xml,6,20,7,27,1,6,2024-08-28,2025-08-26,241,4.5,1.0,0,0.0,0.37037037037037035
AnkiDroid/src/main/res/values-kk/08-widget.xml,6,20,7,27,1,6,2024-08-28,2025-08-26,241,4.5,1.0,0,0.0,0.37037037037037035
AnkiDroid/src/main/res/values-ku/08-widget.xml,6,20,7,27,1,6,2024-08-28,2025-08-26,241,4.5,1.0,0,0.0,0.37037037037037035
AnkiDroid/src/main/res/values-ky/08-widget.xml,6,20,7,27,1,6,2024-08-28,2025-08-26,241,4.5,1.0,0,0.0,0.37037037037037035
AnkiDroid/src/main/res/values-mk/08-widget.xml,6,20,7,27,1,6,2024-08-28,2025-08-26,241,4.5,1.0,0,0.0,0.37037037037037035
AnkiDroid/src/main/res/values-mn/08-widget.xml,6,20,7,27,1,6,2024-08-28,2025-08-26,241,4.5,1.0,0,0.0,0.37037037037037035
AnkiDroid/src/main/res/values-mr/08-widget.xml,6,20,7,27,1,6,2024-08-28,2025-08-26,241,4.5,1.0,0,0.0,0.37037037037037035
AnkiDroid/src/main/res/values-nn/08-widget.xml,6,20,7,27,1,6,2024-08-28,2025-08-26,241,4.5,1.0,0,0.0,0.37037037037037035
AnkiDroid/src/main/res/values-no/08-widget.xml,6,20,7,27,1,6,2024-08-28,2025-08-26,241,4.5,1.0,0,0.0,0.37037037037037035
AnkiDroid/src/main/java/com/ichi2/anki/dialogs/CardSideSelectionDialog.kt,5,15,12,27,4,4,2024-10-20,2025-06-03,325,5.4,0.4,0,0.0,0.6296296296296297
AnkiDroid/src/main/java/com/ichi2/libanki/backend/BackendUtils.kt,4,13,14,27,2,4,2024-08-03,2025-06-25,303,6.75,0.75,1,0.25,0.37037037037037035
AnkiDroid/src/main/res/values-da/09-backup.xml,4,14,13,27,1,4,2024-07-14,2026-04-06,18,6.75,1.0,0,0.0,0.8148148148148148
AnkiDroid/src/test/java/com/ichi2/anki/cardviewer/VideoPlayerTest.kt,3,21,6,27,2,3,2024-09-16,2025-07-05,293,9.0,0.6666666666666666,0,0.0,0.7777777777777778
AnkiDroid/src/main/java/com/ichi2/anki/pages/StatisticsDestination.kt,2,26,1,27,1,2,2025-09-06,2025-12-11,134,13.5,1.0,0,0.0,0.8888888888888888
AnkiDroid/src/main/java/com/ichi2/anki/workarounds/DialogTitleView.kt,2,15,12,27,2,2,2024-07-04,2025-03-22,398,13.5,0.5,0,0.0,0.8888888888888888
AnkiDroid/src/main/java/com/ichi2/utils/DisplayUtils.kt,2,18,9,27,2,2,2025-01-22,2025-05-13,346,13.5,0.5,1,0.5,0.7407407407407407
AnkiDroid/src/main/res/layout/card_multimedia_editline.xml,2,14,13,27,2,2,2025-05-29,2025-09-11,225,13.5,0.5,0,0.0,0.9629629629629629
lint-rules/src/main/java/com/ichi2/anki/lint/utils/ext/XmlContext.kt,2,26,1,27,2,2,2024-04-25,2024-05-03,721,13.5,0.5,1,0.5,0.9259259259259259
AnkiDroid/src/main/java/com/ichi2/anki/settings/enums/AppTheme.kt,1,27,0,27,1,1,2025-12-06,2025-12-06,139,27.0,1.0,0,0.0,1.0
AnkiDroid/src/main/java/com/ichi2/anki/settings/enums/NightTheme.kt,1,27,0,27,1,1,2025-12-06,2025-12-06,139,27.0,1.0,0,0.0,1.0
AnkiDroid/src/main/java/com/ichi2/compat/CompatV28.kt,1,27,0,27,1,1,2025-07-02,2025-07-02,296,27.0,1.0,1,1.0,1.0
AnkiDroid/src/main/res/layout/fragment_bottom_sheet_list.xml,1,27,0,27,1,1,2026-03-12,2026-03-12,43,27.0,1.0,0,0.0,1.0
AnkiDroid/src/main/res/menu/browser_column_selection.xml,1,27,0,27,1,1,2025-01-08,2025-01-08,471,27.0,1.0,0,0.0,1.0
AnkiDroid/src/test/java/com/ichi2/anki/worker/SyncMediaWorkerTest.kt,1,27,0,27,1,1,2025-11-21,2025-11-21,154,27.0,1.0,1,1.0,1.0
common/src/main/java/com/ichi2/anki/common/utils/ext/MutableList.kt,1,27,0,27,1,1,2025-09-12,2025-09-12,224,27.0,1.0,0,0.0,1.0
AnkiDroid/src/test/java/com/ichi2/anki/dialogs/AsyncDialogFragmentsTest.kt,6,4,22,26,4,5,2024-11-03,2025-03-03,417,4.333333333333333,0.5,0,0.0,0.34615384615384615
AnkiDroid/src/main/java/com/ichi2/anki/cardviewer/CardSoundConfig.kt,5,16,10,26,1,3,2024-08-14,2025-07-05,293,5.2,1.0,1,0.2,0.2692307692307692
AnkiDroid/src/main/java/com/ichi2/anki/preferences/DeveloperOptionsFragment.kt,3,13,13,26,2,2,2026-01-31,2026-04-17,7,8.666666666666666,0.6666666666666666,0,0.0,0.8461538461538461
AnkiDroid/src/test/java/com/ichi2/libanki/NoteTypeTest.kt,3,25,1,26,3,3,2025-05-29,2025-07-05,293,8.666666666666666,0.3333333333333333,0,0.0,0.9230769230769231
AnkiDroid/src/test/java/com/ichi2/testutils/ReflectionUtils.kt,3,14,12,26,2,3,2024-12-05,2025-12-22,123,8.666666666666666,0.6666666666666666,1,0.3333333333333333,0.6538461538461539
.github/workflows/README.md,2,25,1,26,1,2,2025-12-08,2026-03-22,33,13.0,1.0,1,0.5,0.9230769230769231
AnkiDroid/src/main/java/com/ichi2/utils/WebViewDebugging.kt,2,5,21,26,2,2,2024-12-09,2025-10-12,194,13.0,0.5,1,0.5,0.6153846153846154
AnkiDroid/src/main/res/layout/browser_column_cell.xml,2,25,1,26,2,2,2025-01-07,2025-01-30,449,13.0,0.5,1,0.5,0.9230769230769231
AnkiDroid/src/main/res/menu/search.xml,2,25,1,26,2,2,2024-05-18,2024-09-08,593,13.0,0.5,1,0.5,0.9230769230769231
AnkiDroid/src/main/java/com/ichi2/anki/utils/ext/RecyclerView.kt,1,26,0,26,1,1,2025-01-06,2025-01-06,473,26.0,1.0,0,0.0,1.0
AnkiDroid/src/test/java/com/ichi2/anki/utils/ext/Card.kt,1,26,0,26,1,1,2025-02-24,2025-02-24,424,26.0,1.0,0,0.0,1.0
AnkiDroid/src/test/java/com/ichi2/testutils/libanki/DeckConfig.kt,1,0,26,26,1,1,2025-01-17,2025-01-17,462,26.0,1.0,0,0.0,1.0
AnkiDroid/src/test/java/com/ichi2/utils/DeckNameComparatorTest.kt,1,0,26,26,1,1,2024-03-21,2024-03-21,764,26.0,1.0,0,0.0,1.0
vbpd/proguard-rules.pro,1,26,0,26,1,1,2025-10-27,2025-10-27,179,26.0,1.0,0,0.0,1.0
AnkiDroid/src/main/res/values-gl/04-network.xml,7,12,13,25,1,7,2024-06-09,2026-03-30,25,3.5714285714285716,1.0,0,0.0,0.64
AnkiDroid/src/main/java/com/ichi2/anki/preferences/NotificationsSettingsFragment.kt,6,13,12,25,4,5,2024-10-20,2025-12-10,135,4.166666666666667,0.5,0,0.0,0.6
AnkiDroid/src/main/java/com/ichi2/anki/reviewer/AnswerTimer.kt,6,14,11,25,2,4,2024-08-14,2025-07-05,293,4.166666666666667,0.8333333333333334,1,0.16666666666666666,0.24
AnkiDroid/src/main/res/values-az/04-network.xml,5,12,13,25,1,5,2024-06-09,2026-03-30,25,5.0,1.0,0,0.0,0.8
AnkiDroid/src/main/res/values-et/09-backup.xml,5,13,12,25,1,5,2024-04-27,2026-04-06,18,5.0,1.0,0,0.0,0.72
AnkiDroid/src/main/res/values-sat/04-network.xml,5,12,13,25,1,5,2024-06-09,2026-03-30,25,5.0,1.0,0,0.0,0.48
AnkiDroid/src/main/res/values-sk/08-widget.xml,5,20,5,25,1,5,2024-08-28,2025-08-26,241,5.0,1.0,0,0.0,0.48
AnkiDroid/src/main/java/com/ichi2/utils/HtmlUtils.kt,4,7,18,25,4,4,2025-03-22,2025-10-03,203,6.25,0.25,0,0.0,0.6
AnkiDroid/src/main/java/com/ichi2/anki/dialogs/KeySelectionDialogUtils.kt,2,13,12,25,1,1,2024-12-09,2024-12-09,501,12.5,1.0,0,0.0,0.92
AnkiDroid/src/main/java/com/ichi2/utils/EditTextUtils.kt,2,25,0,25,1,2,2024-12-16,2026-01-11,103,12.5,1.0,0,0.0,0.68
AnkiDroid/src/test/java/com/ichi2/anki/reviewer/AutomaticAnswerAndroidTest.kt,2,16,9,25,2,2,2024-11-19,2025-01-17,462,12.5,0.5,0,0.0,0.92
common/android/README.md,2,20,5,25,1,1,2026-04-13,2026-04-13,11,12.5,1.0,0,0.0,0.76
AnkiDroid/src/main/java/com/ichi2/anki/android/input/ShortcutGroupProvider.kt,1,25,0,25,1,1,2024-11-06,2024-11-06,534,25.0,1.0,0,0.0,1.0
AnkiDroid/src/main/java/com/ichi2/anki/utils/ext/Double.kt,1,25,0,25,1,1,2026-01-29,2026-01-29,85,25.0,1.0,1,1.0,1.0
AnkiDroid/src/main/res/anim/jump.xml,1,25,0,25,1,1,2025-08-11,2025-08-11,256,25.0,1.0,0,0.0,1.0
AnkiDroid/src/main/res/anim/jump_fast.xml,1,25,0,25,1,1,2025-08-11,2025-08-11,256,25.0,1.0,0,0.0,1.0
AnkiDroid/src/main/res/drawable/ic_audioclip_white.xml,1,0,25,25,1,1,2024-08-01,2024-08-01,631,25.0,1.0,0,0.0,1.0
AnkiDroid/src/test/java/com/ichi2/testutils/ext/AnkiActivity.kt,1,25,0,25,1,1,2025-07-07,2025-07-07,291,25.0,1.0,0,0.0,1.0
AnkiDroid/src/test/java/com/ichi2/utils/ExceptionUtilTest.kt,1,0,25,25,1,1,2024-08-27,2024-08-27,605,25.0,1.0,0,0.0,1.0
buildSrc/settings.gradle.kts,1,25,0,25,1,1,2026-04-17,2026-04-17,7,25.0,1.0,0,0.0,1.0
libanki/testutils/src/main/java/com/ichi2/anki/libanki/testutils/ext/Card.kt,1,25,0,25,1,1,2025-07-21,2025-07-21,277,25.0,1.0,0,0.0,1.0
AnkiDroid/src/main/res/values-ms/07-cardbrowser.xml,12,20,4,24,1,12,2024-08-08,2026-04-19,5,2.0,1.0,0,0.0,0.2916666666666667
AnkiDroid/src/main/res/values-my/07-cardbrowser.xml,12,20,4,24,1,12,2024-08-08,2026-04-19,5,2.0,1.0,0,0.0,0.2916666666666667
AnkiDroid/src/main/res/values-nn/07-cardbrowser.xml,12,20,4,24,1,12,2024-08-08,2026-04-19,5,2.0,1.0,0,0.0,0.2916666666666667
AnkiDroid/src/main/res/values-no/07-cardbrowser.xml,12,20,4,24,1,12,2024-08-08,2026-04-19,5,2.0,1.0,0,0.0,0.2916666666666667
AnkiDroid/src/main/res/values-tgl/17-model-manager.xml,8,15,9,24,1,8,2025-02-08,2026-04-19,5,3.0,1.0,0,0.0,0.2916666666666667
AnkiDroid/src/main/res/values-ti/17-model-manager.xml,8,15,9,24,1,8,2025-02-08,2026-04-19,5,3.0,1.0,0,0.0,0.2916666666666667
AnkiDroid/src/main/res/values-tt/17-model-manager.xml,8,15,9,24,1,8,2025-02-08,2026-04-19,5,3.0,1.0,0,0.0,0.2916666666666667
tools/localization/src/constants.ts,7,6,18,24,4,6,2024-05-04,2026-03-23,32,3.4285714285714284,0.5714285714285714,2,0.2857142857142857,0.5
AnkiDroid/src/main/res/values-ms/08-widget.xml,6,18,6,24,1,6,2024-08-28,2025-08-26,241,4.0,1.0,0,0.0,0.375
AnkiDroid/src/main/res/values-my/08-widget.xml,6,18,6,24,1,6,2024-08-28,2025-08-26,241,4.0,1.0,0,0.0,0.375
docs/marketing/localized_description/marketdescription-eo.txt,6,12,12,24,1,6,2024-09-21,2025-07-29,269,4.0,1.0,0,0.0,0.25
docs/marketing/localized_description/marketdescription-tr.txt,5,12,12,24,1,5,2025-01-26,2025-07-05,293,4.8,1.0,0,0.0,0.5
AnkiDroid/src/main/java/com/ichi2/anki/browser/CardBrowserLaunchOptions.kt,3,21,3,24,2,2,2024-12-09,2025-12-04,141,8.0,0.6666666666666666,1,0.3333333333333333,0.5416666666666666
docs/marketing/localized_description/marketdescription-am.txt,3,12,12,24,1,3,2024-09-03,2025-06-30,298,8.0,1.0,0,0.0,0.75
docs/marketing/localized_description/marketdescription-hr.txt,3,12,12,24,1,3,2025-05-10,2026-01-28,86,8.0,1.0,0,0.0,0.75
AnkiDroid/src/main/java/com/ichi2/anki/libanki/Notetypes.kt,2,12,12,24,1,1,2025-07-05,2025-07-05,293,12.0,1.0,0,0.0,1.0
AnkiDroid/src/main/res/drawable/ic_add_photo.xml,2,12,12,24,1,2,2024-06-13,2024-07-21,642,12.0,1.0,0,0.0,0.5
AnkiDroid/src/main/res/menu/drawing_menu.xml,2,5,19,24,2,2,2024-04-28,2025-11-03,172,12.0,0.5,0,0.0,0.7916666666666666
AnkiDroid/src/main/java/com/ichi2/libanki/Sync.kt,1,10,14,24,1,1,2024-12-09,2024-12-09,501,24.0,1.0,1,1.0,1.0
AnkiDroid/src/main/res/anim/blink.xml,1,24,0,24,1,1,2025-08-11,2025-08-11,256,24.0,1.0,0,0.0,1.0
AnkiDroid/src/main/res/layout/dialog_versatile_text_preference.xml,1,24,0,24,1,1,2026-04-06,2026-04-06,18,24.0,1.0,0,0.0,1.0
AnkiDroid/src/main/res/layout/reviewer_menu_display_type.xml,1,24,0,24,1,1,2024-12-13,2024-12-13,497,24.0,1.0,0,0.0,1.0
AnkiDroid/src/main/res/values-v35/theme_light.xml,1,24,0,24,1,1,2025-07-05,2025-07-05,293,24.0,1.0,0,0.0,1.0
AnkiDroid/src/test/java/com/ichi2/anki/dialogs/utils/MaterialDialogUtils.kt,1,0,24,24,1,1,2024-05-21,2024-05-21,703,24.0,1.0,0,0.0,1.0
common/src/main/java/com/ichi2/anki/common/utils/ext/Intent.kt,1,24,0,24,1,1,2025-12-04,2025-12-04,141,24.0,1.0,0,0.0,1.0
gradlew,8,11,12,23,3,8,2024-06-17,2026-03-10,45,2.875,0.625,0,0.0,0.21739130434782608
AnkiDroid/src/main/res/values-fa/04-network.xml,6,11,12,23,1,6,2024-06-09,2026-03-30,25,3.8333333333333335,1.0,0,0.0,0.6956521739130435
AnkiDroid/src/main/res/values-pl/04-network.xml,6,11,12,23,1,6,2024-05-19,2026-03-30,25,3.8333333333333335,1.0,0,0.0,0.43478260869565216
AnkiDroid/src/main/java/com/ichi2/anki/utils/Resources.kt,4,12,11,23,3,4,2024-11-23,2026-04-17,7,5.75,0.5,1,0.25,0.6086956521739131
AnkiDroid/src/main/res/values-kn/09-backup.xml,4,12,11,23,1,4,2024-04-27,2026-04-06,18,5.75,1.0,0,0.0,0.43478260869565216
AnkiDroid/src/main/res/values-sl/08-widget.xml,4,19,4,23,1,4,2024-08-28,2025-08-26,241,5.75,1.0,0,0.0,0.5217391304347826
AnkiDroid/src/main/java/com/ichi2/preferences/HeaderPreference.kt,2,20,3,23,2,2,2024-05-23,2024-11-26,514,11.5,0.5,1,0.5,0.6956521739130435
AnkiDroid/src/main/java/com/ichi2/widget/deckpicker/DeckPickerWidgetPreferences.kt,2,9,14,23,2,2,2024-08-27,2025-09-09,227,11.5,0.5,0,0.0,0.6086956521739131
AnkiDroid/src/main/java/com/ichi2/anki/exception/InvalidSearchException.kt,1,23,0,23,1,1,2025-12-02,2025-12-02,143,23.0,1.0,0,0.0,1.0
AnkiDroid/src/main/java/com/ichi2/anki/utils/Destination.kt,1,23,0,23,1,1,2025-02-07,2025-02-07,441,23.0,1.0,0,0.0,1.0
AnkiDroid/src/main/java/com/ichi2/ui/KeyPicker.kt,1,11,12,23,1,1,2025-09-11,2025-09-11,225,23.0,1.0,0,0.0,1.0
AnkiDroid/src/main/res/drawable/edit_text_color_enabled_selector.xml,1,0,23,23,1,1,2024-10-26,2024-10-26,545,23.0,1.0,0,0.0,1.0
AnkiDroid/src/main/res/layout/activity_instant_note_editor.xml,1,23,0,23,1,1,2024-05-29,2024-05-29,695,23.0,1.0,0,0.0,1.0
AnkiDroid/src/main/res/layout/item_media_check.xml,1,23,0,23,1,1,2025-02-19,2025-02-19,429,23.0,1.0,0,0.0,1.0
AnkiDroid/src/main/res/values-v35/theme_black.xml,1,23,0,23,1,1,2025-07-05,2025-07-05,293,23.0,1.0,0,0.0,1.0
AnkiDroid/src/main/res/values-v35/theme_dark.xml,1,23,0,23,1,1,2025-07-05,2025-07-05,293,23.0,1.0,0,0.0,1.0
AnkiDroid/src/main/res/values-v35/theme_plain.xml,1,23,0,23,1,1,2025-07-05,2025-07-05,293,23.0,1.0,0,0.0,1.0
AnkiDroid/src/test/java/com/ichi2/anki/RunInBackground.kt,1,0,23,23,1,1,2025-07-22,2025-07-22,276,23.0,1.0,0,0.0,1.0
AnkiDroid/src/test/java/com/ichi2/testutils/MockUtils.kt,1,23,0,23,1,1,2024-04-26,2024-04-26,728,23.0,1.0,0,0.0,1.0
tools/crashes-data-mining/readme.txt,1,0,23,23,1,1,2024-07-07,2024-07-07,656,23.0,1.0,0,0.0,1.0
AnkiDroid/src/main/java/com/ichi2/anki/model/CardsOrNotes.kt,5,12,10,22,2,4,2024-08-14,2025-07-05,293,4.4,0.8,0,0.0,0.45454545454545453
AnkiDroid/src/main/assets/flashcard.css,4,11,11,22,3,4,2024-10-18,2025-06-08,320,5.5,0.5,3,0.75,0.3181818181818182
AnkiDroid/src/main/java/com/ichi2/preferences/SliderPreference.kt,4,18,4,22,4,4,2024-07-13,2026-02-01,82,5.5,0.25,1,0.25,0.6363636363636364
AnkiDroid/src/main/res/values-ro/08-widget.xml,4,18,4,22,1,4,2024-08-28,2025-08-26,241,5.5,1.0,0,0.0,0.5
AnkiDroid/src/main/res/values-sr/08-widget.xml,4,18,4,22,1,4,2024-08-28,2025-08-26,241,5.5,1.0,0,0.0,0.5
.github/ISSUE_TEMPLATE/bug_report_form.yml,3,6,16,22,1,3,2024-08-27,2024-12-18,492,7.333333333333333,1.0,3,1.0,0.7272727272727273
AnkiDroid/src/main/java/com/ichi2/compat/customtabs/CustomTabActivityHelper.kt,3,18,4,22,3,3,2025-02-03,2026-04-17,7,7.333333333333333,0.3333333333333333,2,0.6666666666666666,0.45454545454545453
AnkiDroid/src/main/res/layout/info.xml,3,17,5,22,1,3,2025-09-10,2026-03-22,33,7.333333333333333,1.0,0,0.0,0.6363636363636364
tools/parallel-package-release.sh,3,10,12,22,3,3,2024-06-22,2026-04-22,2,7.333333333333333,0.3333333333333333,0,0.0,0.5909090909090909
AnkiDroid/src/androidTest/java/com/ichi2/anki/testutil/NoteEditorFragment.kt,2,10,12,22,1,2,2025-07-09,2025-07-16,282,11.0,1.0,0,0.0,0.6818181818181818
AnkiDroid/src/main/res/layout/permissions_tiramisu.xml,2,1,21,22,2,2,2025-08-03,2025-08-27,240,11.0,0.5,0,0.0,0.9090909090909091
AnkiDroid/src/main/res/values-uz/05-feedback.xml,2,11,11,22,1,2,2025-06-24,2025-06-27,301,11.0,1.0,0,0.0,0.9090909090909091
AnkiDroid/src/test/java/com/ichi2/testutils/IntentAssert.kt,2,15,7,22,2,2,2024-07-02,2024-07-15,648,11.0,0.5,0,0.0,0.8181818181818182
lint-rules/src/test/java/com/ichi2/anki/lint/testutils/LintAssert.kt,2,19,3,22,1,2,2024-09-30,2025-03-13,407,11.0,1.0,1,0.5,0.8181818181818182
AnkiDroid/src/main/java/com/ichi2/anki/ui/windows/reviewer/AnswerTimerState.kt,1,13,9,22,1,1,2025-12-13,2025-12-13,132,22.0,1.0,1,1.0,1.0
AnkiDroid/src/main/java/com/ichi2/anki/ui/windows/reviewer/autoadvance/AutoAdvanceAction.kt,1,22,0,22,1,1,2025-12-27,2025-12-27,118,22.0,1.0,0,0.0,1.0
AnkiDroid/src/main/java/com/ichi2/anki/utils/ext/Decks.kt,1,22,0,22,1,1,2025-09-08,2025-09-08,228,22.0,1.0,0,0.0,1.0
AnkiDroid/src/main/java/com/ichi2/anki/utils/ext/ViewPropertyAnimator.kt,1,22,0,22,1,1,2026-01-31,2026-01-31,83,22.0,1.0,0,0.0,1.0
AnkiDroid/src/main/res/drawable/ic_round_open_in_new.xml,1,22,0,22,1,1,2024-05-14,2024-05-14,710,22.0,1.0,0,0.0,1.0
tools/crashes-data-mining/create-database.sql,1,0,22,22,1,1,2024-07-07,2024-07-07,656,22.0,1.0,0,0.0,1.0
AnkiDroid/src/main/res/values-ro/07-cardbrowser.xml,11,17,4,21,1,11,2024-08-08,2026-04-19,5,1.9090909090909092,1.0,0,0.0,0.3333333333333333
AnkiDroid/src/main/res/values-sk/07-cardbrowser.xml,11,17,4,21,1,11,2024-08-08,2026-04-19,5,1.9090909090909092,1.0,0,0.0,0.3333333333333333
AnkiDroid/src/main/res/values-sl/07-cardbrowser.xml,11,17,4,21,1,11,2024-08-08,2026-04-19,5,1.9090909090909092,1.0,0,0.0,0.3333333333333333
AnkiDroid/src/main/res/values-sq/07-cardbrowser.xml,11,17,4,21,1,11,2024-08-08,2026-04-19,5,1.9090909090909092,1.0,0,0.0,0.3333333333333333
AnkiDroid/src/main/res/values-sr/07-cardbrowser.xml,11,17,4,21,1,11,2024-08-08,2026-04-19,5,1.9090909090909092,1.0,0,0.0,0.3333333333333333
AnkiDroid/src/main/res/values-tgl/07-cardbrowser.xml,11,17,4,21,1,11,2024-08-08,2026-04-19,5,1.9090909090909092,1.0,0,0.0,0.3333333333333333
AnkiDroid/src/main/res/values-th/07-cardbrowser.xml,11,17,4,21,1,11,2024-08-08,2026-04-19,5,1.9090909090909092,1.0,0,0.0,0.3333333333333333
AnkiDroid/src/main/res/values-ti/07-cardbrowser.xml,11,17,4,21,1,11,2024-08-08,2026-04-19,5,1.9090909090909092,1.0,0,0.0,0.3333333333333333
AnkiDroid/src/main/res/values-eo/04-network.xml,6,10,11,21,1,6,2024-06-09,2026-03-30,25,3.5,1.0,0,0.0,0.6666666666666666
AnkiDroid/src/main/res/values-kn/04-network.xml,5,10,11,21,1,5,2024-04-27,2026-03-30,25,4.2,1.0,0,0.0,0.7619047619047619
AnkiDroid/src/main/res/values-kn/18-standard-models.xml,5,6,15,21,1,5,2024-04-27,2025-04-10,379,4.2,1.0,0,0.0,0.42857142857142855
AnkiDroid/src/main/java/com/ichi2/ui/RtlCompliantActionProvider.kt,4,8,13,21,4,4,2024-09-08,2026-03-22,33,5.25,0.25,1,0.25,0.42857142857142855
AnkiDroid/src/main/res/values-sq/08-widget.xml,4,17,4,21,1,4,2024-08-28,2025-08-26,241,5.25,1.0,0,0.0,0.47619047619047616
AnkiDroid/src/main/res/values-tgl/08-widget.xml,4,17,4,21,1,4,2024-08-28,2025-08-26,241,5.25,1.0,0,0.0,0.47619047619047616
AnkiDroid/src/main/res/values-ti/08-widget.xml,4,17,4,21,1,4,2024-08-28,2025-08-26,241,5.25,1.0,0,0.0,0.47619047619047616
AnkiDroid/src/main/java/com/ichi2/anki/multimediacard/fields/MediaClipField.kt,3,14,7,21,2,3,2024-10-20,2025-01-10,469,7.0,0.6666666666666666,0,0.0,0.7142857142857143
AnkiDroid/src/main/java/com/ichi2/anki/reviewer/FullScreenMode.kt,3,13,8,21,1,1,2024-12-09,2024-12-09,501,7.0,1.0,1,0.3333333333333333,0.6190476190476191
AnkiDroid/src/main/res/xml/preferences_backup_limits.xml,3,15,6,21,3,3,2024-09-24,2026-03-19,36,7.0,0.3333333333333333,1,0.3333333333333333,0.7619047619047619
AnkiDroid/src/main/java/com/ichi2/utils/AndroidUiUtils.kt,2,21,0,21,2,2,2025-06-30,2025-10-11,195,10.5,0.5,2,1.0,0.6190476190476191
lint-rules/src/main/java/com/ichi2/anki/lint/rules/DuplicateCrowdInStrings.kt,2,17,4,21,2,2,2023-12-04,2024-07-15,648,10.5,0.5,0,0.0,0.7619047619047619
tools/check-keystore.sh,2,21,0,21,2,2,2024-06-22,2024-09-30,571,10.5,0.5,1,0.5,1.0
AnkiDroid/src/main/java/com/ichi2/anki/utils/OnlyOnce.kt,1,21,0,21,1,1,2026-01-17,2026-01-17,97,21.0,1.0,1,1.0,1.0
AnkiDroid/src/main/res/drawable/ic_menu_24.xml,1,21,0,21,1,1,2025-08-07,2025-08-07,260,21.0,1.0,0,0.0,1.0
AnkiDroid/src/main/res/drawable/ic_remove.xml,1,21,0,21,1,1,2025-01-08,2025-01-08,471,21.0,1.0,0,0.0,1.0
AnkiDroid/src/main/res/drawable/profile_bg_circle.xml,1,21,0,21,1,1,2025-08-26,2025-08-26,241,21.0,1.0,0,0.0,1.0
AnkiDroid/src/main/res/values/19-onboarding.xml,1,0,21,21,1,1,2024-08-24,2024-08-24,608,21.0,1.0,0,0.0,1.0
common/src/main/java/com/ichi2/anki/common/utils/android/TestUtils.kt,1,21,0,21,1,1,2024-05-29,2024-05-29,695,21.0,1.0,0,0.0,1.0
AnkiDroid/src/test/java/com/ichi2/anki/libanki/DecksTest.kt,5,10,10,20,1,3,2025-06-15,2025-07-07,291,4.0,1.0,0,0.0,0.6
AnkiDroid/src/main/res/layout/previewer.xml,4,10,10,20,2,4,2024-12-21,2025-11-07,168,5.0,0.75,1,0.25,0.5
AnkiDroid/src/main/res/values-th/08-widget.xml,4,16,4,20,1,4,2024-08-28,2025-08-26,241,5.0,1.0,0,0.0,0.45
AnkiDroid/src/main/res/values-tt/08-widget.xml,4,16,4,20,1,4,2024-08-28,2025-08-26,241,5.0,1.0,0,0.0,0.45
AnkiDroid/src/test/java/com/ichi2/anki/cardviewer/MediaErrorHandlerTest.kt,4,12,8,20,2,4,2025-03-22,2026-04-14,10,5.0,0.75,0,0.0,0.6
gradle.properties,4,17,3,20,2,4,2024-11-21,2026-04-17,7,5.0,0.5,0,0.0,0.45
libanki/src/test/java/com/ichi2/anki/libanki/AbstractSchedTest.kt,4,9,11,20,2,4,2025-07-07,2025-09-08,228,5.0,0.75,0,0.0,0.5
tools/localization/src/download.ts,4,10,10,20,1,1,2025-08-02,2025-08-02,265,5.0,1.0,2,0.5,0.3
AnkiDroid/src/main/java/com/ichi2/anki/multimediacard/fields/AudioRecordingField.kt,3,14,6,20,2,3,2024-10-20,2025-01-10,469,6.666666666666667,0.6666666666666666,0,0.0,0.7
AnkiDroid/src/main/res/values-ta/05-feedback.xml,3,10,10,20,1,3,2024-09-01,2024-10-02,569,6.666666666666667,1.0,0,0.0,0.5
AnkiDroid/src/test/java/com/ichi2/anki/reviewer/AutomaticAnswerTest.kt,3,14,6,20,2,3,2024-11-19,2026-04-14,10,6.666666666666667,0.6666666666666666,1,0.3333333333333333,0.75
AnkiDroid/src/main/java/com/ichi2/anki/libanki/Collection.kt,2,10,10,20,1,1,2025-07-05,2025-07-05,293,10.0,1.0,0,0.0,1.0
AnkiDroid/src/main/res/drawable/ic_gallery.xml,2,10,10,20,2,2,2024-05-14,2025-11-30,145,10.0,0.5,0,0.0,0.5
AnkiDroid/src/main/res/layout/reviewer.xml,2,12,8,20,1,2,2024-04-06,2026-03-22,33,10.0,1.0,1,0.5,0.6
AnkiDroid/src/main/res/values-et/05-feedback.xml,2,10,10,20,1,2,2024-10-23,2026-03-09,46,10.0,1.0,0,0.0,0.9
AnkiDroid/src/main/res/values-pa/05-feedback.xml,2,10,10,20,1,2,2024-09-28,2025-01-02,477,10.0,1.0,0,0.0,0.8
AnkiDroid/src/main/res/values/browser.xml,2,20,0,20,1,2,2026-01-18,2026-01-27,87,10.0,1.0,0,0.0,0.95
.github/ISSUE_TEMPLATE/feature_request.md,1,0,20,20,1,1,2024-05-10,2024-05-10,714,20.0,1.0,0,0.0,1.0
AnkiDroid/src/main/java/com/ichi2/utils/ReflectionUtils.kt,1,0,20,20,1,1,2024-12-05,2024-12-05,505,20.0,1.0,0,0.0,1.0
AnkiDroid/src/main/res/drawable/ic_deselect_white.xml,1,20,0,20,1,1,2025-06-20,2025-06-20,308,20.0,1.0,0,0.0,1.0
AnkiDroid/src/main/res/layout/notifications_permission.xml,1,20,0,20,1,1,2025-11-25,2025-11-25,150,20.0,1.0,0,0.0,1.0
AnkiDroid/src/main/res/values-gu/05-feedback.xml,1,10,10,20,1,1,2024-06-01,2024-06-01,692,20.0,1.0,0,0.0,1.0
AnkiDroid/src/main/res/values-lv/05-feedback.xml,1,10,10,20,1,1,2025-04-19,2025-04-19,370,20.0,1.0,0,0.0,1.0
tools/localization/.eslintrc.js,1,0,20,20,1,1,2024-08-16,2024-08-16,616,20.0,1.0,0,0.0,1.0
vbpd/src/main/AndroidManifest.xml,1,20,0,20,1,1,2025-10-27,2025-10-27,179,20.0,1.0,0,0.0,1.0
AnkiDroid/src/main/res/values-gl/09-backup.xml,8,10,9,19,1,8,2024-10-23,2026-04-12,12,2.375,1.0,0,0.0,0.3157894736842105
AnkiDroid/src/main/res/values-el/04-network.xml,7,9,10,19,1,7,2024-06-09,2026-03-30,25,2.7142857142857144,1.0,0,0.0,0.42105263157894735
AnkiDroid/src/main/java/com/ichi2/anki/Ease.kt,5,16,3,19,3,3,2024-10-02,2024-12-09,501,3.8,0.6,1,0.2,0.3684210526315789
AnkiDroid/src/main/res/values-zh-rCN/09-backup.xml,5,10,9,19,1,5,2024-04-27,2026-04-08,16,3.8,1.0,0,0.0,0.631578947368421
AnkiDroid/src/main/res/xml/preferences_appearance.xml,5,14,5,19,4,5,2024-08-19,2025-12-05,140,3.8,0.4,0,0.0,0.3157894736842105
AnkiDroid/src/main/java/com/ichi2/anki/ui/windows/managespace/FileUtils.kt,4,15,4,19,2,3,2024-07-15,2024-12-09,501,4.75,0.75,2,0.5,0.42105263157894735
AnkiDroid/src/main/res/values-am/18-standard-models.xml,4,5,14,19,1,4,2024-07-18,2025-04-10,379,4.75,1.0,0,0.0,0.47368421052631576
AnkiDroid/src/main/res/values-ar/18-standard-models.xml,4,5,14,19,1,4,2024-07-18,2025-07-05,293,4.75,1.0,0,0.0,0.47368421052631576
AnkiDroid/src/main/res/values-et/18-standard-models.xml,4,5,14,19,1,4,2024-07-18,2026-03-09,46,4.75,1.0,0,0.0,0.47368421052631576
AnkiDroid/src/main/res/values-gl/18-standard-models.xml,4,5,14,19,1,4,2024-07-18,2025-04-19,370,4.75,1.0,0,0.0,0.47368421052631576
AnkiDroid/src/main/res/values-got/18-standard-models.xml,4,5,14,19,1,4,2024-07-18,2025-09-09,227,4.75,1.0,0,0.0,0.47368421052631576
AnkiDroid/src/main/res/values-te/18-standard-models.xml,4,5,14,19,1,4,2024-05-01,2025-04-10,379,4.75,1.0,0,0.0,0.47368421052631576
AnkiDroid/src/main/java/com/ichi2/anki/ui/windows/permissions/PermissionItem.kt,3,17,2,19,3,3,2024-06-11,2025-07-11,287,6.333333333333333,0.3333333333333333,1,0.3333333333333333,0.631578947368421
AnkiDroid/src/main/java/com/ichi2/libanki/BackendUndo.kt,2,6,13,19,1,2,2024-12-09,2025-07-05,293,9.5,1.0,1,0.5,0.8947368421052632
AnkiDroid/src/main/java/com/ichi2/ui/FixedEditText.kt,2,17,2,19,2,2,2025-11-22,2025-12-24,121,9.5,0.5,2,1.0,0.6842105263157895
AnkiDroid/src/main/res/layout/locale_selection_dialog.xml,2,8,11,19,2,2,2024-09-27,2025-03-22,398,9.5,0.5,0,0.0,0.8947368421052632
AnkiDroid/src/main/res/layout/internet_permission_fragment.xml,1,19,0,19,1,1,2026-03-16,2026-03-16,39,19.0,1.0,0,0.0,1.0
AnkiDroid/src/main/res/layout/spinner_custom_layout.xml,1,0,19,19,1,1,2025-01-08,2025-01-08,471,19.0,1.0,0,0.0,1.0
AnkiDroid/src/test/java/com/ichi2/testutils/LintTests.kt,1,0,19,19,1,1,2025-01-04,2025-01-04,475,19.0,1.0,0,0.0,1.0
libanki/src/test/java/com/ichi2/anki/libanki/NotetypesTest.kt,1,8,11,19,1,1,2025-07-07,2025-07-07,291,19.0,1.0,0,0.0,1.0
libanki/testutils/src/main/java/com/ichi2/anki/libanki/testutils/HtmlUtils.kt,1,19,0,19,1,1,2025-07-07,2025-07-07,291,19.0,1.0,0,0.0,1.0
tools/localization/.gitignore,1,18,1,19,1,1,2024-12-02,2024-12-02,508,19.0,1.0,0,0.0,1.0
AnkiDroid/src/test/java/com/ichi2/utils/UniqueArrayListTest.kt,6,10,8,18,6,6,2023-12-04,2025-03-23,397,3.0,0.16666666666666666,0,0.0,0.3888888888888889
AnkiDroid/src/main/java/com/ichi2/anki/workarounds/AppLoadedFromBackupWorkaround.kt,5,16,2,18,2,4,2025-12-07,2026-04-17,7,3.6,0.8,3,0.6,0.5
AnkiDroid/src/main/res/layout/deck_picker.xml,5,11,7,18,4,5,2024-10-26,2026-03-22,33,3.6,0.4,2,0.4,0.4444444444444444
AnkiDroid/src/main/res/values-ta/06-statistics.xml,5,7,11,18,1,5,2024-08-27,2025-01-05,474,3.6,1.0,0,0.0,0.3333333333333333
.github/ISSUE_TEMPLATE/config.yml,3,15,3,18,2,3,2024-05-10,2024-11-13,527,6.0,0.6666666666666666,1,0.3333333333333333,0.5555555555555556
AnkiDroid/src/androidTest/java/com/ichi2/anki/FilteredDeckOptionsTest.kt,3,9,9,18,2,3,2024-11-11,2025-06-05,323,6.0,0.6666666666666666,0,0.0,0.5555555555555556
AnkiDroid/src/test/java/com/ichi2/anki/preferences/PrefsSearchBarTest.kt,3,14,4,18,3,3,2025-01-16,2025-12-24,121,6.0,0.3333333333333333,1,0.3333333333333333,0.6666666666666666
AnkiDroid/src/test/java/com/ichi2/ui/BindingPreferenceTest.kt,3,9,9,18,1,3,2025-02-05,2025-03-22,398,6.0,1.0,0,0.0,0.6666666666666666
AnkiDroid/src/main/res/values-night/colors.xml,2,9,9,18,1,2,2025-02-17,2025-06-29,299,9.0,1.0,0,0.0,0.5
AnkiDroid/src/main/java/com/ichi2/anki/utils/ext/CharSequence.kt,1,18,0,18,1,1,2025-01-16,2025-01-16,463,18.0,1.0,0,0.0,1.0
AnkiDroid/src/main/res/drawable/brush_preview_background.xml,1,18,0,18,1,1,2025-09-05,2025-09-05,231,18.0,1.0,0,0.0,1.0
AnkiDroid/src/main/res/menu/media_check_menu.xml,1,12,6,18,1,1,2025-05-17,2025-05-17,342,18.0,1.0,0,0.0,1.0
common/src/main/java/com/ichi2/anki/model/Directory.kt,1,0,18,18,1,1,2026-03-22,2026-03-22,33,18.0,1.0,0,0.0,1.0
AnkiDroid/src/main/res/values-fa/09-backup.xml,8,9,8,17,1,7,2024-07-30,2026-04-06,18,2.125,1.0,0,0.0,0.23529411764705882
AnkiDroid/src/main/res/values-de/04-network.xml,7,8,9,17,1,7,2024-06-03,2026-03-30,25,2.4285714285714284,1.0,0,0.0,0.35294117647058826
AnkiDroid/src/main/res/values-be/04-network.xml,6,8,9,17,1,6,2024-06-09,2026-03-30,25,2.8333333333333335,1.0,0,0.0,0.5882352941176471
AnkiDroid/src/main/res/values-fil/04-network.xml,5,8,9,17,1,5,2024-05-31,2026-03-30,25,3.4,1.0,0,0.0,0.7058823529411765
AnkiDroid/src/main/res/values-ka/04-network.xml,5,8,9,17,1,5,2024-06-09,2026-03-30,25,3.4,1.0,0,0.0,0.5882352941176471
AnkiDroid/src/main/res/values-te/04-network.xml,5,8,9,17,1,5,2024-05-01,2026-03-30,25,3.4,1.0,0,0.0,0.7058823529411765
AnkiDroid/src/main/res/values-fa/18-standard-models.xml,4,4,13,17,1,4,2024-07-18,2025-08-23,244,4.25,1.0,0,0.0,0.5294117647058824
AnkiDroid/src/main/res/values-km/04-network.xml,4,8,9,17,1,4,2024-06-09,2026-03-30,25,4.25,1.0,0,0.0,0.8235294117647058
AnkiDroid/src/main/res/values-ro/04-network.xml,4,8,9,17,1,4,2024-06-09,2026-03-30,25,4.25,1.0,0,0.0,0.8235294117647058
AnkiDroid/src/main/java/com/ichi2/anki/libanki/Decks.kt,3,8,9,17,1,2,2025-07-05,2025-07-06,292,5.666666666666667,1.0,0,0.0,0.8235294117647058
AnkiDroid/src/main/res/layout/control_preference_list_item.xml,2,15,2,17,1,2,2025-02-05,2025-02-14,434,8.5,1.0,0,0.0,0.8235294117647058
AnkiDroid/src/main/res/layout/include_reviewer_topbar.xml,2,8,9,17,1,1,2026-03-22,2026-03-22,33,8.5,1.0,0,0.0,1.0
AnkiDroid/src/test/java/com/ichi2/anki/preferences/SettingsSearchBarTest.kt,2,9,8,17,1,2,2024-11-23,2024-12-10,500,8.5,1.0,0,0.0,0.5882352941176471
AnkiDroid/src/test/java/com/ichi2/testutils/AndroidTest.kt,2,14,3,17,1,2,2024-12-17,2025-07-08,290,8.5,1.0,1,0.5,0.8823529411764706
compat/src/main/java/com/ichi2/anki/compat/Compat.kt,2,16,1,17,2,2,2026-03-22,2026-04-22,2,8.5,0.5,1,0.5,0.8823529411764706
AnkiDroid/src/main/java/com/ichi2/utils/KotlinCleanup.kt,1,0,17,17,1,1,2024-06-23,2024-06-23,670,17.0,1.0,0,0.0,1.0
AnkiDroid/src/test/java/com/ichi2/utils/NamedJSONComparatorTest.kt,1,8,9,17,1,1,2025-03-13,2025-03-13,407,17.0,1.0,0,0.0,1.0
.idea/dictionaries/davidallison.xml,6,5,11,16,2,6,2025-03-22,2026-03-28,27,2.6666666666666665,0.8333333333333334,0,0.0,0.6875
AnkiDroid/src/main/java/com/ichi2/compat/CompatV31.kt,5,8,8,16,4,5,2024-08-01,2025-08-28,239,3.2,0.4,1,0.2,0.3125
docs/marketing/localized_description/marketdescription-uk.txt,5,8,8,16,1,5,2025-02-04,2025-08-03,264,3.2,1.0,0,0.0,0.375
AnkiDroid/src/main/java/com/ichi2/anki/dialogs/DiscardChangesDialog.kt,4,13,3,16,4,4,2024-06-11,2025-10-17,189,4.0,0.25,0,0.0,0.625
AnkiDroid/src/main/java/com/ichi2/anki/model/Directory.kt,4,5,11,16,2,3,2024-08-27,2026-03-22,33,4.0,0.75,1,0.25,0.5
AnkiDroid/src/main/res/layout/card_template_editor_item.xml,4,5,11,16,3,3,2024-06-02,2025-09-10,226,4.0,0.5,0,0.0,0.4375
AnkiDroid/src/main/res/values-ar/05-feedback.xml,4,8,8,16,1,4,2024-10-23,2025-09-17,219,4.0,1.0,0,0.0,0.375
AnkiDroid/src/test/java/com/ichi2/anki/libanki/SoundOrVideoTagTest.kt,4,9,7,16,1,3,2025-07-05,2025-07-21,277,4.0,1.0,0,0.0,0.4375
docs/marketing/localized_description/marketdescription-gl.txt,4,8,8,16,1,4,2025-05-10,2025-07-05,293,4.0,1.0,0,0.0,0.375
libanki/src/test/java/com/ichi2/anki/libanki/CollectionTest.kt,4,7,9,16,2,4,2025-07-07,2025-12-11,134,4.0,0.75,0,0.0,0.4375
AnkiDroid/src/main/res/values-got/05-feedback.xml,3,8,8,16,1,3,2025-08-10,2025-09-10,226,5.333333333333333,1.0,0,0.0,0.75
AnkiDroid/src/main/res/values/18-standard-models.xml,3,3,13,16,3,3,2024-06-23,2025-02-07,441,5.333333333333333,0.3333333333333333,0,0.0,0.625
AnkiDroid/src/test/java/com/ichi2/anki/reviewer/AnswerTimerTest.kt,3,13,3,16,2,3,2024-07-15,2026-04-14,10,5.333333333333333,0.6666666666666666,0,0.0,0.5625
docs/marketing/localized_description/marketdescription-zh-CN.txt,3,8,8,16,1,3,2025-05-10,2025-07-05,293,5.333333333333333,1.0,0,0.0,0.75
AnkiDroid/src/main/java/com/ichi2/anki/snackbar/SwipeDismissBehaviorFix.kt,2,12,4,16,1,1,2024-12-09,2024-12-09,501,8.0,1.0,0,0.0,0.75
AnkiDroid/src/main/java/com/ichi2/utils/ViewGroupUtils.kt,2,14,2,16,2,2,2024-10-26,2025-01-07,472,8.0,0.5,0,0.0,0.8125
AnkiDroid/src/main/res/layout/tab_layout.xml,2,8,8,16,1,2,2025-02-07,2025-06-13,315,8.0,1.0,1,0.5,0.5
AnkiDroid/src/main/java/com/ichi2/libanki/stats/BackendStats.kt,1,6,10,16,1,1,2024-12-09,2024-12-09,501,16.0,1.0,1,1.0,1.0
AnkiDroid/src/main/res/drawable/browser_heading_bottom_divider.xml,1,16,0,16,1,1,2025-01-30,2025-01-30,449,16.0,1.0,1,1.0,1.0
AnkiDroid/src/main/res/drawable/ic_arrow_u_left_top.xml,1,16,0,16,1,1,2025-06-21,2025-06-21,307,16.0,1.0,0,0.0,1.0
AnkiDroid/src/main/res/layout/deck_item.xml,1,8,8,16,1,1,2025-09-11,2025-09-11,225,16.0,1.0,0,0.0,1.0
AnkiDroid/src/test/java/com/ichi2/testutils/EmptyApplication.kt,1,16,0,16,1,1,2026-04-14,2026-04-14,10,16.0,1.0,0,0.0,1.0
lint.gradle,1,8,8,16,1,1,2025-06-10,2025-06-10,318,16.0,1.0,0,0.0,1.0
AnkiDroid/src/main/res/values-es-rAR/04-network.xml,7,7,8,15,1,7,2024-05-31,2026-03-30,25,2.142857142857143,1.0,0,0.0,0.4
AnkiDroid/src/main/res/values-es-rES/04-network.xml,7,7,8,15,1,7,2024-05-31,2026-03-30,25,2.142857142857143,1.0,0,0.0,0.4
AnkiDroid/src/main/res/values-el/09-backup.xml,6,8,7,15,1,6,2024-04-27,2026-04-06,18,2.5,1.0,0,0.0,0.4
AnkiDroid/src/main/res/values-hi/04-network.xml,6,7,8,15,1,6,2024-04-27,2026-03-30,25,2.5,1.0,0,0.0,0.5333333333333333
.github/workflows/opencollective_notices.yml,5,9,6,15,3,5,2024-09-11,2026-03-10,45,3.0,0.4,2,0.4,0.4
AnkiDroid/src/main/res/values-az/09-backup.xml,5,8,7,15,1,5,2024-04-27,2026-04-06,18,3.0,1.0,0,0.0,0.5333333333333333
AnkiDroid/src/main/res/values-ca/04-network.xml,5,7,8,15,1,5,2024-06-09,2026-03-30,25,3.0,1.0,0,0.0,0.6666666666666666
AnkiDroid/src/main/res/values-fi/04-network.xml,5,7,8,15,1,5,2024-06-09,2026-03-30,25,3.0,1.0,0,0.0,0.6666666666666666
AnkiDroid/src/main/res/values-nl/04-network.xml,5,7,8,15,1,5,2024-06-09,2026-03-30,25,3.0,1.0,0,0.0,0.6666666666666666
AnkiDroid/src/test/java/com/ichi2/anki/ActivityStartupMetaTest.kt,5,9,6,15,3,5,2023-12-04,2026-04-19,5,3.0,0.4,1,0.2,0.26666666666666666
AnkiDroid/src/test/java/com/ichi2/compat/CompatDeleteFileTest.kt,5,11,4,15,4,5,2024-07-15,2026-03-22,33,3.0,0.4,0,0.0,0.3333333333333333
AnkiDroid/src/main/java/com/ichi2/libanki/sched/DummyScheduler.kt,4,7,8,15,3,4,2024-07-15,2025-06-18,310,3.75,0.5,1,0.25,0.5333333333333333
AnkiDroid/src/main/res/values-bn/06-statistics.xml,4,6,9,15,1,4,2024-05-01,2025-01-05,474,3.75,1.0,0,0.0,0.5333333333333333
AnkiDroid/src/main/res/values-ml/06-statistics.xml,4,6,9,15,1,4,2024-09-29,2025-01-05,474,3.75,1.0,0,0.0,0.5333333333333333
AnkiDroid/src/main/res/values-pa/06-statistics.xml,4,6,9,15,1,4,2024-09-28,2025-01-05,474,3.75,1.0,0,0.0,0.5333333333333333
AnkiDroid/src/main/res/values-ta/18-standard-models.xml,4,3,12,15,1,4,2024-07-18,2025-04-10,379,3.75,1.0,0,0.0,0.6
AnkiDroid/src/main/java/com/ichi2/anki/cardviewer/ViewerRefresh.kt,3,11,4,15,1,1,2024-12-09,2024-12-09,501,5.0,1.0,1,0.3333333333333333,0.4
AnkiDroid/src/main/java/com/ichi2/anki/dialogs/tags/TagsDialogFactory.kt,3,9,6,15,1,1,2024-12-09,2024-12-09,501,5.0,1.0,1,0.3333333333333333,0.5333333333333333
AnkiDroid/src/main/res/layout/homescreen.xml,3,13,2,15,2,3,2024-10-26,2025-09-10,226,5.0,0.6666666666666666,1,0.3333333333333333,0.6666666666666666
AnkiDroid/src/main/res/values-af/18-standard-models.xml,3,3,12,15,1,3,2024-07-18,2025-04-10,379,5.0,1.0,0,0.0,0.6
AnkiDroid/src/main/res/values-az/18-standard-models.xml,3,3,12,15,1,3,2024-07-18,2025-04-10,379,5.0,1.0,0,0.0,0.6
AnkiDroid/src/main/res/values-be/18-standard-models.xml,3,3,12,15,1,3,2024-07-18,2025-04-10,379,5.0,1.0,0,0.0,0.6
AnkiDroid/src/main/res/values-bg/18-standard-models.xml,3,3,12,15,1,3,2024-07-18,2025-04-10,379,5.0,1.0,0,0.0,0.6
AnkiDroid/src/main/res/values-bn/18-standard-models.xml,3,3,12,15,1,3,2024-07-18,2025-04-10,379,5.0,1.0,0,0.0,0.6
AnkiDroid/src/main/res/values-ca/18-standard-models.xml,3,3,12,15,1,3,2024-07-18,2025-04-10,379,5.0,1.0,0,0.0,0.6
AnkiDroid/src/main/res/values-ckb/18-standard-models.xml,3,3,12,15,1,3,2024-07-18,2025-04-10,379,5.0,1.0,0,0.0,0.6
AnkiDroid/src/main/res/values-cs/18-standard-models.xml,3,3,12,15,1,3,2024-07-18,2025-04-10,379,5.0,1.0,0,0.0,0.6
AnkiDroid/src/main/res/values-da/18-standard-models.xml,3,3,12,15,1,3,2024-07-18,2025-04-10,379,5.0,1.0,0,0.0,0.6
AnkiDroid/src/main/res/values-de/18-standard-models.xml,3,3,12,15,1,3,2024-07-18,2025-04-10,379,5.0,1.0,0,0.0,0.6
AnkiDroid/src/main/res/values-el/18-standard-models.xml,3,3,12,15,1,3,2024-07-18,2025-04-10,379,5.0,1.0,0,0.0,0.6
AnkiDroid/src/main/res/values-eo/18-standard-models.xml,3,3,12,15,1,3,2024-07-18,2025-04-10,379,5.0,1.0,0,0.0,0.6
AnkiDroid/src/main/res/values-es-rAR/18-standard-models.xml,3,3,12,15,1,3,2024-07-18,2025-04-10,379,5.0,1.0,0,0.0,0.6
AnkiDroid/src/main/res/values-es-rES/18-standard-models.xml,3,3,12,15,1,3,2024-07-18,2025-04-10,379,5.0,1.0,0,0.0,0.6
AnkiDroid/src/main/res/values-eu/18-standard-models.xml,3,3,12,15,1,3,2024-07-18,2025-04-10,379,5.0,1.0,0,0.0,0.6
AnkiDroid/src/main/res/values-fi/18-standard-models.xml,3,3,12,15,1,3,2024-07-18,2025-04-10,379,5.0,1.0,0,0.0,0.6
AnkiDroid/src/main/res/values-fr/18-standard-models.xml,3,3,12,15,1,3,2024-07-18,2025-04-10,379,5.0,1.0,0,0.0,0.6
AnkiDroid/src/main/res/values-fy/18-standard-models.xml,3,3,12,15,1,3,2024-07-18,2025-04-10,379,5.0,1.0,0,0.0,0.6
AnkiDroid/src/main/res/values-ga/18-standard-models.xml,3,3,12,15,1,3,2024-07-18,2025-04-10,379,5.0,1.0,0,0.0,0.6
AnkiDroid/src/main/res/values-hr/18-standard-models.xml,3,3,12,15,1,3,2024-07-18,2026-01-28,86,5.0,1.0,0,0.0,0.6
AnkiDroid/src/main/res/values-hy/18-standard-models.xml,3,3,12,15,1,3,2024-07-18,2025-04-10,379,5.0,1.0,0,0.0,0.6
AnkiDroid/src/main/res/values-ko/18-standard-models.xml,3,3,12,15,1,3,2024-07-18,2025-04-10,379,5.0,1.0,0,0.0,0.6
AnkiDroid/src/main/res/values-lv/18-standard-models.xml,3,3,12,15,1,3,2024-07-18,2025-04-19,370,5.0,1.0,0,0.0,0.6
AnkiDroid/src/main/res/values-pa/18-standard-models.xml,3,3,12,15,1,3,2024-07-18,2025-04-10,379,5.0,1.0,0,0.0,0.6
AnkiDroid/src/main/res/values-uz/18-standard-models.xml,3,3,12,15,1,3,2024-07-18,2025-06-24,304,5.0,1.0,0,0.0,0.6
AnkiDroid/src/main/java/com/ichi2/anki/dialogs/NoteTypeFieldEditorContextMenu.kt,2,7,8,15,1,1,2025-06-12,2025-06-12,316,7.5,1.0,0,0.0,0.8
AnkiDroid/src/main/java/dev/androidbroadcast/vbpd/README.md,1,15,0,15,1,1,2025-09-18,2025-09-18,218,15.0,1.0,0,0.0,1.0
AnkiDroid/src/main/res/layout/button_color_brush.xml,1,15,0,15,1,1,2025-09-05,2025-09-05,231,15.0,1.0,0,0.0,1.0
AnkiDroid/src/main/res/layout/reviewer_fullscreen_noanswers.xml,1,7,8,15,1,1,2026-03-22,2026-03-22,33,15.0,1.0,0,0.0,1.0
buildSrc/build.gradle.kts,1,15,0,15,1,1,2026-04-17,2026-04-17,7,15.0,1.0,0,0.0,1.0
AnkiDroid/src/test/java/com/ichi2/anki/cardviewer/ViewerCommandTest.kt,5,8,6,14,5,5,2024-05-14,2026-01-08,106,2.8,0.2,0,0.0,0.5714285714285714
.git-blame-ignore-revs,4,14,0,14,2,4,2024-07-17,2025-12-22,123,3.5,0.75,0,0.0,0.5
AnkiDroid/src/main/java/com/ichi2/anki/reviewer/CardMarker.kt,4,10,4,14,2,2,2024-12-09,2025-03-22,398,3.5,0.75,1,0.25,0.35714285714285715
AnkiDroid/src/main/res/values-zh-rCN/04-network.xml,4,7,7,14,1,4,2024-06-09,2026-03-30,25,3.5,1.0,0,0.0,0.7142857142857143
AnkiDroid/src/main/java/com/ichi2/anki/browser/LastDeckIdRepository.kt,3,8,6,14,1,2,2024-12-09,2025-07-05,293,4.666666666666667,1.0,1,0.3333333333333333,0.5
AnkiDroid/src/main/java/com/ichi2/anki/ui/BasicItemSelectedListener.kt,3,10,4,14,1,1,2024-12-09,2024-12-09,501,4.666666666666667,1.0,1,0.3333333333333333,0.5714285714285714
AnkiDroid/src/main/java/com/ichi2/anki/utils/ext/Deck.kt,3,4,10,14,1,3,2025-06-15,2025-07-05,293,4.666666666666667,1.0,0,0.0,0.42857142857142855
AnkiDroid/src/main/res/layout-w340dp/set_due_date_range.xml,3,9,5,14,1,2,2025-06-22,2025-09-11,225,4.666666666666667,1.0,0,0.0,0.42857142857142855
AnkiDroid/src/main/res/layout/set_due_date_range.xml,3,9,5,14,1,2,2025-06-22,2025-09-11,225,4.666666666666667,1.0,0,0.0,0.42857142857142855
AnkiDroid/proguard-test-rules.pro,2,14,0,14,2,2,2024-06-25,2025-07-31,267,7.0,0.5,0,0.0,0.7857142857142857
AnkiDroid/src/main/java/com/ichi2/anki/cardviewer/Gamepad.kt,2,10,4,14,1,1,2024-12-09,2024-12-09,501,7.0,1.0,0,0.0,0.7142857142857143
AnkiDroid/src/main/java/com/ichi2/anki/dialogs/NoteTypeEditorContextMenu.kt,2,7,7,14,1,2,2025-03-16,2025-05-29,330,7.0,1.0,0,0.0,0.7142857142857143
AnkiDroid/src/main/java/com/ichi2/anki/model/WhiteboardPenColor.kt,2,8,6,14,2,2,2024-12-09,2025-12-06,139,7.0,0.5,1,0.5,0.7142857142857143
AnkiDroid/src/main/res/menu/card_template_editor.xml,2,10,4,14,2,2,2024-10-05,2026-03-15,40,7.0,0.5,0,0.0,0.5714285714285714
AnkiDroid/src/main/res/values-gl/05-feedback.xml,2,7,7,14,1,2,2024-10-23,2025-04-13,376,7.0,1.0,0,0.0,0.8571428571428571
.github/pull_request_template.md,1,14,0,14,1,1,2025-05-15,2025-05-15,344,14.0,1.0,0,0.0,1.0
AnkiDroid/src/main/java/com/ichi2/utils/NamedJSONComparator.kt,1,8,6,14,1,1,2025-03-13,2025-03-13,407,14.0,1.0,0,0.0,1.0
AnkiDroid/src/main/res/drawable/ic_cancel_24.xml,1,14,0,14,1,1,2026-03-28,2026-03-28,27,14.0,1.0,0,0.0,1.0
AnkiDroid/src/main/res/drawable/ic_card_state_default.xml,1,14,0,14,1,1,2026-03-12,2026-03-12,43,14.0,1.0,0,0.0,1.0
AnkiDroid/src/main/res/drawable/ic_check_circle_24.xml,1,14,0,14,1,1,2026-03-28,2026-03-28,27,14.0,1.0,0,0.0,1.0
AnkiDroid/src/main/res/layout/card_template_editor_main.xml,1,14,0,14,1,1,2024-08-17,2024-08-17,615,14.0,1.0,1,1.0,1.0
buildSrc/README.md,1,14,0,14,1,1,2026-04-17,2026-04-17,7,14.0,1.0,0,0.0,1.0
AnkiDroid/src/main/res/values-be/09-backup.xml,7,7,6,13,1,7,2024-07-08,2026-04-08,16,1.8571428571428572,1.0,0,0.0,0.15384615384615385
AnkiDroid/src/main/res/values-gu/06-statistics.xml,5,5,8,13,1,5,2024-09-30,2025-06-12,316,2.6,1.0,0,0.0,0.3076923076923077
AnkiDroid/src/main/res/values-sk/04-network.xml,5,6,7,13,1,5,2024-05-19,2026-03-30,25,2.6,1.0,0,0.0,0.6153846153846154
AnkiDroid/src/main/res/values-mr/04-network.xml,4,6,7,13,1,4,2024-06-09,2026-03-30,25,3.25,1.0,0,0.0,0.7692307692307693
AnkiDroid/src/main/res/values-pt-rPT/09-backup.xml,4,7,6,13,1,4,2024-05-01,2026-04-06,18,3.25,1.0,0,0.0,0.46153846153846156
AnkiDroid/src/main/res/values-sc/04-network.xml,4,6,7,13,1,4,2024-06-09,2026-03-30,25,3.25,1.0,0,0.0,0.7692307692307693
AnkiDroid/src/test/java/com/ichi2/testutils/DbUtils.kt,4,6,7,13,1,4,2025-06-18,2025-07-21,277,3.25,1.0,0,0.0,0.3076923076923077
AnkiDroid/src/main/res/values-da/06-statistics.xml,3,5,8,13,1,3,2024-07-14,2025-01-05,474,4.333333333333333,1.0,0,0.0,0.6153846153846154
AnkiDroid/src/main/res/values-kn/06-statistics.xml,3,5,8,13,1,3,2024-04-27,2025-01-05,474,4.333333333333333,1.0,0,0.0,0.6153846153846154
AnkiDroid/src/main/res/values-sat/18-standard-models.xml,3,2,11,13,1,3,2024-07-18,2025-04-10,379,4.333333333333333,1.0,0,0.0,0.6923076923076923
AnkiDroid/src/main/res/values-uk/18-standard-models.xml,3,2,11,13,1,3,2024-07-18,2025-04-10,379,4.333333333333333,1.0,0,0.0,0.6923076923076923
AnkiDroid/src/test/java/com/ichi2/anki/dialogs/tags/TagsListTest.kt,3,8,5,13,3,3,2023-12-04,2024-10-20,551,4.333333333333333,0.3333333333333333,0,0.0,0.46153846153846156
AnkiDroid/src/main/java/com/ichi2/anki/model/CardStateFilter.kt,2,7,6,13,1,1,2024-12-09,2024-12-09,501,6.5,1.0,0,0.0,0.8461538461538461
AnkiDroid/src/main/res/layout/item_require_exclude_tag.xml,2,12,1,13,2,2,2025-02-09,2025-09-11,225,6.5,0.5,0,0.0,0.8461538461538461
AnkiDroid/src/test/java/com/ichi2/anki/AnalyticsTest.kt,2,10,3,13,2,2,2024-07-15,2026-01-21,93,6.5,0.5,0,0.0,0.8461538461538461
AnkiDroid/src/test/java/com/ichi2/anki/reviewer/AnswerButtonsTest.kt,2,8,5,13,2,2,2024-07-15,2026-01-08,106,6.5,0.5,0,0.0,0.6153846153846154
common/src/testFixtures/java/com/ichi2/testutils/FileSystemUtils.kt,2,7,6,13,1,2,2026-04-07,2026-04-13,11,6.5,1.0,0,0.0,0.7692307692307693
AnkiDroid/src/main/res/drawable/round_audio_file_24.xml,1,9,4,13,1,1,2024-07-21,2024-07-21,642,13.0,1.0,0,0.0,1.0
AnkiDroid/src/main/res/layout/item_deck_option_selection.xml,1,13,0,13,1,1,2025-12-29,2025-12-29,116,13.0,1.0,0,0.0,1.0
AnkiDroid/src/main/res/values/dimens.xml,7,9,3,12,1,7,2024-12-22,2025-12-17,128,1.7142857142857142,1.0,1,0.14285714285714285,0.25
.idea/dictionaries/anki.xml,5,12,0,12,2,5,2024-06-14,2026-01-27,87,2.4,0.8,0,0.0,0.5
docs/marketing/localized_description/marketdescription-cs.txt,4,6,6,12,1,4,2025-05-10,2025-07-16,282,3.0,1.0,0,0.0,0.3333333333333333
docs/marketing/localized_description/marketdescription-es-AR.txt,4,6,6,12,1,4,2025-05-10,2025-07-05,293,3.0,1.0,0,0.0,0.3333333333333333
docs/marketing/localized_description/marketdescription-es-ES.txt,4,6,6,12,1,4,2025-05-10,2025-07-05,293,3.0,1.0,0,0.0,0.3333333333333333
docs/marketing/localized_description/marketdescription-fr.txt,4,6,6,12,1,4,2025-05-10,2025-07-25,273,3.0,1.0,0,0.0,0.3333333333333333
docs/marketing/localized_description/marketdescription-he.txt,4,6,6,12,1,4,2025-05-10,2025-08-10,257,3.0,1.0,0,0.0,0.3333333333333333
docs/marketing/localized_description/marketdescription-ja.txt,4,6,6,12,1,4,2025-05-10,2025-07-08,290,3.0,1.0,0,0.0,0.3333333333333333
docs/marketing/localized_description/marketdescription-nl.txt,4,6,6,12,1,4,2025-05-10,2026-02-19,64,3.0,1.0,0,0.0,0.3333333333333333
docs/marketing/localized_description/marketdescription-ru.txt,4,6,6,12,1,4,2025-05-10,2025-07-29,269,3.0,1.0,0,0.0,0.3333333333333333
AnkiDroid/src/androidTest/java/com/ichi2/testutils/NewCollectionPathTestRunner.kt,3,7,5,12,1,1,2024-12-09,2024-12-09,501,4.0,1.0,1,0.3333333333333333,0.5
AnkiDroid/src/main/java/com/ichi2/anki/reviewer/CardSide.kt,3,7,5,12,1,1,2024-12-09,2024-12-09,501,4.0,1.0,1,0.3333333333333333,0.5
AnkiDroid/src/main/res/values-zh-rTW/04-network.xml,3,6,6,12,1,3,2024-06-09,2026-03-30,25,4.0,1.0,0,0.0,0.8333333333333334
docs/marketing/localized_description/marketdescription-be.txt,3,6,6,12,1,3,2025-05-10,2026-01-12,102,4.0,1.0,0,0.0,0.5
docs/marketing/localized_description/marketdescription-de.txt,3,6,6,12,1,3,2025-05-10,2025-09-03,233,4.0,1.0,0,0.0,0.5
docs/marketing/localized_description/marketdescription-fi.txt,3,6,6,12,1,3,2025-05-10,2025-10-26,180,4.0,1.0,0,0.0,0.5
docs/marketing/localized_description/marketdescription-it.txt,3,6,6,12,1,3,2025-05-10,2026-04-08,16,4.0,1.0,0,0.0,0.5
docs/marketing/localized_description/marketdescription-or.txt,3,6,6,12,1,3,2025-05-10,2025-08-03,264,4.0,1.0,0,0.0,0.5
AnkiDroid/src/main/java/com/ichi2/anki/libanki/TemplateManager.kt,2,6,6,12,1,1,2025-07-05,2025-07-05,293,6.0,1.0,0,0.0,1.0
AnkiDroid/src/main/java/com/ichi2/anki/workarounds/ClosableDrawerLayout.kt,2,7,5,12,2,2,2024-07-04,2024-12-09,501,6.0,0.5,0,0.0,0.8333333333333334
AnkiDroid/src/main/java/com/ichi2/libanki/BackendDeckOptions.kt,2,2,10,12,2,2,2024-11-10,2024-12-09,501,6.0,0.5,1,0.5,0.6666666666666666
AnkiDroid/src/main/java/com/ichi2/utils/ExceptionUtil.kt,2,1,11,12,2,2,2024-08-27,2026-04-17,7,6.0,0.5,0,0.0,0.8333333333333334
AnkiDroid/src/main/res/color/selector_incrementer_icon.xml,2,6,6,12,2,2,2026-01-31,2026-03-21,34,6.0,0.5,2,1.0,0.5
AnkiDroid/src/main/res/drawable/divider_handle_background.xml,2,9,3,12,1,2,2025-06-02,2025-06-08,320,6.0,1.0,0,0.0,0.5833333333333334
AnkiDroid/src/main/res/drawable/ic_ease_hard.xml,2,11,1,12,1,2,2025-07-01,2025-12-29,116,6.0,1.0,0,0.0,0.8333333333333334
AnkiDroid/src/main/res/layout/dialog_deck_picker.xml,2,6,6,12,1,2,2025-09-12,2026-03-22,33,6.0,1.0,0,0.0,0.8333333333333334
AnkiDroid/src/main/res/values-da/05-feedback.xml,2,6,6,12,1,2,2024-07-14,2024-10-23,548,6.0,1.0,0,0.0,0.8333333333333334
AnkiDroid/src/main/res/values-ur/06-statistics.xml,2,4,8,12,1,2,2024-05-01,2025-01-05,474,6.0,1.0,0,0.0,0.6666666666666666
AnkiDroid/src/test/java/com/ichi2/anki/ReadTextTest.kt,2,6,6,12,2,2,2024-07-15,2025-07-22,276,6.0,0.5,0,0.0,0.6666666666666666
AnkiDroid/src/test/java/com/ichi2/anki/cardviewer/OnRenderProcessGoneDelegateTest.kt,2,9,3,12,2,2,2024-07-15,2025-07-05,293,6.0,0.5,0,0.0,0.6666666666666666
AnkiDroid/src/test/java/com/ichi2/anki/reviewer/AutomaticAnswerActionTest.kt,2,8,4,12,2,2,2024-07-15,2026-01-08,106,6.0,0.5,0,0.0,0.5
AnkiDroid/src/test/java/com/ichi2/anki/widget/deckpicker/DeckNameAndStatsTest.kt,2,6,6,12,1,2,2024-08-26,2024-08-31,601,6.0,1.0,0,0.0,0.6666666666666666
lint-rules/build.gradle.kts,2,6,6,12,1,2,2024-05-21,2025-10-14,192,6.0,1.0,0,0.0,0.5833333333333334
lint-rules/src/main/java/com/ichi2/anki/lint/rules/PrintStackTraceUsage.kt,2,10,2,12,2,2,2023-12-04,2024-07-15,648,6.0,0.5,0,0.0,0.6666666666666666
AnkiDroid/src/main/res/drawable/footer_button_again_dark_ripple.xml,1,0,12,12,1,1,2024-04-07,2024-04-07,747,12.0,1.0,0,0.0,1.0
AnkiDroid/src/main/res/drawable/footer_button_again_ripple.xml,1,0,12,12,1,1,2024-04-07,2024-04-07,747,12.0,1.0,0,0.0,1.0
AnkiDroid/src/main/res/drawable/footer_button_easy_dark_ripple.xml,1,0,12,12,1,1,2024-04-07,2024-04-07,747,12.0,1.0,0,0.0,1.0
AnkiDroid/src/main/res/drawable/footer_button_easy_ripple.xml,1,0,12,12,1,1,2024-04-07,2024-04-07,747,12.0,1.0,0,0.0,1.0
AnkiDroid/src/main/res/drawable/footer_button_good_dark_ripple.xml,1,0,12,12,1,1,2024-04-07,2024-04-07,747,12.0,1.0,0,0.0,1.0
AnkiDroid/src/main/res/drawable/footer_button_good_ripple.xml,1,0,12,12,1,1,2024-04-07,2024-04-07,747,12.0,1.0,0,0.0,1.0
AnkiDroid/src/main/res/drawable/footer_button_hard_dark_ripple.xml,1,0,12,12,1,1,2024-04-07,2024-04-07,747,12.0,1.0,0,0.0,1.0
AnkiDroid/src/main/res/drawable/footer_button_hard_ripple.xml,1,0,12,12,1,1,2024-04-07,2024-04-07,747,12.0,1.0,0,0.0,1.0
AnkiDroid/src/main/res/drawable/ic_edit_note.xml,1,12,0,12,1,1,2025-11-13,2025-11-13,162,12.0,1.0,0,0.0,1.0
AnkiDroid/src/main/res/drawable/ic_eraser.xml,1,12,0,12,1,1,2025-06-21,2025-06-21,307,12.0,1.0,0,0.0,1.0
AnkiDroid/src/main/res/drawable/ic_flag_lightgrey.xml,1,12,0,12,1,1,2024-06-24,2024-06-24,669,12.0,1.0,0,0.0,1.0
AnkiDroid/src/main/res/drawable/ic_flag_transparent.xml,1,6,6,12,1,1,2025-01-06,2025-01-06,473,12.0,1.0,0,0.0,1.0
AnkiDroid/src/main/res/drawable/ic_image_not_supported.xml,1,12,0,12,1,1,2024-07-21,2024-07-21,642,12.0,1.0,0,0.0,1.0
AnkiDroid/src/main/res/drawable/ic_small_up_arrow.xml,1,0,12,12,1,1,2024-08-27,2024-08-27,605,12.0,1.0,0,0.0,1.0
AnkiDroid/src/main/res/drawable/id_arrow_drop_down.xml,1,12,0,12,1,1,2025-10-13,2025-10-13,193,12.0,1.0,0,0.0,1.0
AnkiDroid/src/main/res/layout/dropdown_deck_item.xml,1,0,12,12,1,1,2025-09-11,2025-09-11,225,12.0,1.0,0,0.0,1.0
AnkiDroid/src/main/res/layout/locale_dialog_fragment_textview.xml,1,8,4,12,1,1,2025-03-22,2025-03-22,398,12.0,1.0,0,0.0,1.0
AnkiDroid/src/main/res/values-es-rAR/09-backup.xml,6,6,5,11,1,6,2024-04-27,2026-04-06,18,1.8333333333333333,1.0,0,0.0,0.18181818181818182
AnkiDroid/src/main/res/values-pl/09-backup.xml,6,6,5,11,1,6,2024-04-27,2026-04-06,18,1.8333333333333333,1.0,0,0.0,0.18181818181818182
AnkiDroid/src/main/res/values-eo/09-backup.xml,5,6,5,11,1,5,2024-08-23,2026-04-06,18,2.2,1.0,0,0.0,0.36363636363636365
AnkiDroid/src/main/res/values-heb/04-network.xml,5,5,6,11,1,5,2024-05-27,2026-03-30,25,2.2,1.0,0,0.0,0.5454545454545454
AnkiDroid/src/main/java/com/ichi2/compat/ResolveInfoCompat.kt,4,6,5,11,3,4,2024-07-15,2024-12-09,501,2.75,0.5,2,0.5,0.45454545454545453
AnkiDroid/src/main/res/values-fil/09-backup.xml,4,6,5,11,1,4,2024-06-03,2026-04-06,18,2.75,1.0,0,0.0,0.5454545454545454
AnkiDroid/src/main/res/values-hu/04-network.xml,4,5,6,11,1,4,2024-06-09,2026-03-30,25,2.75,1.0,0,0.0,0.7272727272727273
AnkiDroid/src/main/res/values-lt/04-network.xml,4,5,6,11,1,4,2024-06-09,2026-03-30,25,2.75,1.0,0,0.0,0.7272727272727273
AnkiDroid/src/main/res/values-pt-rBR/09-backup.xml,4,6,5,11,1,4,2024-11-19,2026-04-06,18,2.75,1.0,0,0.0,0.36363636363636365
AnkiDroid/src/test/java/com/ichi2/anki/cardviewer/CardSoundConfigTest.kt,4,6,5,11,2,4,2024-08-14,2025-07-05,293,2.75,0.5,0,0.0,0.36363636363636365
AnkiDroid/src/main/java/com/ichi2/anki/contextmenu/AnkiCardContextMenu.kt,3,8,3,11,1,1,2024-12-09,2024-12-09,501,3.6666666666666665,1.0,1,0.3333333333333333,0.45454545454545453
AnkiDroid/src/main/java/com/ichi2/anki/contextmenu/CardBrowserContextMenu.kt,3,8,3,11,1,1,2024-12-09,2024-12-09,501,3.6666666666666665,1.0,1,0.3333333333333333,0.45454545454545453
AnkiDroid/src/main/java/com/ichi2/widget/WidgetPermissionReceiver.kt,3,5,6,11,2,3,2024-06-10,2026-04-17,7,3.6666666666666665,0.6666666666666666,2,0.6666666666666666,0.5454545454545454
AnkiDroid/src/main/res/layout/set_due_date_single.xml,3,7,4,11,1,2,2025-06-22,2025-09-11,225,3.6666666666666665,1.0,1,0.3333333333333333,0.45454545454545453
AnkiDroid/src/test/java/com/ichi2/compat/customtabs/CustomTabActivityHelperTest.kt,3,6,5,11,3,3,2024-07-15,2026-03-22,33,3.6666666666666665,0.3333333333333333,0,0.0,0.36363636363636365
AnkiDroid/src/main/assets/ankidroid.css,2,8,3,11,1,2,2025-06-08,2025-07-02,296,5.5,1.0,1,0.5,0.5454545454545454
AnkiDroid/src/main/java/com/ichi2/anki/utils/ext/Card.kt,2,3,8,11,2,2,2025-03-02,2025-07-05,293,5.5,0.5,0,0.0,0.8181818181818182
AnkiDroid/src/main/java/com/ichi2/ui/CardBrowserSearchView.kt,2,3,8,11,1,1,2024-09-08,2024-09-08,593,5.5,1.0,0,0.0,0.7272727272727273
AnkiDroid/src/main/res/layout/navigation_drawer_layout.xml,2,5,6,11,1,1,2026-03-22,2026-03-22,33,5.5,1.0,0,0.0,0.8181818181818182
AnkiDroid/src/main/res/values-heb/18-standard-models.xml,2,1,10,11,1,2,2024-07-18,2025-04-10,379,5.5,1.0,0,0.0,0.8181818181818182
AnkiDroid/src/main/res/values-hi/18-standard-models.xml,2,1,10,11,1,2,2024-07-18,2025-04-10,379,5.5,1.0,0,0.0,0.8181818181818182
AnkiDroid/src/main/res/values-hu/18-standard-models.xml,2,1,10,11,1,2,2024-07-18,2025-04-10,379,5.5,1.0,0,0.0,0.8181818181818182
AnkiDroid/src/main/res/values-ind/18-standard-models.xml,2,1,10,11,1,2,2024-07-18,2025-04-10,379,5.5,1.0,0,0.0,0.8181818181818182
AnkiDroid/src/main/res/values-it/18-standard-models.xml,2,1,10,11,1,2,2024-07-18,2025-04-10,379,5.5,1.0,0,0.0,0.8181818181818182
AnkiDroid/src/main/res/values-ja/18-standard-models.xml,2,1,10,11,1,2,2024-07-18,2025-04-10,379,5.5,1.0,0,0.0,0.8181818181818182
AnkiDroid/src/main/res/values-ka/18-standard-models.xml,2,1,10,11,1,2,2024-07-18,2025-04-10,379,5.5,1.0,0,0.0,0.8181818181818182
AnkiDroid/src/main/res/values-kk/18-standard-models.xml,2,1,10,11,1,2,2024-07-18,2025-04-10,379,5.5,1.0,0,0.0,0.8181818181818182
AnkiDroid/src/main/res/values-km/18-standard-models.xml,2,1,10,11,1,2,2024-07-18,2025-04-10,379,5.5,1.0,0,0.0,0.8181818181818182
AnkiDroid/src/main/res/values-ku/18-standard-models.xml,2,1,10,11,1,2,2024-07-18,2025-04-10,379,5.5,1.0,0,0.0,0.8181818181818182
AnkiDroid/src/main/res/values-ky/18-standard-models.xml,2,1,10,11,1,2,2024-07-18,2025-04-10,379,5.5,1.0,0,0.0,0.8181818181818182
AnkiDroid/src/main/res/values-lt/18-standard-models.xml,2,1,10,11,1,2,2024-07-18,2025-04-10,379,5.5,1.0,0,0.0,0.8181818181818182
AnkiDroid/src/main/res/values-mk/18-standard-models.xml,2,1,10,11,1,2,2024-07-18,2025-04-10,379,5.5,1.0,0,0.0,0.8181818181818182
AnkiDroid/src/main/res/values-ml/18-standard-models.xml,2,1,10,11,1,2,2024-07-18,2025-04-10,379,5.5,1.0,0,0.0,0.8181818181818182
AnkiDroid/src/main/res/values-mn/18-standard-models.xml,2,1,10,11,1,2,2024-07-18,2025-04-10,379,5.5,1.0,0,0.0,0.8181818181818182
AnkiDroid/src/main/res/values-mr/18-standard-models.xml,2,1,10,11,1,2,2024-07-18,2025-04-10,379,5.5,1.0,0,0.0,0.8181818181818182
AnkiDroid/src/main/res/values-ms/18-standard-models.xml,2,1,10,11,1,2,2024-07-18,2025-04-10,379,5.5,1.0,0,0.0,0.8181818181818182
AnkiDroid/src/main/res/values-my/18-standard-models.xml,2,1,10,11,1,2,2024-07-18,2025-04-10,379,5.5,1.0,0,0.0,0.8181818181818182
AnkiDroid/src/main/res/values-nl/18-standard-models.xml,2,1,10,11,1,2,2024-07-18,2025-04-10,379,5.5,1.0,0,0.0,0.8181818181818182
AnkiDroid/src/main/res/values-nn/18-standard-models.xml,2,1,10,11,1,2,2024-07-18,2025-04-10,379,5.5,1.0,0,0.0,0.8181818181818182
AnkiDroid/src/main/res/values-no/18-standard-models.xml,2,1,10,11,1,2,2024-07-18,2025-04-10,379,5.5,1.0,0,0.0,0.8181818181818182
AnkiDroid/src/main/res/values-or/18-standard-models.xml,2,1,10,11,1,2,2024-07-18,2025-04-10,379,5.5,1.0,0,0.0,0.8181818181818182
AnkiDroid/src/main/res/values-pl/18-standard-models.xml,2,1,10,11,1,2,2024-07-18,2025-04-10,379,5.5,1.0,0,0.0,0.8181818181818182
AnkiDroid/src/main/res/values-pt-rBR/18-standard-models.xml,2,1,10,11,1,2,2024-07-18,2025-04-10,379,5.5,1.0,0,0.0,0.8181818181818182
AnkiDroid/src/main/res/values-pt-rPT/18-standard-models.xml,2,1,10,11,1,2,2024-07-18,2025-04-10,379,5.5,1.0,0,0.0,0.8181818181818182
AnkiDroid/src/main/res/values-ro/18-standard-models.xml,2,1,10,11,1,2,2024-07-18,2025-04-10,379,5.5,1.0,0,0.0,0.8181818181818182
AnkiDroid/src/main/res/values-ru/18-standard-models.xml,2,1,10,11,1,2,2024-07-18,2025-04-10,379,5.5,1.0,0,0.0,0.8181818181818182
AnkiDroid/src/main/res/values-sc/18-standard-models.xml,2,1,10,11,1,2,2024-07-18,2025-04-10,379,5.5,1.0,0,0.0,0.8181818181818182
AnkiDroid/src/main/res/values-sk/18-standard-models.xml,2,1,10,11,1,2,2024-07-18,2025-04-10,379,5.5,1.0,0,0.0,0.8181818181818182
AnkiDroid/src/main/res/values-sl/18-standard-models.xml,2,1,10,11,1,2,2024-07-18,2025-04-10,379,5.5,1.0,0,0.0,0.8181818181818182
AnkiDroid/src/main/res/values-sq/18-standard-models.xml,2,1,10,11,1,2,2024-07-18,2025-04-10,379,5.5,1.0,0,0.0,0.8181818181818182
AnkiDroid/src/main/res/values-sr/18-standard-models.xml,2,1,10,11,1,2,2024-07-18,2025-04-10,379,5.5,1.0,0,0.0,0.8181818181818182
AnkiDroid/src/main/res/values-sv/18-standard-models.xml,2,1,10,11,1,2,2024-07-18,2025-04-10,379,5.5,1.0,0,0.0,0.8181818181818182
AnkiDroid/src/main/res/values-tgl/18-standard-models.xml,2,1,10,11,1,2,2024-07-18,2025-04-10,379,5.5,1.0,0,0.0,0.8181818181818182
AnkiDroid/src/main/res/values-th/18-standard-models.xml,2,1,10,11,1,2,2024-07-18,2025-04-10,379,5.5,1.0,0,0.0,0.8181818181818182
AnkiDroid/src/main/res/values-ti/18-standard-models.xml,2,1,10,11,1,2,2024-07-18,2025-04-10,379,5.5,1.0,0,0.0,0.8181818181818182
AnkiDroid/src/main/res/values-tr/18-standard-models.xml,2,1,10,11,1,2,2024-07-18,2025-04-10,379,5.5,1.0,0,0.0,0.8181818181818182
AnkiDroid/src/main/res/values-tt/18-standard-models.xml,2,1,10,11,1,2,2024-07-18,2025-04-10,379,5.5,1.0,0,0.0,0.8181818181818182
AnkiDroid/src/main/res/values-ur/18-standard-models.xml,2,1,10,11,1,2,2024-07-18,2025-04-10,379,5.5,1.0,0,0.0,0.8181818181818182
AnkiDroid/src/main/res/values-vi/18-standard-models.xml,2,1,10,11,1,2,2024-07-18,2025-04-10,379,5.5,1.0,0,0.0,0.8181818181818182
AnkiDroid/src/main/res/values-zh-rCN/18-standard-models.xml,2,1,10,11,1,2,2024-07-18,2025-04-10,379,5.5,1.0,0,0.0,0.8181818181818182
AnkiDroid/src/main/res/values-zh-rTW/18-standard-models.xml,2,1,10,11,1,2,2024-07-18,2025-04-10,379,5.5,1.0,0,0.0,0.8181818181818182
AnkiDroid/src/test/java/com/ichi2/anki/reviewer/MappableBindingTest.kt,2,9,2,11,1,2,2024-11-23,2025-02-05,443,5.5,1.0,0,0.0,0.8181818181818182
compat/src/main/java/com/ichi2/anki/compat/CompatHelper.kt,2,8,3,11,1,2,2026-03-22,2026-04-07,17,5.5,1.0,0,0.0,0.5454545454545454
compat/src/main/java/com/ichi2/anki/compat/CompatV29.kt,2,10,1,11,2,2,2026-03-22,2026-04-22,2,5.5,0.5,1,0.5,0.8181818181818182
AnkiDroid/src/main/assets/mathjax/sre/sre-node.js,1,0,11,11,1,1,2024-10-11,2024-10-11,560,11.0,1.0,0,0.0,1.0
AnkiDroid/src/main/java/com/ichi2/utils/FragmentFactoryUtils.kt,1,9,2,11,1,1,2024-12-05,2024-12-05,505,11.0,1.0,0,0.0,1.0
AnkiDroid/src/main/res/drawable/bg_troubleshooting_item_middle.xml,1,11,0,11,1,1,2026-03-28,2026-03-28,27,11.0,1.0,0,0.0,1.0
AnkiDroid/src/main/res/drawable/bg_troubleshooting_item_top.xml,1,11,0,11,1,1,2026-03-28,2026-03-28,27,11.0,1.0,0,0.0,1.0
AnkiDroid/src/main/res/drawable/ic_align_left.xml,1,11,0,11,1,1,2025-09-05,2025-09-05,231,11.0,1.0,0,0.0,1.0
AnkiDroid/src/main/res/drawable/ic_align_right.xml,1,11,0,11,1,1,2025-09-05,2025-09-05,231,11.0,1.0,0,0.0,1.0
AnkiDroid/src/main/res/drawable/ic_redo_2.xml,1,11,0,11,1,1,2026-04-22,2026-04-22,2,11.0,1.0,0,0.0,1.0
AnkiDroid/src/main/res/drawable/ic_replay.xml,1,3,8,11,1,1,2025-08-10,2025-08-10,257,11.0,1.0,0,0.0,1.0
AnkiDroid/src/main/res/drawable/ic_sort.xml,1,11,0,11,1,1,2025-08-05,2025-08-05,262,11.0,1.0,0,0.0,1.0
AnkiDroid/src/main/res/drawable/ic_undo_2.xml,1,11,0,11,1,1,2026-04-22,2026-04-22,2,11.0,1.0,0,0.0,1.0
AnkiDroid/src/main/res/layout/resizing_divider_internal.xml,1,11,0,11,1,1,2025-07-25,2025-07-25,273,11.0,1.0,0,0.0,1.0
AnkiDroid/src/main/res/menu/schedule_reminders.xml,1,11,0,11,1,1,2026-03-28,2026-03-28,27,11.0,1.0,0,0.0,1.0
AnkiDroid/src/test/java/com/ichi2/anki/reviewer/PeripheralKeymapTest.kt,1,3,8,11,1,1,2025-02-07,2025-02-07,441,11.0,1.0,0,0.0,1.0
jacocoSupport.gradle,1,11,0,11,1,1,2025-07-06,2025-07-06,292,11.0,1.0,0,0.0,1.0
AnkiDroid/src/main/java/com/ichi2/anki/pages/PageChromeClient.kt,4,6,4,10,3,4,2024-10-26,2026-04-17,7,2.5,0.5,0,0.0,0.4
AnkiDroid/src/main/res/layout/dialog_set_due_date.xml,4,7,3,10,4,4,2024-07-25,2025-12-27,118,2.5,0.25,1,0.25,0.5
AnkiDroid/src/main/res/values-vi/04-network.xml,4,5,5,10,1,4,2024-05-01,2026-03-30,25,2.5,1.0,0,0.0,0.6
AnkiDroid/src/main/java/com/ichi2/anki/cardviewer/SingleCardSide.kt,3,5,5,10,1,1,2024-12-09,2024-12-09,501,3.3333333333333335,1.0,1,0.3333333333333333,0.5
AnkiDroid/src/test/java/com/ichi2/utils/ContentResolverUtilTest.kt,3,5,5,10,3,3,2025-03-22,2026-04-14,10,3.3333333333333335,0.3333333333333333,0,0.0,0.4
docs/marketing/localized_description/marketdescription-ko.txt,3,5,5,10,1,3,2025-05-10,2025-06-30,298,3.3333333333333335,1.0,0,0.0,0.4
docs/marketing/localized_description/marketdescription-lt.txt,3,5,5,10,1,3,2025-05-10,2025-06-30,298,3.3333333333333335,1.0,0,0.0,0.4
docs/marketing/localized_description/marketdescription-pt-PT.txt,3,5,5,10,1,3,2025-05-10,2025-06-30,298,3.3333333333333335,1.0,0,0.0,0.4
docs/marketing/localized_description/marketdescription-vi.txt,3,5,5,10,1,3,2025-05-10,2025-08-10,257,3.3333333333333335,1.0,0,0.0,0.4
AnkiDroid/src/androidTest/java/com/ichi2/testutils/common/.gitignore,2,5,5,10,2,2,2024-06-24,2026-03-22,33,5.0,0.5,0,0.0,0.5
AnkiDroid/src/main/java/com/ichi2/anki/libanki/Media.kt,2,5,5,10,1,1,2025-07-05,2025-07-05,293,5.0,1.0,0,0.0,1.0
AnkiDroid/src/main/java/com/ichi2/anki/libanki/Note.kt,2,5,5,10,1,1,2025-07-05,2025-07-05,293,5.0,1.0,0,0.0,1.0
AnkiDroid/src/main/java/com/ichi2/anki/libanki/sched/DeckNode.kt,2,5,5,10,1,1,2025-07-05,2025-07-05,293,5.0,1.0,0,0.0,1.0
AnkiDroid/src/main/java/com/ichi2/libanki/sched/Counts.kt,2,7,3,10,1,2,2024-08-03,2024-12-09,501,5.0,1.0,1,0.5,0.6
AnkiDroid/src/main/res/drawable/black_round_alert_dialog_background.xml,2,5,5,10,1,2,2025-06-16,2025-06-24,304,5.0,1.0,2,1.0,0.5
AnkiDroid/src/main/res/layout/view_audio_play.xml,2,5,5,10,2,2,2026-01-03,2026-01-17,97,5.0,0.5,0,0.0,1.0
libanki/src/test/java/com/ichi2/anki/libanki/NoteWithColTest.kt,2,3,7,10,1,2,2025-07-07,2025-07-21,277,5.0,1.0,0,0.0,0.9
tools/localization/src/upload.ts,2,0,10,10,1,2,2024-06-02,2024-08-16,616,5.0,1.0,1,0.5,0.7
AnkiDroid/src/androidTest/java/com/ichi2/anki/dialogs/NoteTypeEditorContextMenuTest.kt,1,5,5,10,1,1,2025-03-16,2025-03-16,404,10.0,1.0,0,0.0,1.0
AnkiDroid/src/main/java/com/ichi2/libanki/PythonTypes.kt,1,5,5,10,1,1,2025-06-19,2025-06-19,309,10.0,1.0,0,0.0,1.0
AnkiDroid/src/main/java/com/ichi2/libanki/Tts.kt,1,8,2,10,1,1,2024-12-09,2024-12-09,501,10.0,1.0,1,1.0,1.0
AnkiDroid/src/main/java/com/ichi2/ui/BadgeDrawable.kt,1,5,5,10,1,1,2025-12-10,2025-12-10,135,10.0,1.0,0,0.0,1.0
AnkiDroid/src/main/res/drawable/bg_troubleshooting_item_bottom.xml,1,10,0,10,1,1,2026-03-28,2026-03-28,27,10.0,1.0,0,0.0,1.0
AnkiDroid/src/main/res/drawable/ic_add_bell.xml,1,10,0,10,1,1,2025-07-13,2025-07-13,285,10.0,1.0,0,0.0,1.0
AnkiDroid/src/main/res/drawable/ic_align.xml,1,10,0,10,1,1,2025-09-05,2025-09-05,231,10.0,1.0,0,0.0,1.0
AnkiDroid/src/main/res/drawable/ic_align_bottom.xml,1,10,0,10,1,1,2025-09-05,2025-09-05,231,10.0,1.0,0,0.0,1.0
AnkiDroid/src/main/res/drawable/ic_audio_wave.xml,1,10,0,10,1,1,2026-03-23,2026-03-23,32,10.0,1.0,0,0.0,1.0
AnkiDroid/src/main/res/drawable/ic_camera.xml,1,10,0,10,1,1,2024-05-14,2024-05-14,710,10.0,1.0,0,0.0,1.0
AnkiDroid/src/main/res/drawable/ic_camera_filled.xml,1,10,0,10,1,1,2025-11-30,2025-11-30,145,10.0,1.0,0,0.0,1.0
AnkiDroid/src/main/res/drawable/ic_cards_star.xml,1,10,0,10,1,1,2025-06-21,2025-06-21,307,10.0,1.0,0,0.0,1.0
AnkiDroid/src/main/res/drawable/ic_donate_black_24dp.xml,1,0,10,10,1,1,2024-09-01,2024-09-01,600,10.0,1.0,0,0.0,1.0
AnkiDroid/src/main/res/drawable/ic_draw_filled.xml,1,10,0,10,1,1,2025-11-30,2025-11-30,145,10.0,1.0,0,0.0,1.0
AnkiDroid/src/main/res/drawable/ic_edit_off.xml,1,10,0,10,1,1,2025-09-05,2025-09-05,231,10.0,1.0,0,0.0,1.0
AnkiDroid/src/main/res/drawable/ic_flip_horizontal.xml,1,10,0,10,1,1,2025-07-08,2025-07-08,290,10.0,1.0,1,1.0,1.0
AnkiDroid/src/main/res/drawable/ic_image.xml,1,10,0,10,1,1,2025-11-30,2025-11-30,145,10.0,1.0,0,0.0,1.0
AnkiDroid/src/main/res/drawable/ic_import_export.xml,1,0,10,10,1,1,2026-03-03,2026-03-03,52,10.0,1.0,0,0.0,1.0
AnkiDroid/src/main/res/drawable/ic_lock_open.xml,1,10,0,10,1,1,2025-08-11,2025-08-11,256,10.0,1.0,0,0.0,1.0
AnkiDroid/src/main/res/drawable/ic_more_vertical.xml,1,10,0,10,1,1,2025-09-05,2025-09-05,231,10.0,1.0,0,0.0,1.0
AnkiDroid/src/main/res/drawable/ic_notes.xml,1,10,0,10,1,1,2026-03-23,2026-03-23,32,10.0,1.0,0,0.0,1.0
AnkiDroid/src/main/res/drawable/ic_numbers.xml,1,10,0,10,1,1,2025-08-14,2025-08-14,253,10.0,1.0,0,0.0,1.0
AnkiDroid/src/main/res/drawable/ic_remove_done.xml,1,10,0,10,1,1,2025-08-18,2025-08-18,249,10.0,1.0,0,0.0,1.0
AnkiDroid/src/main/res/drawable/ic_replace_audio.xml,1,10,0,10,1,1,2024-07-21,2024-07-21,642,10.0,1.0,0,0.0,1.0
AnkiDroid/src/main/res/drawable/ic_replace_image.xml,1,10,0,10,1,1,2024-07-21,2024-07-21,642,10.0,1.0,0,0.0,1.0
AnkiDroid/src/main/res/drawable/ic_replace_video.xml,1,10,0,10,1,1,2024-07-21,2024-07-21,642,10.0,1.0,0,0.0,1.0
AnkiDroid/src/main/res/drawable/ic_rotate_right.xml,1,10,0,10,1,1,2025-07-08,2025-07-08,290,10.0,1.0,1,1.0,1.0
AnkiDroid/src/main/res/drawable/ic_running_clock.xml,1,10,0,10,1,1,2025-08-15,2025-08-15,252,10.0,1.0,0,0.0,1.0
AnkiDroid/src/main/res/drawable/ic_shelf_auto_hide.xml,1,10,0,10,1,1,2025-08-15,2025-08-15,252,10.0,1.0,0,0.0,1.0
AnkiDroid/src/main/res/drawable/ic_skip_next.xml,1,10,0,10,1,1,2024-04-22,2024-04-22,732,10.0,1.0,0,0.0,1.0
AnkiDroid/src/main/res/drawable/ic_switch_profile.xml,1,10,0,10,1,1,2025-08-26,2025-08-26,241,10.0,1.0,0,0.0,1.0
AnkiDroid/src/main/res/drawable/ic_toolbar.xml,1,10,0,10,1,1,2025-06-15,2025-06-15,313,10.0,1.0,0,0.0,1.0
AnkiDroid/src/main/res/layout/dialog_deck_options_selection.xml,1,10,0,10,1,1,2025-12-29,2025-12-29,116,10.0,1.0,0,0.0,1.0
AnkiDroid/src/main/res/layout/reviewer_fullscreen.xml,1,5,5,10,1,1,2026-03-22,2026-03-22,33,10.0,1.0,0,0.0,1.0
AnkiDroid/src/main/res/menu/activity_study_options.xml,1,10,0,10,1,1,2024-10-26,2024-10-26,545,10.0,1.0,1,1.0,1.0
AnkiDroid/src/main/res/menu/filtered_options.xml,1,10,0,10,1,1,2025-12-01,2025-12-01,144,10.0,1.0,0,0.0,1.0
lint-rules/src/main/java/com/ichi2/anki/lint/rules/CopyrightHeaderExists.kt,1,8,2,10,1,1,2024-07-15,2024-07-15,648,10.0,1.0,0,0.0,1.0
testlib/src/main/java/com/ichi2/testutils/IgnoreFlakyTestsInCIRule.kt,1,9,1,10,1,1,2024-05-19,2024-05-19,705,10.0,1.0,0,0.0,1.0
tools/local-release.sh,1,3,7,10,1,1,2024-06-22,2024-06-22,671,10.0,1.0,0,0.0,1.0
.idea/dictionaries/usernames.xml,6,9,0,9,4,6,2024-07-07,2025-12-04,141,1.5,0.5,0,0.0,0.4444444444444444
AnkiDroid/src/main/res/values-ja/04-network.xml,6,4,5,9,1,6,2024-04-27,2026-03-30,25,1.5,1.0,0,0.0,0.2222222222222222
AnkiDroid/src/main/res/values-ca/09-backup.xml,5,5,4,9,1,5,2024-04-27,2026-04-06,18,1.8,1.0,0,0.0,0.2222222222222222
AnkiDroid/src/main/res/values-de/09-backup.xml,5,5,4,9,1,5,2024-06-03,2026-04-06,18,1.8,1.0,0,0.0,0.2222222222222222
AnkiDroid/src/main/res/values-es-rES/09-backup.xml,5,5,4,9,1,5,2024-05-31,2026-04-06,18,1.8,1.0,0,0.0,0.2222222222222222
AnkiDroid/src/main/res/values-fi/09-backup.xml,5,5,4,9,1,5,2024-10-23,2026-04-06,18,1.8,1.0,0,0.0,0.2222222222222222
AnkiDroid/src/main/res/values-fr/09-backup.xml,5,5,4,9,1,5,2024-10-23,2026-04-15,9,1.8,1.0,0,0.0,0.2222222222222222
AnkiDroid/src/main/res/values-cs/06-statistics.xml,4,3,6,9,1,4,2024-10-06,2025-04-06,383,2.25,1.0,0,0.0,0.4444444444444444
AnkiDroid/src/main/res/values-de/06-statistics.xml,4,3,6,9,1,4,2024-10-06,2025-01-05,474,2.25,1.0,0,0.0,0.4444444444444444
AnkiDroid/src/main/res/values-fa/06-statistics.xml,4,3,6,9,1,4,2024-10-06,2025-08-23,244,2.25,1.0,0,0.0,0.4444444444444444
AnkiDroid/src/main/res/values-got/06-statistics.xml,4,3,6,9,1,4,2024-10-06,2025-09-09,227,2.25,1.0,0,0.0,0.4444444444444444
AnkiDroid/src/main/res/values-it/09-backup.xml,4,5,4,9,1,4,2024-04-27,2026-04-08,16,2.25,1.0,0,0.0,0.4444444444444444
AnkiDroid/src/main/res/values-nn/06-statistics.xml,4,3,6,9,1,4,2024-10-06,2025-09-03,233,2.25,1.0,0,0.0,0.4444444444444444
AnkiDroid/src/main/res/values-uk/09-backup.xml,4,5,4,9,1,4,2024-04-27,2026-04-19,5,2.25,1.0,0,0.0,0.4444444444444444
tools/localization/.yarnrc.yml,4,6,3,9,2,4,2024-12-02,2026-03-10,45,2.25,0.5,0,0.0,0.3333333333333333
AnkiDroid/src/main/java/com/ichi2/anki/browser/ReverseDirection.kt,3,5,4,9,1,2,2024-12-09,2025-07-05,293,3.0,1.0,1,0.3333333333333333,0.4444444444444444
AnkiDroid/src/main/res/values-lt/09-backup.xml,3,5,4,9,1,3,2025-05-24,2026-04-06,18,3.0,1.0,0,0.0,0.6666666666666666
AnkiDroid/src/main/res/values-mr/09-backup.xml,3,5,4,9,1,3,2024-06-27,2026-04-06,18,3.0,1.0,0,0.0,0.6666666666666666
AnkiDroid/src/main/res/values-ta/09-backup.xml,3,5,4,9,1,3,2024-04-27,2026-04-06,18,3.0,1.0,0,0.0,0.6666666666666666
AnkiDroid/src/main/res/xml/preferences_custom_sync_server.xml,3,8,1,9,3,3,2024-06-25,2026-04-06,18,3.0,0.3333333333333333,0,0.0,0.4444444444444444
AnkiDroid/src/test/java/com/ichi2/anki/InitialActivityTest.kt,3,7,2,9,3,3,2024-07-15,2026-04-14,10,3.0,0.3333333333333333,0,0.0,0.4444444444444444
compat/src/main/java/com/ichi2/anki/compat/BaseCompat.kt,3,8,1,9,3,3,2026-03-22,2026-04-24,0,3.0,0.3333333333333333,1,0.3333333333333333,0.6666666666666666
gradlew.bat,3,5,4,9,2,3,2024-07-18,2025-10-23,183,3.0,0.6666666666666666,0,0.0,0.4444444444444444
AnkiDroid/src/androidTest/java/com/ichi2/anki/utils/GrantAllFilesAccessRule.kt,2,6,3,9,1,1,2024-12-09,2024-12-09,501,4.5,1.0,0,0.0,0.5555555555555556
AnkiDroid/src/main/java/com/ichi2/anki/backend/README.md,2,8,1,9,1,2,2025-06-27,2025-07-05,293,4.5,1.0,0,0.0,0.7777777777777778
AnkiDroid/src/main/java/com/ichi2/anki/logging/ProductionCrashReportingTree.kt,2,7,2,9,1,1,2024-12-09,2024-12-09,501,4.5,1.0,0,0.0,0.7777777777777778
AnkiDroid/src/main/java/com/ichi2/anki/logging/RobolectricDebugTree.kt,2,7,2,9,1,1,2024-12-09,2024-12-09,501,4.5,1.0,0,0.0,0.7777777777777778
AnkiDroid/src/main/java/com/ichi2/libanki/exception/ConfirmModSchemaException.kt,2,1,8,9,2,2,2024-10-20,2025-01-04,475,4.5,0.5,0,0.0,0.7777777777777778
AnkiDroid/src/main/java/com/ichi2/ui/AxisValueDisplay.kt,2,5,4,9,2,2,2025-03-14,2025-05-13,346,4.5,0.5,0,0.0,0.6666666666666666
AnkiDroid/src/main/res/drawable/ic_fast_forward.xml,2,7,2,9,2,2,2024-12-10,2026-04-24,0,4.5,0.5,1,0.5,0.5555555555555556
AnkiDroid/src/main/res/drawable/ic_play.xml,2,6,3,9,2,2,2024-04-22,2025-08-10,257,4.5,0.5,0,0.0,0.5555555555555556
AnkiDroid/src/main/res/drawable/ic_stop.xml,2,6,3,9,2,2,2024-04-22,2025-08-10,257,4.5,0.5,0,0.0,0.5555555555555556
AnkiDroid/src/main/res/layout/fragment_permissions_starting_at_30.xml,2,9,0,9,2,2,2025-09-11,2026-03-16,39,4.5,0.5,0,0.0,1.0
AnkiDroid/src/main/res/layout/tags_item_list_dialog.xml,2,5,4,9,1,2,2024-04-30,2025-09-11,225,4.5,1.0,1,0.5,0.6666666666666666
AnkiDroid/src/main/res/layout/view_reviewer_menu.xml,2,4,5,9,2,2,2025-09-11,2026-01-17,97,4.5,0.5,0,0.0,1.0
AnkiDroid/src/main/res/menu/download_shared_decks_menu.xml,2,1,8,9,2,2,2024-09-08,2025-10-29,177,4.5,0.5,0,0.0,0.7777777777777778
AnkiDroid/src/main/res/menu/note_type_editor.xml,2,0,9,9,2,2,2025-05-29,2025-10-21,185,4.5,0.5,0,0.0,1.0
AnkiDroid/src/main/res/xml/preferences_advanced.xml,2,7,2,9,2,2,2025-06-10,2026-01-05,109,4.5,0.5,1,0.5,0.5555555555555556
AnkiDroid/src/test/java/com/ichi2/libanki/MathJaxClozeTest.kt,2,6,3,9,2,2,2024-07-15,2025-01-06,473,4.5,0.5,0,0.0,0.7777777777777778
AnkiDroid/src/test/java/com/ichi2/libanki/SoundOrVideoTagTest.kt,2,5,4,9,1,2,2025-06-18,2025-06-28,300,4.5,1.0,0,0.0,0.8888888888888888
AnkiDroid/src/test/java/com/ichi2/ui/KeyPickerTest.kt,2,6,3,9,2,2,2024-07-15,2025-12-06,139,4.5,0.5,0,0.0,0.5555555555555556
AnkiDroid/src/main/java/com/ichi2/libanki/SortOrder.kt,1,7,2,9,1,1,2024-12-09,2024-12-09,501,9.0,1.0,1,1.0,1.0
AnkiDroid/src/main/java/com/ichi2/ui/OnGestureListener.kt,1,5,4,9,1,1,2025-03-22,2025-03-22,398,9.0,1.0,0,0.0,1.0
AnkiDroid/src/main/res/drawable/ic_add_white.xml,1,0,9,9,1,1,2026-01-26,2026-01-26,88,9.0,1.0,1,1.0,1.0
AnkiDroid/src/main/res/drawable/ic_lightbulb.xml,1,9,0,9,1,1,2024-12-10,2024-12-10,500,9.0,1.0,0,0.0,1.0
AnkiDroid/src/main/res/drawable/ic_paste.xml,1,9,0,9,1,1,2024-05-14,2024-05-14,710,9.0,1.0,0,0.0,1.0
AnkiDroid/src/main/res/drawable/ic_spinner_triangle.xml,1,0,9,9,1,1,2025-09-11,2025-09-11,225,9.0,1.0,0,0.0,1.0
AnkiDroid/src/main/res/drawable/ic_warning_24.xml,1,9,0,9,1,1,2026-03-28,2026-03-28,27,9.0,1.0,0,0.0,1.0
AnkiDroid/src/main/res/menu/drawing_fragment_menu.xml,1,9,0,9,1,1,2025-11-03,2025-11-03,172,9.0,1.0,0,0.0,1.0
AnkiDroid/src/main/res/menu/note_types_more_actions.xml,1,9,0,9,1,1,2025-11-13,2025-11-13,162,9.0,1.0,0,0.0,1.0
libanki/src/test/java/com/ichi2/anki/libanki/StorageRustTest.kt,1,2,7,9,1,1,2025-07-07,2025-07-07,291,9.0,1.0,0,0.0,1.0
AnkiDroid/src/main/res/layout/dialog_tts_voices.xml,4,4,4,8,2,4,2024-05-21,2026-03-22,33,2.0,0.75,1,0.25,0.25
AnkiDroid/src/main/res/values-be/05-feedback.xml,4,4,4,8,1,4,2024-04-27,2026-04-08,16,2.0,1.0,0,0.0,0.25
.gitignore,3,7,1,8,2,3,2024-06-19,2026-04-17,7,2.6666666666666665,0.6666666666666666,0,0.0,0.5
AnkiDroid/src/main/java/com/ichi2/anki/logging/LogType.kt,3,5,3,8,1,2,2024-05-29,2024-12-09,501,2.6666666666666665,1.0,0,0.0,0.5
AnkiDroid/src/main/java/com/ichi2/anki/ui/windows/permissions/Full30and31PermissionsFragment.kt,3,4,4,8,2,2,2024-12-09,2025-08-03,264,2.6666666666666665,0.6666666666666666,0,0.0,0.5
AnkiDroid/src/main/java/com/ichi2/compat/CompatV29.kt,3,4,4,8,3,3,2024-10-02,2025-05-10,349,2.6666666666666665,0.3333333333333333,0,0.0,0.5
AnkiDroid/src/test/java/com/ichi2/anki/libanki/AbstractSchedTest.kt,3,4,4,8,1,2,2025-07-05,2025-07-07,291,2.6666666666666665,1.0,0,0.0,0.75
AnkiDroid/src/test/java/com/ichi2/anki/libanki/CardTest.kt,3,4,4,8,1,2,2025-07-05,2025-07-07,291,2.6666666666666665,1.0,0,0.0,0.75
docs/marketing/localized_description/marketdescription-da.txt,3,4,4,8,1,3,2024-07-14,2025-06-30,298,2.6666666666666665,1.0,0,0.0,0.5
docs/marketing/localized_description/marketdescription-fa.txt,3,4,4,8,1,3,2024-07-30,2025-06-30,298,2.6666666666666665,1.0,0,0.0,0.5
libanki/src/main/java/com/ichi2/anki/libanki/utils/NotInPyLib.kt,3,6,2,8,1,1,2026-01-26,2026-01-26,88,2.6666666666666665,1.0,0,0.0,0.5
AnkiDroid/src/main/assets/card_template.html,2,4,4,8,1,1,2024-10-11,2024-10-11,560,4.0,1.0,0,0.0,0.75
AnkiDroid/src/main/java/com/ichi2/anki/libanki/Card.kt,2,4,4,8,1,1,2025-07-05,2025-07-05,293,4.0,1.0,0,0.0,1.0
AnkiDroid/src/main/res/layout/fragment_permissions_until_29.xml,2,8,0,8,2,2,2025-09-11,2026-03-16,39,4.0,0.5,0,0.0,1.0
AnkiDroid/src/main/res/layout/include_floating_add_button.xml,2,4,4,8,2,2,2026-03-23,2026-04-06,18,4.0,0.5,0,0.0,1.0
AnkiDroid/src/main/res/layout/styled_custom_study_details_dialog.xml,2,6,2,8,1,1,2025-02-09,2025-02-09,439,4.0,1.0,0,0.0,0.75
AnkiDroid/src/main/res/values-fa/20-search-preference.xml,2,4,4,8,1,2,2024-07-18,2025-08-23,244,4.0,1.0,0,0.0,0.5
AnkiDroid/src/main/res/values-fil/05-feedback.xml,2,4,4,8,1,2,2024-06-03,2024-10-23,548,4.0,1.0,0,0.0,0.75
AnkiDroid/src/main/res/values-got/20-search-preference.xml,2,4,4,8,1,2,2025-07-30,2025-09-09,227,4.0,1.0,0,0.0,0.5
AnkiDroid/src/main/res/values-zh-rTW/20-search-preference.xml,2,4,4,8,1,2,2024-08-07,2024-08-19,613,4.0,1.0,0,0.0,0.5
AnkiDroid/src/main/res/xml/preferences_general.xml,2,7,1,8,2,2,2025-04-02,2025-07-06,292,4.0,0.5,0,0.0,0.625
AnkiDroid/src/test/java/com/ichi2/anki/AnkiDroidAppTest.kt,2,4,4,8,2,2,2025-07-07,2026-04-17,7,4.0,0.5,0,0.0,0.75
AnkiDroid/src/test/java/com/ichi2/anki/ui/windows/permissions/PermissionsActivityTest.kt,2,5,3,8,2,2,2024-11-30,2025-08-03,264,4.0,0.5,0,0.0,0.75
AnkiDroid/src/test/java/com/ichi2/testutils/ext/AnkiTest.kt,2,4,4,8,1,2,2025-07-07,2025-09-07,229,4.0,1.0,0,0.0,0.5
common/src/main/java/com/ichi2/anki/common/time/MockTime.kt,2,4,4,8,1,2,2025-07-07,2026-04-13,11,4.0,1.0,0,0.0,0.75
libanki/src/test/java/com/ichi2/anki/libanki/DecksTest.kt,2,3,5,8,1,2,2025-07-07,2025-07-21,277,4.0,1.0,0,0.0,0.875
libanki/src/test/java/com/ichi2/anki/libanki/FlagTest.kt,2,3,5,8,1,2,2025-07-07,2025-07-21,277,4.0,1.0,0,0.0,0.875
AnkiDroid/src/main/res/drawable/widget_card_analysis_rounded_inner_background.xml,1,8,0,8,1,1,2024-12-27,2024-12-27,483,8.0,1.0,0,0.0,1.0
AnkiDroid/src/main/res/layout/dialog_tts_voices_voice.xml,1,4,4,8,1,1,2025-09-10,2025-09-10,226,8.0,1.0,0,0.0,1.0
AnkiDroid/src/main/res/layout/feedback.xml,1,4,4,8,1,1,2024-12-26,2024-12-26,484,8.0,1.0,1,1.0,1.0
AnkiDroid/src/main/res/values-hr/05-feedback.xml,1,4,4,8,1,1,2026-01-28,2026-01-28,86,8.0,1.0,0,0.0,1.0
AnkiDroid/src/test/java/com/ichi2/anki/FlagToDisplayTest.kt,1,4,4,8,1,1,2024-11-03,2024-11-03,537,8.0,1.0,0,0.0,1.0
AnkiDroid/src/test/java/com/ichi2/compat/CompatDirectoryContentTest.kt,1,6,2,8,1,1,2024-07-15,2024-07-15,648,8.0,1.0,0,0.0,1.0
AnkiDroid/src/main/res/values-cs/04-network.xml,5,3,4,7,1,5,2024-06-09,2026-03-30,25,1.4,1.0,0,0.0,0.2857142857142857
AnkiDroid/src/main/res/values-fr/04-network.xml,5,3,4,7,1,5,2024-06-09,2026-03-30,25,1.4,1.0,0,0.0,0.2857142857142857
AnkiDroid/src/main/res/values-or/04-network.xml,5,3,4,7,1,5,2024-06-09,2026-03-30,25,1.4,1.0,0,0.0,0.2857142857142857
AnkiDroid/src/main/res/values-pt-rPT/04-network.xml,5,3,4,7,1,5,2024-06-09,2026-03-30,25,1.4,1.0,0,0.0,0.2857142857142857
AnkiDroid/src/main/res/values-ru/04-network.xml,5,3,4,7,1,5,2024-06-09,2026-03-30,25,1.4,1.0,0,0.0,0.2857142857142857
.idea/dictionaries/android.xml,4,7,0,7,4,4,2024-11-10,2025-11-25,150,1.75,0.25,1,0.25,0.5714285714285714
AnkiDroid/src/main/res/values-cs/09-backup.xml,4,4,3,7,1,4,2024-10-23,2026-04-06,18,1.75,1.0,0,0.0,0.2857142857142857
AnkiDroid/src/main/res/values-heb/09-backup.xml,4,4,3,7,1,4,2024-05-27,2026-04-06,18,1.75,1.0,0,0.0,0.2857142857142857
AnkiDroid/src/main/res/values-ja/09-backup.xml,4,4,3,7,1,4,2024-04-27,2026-04-06,18,1.75,1.0,0,0.0,0.2857142857142857
AnkiDroid/src/main/res/values-ka/09-backup.xml,4,4,3,7,1,4,2025-03-02,2026-04-06,18,1.75,1.0,0,0.0,0.2857142857142857
AnkiDroid/src/main/res/values-nl/09-backup.xml,4,4,3,7,1,4,2024-04-27,2026-04-06,18,1.75,1.0,0,0.0,0.2857142857142857
AnkiDroid/src/main/res/values-tr/09-backup.xml,4,4,3,7,1,4,2024-04-27,2026-04-24,0,1.75,1.0,0,0.0,0.2857142857142857
.github/dependabot.yml,3,5,2,7,1,3,2024-06-17,2024-12-04,506,2.3333333333333335,1.0,0,0.0,0.42857142857142855
AnkiDroid/src/main/java/com/ichi2/compat/CompatV34.kt,3,4,3,7,2,3,2024-10-02,2025-03-22,398,2.3333333333333335,0.6666666666666666,0,0.0,0.5714285714285714
AnkiDroid/src/main/res/layout/sync_progress_layout.xml,3,5,2,7,3,3,2024-05-03,2025-12-08,137,2.3333333333333335,0.3333333333333333,2,0.6666666666666666,0.5714285714285714
AnkiDroid/src/main/res/values-ar/06-statistics.xml,3,2,5,7,1,3,2024-10-06,2025-02-09,439,2.3333333333333335,1.0,0,0.0,0.5714285714285714
AnkiDroid/src/main/res/values-be/06-statistics.xml,3,2,5,7,1,3,2024-10-06,2025-01-05,474,2.3333333333333335,1.0,0,0.0,0.5714285714285714
AnkiDroid/src/main/res/values-ca/06-statistics.xml,3,2,5,7,1,3,2024-10-06,2025-01-05,474,2.3333333333333335,1.0,0,0.0,0.5714285714285714
AnkiDroid/src/main/res/values-el/06-statistics.xml,3,2,5,7,1,3,2024-10-06,2025-01-05,474,2.3333333333333335,1.0,0,0.0,0.5714285714285714
AnkiDroid/src/main/res/values-eo/06-statistics.xml,3,2,5,7,1,3,2024-10-06,2025-01-05,474,2.3333333333333335,1.0,0,0.0,0.5714285714285714
AnkiDroid/src/main/res/values-es-rAR/06-statistics.xml,3,2,5,7,1,3,2024-10-06,2025-01-05,474,2.3333333333333335,1.0,0,0.0,0.5714285714285714
AnkiDroid/src/main/res/values-es-rES/06-statistics.xml,3,2,5,7,1,3,2024-10-06,2025-01-05,474,2.3333333333333335,1.0,0,0.0,0.5714285714285714
AnkiDroid/src/main/res/values-et/06-statistics.xml,3,2,5,7,1,3,2024-10-06,2026-03-09,46,2.3333333333333335,1.0,0,0.0,0.5714285714285714
AnkiDroid/src/main/res/values-fi/06-statistics.xml,3,2,5,7,1,3,2024-10-06,2025-02-04,444,2.3333333333333335,1.0,0,0.0,0.5714285714285714
AnkiDroid/src/main/res/values-fr/06-statistics.xml,3,2,5,7,1,3,2024-10-06,2025-01-05,474,2.3333333333333335,1.0,0,0.0,0.5714285714285714
AnkiDroid/src/main/res/values-gl/06-statistics.xml,3,2,5,7,1,3,2024-10-06,2025-04-13,376,2.3333333333333335,1.0,0,0.0,0.5714285714285714
AnkiDroid/src/main/res/values-heb/06-statistics.xml,3,2,5,7,1,3,2024-10-06,2025-01-05,474,2.3333333333333335,1.0,0,0.0,0.5714285714285714
AnkiDroid/src/main/res/values-hi/06-statistics.xml,3,2,5,7,1,3,2024-10-06,2025-01-05,474,2.3333333333333335,1.0,0,0.0,0.5714285714285714
AnkiDroid/src/main/res/values-hr/06-statistics.xml,3,2,5,7,1,3,2024-10-06,2026-01-28,86,2.3333333333333335,1.0,0,0.0,0.5714285714285714
AnkiDroid/src/main/res/values-hu/06-statistics.xml,3,2,5,7,1,3,2024-10-06,2025-01-26,453,2.3333333333333335,1.0,0,0.0,0.5714285714285714
AnkiDroid/src/main/res/values-hy/06-statistics.xml,3,2,5,7,1,3,2024-10-06,2025-01-05,474,2.3333333333333335,1.0,0,0.0,0.5714285714285714
AnkiDroid/src/main/res/values-ind/06-statistics.xml,3,2,5,7,1,3,2024-10-06,2025-11-27,148,2.3333333333333335,1.0,0,0.0,0.5714285714285714
AnkiDroid/src/main/res/values-it/06-statistics.xml,3,2,5,7,1,3,2024-10-06,2025-06-27,301,2.3333333333333335,1.0,0,0.0,0.5714285714285714
AnkiDroid/src/main/res/values-ja/06-statistics.xml,3,2,5,7,1,3,2024-10-06,2025-01-05,474,2.3333333333333335,1.0,0,0.0,0.5714285714285714
AnkiDroid/src/main/res/values-ka/06-statistics.xml,3,2,5,7,1,3,2024-10-06,2025-02-04,444,2.3333333333333335,1.0,0,0.0,0.5714285714285714
AnkiDroid/src/main/res/values-km/09-backup.xml,3,4,3,7,1,3,2025-02-25,2026-04-06,18,2.3333333333333335,1.0,0,0.0,0.5714285714285714
AnkiDroid/src/main/res/values-ko/06-statistics.xml,3,2,5,7,1,3,2024-10-06,2025-01-05,474,2.3333333333333335,1.0,0,0.0,0.5714285714285714
AnkiDroid/src/main/res/values-lt/06-statistics.xml,3,2,5,7,1,3,2024-10-06,2025-05-29,330,2.3333333333333335,1.0,0,0.0,0.5714285714285714
AnkiDroid/src/main/res/values-lv/06-statistics.xml,3,2,5,7,1,3,2024-10-06,2025-04-19,370,2.3333333333333335,1.0,0,0.0,0.5714285714285714
AnkiDroid/src/main/res/values-nl/06-statistics.xml,3,2,5,7,1,3,2024-10-06,2026-01-28,86,2.3333333333333335,1.0,0,0.0,0.5714285714285714
AnkiDroid/src/main/res/values-no/06-statistics.xml,3,2,5,7,1,3,2024-10-06,2025-08-10,257,2.3333333333333335,1.0,0,0.0,0.5714285714285714
AnkiDroid/src/main/res/values-pl/06-statistics.xml,3,2,5,7,1,3,2024-10-06,2025-04-02,387,2.3333333333333335,1.0,0,0.0,0.5714285714285714
AnkiDroid/src/main/res/values-pt-rBR/06-statistics.xml,3,2,5,7,1,3,2024-10-06,2025-01-05,474,2.3333333333333335,1.0,0,0.0,0.5714285714285714
AnkiDroid/src/main/res/values-sat/09-backup.xml,3,4,3,7,1,3,2024-12-02,2026-04-06,18,2.3333333333333335,1.0,0,0.0,0.5714285714285714
libanki/src/main/java/com/ichi2/anki/libanki/utils/PythonExtensions.kt,3,6,1,7,2,3,2025-07-06,2026-02-08,75,2.3333333333333335,0.6666666666666666,0,0.0,0.7142857142857143
AnkiDroid/src/main/java/com/ichi2/anki/WhiteboardMultiTouchMethods.kt,2,5,2,7,1,1,2024-12-09,2024-12-09,501,3.5,1.0,0,0.0,0.7142857142857143
AnkiDroid/src/main/java/com/ichi2/anki/reviewer/ActionButtons.kt,2,5,2,7,1,1,2024-12-09,2024-12-09,501,3.5,1.0,0,0.0,0.7142857142857143
AnkiDroid/src/main/java/com/ichi2/libanki/Deck.kt,2,1,6,7,2,2,2024-07-13,2025-06-18,310,3.5,0.5,1,0.5,0.7142857142857143
AnkiDroid/src/main/java/com/ichi2/utils/AssetHelper.kt,2,6,1,7,2,2,2024-06-03,2025-03-14,406,3.5,0.5,0,0.0,0.7142857142857143
AnkiDroid/src/main/res/drawable/ic_ease_easy.xml,2,6,1,7,1,2,2025-07-01,2025-12-29,116,3.5,1.0,0,0.0,0.7142857142857143
AnkiDroid/src/main/res/layout/dialog_generic_text_input.xml,2,5,2,7,2,2,2024-07-12,2024-12-26,484,3.5,0.5,1,0.5,0.5714285714285714
AnkiDroid/src/main/res/layout/gesture_picker.xml,2,4,3,7,2,2,2024-10-02,2025-07-09,289,3.5,0.5,1,0.5,0.7142857142857143
AnkiDroid/src/main/res/values-te/09-backup.xml,2,4,3,7,1,2,2024-05-01,2026-04-06,18,3.5,1.0,0,0.0,0.8571428571428571
AnkiDroid/src/main/res/values/06-statistics.xml,2,1,6,7,2,2,2024-07-21,2024-08-16,616,3.5,0.5,0,0.0,0.8571428571428571
AnkiDroid/src/test/java/com/ichi2/anki/utils/OnlyOnceTest.kt,2,3,4,7,2,2,2024-07-15,2024-08-14,618,3.5,0.5,0,0.0,0.7142857142857143
AnkiDroid/src/main/res/drawable/browser_divider.xml,1,7,0,7,1,1,2025-01-07,2025-01-07,472,7.0,1.0,1,1.0,1.0
AnkiDroid/src/main/res/drawable/ic_double_arrow_down.xml,1,7,0,7,1,1,2024-12-10,2024-12-10,500,7.0,1.0,0,0.0,1.0
AnkiDroid/src/main/res/drawable/ic_double_arrow_up.xml,1,7,0,7,1,1,2024-12-10,2024-12-10,500,7.0,1.0,0,0.0,1.0
SECURITY.md,1,7,0,7,1,1,2025-03-25,2025-03-25,395,7.0,1.0,0,0.0,1.0
libanki/src/test/java/com/ichi2/anki/libanki/ConfigTest.kt,1,2,5,7,1,1,2025-07-07,2025-07-07,291,7.0,1.0,0,0.0,1.0
libanki/src/test/java/com/ichi2/anki/libanki/MathJaxClozeTest.kt,1,2,5,7,1,1,2025-07-07,2025-07-07,291,7.0,1.0,0,0.0,1.0
libanki/src/test/java/com/ichi2/anki/libanki/MetaTest.kt,1,2,5,7,1,1,2025-07-07,2025-07-07,291,7.0,1.0,0,0.0,1.0
libanki/src/test/java/com/ichi2/anki/libanki/TagsTest.kt,1,2,5,7,1,1,2025-07-07,2025-07-07,291,7.0,1.0,0,0.0,1.0
lint-rules/src/main/java/com/ichi2/anki/lint/rules/DirectSnackbarMakeUsage.kt,1,6,1,7,1,1,2024-07-15,2024-07-15,648,7.0,1.0,0,0.0,1.0
lint-rules/src/main/java/com/ichi2/anki/lint/rules/DirectToastMakeTextUsage.kt,1,6,1,7,1,1,2024-07-15,2024-07-15,648,7.0,1.0,0,0.0,1.0
AnkiDroid/src/main/res/values-uk/04-network.xml,4,3,3,6,1,4,2024-06-09,2026-03-30,25,1.5,1.0,0,0.0,0.3333333333333333
AnkiDroid/src/main/res/values/04-network.xml,4,3,3,6,4,4,2024-06-07,2026-03-26,29,1.5,0.25,1,0.25,0.3333333333333333
AnkiDroid/src/test/java/com/ichi2/anki/libanki/CollectionTest.kt,4,3,3,6,1,3,2025-07-05,2025-07-20,278,1.5,1.0,0,0.0,0.3333333333333333
AnkiDroid/src/test/java/com/ichi2/anki/libanki/FlagTest.kt,4,3,3,6,1,3,2025-07-05,2025-07-21,277,1.5,1.0,0,0.0,0.3333333333333333
AnkiDroid/src/main/java/com/ichi2/compat/PackageManagerCompat.kt,3,4,2,6,2,3,2024-09-25,2024-12-09,501,2.0,0.6666666666666666,2,0.6666666666666666,0.6666666666666666
AnkiDroid/src/main/res/layout/activity_shared_decks.xml,3,3,3,6,3,3,2025-02-25,2025-09-10,226,2.0,0.3333333333333333,1,0.3333333333333333,0.3333333333333333
AnkiDroid/src/main/res/values-el/05-feedback.xml,3,3,3,6,1,3,2024-10-23,2025-06-24,304,2.0,1.0,0,0.0,0.3333333333333333
AnkiDroid/src/main/assets/scripts/ankidroid-cardviewer.js,2,6,0,6,1,1,2025-12-14,2025-12-14,131,3.0,1.0,1,0.5,0.5
AnkiDroid/src/main/java/com/ichi2/anki/libanki/LaTeX.kt,2,3,3,6,1,1,2025-07-05,2025-07-05,293,3.0,1.0,0,0.0,1.0
AnkiDroid/src/main/java/com/ichi2/anki/libanki/Sound.kt,2,3,3,6,1,1,2025-07-05,2025-07-05,293,3.0,1.0,0,0.0,1.0
AnkiDroid/src/main/java/com/ichi2/anki/libanki/Tags.kt,2,3,3,6,1,1,2025-07-05,2025-07-05,293,3.0,1.0,0,0.0,1.0
AnkiDroid/src/main/java/com/ichi2/anki/libanki/sched/DummyScheduler.kt,2,3,3,6,1,1,2025-07-05,2025-07-05,293,3.0,1.0,0,0.0,1.0
AnkiDroid/src/main/java/com/ichi2/libanki/utils/LibAnkiAlias.kt,2,4,2,6,1,2,2024-12-09,2025-01-04,475,3.0,1.0,1,0.5,0.6666666666666666
AnkiDroid/src/main/res/values-ar/20-search-preference.xml,2,3,3,6,1,2,2025-07-05,2025-07-12,286,3.0,1.0,0,0.0,0.6666666666666666
AnkiDroid/src/main/res/values-bn/05-feedback.xml,2,3,3,6,1,2,2024-04-27,2024-10-23,548,3.0,1.0,0,0.0,0.6666666666666666
AnkiDroid/src/main/res/values-fi/05-feedback.xml,2,3,3,6,1,2,2024-04-27,2024-10-23,548,3.0,1.0,0,0.0,0.6666666666666666
AnkiDroid/src/main/res/values-kn/05-feedback.xml,2,3,3,6,1,2,2024-04-27,2024-05-27,697,3.0,1.0,0,0.0,0.6666666666666666
AnkiDroid/src/main/res/values-ko/05-feedback.xml,2,3,3,6,1,2,2024-10-14,2025-03-02,418,3.0,1.0,0,0.0,0.6666666666666666
AnkiDroid/src/main/res/values-ko/20-search-preference.xml,2,3,3,6,1,2,2025-01-05,2025-03-02,418,3.0,1.0,0,0.0,0.6666666666666666
AnkiDroid/src/main/res/values-pt-rPT/06-statistics.xml,2,1,5,6,1,2,2024-10-20,2025-01-05,474,3.0,1.0,0,0.0,0.6666666666666666
AnkiDroid/src/main/res/values-ru/06-statistics.xml,2,1,5,6,1,2,2025-01-02,2025-01-05,474,3.0,1.0,0,0.0,0.6666666666666666
AnkiDroid/src/main/res/values-sat/06-statistics.xml,2,1,5,6,1,2,2024-12-02,2025-01-05,474,3.0,1.0,0,0.0,0.6666666666666666
AnkiDroid/src/main/res/values-sc/06-statistics.xml,2,1,5,6,1,2,2024-10-20,2025-01-05,474,3.0,1.0,0,0.0,0.6666666666666666
AnkiDroid/src/main/res/values-sv/06-statistics.xml,2,1,5,6,1,2,2025-01-05,2025-01-21,458,3.0,1.0,0,0.0,0.6666666666666666
AnkiDroid/src/main/res/values-te/05-feedback.xml,2,3,3,6,1,2,2024-05-01,2024-05-19,705,3.0,1.0,0,0.0,0.6666666666666666
AnkiDroid/src/main/res/values-te/06-statistics.xml,2,1,5,6,1,2,2024-10-14,2025-01-05,474,3.0,1.0,0,0.0,0.6666666666666666
AnkiDroid/src/main/res/values-tr/05-feedback.xml,2,3,3,6,1,2,2024-04-27,2025-01-05,474,3.0,1.0,0,0.0,0.6666666666666666
AnkiDroid/src/main/res/values-tr/06-statistics.xml,2,1,5,6,1,2,2024-10-11,2025-01-05,474,3.0,1.0,0,0.0,0.6666666666666666
AnkiDroid/src/main/res/values-uk/06-statistics.xml,2,1,5,6,1,2,2024-10-11,2025-01-05,474,3.0,1.0,0,0.0,0.6666666666666666
AnkiDroid/src/main/res/values-uz/06-statistics.xml,2,1,5,6,1,2,2025-01-05,2025-06-24,304,3.0,1.0,0,0.0,0.6666666666666666
AnkiDroid/src/main/res/values-vi/06-statistics.xml,2,1,5,6,1,2,2024-12-02,2025-01-05,474,3.0,1.0,0,0.0,0.6666666666666666
AnkiDroid/src/main/res/values-zh-rCN/06-statistics.xml,2,1,5,6,1,2,2024-10-11,2025-01-05,474,3.0,1.0,0,0.0,0.6666666666666666
AnkiDroid/src/main/res/values-zh-rTW/06-statistics.xml,2,1,5,6,1,2,2025-01-05,2025-08-22,245,3.0,1.0,0,0.0,0.6666666666666666
AnkiDroid/src/test/java/com/ichi2/anki/previewer/PreviewerFragmentTest.kt,2,3,3,6,2,2,2025-01-03,2025-05-04,355,3.0,0.5,0,0.0,0.6666666666666666
AnkiDroid/src/test/java/com/ichi2/anki/reviewer/ActionButtonStatusTest.kt,2,3,3,6,2,2,2024-07-15,2025-03-31,389,3.0,0.5,0,0.0,0.6666666666666666
AnkiDroid/src/test/java/com/ichi2/compat/CompatHasFilesTest.kt,2,4,2,6,2,2,2024-07-15,2026-03-22,33,3.0,0.5,0,0.0,0.6666666666666666
AnkiDroid/src/test/java/com/ichi2/libanki/StorageRustTest.kt,2,3,3,6,1,2,2025-03-13,2025-04-26,363,3.0,1.0,0,0.0,0.6666666666666666
AnkiDroid/src/test/java/com/ichi2/testutils/FileUtil.kt,2,2,4,6,2,2,2024-07-15,2024-08-27,605,3.0,0.5,0,0.0,0.5
AnkiDroid/src/test/java/com/ichi2/testutils/MockTime.kt,2,4,2,6,2,2,2024-07-15,2025-05-10,349,3.0,0.5,0,0.0,0.6666666666666666
common/src/main/java/com/ichi2/anki/common/time/SystemTime.kt,2,3,3,6,2,2,2025-05-10,2026-03-23,32,3.0,0.5,0,0.0,0.6666666666666666
docs/marketing/localized_description/marketdescription-af.txt,2,3,3,6,1,2,2025-05-10,2025-06-30,298,3.0,1.0,0,0.0,0.6666666666666666
docs/marketing/localized_description/marketdescription-az.txt,2,3,3,6,1,2,2025-05-10,2025-06-30,298,3.0,1.0,0,0.0,0.6666666666666666
docs/marketing/localized_description/marketdescription-bg.txt,2,3,3,6,1,2,2025-05-10,2025-06-30,298,3.0,1.0,0,0.0,0.6666666666666666
docs/marketing/localized_description/marketdescription-bn.txt,2,3,3,6,1,2,2025-05-10,2025-06-30,298,3.0,1.0,0,0.0,0.6666666666666666
docs/marketing/localized_description/marketdescription-ca.txt,2,3,3,6,1,2,2025-05-10,2025-06-30,298,3.0,1.0,0,0.0,0.6666666666666666
docs/marketing/localized_description/marketdescription-ckb.txt,2,3,3,6,1,2,2025-05-10,2025-06-30,298,3.0,1.0,0,0.0,0.6666666666666666
docs/marketing/localized_description/marketdescription-eu.txt,2,3,3,6,1,2,2025-05-10,2025-06-30,298,3.0,1.0,0,0.0,0.6666666666666666
docs/marketing/localized_description/marketdescription-fil.txt,2,3,3,6,1,2,2025-05-10,2025-06-30,298,3.0,1.0,0,0.0,0.6666666666666666
docs/marketing/localized_description/marketdescription-fy-NL.txt,2,3,3,6,1,2,2025-05-10,2025-06-30,298,3.0,1.0,0,0.0,0.6666666666666666
docs/marketing/localized_description/marketdescription-ga-IE.txt,2,3,3,6,1,2,2025-05-10,2025-06-30,298,3.0,1.0,0,0.0,0.6666666666666666
docs/marketing/localized_description/marketdescription-gu-IN.txt,2,3,3,6,1,2,2025-05-10,2025-06-30,298,3.0,1.0,0,0.0,0.6666666666666666
docs/marketing/localized_description/marketdescription-hi.txt,2,3,3,6,1,2,2025-05-10,2025-06-30,298,3.0,1.0,0,0.0,0.6666666666666666
docs/marketing/localized_description/marketdescription-hu.txt,2,3,3,6,1,2,2025-05-10,2025-06-30,298,3.0,1.0,0,0.0,0.6666666666666666
docs/marketing/localized_description/marketdescription-id.txt,2,3,3,6,1,2,2025-05-10,2025-06-30,298,3.0,1.0,0,0.0,0.6666666666666666
docs/marketing/localized_description/marketdescription-is.txt,2,3,3,6,1,2,2025-05-10,2025-06-30,298,3.0,1.0,0,0.0,0.6666666666666666
docs/marketing/localized_description/marketdescription-jv.txt,2,3,3,6,1,2,2025-05-10,2025-06-30,298,3.0,1.0,0,0.0,0.6666666666666666
docs/marketing/localized_description/marketdescription-ka.txt,2,3,3,6,1,2,2025-05-10,2025-06-30,298,3.0,1.0,0,0.0,0.6666666666666666
docs/marketing/localized_description/marketdescription-kk.txt,2,3,3,6,1,2,2025-05-10,2025-06-30,298,3.0,1.0,0,0.0,0.6666666666666666
docs/marketing/localized_description/marketdescription-km.txt,2,3,3,6,1,2,2025-05-10,2025-06-30,298,3.0,1.0,0,0.0,0.6666666666666666
docs/marketing/localized_description/marketdescription-kn.txt,2,3,3,6,1,2,2025-05-10,2025-06-30,298,3.0,1.0,0,0.0,0.6666666666666666
docs/marketing/localized_description/marketdescription-ku.txt,2,3,3,6,1,2,2025-05-10,2025-06-30,298,3.0,1.0,0,0.0,0.6666666666666666
docs/marketing/localized_description/marketdescription-ky.txt,2,3,3,6,1,2,2025-05-10,2025-06-30,298,3.0,1.0,0,0.0,0.6666666666666666
docs/marketing/localized_description/marketdescription-mk.txt,2,3,3,6,1,2,2025-05-10,2025-06-30,298,3.0,1.0,0,0.0,0.6666666666666666
docs/marketing/localized_description/marketdescription-ml-IN.txt,2,3,3,6,1,2,2025-05-10,2025-06-30,298,3.0,1.0,0,0.0,0.6666666666666666
docs/marketing/localized_description/marketdescription-mn.txt,2,3,3,6,1,2,2025-05-10,2025-06-30,298,3.0,1.0,0,0.0,0.6666666666666666
docs/marketing/localized_description/marketdescription-mr.txt,2,3,3,6,1,2,2025-05-10,2025-06-30,298,3.0,1.0,0,0.0,0.6666666666666666
docs/marketing/localized_description/marketdescription-ms.txt,2,3,3,6,1,2,2025-05-10,2025-06-30,298,3.0,1.0,0,0.0,0.6666666666666666
docs/marketing/localized_description/marketdescription-my.txt,2,3,3,6,1,2,2025-05-10,2025-06-30,298,3.0,1.0,0,0.0,0.6666666666666666
docs/marketing/localized_description/marketdescription-nn-NO.txt,2,3,3,6,1,2,2025-05-10,2025-06-30,298,3.0,1.0,0,0.0,0.6666666666666666
docs/marketing/localized_description/marketdescription-no.txt,2,3,3,6,1,2,2025-05-10,2025-06-30,298,3.0,1.0,0,0.0,0.6666666666666666
docs/marketing/localized_description/marketdescription-pa-IN.txt,2,3,3,6,1,2,2025-05-10,2025-06-30,298,3.0,1.0,0,0.0,0.6666666666666666
docs/marketing/localized_description/marketdescription-sat.txt,2,3,3,6,1,2,2025-05-10,2025-06-30,298,3.0,1.0,0,0.0,0.6666666666666666
docs/marketing/localized_description/marketdescription-sc.txt,2,3,3,6,1,2,2025-05-10,2025-06-30,298,3.0,1.0,0,0.0,0.6666666666666666
docs/marketing/localized_description/marketdescription-sk.txt,2,3,3,6,1,2,2025-05-10,2025-06-30,298,3.0,1.0,0,0.0,0.6666666666666666
docs/marketing/localized_description/marketdescription-sl.txt,2,3,3,6,1,2,2025-05-10,2025-06-30,298,3.0,1.0,0,0.0,0.6666666666666666
docs/marketing/localized_description/marketdescription-sq.txt,2,3,3,6,1,2,2025-05-10,2025-06-30,298,3.0,1.0,0,0.0,0.6666666666666666
docs/marketing/localized_description/marketdescription-sr.txt,2,3,3,6,1,2,2025-05-10,2025-06-30,298,3.0,1.0,0,0.0,0.6666666666666666
docs/marketing/localized_description/marketdescription-ss.txt,2,3,3,6,1,2,2025-05-10,2025-06-30,298,3.0,1.0,0,0.0,0.6666666666666666
docs/marketing/localized_description/marketdescription-sv-SE.txt,2,3,3,6,1,2,2025-05-10,2025-06-30,298,3.0,1.0,0,0.0,0.6666666666666666
docs/marketing/localized_description/marketdescription-sw.txt,2,3,3,6,1,2,2025-05-10,2025-06-30,298,3.0,1.0,0,0.0,0.6666666666666666
docs/marketing/localized_description/marketdescription-ta.txt,2,3,3,6,1,2,2025-05-10,2025-06-30,298,3.0,1.0,0,0.0,0.6666666666666666
docs/marketing/localized_description/marketdescription-te.txt,2,3,3,6,1,2,2025-05-10,2025-06-30,298,3.0,1.0,0,0.0,0.6666666666666666
docs/marketing/localized_description/marketdescription-tg.txt,2,3,3,6,1,2,2025-05-10,2025-06-30,298,3.0,1.0,0,0.0,0.6666666666666666
docs/marketing/localized_description/marketdescription-th.txt,2,3,3,6,1,2,2025-05-10,2025-06-30,298,3.0,1.0,0,0.0,0.6666666666666666
docs/marketing/localized_description/marketdescription-ti.txt,2,3,3,6,1,2,2025-05-10,2025-06-30,298,3.0,1.0,0,0.0,0.6666666666666666
docs/marketing/localized_description/marketdescription-tl.txt,2,3,3,6,1,2,2025-05-10,2025-06-30,298,3.0,1.0,0,0.0,0.6666666666666666
docs/marketing/localized_description/marketdescription-tn.txt,2,3,3,6,1,2,2025-05-10,2025-06-30,298,3.0,1.0,0,0.0,0.6666666666666666
docs/marketing/localized_description/marketdescription-ts.txt,2,3,3,6,1,2,2025-05-10,2025-06-30,298,3.0,1.0,0,0.0,0.6666666666666666
docs/marketing/localized_description/marketdescription-tt-RU.txt,2,3,3,6,1,2,2025-05-10,2025-06-30,298,3.0,1.0,0,0.0,0.6666666666666666
docs/marketing/localized_description/marketdescription-ve.txt,2,3,3,6,1,2,2025-05-10,2025-06-30,298,3.0,1.0,0,0.0,0.6666666666666666
docs/marketing/localized_description/marketdescription-wo.txt,2,3,3,6,1,2,2025-05-10,2025-06-30,298,3.0,1.0,0,0.0,0.6666666666666666
docs/marketing/localized_description/marketdescription-xh.txt,2,3,3,6,1,2,2025-05-10,2025-06-30,298,3.0,1.0,0,0.0,0.6666666666666666
docs/marketing/localized_description/marketdescription-yu.txt,2,3,3,6,1,2,2025-05-10,2025-06-30,298,3.0,1.0,0,0.0,0.6666666666666666
docs/marketing/localized_description/marketdescription-zh-TW.txt,2,3,3,6,1,2,2025-05-10,2025-06-30,298,3.0,1.0,0,0.0,0.6666666666666666
docs/marketing/localized_description/marketdescription-zu.txt,2,3,3,6,1,2,2025-05-10,2025-06-30,298,3.0,1.0,0,0.0,0.6666666666666666
docs/marketing/localized_description/marketdescription.txt,2,3,3,6,2,2,2025-05-09,2025-06-28,300,3.0,0.5,0,0.0,0.6666666666666666
libanki/src/main/java/com/ichi2/anki/libanki/Config.kt,2,3,3,6,1,2,2025-07-06,2026-01-26,88,3.0,1.0,0,0.0,1.0
libanki/src/main/java/com/ichi2/anki/libanki/MyClass.kt,2,3,3,6,1,1,2025-06-18,2025-06-18,310,3.0,1.0,0,0.0,0.5
libanki/src/main/java/com/ichi2/anki/libanki/exception/EmptyMediaException.kt,2,5,1,6,1,2,2025-07-06,2025-11-23,152,3.0,1.0,0,0.0,1.0
testlib/src/main/java/com/ichi2/testutils/common/AnkiAssert.kt,2,2,4,6,2,2,2024-06-24,2025-01-03,476,3.0,0.5,0,0.0,0.6666666666666666
AnkiDroid/src/main/java/com/ichi2/anki/workarounds/FullDraggableContainerFix.kt,1,4,2,6,1,1,2024-12-09,2024-12-09,501,6.0,1.0,1,1.0,1.0
AnkiDroid/src/main/java/com/ichi2/preferences/VersatileTextWithASwitchPreference.kt,1,3,3,6,1,1,2026-04-06,2026-04-06,18,6.0,1.0,0,0.0,1.0
AnkiDroid/src/main/java/com/ichi2/utils/TagsUtil.kt,1,3,3,6,1,1,2024-10-20,2024-10-20,551,6.0,1.0,0,0.0,1.0
AnkiDroid/src/main/res/anim/answer_feedback_fade_in.xml,1,6,0,6,1,1,2025-12-18,2025-12-18,127,6.0,1.0,0,0.0,1.0
AnkiDroid/src/main/res/anim/answer_feedback_fade_out.xml,1,6,0,6,1,1,2025-12-18,2025-12-18,127,6.0,1.0,0,0.0,1.0
AnkiDroid/src/main/res/drawable/bg_troubleshooting_item_single.xml,1,6,0,6,1,1,2026-03-28,2026-03-28,27,6.0,1.0,0,0.0,1.0
AnkiDroid/src/main/res/drawable/color_picker_circle_indicator.xml,1,6,0,6,1,1,2026-03-26,2026-03-26,29,6.0,1.0,1,1.0,1.0
AnkiDroid/src/main/res/drawable/ic_bar_chart_black.xml,1,4,2,6,1,1,2025-09-06,2025-09-06,230,6.0,1.0,0,0.0,1.0
AnkiDroid/src/main/res/drawable/ic_format_color_text_white.xml,1,0,6,6,1,1,2024-08-01,2024-08-01,631,6.0,1.0,0,0.0,1.0
AnkiDroid/src/main/res/drawable/ic_migrate.xml,1,0,6,6,1,1,2024-08-27,2024-08-27,605,6.0,1.0,0,0.0,1.0
AnkiDroid/src/main/res/drawable/vertical_spacer_8dp.xml,1,6,0,6,1,1,2025-11-08,2025-11-08,167,6.0,1.0,1,1.0,1.0
AnkiDroid/src/main/res/layout/widget_add_note_drawable_v31.xml,1,6,0,6,1,1,2025-03-09,2025-03-09,411,6.0,1.0,0,0.0,1.0
AnkiDroid/src/test/java/com/ichi2/anki/reviewer/BindingMapTest.kt,1,3,3,6,1,1,2025-04-05,2025-04-05,384,6.0,1.0,0,0.0,1.0
AnkiDroid/src/test/java/com/ichi2/anki/servicemodel/UpgradeGesturesToControlsTestNoParam.kt,1,3,3,6,1,1,2024-10-20,2024-10-20,551,6.0,1.0,0,0.0,1.0
api/src/test/java/com/ichi2/anki/api/ApiUtilsTest.kt,1,3,3,6,1,1,2024-10-20,2024-10-20,551,6.0,1.0,0,0.0,1.0
common/src/main/java/com/ichi2/anki/common/utils/ext/Long.kt,1,5,1,6,1,1,2025-06-18,2025-06-18,310,6.0,1.0,0,0.0,1.0
lint-rules/src/main/java/com/ichi2/anki/lint/rules/HardcodedPreferenceKey.kt,1,5,1,6,1,1,2024-07-15,2024-07-15,648,6.0,1.0,0,0.0,1.0
lint-rules/src/main/java/com/ichi2/anki/lint/rules/InvalidStringFormatDetector.kt,1,4,2,6,1,1,2024-07-15,2024-07-15,648,6.0,1.0,0,0.0,1.0
lint-rules/src/main/java/com/ichi2/anki/lint/rules/JUnitNullAssertionDetector.kt,1,5,1,6,1,1,2024-07-15,2024-07-15,648,6.0,1.0,0,0.0,1.0
lint-rules/src/test/java/com/ichi2/anki/lint/rules/DirectToastMakeTextUsageTest.kt,1,3,3,6,1,1,2024-07-15,2024-07-15,648,6.0,1.0,0,0.0,1.0
AnkiDroid/src/main/res/values-af/04-network.xml,4,2,3,5,1,4,2024-06-09,2026-03-30,25,1.25,1.0,0,0.0,0.4
AnkiDroid/src/main/res/values-am/04-network.xml,4,2,3,5,1,4,2024-06-09,2026-03-30,25,1.25,1.0,0,0.0,0.4
AnkiDroid/src/main/res/values-bg/04-network.xml,4,2,3,5,1,4,2024-06-09,2026-03-30,25,1.25,1.0,0,0.0,0.4
AnkiDroid/src/main/res/values-ckb/04-network.xml,4,2,3,5,1,4,2024-06-09,2026-03-30,25,1.25,1.0,0,0.0,0.4
AnkiDroid/src/main/res/values-eu/04-network.xml,4,2,3,5,1,4,2024-06-09,2026-03-30,25,1.25,1.0,0,0.0,0.4
AnkiDroid/src/main/res/values-fy/04-network.xml,4,2,3,5,1,4,2024-06-09,2026-03-30,25,1.25,1.0,0,0.0,0.4
AnkiDroid/src/main/res/values-ga/04-network.xml,4,2,3,5,1,4,2024-06-09,2026-03-30,25,1.25,1.0,0,0.0,0.4
AnkiDroid/src/main/res/values-hy/04-network.xml,4,2,3,5,1,4,2024-04-27,2026-03-30,25,1.25,1.0,0,0.0,0.4
AnkiDroid/src/main/res/values-it/04-network.xml,4,2,3,5,1,4,2024-06-09,2026-04-08,16,1.25,1.0,0,0.0,0.4
AnkiDroid/src/main/res/values-nn/04-network.xml,4,2,3,5,1,4,2024-06-09,2026-03-30,25,1.25,1.0,0,0.0,0.4
AnkiDroid/src/main/res/values-no/04-network.xml,4,2,3,5,1,4,2024-06-09,2026-03-30,25,1.25,1.0,0,0.0,0.4
AnkiDroid/src/main/res/values-pt-rBR/04-network.xml,4,2,3,5,1,4,2024-06-09,2026-03-30,25,1.25,1.0,0,0.0,0.4
AnkiDroid/src/main/res/values-sv/04-network.xml,4,2,3,5,1,4,2024-06-09,2026-03-30,25,1.25,1.0,0,0.0,0.4
AnkiDroid/src/main/res/values-tr/04-network.xml,4,2,3,5,1,4,2024-06-09,2026-03-30,25,1.25,1.0,0,0.0,0.4
AnkiDroid/src/main/java/com/ichi2/ui/CheckBoxTriStates.kt,3,2,3,5,3,3,2024-12-08,2026-02-01,82,1.6666666666666667,0.3333333333333333,1,0.3333333333333333,0.4
AnkiDroid/src/main/res/values-af/09-backup.xml,3,3,2,5,1,3,2024-10-23,2026-04-06,18,1.6666666666666667,1.0,0,0.0,0.4
AnkiDroid/src/main/res/values-am/09-backup.xml,3,3,2,5,1,3,2024-10-23,2026-04-06,18,1.6666666666666667,1.0,0,0.0,0.4
AnkiDroid/src/main/res/values-bg/09-backup.xml,3,3,2,5,1,3,2024-10-23,2026-04-06,18,1.6666666666666667,1.0,0,0.0,0.4
AnkiDroid/src/main/res/values-ckb/09-backup.xml,3,3,2,5,1,3,2024-10-23,2026-04-06,18,1.6666666666666667,1.0,0,0.0,0.4
AnkiDroid/src/main/res/values-eu/09-backup.xml,3,3,2,5,1,3,2024-10-23,2026-04-06,18,1.6666666666666667,1.0,0,0.0,0.4
AnkiDroid/src/main/res/values-fy/09-backup.xml,3,3,2,5,1,3,2024-10-23,2026-04-06,18,1.6666666666666667,1.0,0,0.0,0.4
AnkiDroid/src/main/res/values-ga/09-backup.xml,3,3,2,5,1,3,2024-10-23,2026-04-06,18,1.6666666666666667,1.0,0,0.0,0.4
AnkiDroid/src/main/res/values-hi/09-backup.xml,3,3,2,5,1,3,2024-05-31,2026-04-06,18,1.6666666666666667,1.0,0,0.0,0.4
AnkiDroid/src/main/res/values-nn/09-backup.xml,3,3,2,5,1,3,2024-04-27,2026-04-06,18,1.6666666666666667,1.0,0,0.0,0.4
AnkiDroid/src/main/res/values-no/09-backup.xml,3,3,2,5,1,3,2024-04-27,2026-04-06,18,1.6666666666666667,1.0,0,0.0,0.4
AnkiDroid/src/main/res/values-ru/09-backup.xml,3,3,2,5,1,3,2024-06-27,2026-04-06,18,1.6666666666666667,1.0,0,0.0,0.4
AnkiDroid/src/main/res/values-sw600dp/dimens.xml,3,4,1,5,1,3,2025-02-08,2025-07-03,295,1.6666666666666667,1.0,1,0.3333333333333333,0.6
AnkiDroid/src/main/res/values-vi/09-backup.xml,3,3,2,5,1,3,2024-05-01,2026-04-06,18,1.6666666666666667,1.0,0,0.0,0.4
AnkiDroid/src/main/res/values-zh-rTW/09-backup.xml,3,3,2,5,1,3,2024-04-27,2026-04-06,18,1.6666666666666667,1.0,0,0.0,0.4
AnkiDroid/src/main/res/values/09-backup.xml,3,3,2,5,2,3,2024-10-10,2026-02-25,58,1.6666666666666667,0.6666666666666666,0,0.0,0.4
AnkiDroid/src/test/java/com/ichi2/anki/libanki/FieldTest.kt,3,4,1,5,1,2,2025-07-05,2026-04-14,10,1.6666666666666667,1.0,0,0.0,0.6
AnkiDroid/src/test/java/com/ichi2/anki/libanki/MathJaxClozeTest.kt,3,3,2,5,1,2,2025-07-05,2025-07-07,291,1.6666666666666667,1.0,0,0.0,0.8
AnkiDroid/src/main/java/com/ichi2/preferences/AutoFocusEditTextPreference.kt,2,3,2,5,1,2,2024-05-21,2025-11-22,153,2.5,1.0,0,0.0,0.8
AnkiDroid/src/main/java/com/ichi2/ui/FixedTextView.kt,2,2,3,5,2,2,2023-12-04,2024-12-02,508,2.5,0.5,0,0.0,0.6
AnkiDroid/src/main/res/drawable/ic_ease_again.xml,2,4,1,5,1,2,2025-07-01,2025-12-29,116,2.5,1.0,0,0.0,0.6
AnkiDroid/src/main/res/drawable/ic_ease_good.xml,2,4,1,5,1,2,2025-07-01,2025-12-29,116,2.5,1.0,0,0.0,0.6
AnkiDroid/src/main/res/layout/activity_audio_recording.xml,2,3,2,5,2,2,2024-05-02,2024-08-03,629,2.5,0.5,0,0.0,0.8
AnkiDroid/src/main/res/layout/studyoptions.xml,2,4,1,5,2,2,2024-10-26,2026-03-22,33,2.5,0.5,1,0.5,0.6
AnkiDroid/src/main/res/layout/view_gesture_picker.xml,2,3,2,5,2,2,2025-09-12,2026-01-30,84,2.5,0.5,0,0.0,0.8
AnkiDroid/src/main/res/values-af/06-statistics.xml,2,1,4,5,1,2,2024-10-06,2025-01-05,474,2.5,1.0,0,0.0,0.8
AnkiDroid/src/main/res/values-am/06-statistics.xml,2,1,4,5,1,2,2024-10-06,2025-01-05,474,2.5,1.0,0,0.0,0.8
AnkiDroid/src/main/res/values-az/06-statistics.xml,2,1,4,5,1,2,2024-10-06,2025-01-05,474,2.5,1.0,0,0.0,0.8
AnkiDroid/src/main/res/values-bg/06-statistics.xml,2,1,4,5,1,2,2024-10-06,2025-01-05,474,2.5,1.0,0,0.0,0.8
AnkiDroid/src/main/res/values-ckb/06-statistics.xml,2,1,4,5,1,2,2024-10-06,2025-01-05,474,2.5,1.0,0,0.0,0.8
AnkiDroid/src/main/res/values-eu/06-statistics.xml,2,1,4,5,1,2,2024-10-06,2025-01-05,474,2.5,1.0,0,0.0,0.8
AnkiDroid/src/main/res/values-fil/06-statistics.xml,2,1,4,5,1,2,2024-10-06,2025-01-05,474,2.5,1.0,0,0.0,0.8
AnkiDroid/src/main/res/values-fy/06-statistics.xml,2,1,4,5,1,2,2024-10-06,2025-01-05,474,2.5,1.0,0,0.0,0.8
AnkiDroid/src/main/res/values-ga/06-statistics.xml,2,1,4,5,1,2,2024-10-06,2025-01-05,474,2.5,1.0,0,0.0,0.8
AnkiDroid/src/main/res/values-kk/06-statistics.xml,2,1,4,5,1,2,2024-10-06,2025-01-05,474,2.5,1.0,0,0.0,0.8
AnkiDroid/src/main/res/values-km/06-statistics.xml,2,1,4,5,1,2,2024-10-06,2025-01-05,474,2.5,1.0,0,0.0,0.8
AnkiDroid/src/main/res/values-ku/06-statistics.xml,2,1,4,5,1,2,2024-10-06,2025-01-05,474,2.5,1.0,0,0.0,0.8
AnkiDroid/src/main/res/values-ky/06-statistics.xml,2,1,4,5,1,2,2024-10-06,2025-01-05,474,2.5,1.0,0,0.0,0.8
AnkiDroid/src/main/res/values-mk/06-statistics.xml,2,1,4,5,1,2,2024-10-06,2025-01-05,474,2.5,1.0,0,0.0,0.8
AnkiDroid/src/main/res/values-mn/06-statistics.xml,2,1,4,5,1,2,2024-10-06,2025-01-05,474,2.5,1.0,0,0.0,0.8
AnkiDroid/src/main/res/values-mr/06-statistics.xml,2,1,4,5,1,2,2024-10-06,2025-01-05,474,2.5,1.0,0,0.0,0.8
AnkiDroid/src/main/res/values-ms/06-statistics.xml,2,1,4,5,1,2,2024-10-06,2025-01-05,474,2.5,1.0,0,0.0,0.8
AnkiDroid/src/main/res/values-my/06-statistics.xml,2,1,4,5,1,2,2024-10-06,2025-01-05,474,2.5,1.0,0,0.0,0.8
AnkiDroid/src/main/res/values-or/06-statistics.xml,2,1,4,5,1,2,2024-10-06,2025-01-05,474,2.5,1.0,0,0.0,0.8
AnkiDroid/src/test/java/com/ichi2/anki/model/DirectoryTest.kt,2,4,1,5,2,2,2024-07-15,2026-03-22,33,2.5,0.5,0,0.0,0.8
AnkiDroid/src/test/java/com/ichi2/testutils/BackendEmulatingOpenConflictTest.kt,2,2,3,5,2,2,2024-07-15,2025-12-13,132,2.5,0.5,1,0.5,0.6
AnkiDroid/src/amazon/AndroidManifest.xml,1,0,5,5,1,1,2024-10-31,2024-10-31,540,5.0,1.0,0,0.0,1.0
AnkiDroid/src/main/aidl/android/content/pm/IPackageStatsObserver.aidl,1,5,0,5,1,1,2024-08-19,2024-08-19,613,5.0,1.0,0,0.0,1.0
AnkiDroid/src/main/java/com/ichi2/anki/utils/ext/CoroutineWorker.kt,1,2,3,5,1,1,2024-12-09,2024-12-09,501,5.0,1.0,1,1.0,1.0
AnkiDroid/src/main/res/color/selector_tool_background.xml,1,5,0,5,1,1,2025-09-05,2025-09-05,231,5.0,1.0,0,0.0,1.0
AnkiDroid/src/main/res/drawable-v31/circle_background.xml,1,5,0,5,1,1,2025-01-27,2025-01-27,452,5.0,1.0,0,0.0,1.0
AnkiDroid/src/main/res/drawable/bg_troubleshooting_icon.xml,1,5,0,5,1,1,2026-03-28,2026-03-28,27,5.0,1.0,0,0.0,1.0
AnkiDroid/src/main/res/drawable/hand_icon.xml,1,0,5,5,1,1,2024-08-24,2024-08-24,608,5.0,1.0,0,0.0,1.0
AnkiDroid/src/main/res/drawable/ic_arrow_back_white.xml,1,0,5,5,1,1,2024-10-25,2024-10-25,546,5.0,1.0,0,0.0,1.0
AnkiDroid/src/main/res/drawable/ic_baseline_arrow_back_24.xml,1,5,0,5,1,1,2024-05-21,2024-05-21,703,5.0,1.0,0,0.0,1.0
AnkiDroid/src/main/res/drawable/ic_card_state_buried.xml,1,5,0,5,1,1,2026-03-12,2026-03-12,43,5.0,1.0,0,0.0,1.0
AnkiDroid/src/main/res/drawable/ic_card_state_learning.xml,1,5,0,5,1,1,2026-03-12,2026-03-12,43,5.0,1.0,0,0.0,1.0
AnkiDroid/src/main/res/drawable/ic_card_state_new.xml,1,5,0,5,1,1,2026-03-12,2026-03-12,43,5.0,1.0,0,0.0,1.0
AnkiDroid/src/main/res/drawable/ic_card_state_review.xml,1,5,0,5,1,1,2026-03-12,2026-03-12,43,5.0,1.0,0,0.0,1.0
AnkiDroid/src/main/res/drawable/ic_card_state_suspended.xml,1,5,0,5,1,1,2026-03-12,2026-03-12,43,5.0,1.0,0,0.0,1.0
AnkiDroid/src/main/res/drawable/ic_drag_indicator_24.xml,1,5,0,5,1,1,2024-12-13,2024-12-13,497,5.0,1.0,0,0.0,1.0
AnkiDroid/src/main/res/drawable/ic_error_outline.xml,1,5,0,5,1,1,2026-03-28,2026-03-28,27,5.0,1.0,0,0.0,1.0
AnkiDroid/src/main/res/drawable/ic_image_white.xml,1,0,5,5,1,1,2024-08-01,2024-08-01,631,5.0,1.0,0,0.0,1.0
AnkiDroid/src/main/res/drawable/ic_keyboard.xml,1,5,0,5,1,1,2025-02-09,2025-02-09,439,5.0,1.0,0,0.0,1.0
AnkiDroid/src/main/res/drawable/ic_label_outline.xml,1,5,0,5,1,1,2026-03-12,2026-03-12,43,5.0,1.0,0,0.0,1.0
AnkiDroid/src/main/res/drawable/ic_lightbulb_stars.xml,1,5,0,5,1,1,2024-12-10,2024-12-10,500,5.0,1.0,0,0.0,1.0
AnkiDroid/src/main/res/drawable/ic_mark.xml,1,5,0,5,1,1,2025-07-03,2025-07-03,295,5.0,1.0,1,1.0,1.0
AnkiDroid/src/main/res/drawable/ic_mic_white.xml,1,0,5,5,1,1,2024-08-01,2024-08-01,631,5.0,1.0,0,0.0,1.0
AnkiDroid/src/main/res/drawable/ic_outline_troubleshoot.xml,1,5,0,5,1,1,2026-03-28,2026-03-28,27,5.0,1.0,0,0.0,1.0
AnkiDroid/src/main/res/drawable/ic_remove_circle_grey.xml,1,0,5,5,1,1,2025-08-12,2025-08-12,255,5.0,1.0,0,0.0,1.0
AnkiDroid/src/main/res/drawable/ic_remove_outline.xml,1,5,0,5,1,1,2025-02-05,2025-02-05,443,5.0,1.0,0,0.0,1.0
AnkiDroid/src/main/res/drawable/ic_round_favorite_24.xml,1,5,0,5,1,1,2024-09-01,2024-09-01,600,5.0,1.0,0,0.0,1.0
AnkiDroid/src/main/res/drawable/ic_round_favorite_outline.xml,1,5,0,5,1,1,2026-01-19,2026-01-19,95,5.0,1.0,0,0.0,1.0
AnkiDroid/src/main/res/drawable/ic_sort_24.xml,1,5,0,5,1,1,2026-01-26,2026-01-26,88,5.0,1.0,0,0.0,1.0
AnkiDroid/src/main/res/drawable/ic_videogame.xml,1,5,0,5,1,1,2025-02-05,2025-02-05,443,5.0,1.0,0,0.0,1.0
AnkiDroid/src/main/res/drawable/ic_widgets.xml,1,5,0,5,1,1,2025-06-15,2025-06-15,313,5.0,1.0,0,0.0,1.0
AnkiDroid/src/main/res/drawable/note_types_selection_background.xml,1,5,0,5,1,1,2025-11-13,2025-11-13,162,5.0,1.0,0,0.0,1.0
AnkiDroid/src/main/res/drawable/outline_arrow_insert_24.xml,1,5,0,5,1,1,2026-01-19,2026-01-19,95,5.0,1.0,0,0.0,1.0
AnkiDroid/src/main/res/drawable/outline_notifications_off_24.xml,1,5,0,5,1,1,2025-10-02,2025-10-02,204,5.0,1.0,0,0.0,1.0
AnkiDroid/src/main/res/layout/dialog_help.xml,1,4,1,5,1,1,2025-06-17,2025-06-17,311,5.0,1.0,0,0.0,1.0
AnkiDroid/src/main/res/layout/widget_small_drawable_v31.xml,1,5,0,5,1,1,2025-03-09,2025-03-09,411,5.0,1.0,0,0.0,1.0
AnkiDroid/src/test/java/com/ichi2/anki/FormatDeckDescriptionTest.kt,1,4,1,5,1,1,2025-10-03,2025-10-03,203,5.0,1.0,0,0.0,1.0
AnkiDroid/src/test/java/com/ichi2/anki/cardviewer/GestureProcessorTest.kt,1,2,3,5,1,1,2025-02-05,2025-02-05,443,5.0,1.0,0,0.0,1.0
AnkiDroid/src/main/res/layout-sw600dp/activity_homescreen.xml,3,2,2,4,2,3,2026-01-03,2026-03-23,32,1.3333333333333333,0.6666666666666666,0,0.0,0.5
AnkiDroid/src/main/res/layout/activity_homescreen.xml,3,2,2,4,2,3,2026-01-03,2026-03-23,32,1.3333333333333333,0.6666666666666666,0,0.0,0.5
AnkiDroid/src/main/res/layout/dialog_tags.xml,3,2,2,4,2,2,2026-01-03,2026-03-22,33,1.3333333333333333,0.6666666666666666,0,0.0,0.5
.github/workflows/assignees.yml,2,2,2,4,1,2,2025-09-03,2026-03-10,45,2.0,1.0,0,0.0,0.5
AnkiDroid/src/main/java/com/ichi2/anki/libanki/BrowserConfig.kt,2,2,2,4,1,1,2025-07-05,2025-07-05,293,2.0,1.0,0,0.0,1.0
AnkiDroid/src/main/java/com/ichi2/anki/libanki/CardTemplates.kt,2,2,2,4,1,1,2025-07-05,2025-07-05,293,2.0,1.0,0,0.0,1.0
AnkiDroid/src/main/java/com/ichi2/anki/libanki/CollectionFiles.kt,2,2,2,4,1,1,2025-07-05,2025-07-05,293,2.0,1.0,0,0.0,1.0
AnkiDroid/src/main/java/com/ichi2/anki/libanki/Config.kt,2,2,2,4,1,1,2025-07-05,2025-07-05,293,2.0,1.0,0,0.0,1.0
AnkiDroid/src/main/java/com/ichi2/anki/libanki/DeckConfig.kt,2,2,2,4,1,1,2025-07-05,2025-07-05,293,2.0,1.0,0,0.0,1.0
AnkiDroid/src/main/java/com/ichi2/anki/libanki/NotetypeJson.kt,2,2,2,4,1,1,2025-07-05,2025-07-05,293,2.0,1.0,0,0.0,1.0
AnkiDroid/src/main/java/com/ichi2/anki/libanki/Utils.kt,2,2,2,4,1,1,2025-07-05,2025-07-05,293,2.0,1.0,0,0.0,1.0
AnkiDroid/src/main/java/com/ichi2/anki/libanki/backend/BackendUtils.kt,2,2,2,4,1,1,2025-07-05,2025-07-05,293,2.0,1.0,0,0.0,1.0
AnkiDroid/src/main/java/com/ichi2/anki/libanki/backend/model/NoteUtil.kt,2,2,2,4,1,1,2025-07-05,2025-07-05,293,2.0,1.0,0,0.0,1.0
AnkiDroid/src/main/java/com/ichi2/anki/libanki/backend/model/SortOrderUtil.kt,2,2,2,4,1,1,2025-07-05,2025-07-05,293,2.0,1.0,0,0.0,1.0
AnkiDroid/src/main/java/com/ichi2/anki/libanki/stats/BackendStats.kt,2,2,2,4,1,1,2025-07-05,2025-07-05,293,2.0,1.0,0,0.0,1.0
AnkiDroid/src/main/res/drawable/ic_record.xml,2,2,2,4,2,2,2024-04-22,2025-08-11,256,2.0,0.5,0,0.0,0.5
AnkiDroid/src/main/res/drawable/ic_warning.xml,2,2,2,4,1,1,2024-06-05,2024-06-05,688,2.0,1.0,0,0.0,0.5
AnkiDroid/src/main/res/layout-sw600dp/card_template_editor.xml,2,2,2,4,2,2,2026-01-04,2026-03-22,33,2.0,0.5,0,0.0,1.0
AnkiDroid/src/main/res/layout/card_browser_appearance.xml,2,3,1,4,2,2,2026-03-19,2026-03-22,33,2.0,0.5,0,0.0,0.5
AnkiDroid/src/main/res/layout/fragment_all_permissions_explanation.xml,2,2,2,4,2,2,2025-09-12,2026-02-16,67,2.0,0.5,0,0.0,1.0
AnkiDroid/src/main/res/layout/permissions_item.xml,2,2,2,4,2,2,2025-08-03,2025-08-27,240,2.0,0.5,0,0.0,0.5
AnkiDroid/src/main/res/menu/deck_picker_dialog_menu.xml,2,2,2,4,2,2,2024-09-08,2026-01-26,88,2.0,0.5,1,0.5,0.5
AnkiDroid/src/main/res/menu/tags_dialog_menu.xml,2,2,2,4,2,2,2024-09-08,2026-01-26,88,2.0,0.5,1,0.5,0.5
AnkiDroid/src/main/res/values-az/05-feedback.xml,2,2,2,4,1,2,2024-04-27,2024-10-23,548,2.0,1.0,0,0.0,0.5
AnkiDroid/src/main/res/values-ca/05-feedback.xml,2,2,2,4,1,2,2024-10-23,2025-03-17,403,2.0,1.0,0,0.0,0.5
AnkiDroid/src/main/res/values-cs/05-feedback.xml,2,2,2,4,1,2,2024-04-27,2024-10-23,548,2.0,1.0,0,0.0,0.5
AnkiDroid/src/main/res/values-es-rES/05-feedback.xml,2,2,2,4,1,2,2024-04-27,2024-10-23,548,2.0,1.0,0,0.0,0.5
AnkiDroid/src/main/res/values-uk/05-feedback.xml,2,2,2,4,1,2,2024-04-27,2025-08-03,264,2.0,1.0,0,0.0,0.5
AnkiDroid/src/test/java/com/ichi2/anki/AbstractFlashcardViewerKeyboardInputTest.kt,2,1,3,4,2,2,2024-07-15,2025-07-22,276,2.0,0.5,0,0.0,0.5
AnkiDroid/src/test/java/com/ichi2/anki/cardviewer/CardTemplateTest.kt,2,2,2,4,2,2,2024-07-15,2025-07-07,291,2.0,0.5,0,0.0,0.5
AnkiDroid/src/test/java/com/ichi2/anki/libanki/NoteTest.kt,2,2,2,4,1,1,2025-07-05,2025-07-05,293,2.0,1.0,0,0.0,1.0
AnkiDroid/src/test/java/com/ichi2/anki/libanki/PythonExtensionsTest.kt,2,2,2,4,1,1,2025-07-05,2025-07-05,293,2.0,1.0,0,0.0,1.0
common/src/main/java/com/ichi2/anki/common/time/TimeManager.kt,2,1,3,4,2,2,2025-05-10,2026-04-13,11,2.0,0.5,0,0.0,0.5
common/src/main/java/com/ichi2/anki/common/utils/ext/JSONArray.kt,2,2,2,4,2,2,2025-03-31,2025-06-18,310,2.0,0.5,1,0.5,0.75
libanki/src/main/java/com/ichi2/anki/libanki/CardTemplates.kt,2,2,2,4,1,2,2025-07-06,2026-01-26,88,2.0,1.0,0,0.0,1.0
libanki/src/main/java/com/ichi2/anki/libanki/Sound.kt,2,2,2,4,1,2,2025-07-06,2026-01-26,88,2.0,1.0,0,0.0,1.0
lint-rules/src/main/java/com/ichi2/anki/lint/utils/StringFormatDetector.kt,2,2,2,4,2,2,2025-06-08,2025-12-16,129,2.0,0.5,1,0.5,0.5
testlib/src/main/java/com/ichi2/testutils/common/FailOnUnhandledExceptionRule.kt,2,2,2,4,1,2,2024-06-24,2024-10-26,545,2.0,1.0,0,0.0,0.5
testlib/src/main/java/com/ichi2/testutils/common/IgnoreFlakyTestsInCIRule.kt,2,2,2,4,2,2,2024-06-24,2024-07-15,648,2.0,0.5,0,0.0,0.5
AnkiDroid/src/main/java/com/ichi2/anki/dialogs/GestureSelectionDialogUtils.kt,1,1,3,4,1,1,2024-12-09,2024-12-09,501,4.0,1.0,1,1.0,1.0
AnkiDroid/src/main/java/com/ichi2/anki/exception/ManuallyReportedException.kt,1,3,1,4,1,1,2024-12-09,2024-12-09,501,4.0,1.0,1,1.0,1.0
AnkiDroid/src/main/java/com/ichi2/anki/exception/UnknownDatabaseVersionException.kt,1,3,1,4,1,1,2024-12-09,2024-12-09,501,4.0,1.0,1,1.0,1.0
AnkiDroid/src/main/java/com/ichi2/anki/exception/UserSubmittedException.kt,1,3,1,4,1,1,2024-12-09,2024-12-09,501,4.0,1.0,1,1.0,1.0
AnkiDroid/src/main/java/com/ichi2/annotations/DuplicatedCode.kt,1,3,1,4,1,1,2024-12-09,2024-12-09,501,4.0,1.0,1,1.0,1.0
AnkiDroid/src/main/java/com/ichi2/annotations/NeedsTest.kt,1,3,1,4,1,1,2024-12-09,2024-12-09,501,4.0,1.0,1,1.0,1.0
AnkiDroid/src/main/java/com/ichi2/compat/customtabs/KeepAliveService.kt,1,1,3,4,1,1,2024-12-09,2024-12-09,501,4.0,1.0,1,1.0,1.0
AnkiDroid/src/main/java/com/ichi2/compat/customtabs/ServiceConnection.kt,1,3,1,4,1,1,2024-12-09,2024-12-09,501,4.0,1.0,1,1.0,1.0
AnkiDroid/src/main/java/com/ichi2/libanki/exception/InvalidSearchException.kt,1,3,1,4,1,1,2024-12-09,2024-12-09,501,4.0,1.0,1,1.0,1.0
AnkiDroid/src/main/java/com/ichi2/libanki/utils/SystemTime.kt,1,1,3,4,1,1,2024-12-09,2024-12-09,501,4.0,1.0,1,1.0,1.0
AnkiDroid/src/main/java/com/ichi2/preferences/PreferenceUtil.kt,1,2,2,4,1,1,2024-03-05,2024-03-05,780,4.0,1.0,0,0.0,1.0
AnkiDroid/src/main/java/com/ichi2/utils/ExtendedFragmentFactory.kt,1,2,2,4,1,1,2025-06-04,2025-06-04,324,4.0,1.0,0,0.0,1.0
AnkiDroid/src/main/res/anim/fade_in.xml,1,2,2,4,1,1,2025-01-15,2025-01-15,464,4.0,1.0,1,1.0,1.0
AnkiDroid/src/main/res/anim/fade_out.xml,1,2,2,4,1,1,2025-01-15,2025-01-15,464,4.0,1.0,1,1.0,1.0
AnkiDroid/src/main/res/drawable/ic_hide.xml,1,4,0,4,1,1,2026-01-31,2026-01-31,83,4.0,1.0,0,0.0,1.0
AnkiDroid/src/main/res/drawable/list_border.xml,1,4,0,4,1,1,2025-02-09,2025-02-09,439,4.0,1.0,0,0.0,1.0
AnkiDroid/src/main/res/drawable/widget_card_analysis_rounded_background.xml,1,4,0,4,1,1,2024-12-27,2024-12-27,483,4.0,1.0,0,0.0,1.0
AnkiDroid/src/main/res/drawable/widget_deck_picker_rounded_background.xml,1,4,0,4,1,1,2024-12-27,2024-12-27,483,4.0,1.0,0,0.0,1.0
AnkiDroid/src/main/res/layout-land/fragment_introduction.xml,1,1,3,4,1,1,2026-03-23,2026-03-23,32,4.0,1.0,0,0.0,1.0
AnkiDroid/src/main/res/layout/axis_display.xml,1,2,2,4,1,1,2025-09-11,2025-09-11,225,4.0,1.0,0,0.0,1.0
AnkiDroid/src/main/res/layout/dialog_feedback.xml,1,2,2,4,1,1,2025-09-10,2025-09-10,226,4.0,1.0,0,0.0,1.0
AnkiDroid/src/main/res/layout/view_audio_record.xml,1,2,2,4,1,1,2025-09-12,2025-09-12,224,4.0,1.0,0,0.0,1.0
AnkiDroid/src/main/res/values-am/20-search-preference.xml,1,2,2,4,1,1,2024-09-03,2024-09-03,598,4.0,1.0,0,0.0,1.0
AnkiDroid/src/main/res/values-be/20-search-preference.xml,1,2,2,4,1,1,2024-07-08,2024-07-08,655,4.0,1.0,0,0.0,1.0
AnkiDroid/src/main/res/values-bn/20-search-preference.xml,1,2,2,4,1,1,2024-12-02,2024-12-02,508,4.0,1.0,0,0.0,1.0
AnkiDroid/src/main/res/values-ca/20-search-preference.xml,1,2,2,4,1,1,2024-11-19,2024-11-19,521,4.0,1.0,0,0.0,1.0
AnkiDroid/src/main/res/values-da/20-search-preference.xml,1,2,2,4,1,1,2024-07-14,2024-07-14,649,4.0,1.0,0,0.0,1.0
AnkiDroid/src/main/res/values-el/20-search-preference.xml,1,2,2,4,1,1,2024-07-30,2024-07-30,633,4.0,1.0,0,0.0,1.0
AnkiDroid/src/main/res/values-eo/20-search-preference.xml,1,2,2,4,1,1,2024-09-03,2024-09-03,598,4.0,1.0,0,0.0,1.0
AnkiDroid/src/main/res/values-et/20-search-preference.xml,1,2,2,4,1,1,2026-03-09,2026-03-09,46,4.0,1.0,0,0.0,1.0
AnkiDroid/src/main/res/values-fi/20-search-preference.xml,1,2,2,4,1,1,2025-02-04,2025-02-04,444,4.0,1.0,0,0.0,1.0
AnkiDroid/src/main/res/values-fil/20-search-preference.xml,1,2,2,4,1,1,2024-06-03,2024-06-03,690,4.0,1.0,0,0.0,1.0
AnkiDroid/src/main/res/values-gl/20-search-preference.xml,1,2,2,4,1,1,2025-04-13,2025-04-13,376,4.0,1.0,0,0.0,1.0
AnkiDroid/src/main/res/values-gu/20-search-preference.xml,1,2,2,4,1,1,2024-06-01,2024-06-01,692,4.0,1.0,0,0.0,1.0
AnkiDroid/src/main/res/values-hi/05-feedback.xml,1,2,2,4,1,1,2024-04-27,2024-04-27,727,4.0,1.0,0,0.0,1.0
AnkiDroid/src/main/res/values-hi/20-search-preference.xml,1,2,2,4,1,1,2024-04-27,2024-04-27,727,4.0,1.0,0,0.0,1.0
AnkiDroid/src/main/res/values-hr/20-search-preference.xml,1,2,2,4,1,1,2026-01-28,2026-01-28,86,4.0,1.0,0,0.0,1.0
AnkiDroid/src/main/res/values-km/05-feedback.xml,1,2,2,4,1,1,2025-02-25,2025-02-25,423,4.0,1.0,0,0.0,1.0
AnkiDroid/src/main/res/values-lt/05-feedback.xml,1,2,2,4,1,1,2025-05-29,2025-05-29,330,4.0,1.0,0,0.0,1.0
AnkiDroid/src/main/res/values-lt/20-search-preference.xml,1,2,2,4,1,1,2025-05-29,2025-05-29,330,4.0,1.0,0,0.0,1.0
AnkiDroid/src/main/res/values-lv/20-search-preference.xml,1,2,2,4,1,1,2025-04-19,2025-04-19,370,4.0,1.0,0,0.0,1.0
AnkiDroid/src/main/res/values-ml/20-search-preference.xml,1,2,2,4,1,1,2024-09-30,2024-09-30,571,4.0,1.0,0,0.0,1.0
AnkiDroid/src/main/res/values-mr/20-search-preference.xml,1,2,2,4,1,1,2024-06-01,2024-06-01,692,4.0,1.0,0,0.0,1.0
AnkiDroid/src/main/res/values-nl/20-search-preference.xml,1,2,2,4,1,1,2024-07-30,2024-07-30,633,4.0,1.0,0,0.0,1.0
AnkiDroid/src/main/res/values-nn/20-search-preference.xml,1,2,2,4,1,1,2025-08-10,2025-08-10,257,4.0,1.0,0,0.0,1.0
AnkiDroid/src/main/res/values-no/20-search-preference.xml,1,2,2,4,1,1,2025-08-10,2025-08-10,257,4.0,1.0,0,0.0,1.0
AnkiDroid/src/main/res/values-pa/20-search-preference.xml,1,2,2,4,1,1,2024-09-28,2024-09-28,573,4.0,1.0,0,0.0,1.0
AnkiDroid/src/main/res/values-pl/20-search-preference.xml,1,2,2,4,1,1,2024-05-19,2024-05-19,705,4.0,1.0,0,0.0,1.0
AnkiDroid/src/main/res/values-ro/05-feedback.xml,1,2,2,4,1,1,2026-03-09,2026-03-09,46,4.0,1.0,0,0.0,1.0
AnkiDroid/src/main/res/values-ro/06-statistics.xml,1,0,4,4,1,1,2025-01-05,2025-01-05,474,4.0,1.0,0,0.0,1.0
AnkiDroid/src/main/res/values-sc/20-search-preference.xml,1,2,2,4,1,1,2024-10-20,2024-10-20,551,4.0,1.0,0,0.0,1.0
AnkiDroid/src/main/res/values-sk/06-statistics.xml,1,0,4,4,1,1,2025-01-05,2025-01-05,474,4.0,1.0,0,0.0,1.0
AnkiDroid/src/main/res/values-sl/06-statistics.xml,1,0,4,4,1,1,2025-01-05,2025-01-05,474,4.0,1.0,0,0.0,1.0
AnkiDroid/src/main/res/values-sq/06-statistics.xml,1,0,4,4,1,1,2025-01-05,2025-01-05,474,4.0,1.0,0,0.0,1.0
AnkiDroid/src/main/res/values-sr/06-statistics.xml,1,0,4,4,1,1,2025-01-05,2025-01-05,474,4.0,1.0,0,0.0,1.0
AnkiDroid/src/main/res/values-ta/20-search-preference.xml,1,2,2,4,1,1,2024-09-30,2024-09-30,571,4.0,1.0,0,0.0,1.0
AnkiDroid/src/main/res/values-tgl/06-statistics.xml,1,0,4,4,1,1,2025-01-05,2025-01-05,474,4.0,1.0,0,0.0,1.0
AnkiDroid/src/main/res/values-th/06-statistics.xml,1,0,4,4,1,1,2025-01-05,2025-01-05,474,4.0,1.0,0,0.0,1.0
AnkiDroid/src/main/res/values-th/20-search-preference.xml,1,2,2,4,1,1,2024-12-02,2024-12-02,508,4.0,1.0,0,0.0,1.0
AnkiDroid/src/main/res/values-ti/06-statistics.xml,1,0,4,4,1,1,2025-01-05,2025-01-05,474,4.0,1.0,0,0.0,1.0
AnkiDroid/src/main/res/values-tt/06-statistics.xml,1,0,4,4,1,1,2025-01-05,2025-01-05,474,4.0,1.0,0,0.0,1.0
AnkiDroid/src/main/res/values-ur/20-search-preference.xml,1,2,2,4,1,1,2024-05-01,2024-05-01,723,4.0,1.0,0,0.0,1.0
AnkiDroid/src/main/res/values-uz/20-search-preference.xml,1,2,2,4,1,1,2025-06-24,2025-06-24,304,4.0,1.0,0,0.0,1.0
AnkiDroid/src/main/res/xml/preferences_developer_options.xml,1,2,2,4,1,1,2026-01-31,2026-01-31,83,4.0,1.0,0,0.0,1.0
AnkiDroid/src/main/res/xml/widget_provider_add_note.xml,1,3,1,4,1,1,2025-03-09,2025-03-09,411,4.0,1.0,0,0.0,1.0
AnkiDroid/src/main/res/xml/widget_provider_small.xml,1,3,1,4,1,1,2025-03-09,2025-03-09,411,4.0,1.0,0,0.0,1.0
AnkiDroid/src/test/java/com/ichi2/anki/DeckPickerImportTest.kt,1,2,2,4,1,1,2024-12-28,2024-12-28,482,4.0,1.0,0,0.0,1.0
AnkiDroid/src/test/java/com/ichi2/anki/preferences/PreferencesSimpleTest.kt,1,2,2,4,1,1,2024-10-20,2024-10-20,551,4.0,1.0,0,0.0,1.0
AnkiDroid/src/test/java/com/ichi2/utils/FragmentFactoryUtilsTest.kt,1,3,1,4,1,1,2024-07-15,2024-07-15,648,4.0,1.0,0,0.0,1.0
buildSrc/src/main/kotlin/placeholder.gradle.kts,1,4,0,4,1,1,2026-04-17,2026-04-17,7,4.0,1.0,0,0.0,1.0
common/android/src/main/AndroidManifest.xml,1,4,0,4,1,1,2026-04-13,2026-04-13,11,4.0,1.0,0,0.0,1.0
common/src/main/AndroidManifest.xml,1,4,0,4,1,1,2024-05-29,2024-05-29,695,4.0,1.0,0,0.0,1.0
compat/src/main/AndroidManifest.xml,1,4,0,4,1,1,2026-03-22,2026-03-22,33,4.0,1.0,0,0.0,1.0
compat/src/test/java/com/ichi2/compat/HasFilesTest.kt,1,2,2,4,1,1,2026-04-07,2026-04-07,17,4.0,1.0,0,0.0,1.0
lint-rules/src/test/java/com/ichi2/anki/lint/rules/InvalidStringFormatDetectorTest.kt,1,2,2,4,1,1,2025-12-13,2025-12-13,132,4.0,1.0,1,1.0,1.0
AnkiDroid/src/main/res/layout-sw600dp/activity_note_editor.xml,3,2,1,3,3,3,2026-01-03,2026-03-22,33,1.0,0.3333333333333333,0,0.0,0.6666666666666666
AnkiDroid/src/main/res/values-ind/04-network.xml,3,1,2,3,1,3,2024-06-09,2026-03-30,25,1.0,1.0,0,0.0,0.3333333333333333
AnkiDroid/src/main/res/values-kk/04-network.xml,3,1,2,3,1,3,2024-06-09,2026-03-30,25,1.0,1.0,0,0.0,0.3333333333333333
AnkiDroid/src/main/res/values-ku/04-network.xml,3,1,2,3,1,3,2024-06-09,2026-03-30,25,1.0,1.0,0,0.0,0.3333333333333333
AnkiDroid/src/main/res/values-ky/04-network.xml,3,1,2,3,1,3,2024-06-09,2026-03-30,25,1.0,1.0,0,0.0,0.3333333333333333
AnkiDroid/src/main/res/values-mk/04-network.xml,3,1,2,3,1,3,2024-06-09,2026-03-30,25,1.0,1.0,0,0.0,0.3333333333333333
AnkiDroid/src/main/res/values-mn/04-network.xml,3,1,2,3,1,3,2024-06-09,2026-03-30,25,1.0,1.0,0,0.0,0.3333333333333333
AnkiDroid/src/main/res/values-ms/04-network.xml,3,1,2,3,1,3,2024-06-09,2026-03-30,25,1.0,1.0,0,0.0,0.3333333333333333
AnkiDroid/src/main/res/values-my/04-network.xml,3,1,2,3,1,3,2024-06-09,2026-03-30,25,1.0,1.0,0,0.0,0.3333333333333333
AnkiDroid/src/main/res/values-sl/04-network.xml,3,1,2,3,1,3,2024-06-09,2026-03-30,25,1.0,1.0,0,0.0,0.3333333333333333
AnkiDroid/src/main/res/values-sq/04-network.xml,3,1,2,3,1,3,2024-06-09,2026-03-30,25,1.0,1.0,0,0.0,0.3333333333333333
AnkiDroid/src/main/res/values-sr/04-network.xml,3,1,2,3,1,3,2024-06-09,2026-03-30,25,1.0,1.0,0,0.0,0.3333333333333333
AnkiDroid/src/main/res/values-tgl/04-network.xml,3,1,2,3,1,3,2024-06-09,2026-03-30,25,1.0,1.0,0,0.0,0.3333333333333333
AnkiDroid/src/main/res/values-th/04-network.xml,3,1,2,3,1,3,2024-06-09,2026-03-30,25,1.0,1.0,0,0.0,0.3333333333333333
AnkiDroid/src/main/res/values-ti/04-network.xml,3,1,2,3,1,3,2024-06-09,2026-03-30,25,1.0,1.0,0,0.0,0.3333333333333333
AnkiDroid/src/main/res/values-tt/04-network.xml,3,1,2,3,1,3,2024-06-09,2026-03-30,25,1.0,1.0,0,0.0,0.3333333333333333
AnkiDroid/src/androidTest/java/com/ichi2/anki/libanki/SoundTest.kt,2,1,2,3,1,2,2024-12-09,2025-06-18,310,1.5,1.0,0,0.0,0.6666666666666666
AnkiDroid/src/main/res/values-hu/09-backup.xml,2,2,1,3,1,2,2025-05-24,2026-04-06,18,1.5,1.0,0,0.0,0.6666666666666666
AnkiDroid/src/main/res/values-ind/09-backup.xml,2,2,1,3,1,2,2025-05-24,2026-04-06,18,1.5,1.0,0,0.0,0.6666666666666666
AnkiDroid/src/main/res/values-kk/09-backup.xml,2,2,1,3,1,2,2025-05-24,2026-04-06,18,1.5,1.0,0,0.0,0.6666666666666666
AnkiDroid/src/main/res/values-ku/09-backup.xml,2,2,1,3,1,2,2025-05-24,2026-04-06,18,1.5,1.0,0,0.0,0.6666666666666666
AnkiDroid/src/main/res/values-ky/09-backup.xml,2,2,1,3,1,2,2025-05-24,2026-04-06,18,1.5,1.0,0,0.0,0.6666666666666666
AnkiDroid/src/main/res/values-mk/09-backup.xml,2,2,1,3,1,2,2025-05-24,2026-04-06,18,1.5,1.0,0,0.0,0.6666666666666666
AnkiDroid/src/main/res/values-mn/09-backup.xml,2,2,1,3,1,2,2025-05-24,2026-04-06,18,1.5,1.0,0,0.0,0.6666666666666666
AnkiDroid/src/main/res/values-ms/09-backup.xml,2,2,1,3,1,2,2025-05-24,2026-04-06,18,1.5,1.0,0,0.0,0.6666666666666666
AnkiDroid/src/main/res/values-my/09-backup.xml,2,2,1,3,1,2,2025-05-24,2026-04-06,18,1.5,1.0,0,0.0,0.6666666666666666
AnkiDroid/src/main/res/values-or/09-backup.xml,2,2,1,3,1,2,2025-05-24,2026-04-06,18,1.5,1.0,0,0.0,0.6666666666666666
AnkiDroid/src/main/res/values-sc/09-backup.xml,2,2,1,3,1,2,2024-10-20,2026-04-06,18,1.5,1.0,0,0.0,0.6666666666666666
AnkiDroid/src/main/res/values-sr/09-backup.xml,2,2,1,3,1,2,2024-04-27,2026-04-06,18,1.5,1.0,0,0.0,0.6666666666666666
AnkiDroid/src/main/res/values-sv/09-backup.xml,2,2,1,3,1,2,2024-04-27,2026-04-06,18,1.5,1.0,0,0.0,0.6666666666666666
AnkiDroid/src/test/java/com/ichi2/anki/utils/ext/ParcelTest.kt,2,3,0,3,1,2,2025-07-02,2026-04-14,10,1.5,1.0,0,0.0,1.0
compat/src/main/java/com/ichi2/anki/compat/CompatV33.kt,2,2,1,3,2,2,2026-03-22,2026-04-24,0,1.5,0.5,0,0.0,0.6666666666666666
AnkiDroid/src/main/java/com/ichi2/libanki/sched/Ease.kt,1,2,1,3,1,1,2025-06-18,2025-06-18,310,3.0,1.0,0,0.0,1.0
AnkiDroid/src/main/java/com/ichi2/utils/ContentResolverUtil.kt,1,2,1,3,1,1,2025-03-22,2025-03-22,398,3.0,1.0,0,0.0,1.0
AnkiDroid/src/main/res/drawable/ic_add_filtered_deck.xml,1,2,1,3,1,1,2026-03-14,2026-03-14,41,3.0,1.0,0,0.0,1.0
AnkiDroid/src/main/res/drawable/ic_done_white.xml,1,2,1,3,1,1,2025-01-06,2025-01-06,473,3.0,1.0,1,1.0,1.0
AnkiDroid/src/main/res/layout/include_reviewer_answer_buttons.xml,1,1,2,3,1,1,2026-03-22,2026-03-22,33,3.0,1.0,0,0.0,1.0
AnkiDroid/src/main/res/layout/permission_item.xml,1,2,1,3,1,1,2024-06-11,2024-06-11,682,3.0,1.0,0,0.0,1.0
AnkiDroid/src/main/res/layout/tags_dialog_title.xml,1,2,1,3,1,1,2025-05-10,2025-05-10,349,3.0,1.0,0,0.0,1.0
AnkiDroid/src/test/java/com/ichi2/testutils/BackupManagerTestUtilities.kt,1,1,2,3,1,1,2025-05-21,2025-05-21,338,3.0,1.0,0,0.0,1.0
common/src/test/java/com/ichi2/anki/common/time/MockTimeTest.kt,1,2,1,3,1,1,2025-07-07,2025-07-07,291,3.0,1.0,0,0.0,1.0
common/src/testFixtures/java/com/ichi2/testutils/FileUtil.kt,1,1,2,3,1,1,2026-04-07,2026-04-07,17,3.0,1.0,0,0.0,1.0
compat/src/test/java/com/ichi2/anki/model/DirectoryTest.kt,1,1,2,3,1,1,2026-04-07,2026-04-07,17,3.0,1.0,0,0.0,1.0
libanki/src/test/java/com/ichi2/anki/libanki/PythonExtensionsTest.kt,1,0,3,3,1,1,2025-07-07,2025-07-07,291,3.0,1.0,0,0.0,1.0
AnkiDroid/src/main/java/com/ichi2/anki/libanki/BackendDeckOptions.kt,2,1,1,2,1,1,2025-07-05,2025-07-05,293,1.0,1.0,0,0.0,1.0
AnkiDroid/src/main/java/com/ichi2/anki/libanki/BackendImportExport.kt,2,1,1,2,1,1,2025-07-05,2025-07-05,293,1.0,1.0,0,0.0,1.0
AnkiDroid/src/main/java/com/ichi2/anki/libanki/BackendUndo.kt,2,1,1,2,1,1,2025-07-05,2025-07-05,293,1.0,1.0,0,0.0,1.0
AnkiDroid/src/main/java/com/ichi2/anki/libanki/CardTemplate.kt,2,1,1,2,1,1,2025-07-05,2025-07-05,293,1.0,1.0,0,0.0,1.0
AnkiDroid/src/main/java/com/ichi2/anki/libanki/Consts.kt,2,1,1,2,1,1,2025-07-05,2025-07-05,293,1.0,1.0,0,0.0,1.0
AnkiDroid/src/main/java/com/ichi2/anki/libanki/DB.kt,2,1,1,2,1,1,2025-07-05,2025-07-05,293,1.0,1.0,0,0.0,1.0
AnkiDroid/src/main/java/com/ichi2/anki/libanki/Deck.kt,2,1,1,2,1,1,2025-07-05,2025-07-05,293,1.0,1.0,0,0.0,1.0
AnkiDroid/src/main/java/com/ichi2/anki/libanki/Field.kt,2,1,1,2,1,1,2025-07-05,2025-07-05,293,1.0,1.0,0,0.0,1.0
AnkiDroid/src/main/java/com/ichi2/anki/libanki/Fields.kt,2,1,1,2,1,1,2025-07-05,2025-07-05,293,1.0,1.0,0,0.0,1.0
AnkiDroid/src/main/java/com/ichi2/anki/libanki/PythonTypes.kt,2,1,1,2,1,1,2025-07-05,2025-07-05,293,1.0,1.0,0,0.0,1.0
AnkiDroid/src/main/java/com/ichi2/anki/libanki/SortOrder.kt,2,1,1,2,1,1,2025-07-05,2025-07-05,293,1.0,1.0,0,0.0,1.0
AnkiDroid/src/main/java/com/ichi2/anki/libanki/Storage.kt,2,1,1,2,1,1,2025-07-05,2025-07-05,293,1.0,1.0,0,0.0,1.0
AnkiDroid/src/main/java/com/ichi2/anki/libanki/Sync.kt,2,1,1,2,1,1,2025-07-05,2025-07-05,293,1.0,1.0,0,0.0,1.0
AnkiDroid/src/main/java/com/ichi2/anki/libanki/Tts.kt,2,1,1,2,1,1,2025-07-05,2025-07-05,293,1.0,1.0,0,0.0,1.0
AnkiDroid/src/main/java/com/ichi2/anki/libanki/exception/ConfirmModSchemaException.kt,2,1,1,2,1,1,2025-07-05,2025-07-05,293,1.0,1.0,0,0.0,1.0
AnkiDroid/src/main/java/com/ichi2/anki/libanki/exception/EmptyMediaException.kt,2,1,1,2,1,1,2025-07-05,2025-07-05,293,1.0,1.0,0,0.0,1.0
AnkiDroid/src/main/java/com/ichi2/anki/libanki/exception/InvalidSearchException.kt,2,1,1,2,1,1,2025-07-05,2025-07-05,293,1.0,1.0,0,0.0,1.0
AnkiDroid/src/main/java/com/ichi2/anki/libanki/sched/Counts.kt,2,1,1,2,1,1,2025-07-05,2025-07-05,293,1.0,1.0,0,0.0,1.0
AnkiDroid/src/main/java/com/ichi2/anki/libanki/sched/Ease.kt,2,1,1,2,1,1,2025-07-05,2025-07-05,293,1.0,1.0,0,0.0,1.0
AnkiDroid/src/main/java/com/ichi2/anki/libanki/template/MathJax.kt,2,1,1,2,1,1,2025-07-05,2025-07-05,293,1.0,1.0,0,0.0,1.0
AnkiDroid/src/main/java/com/ichi2/anki/libanki/template/TemplateFilters.kt,2,1,1,2,1,1,2025-07-05,2025-07-05,293,1.0,1.0,0,0.0,1.0
AnkiDroid/src/main/java/com/ichi2/anki/libanki/utils/LibAnkiAlias.kt,2,1,1,2,1,1,2025-07-05,2025-07-05,293,1.0,1.0,0,0.0,1.0
AnkiDroid/src/main/java/com/ichi2/anki/libanki/utils/NotInLibAnki.kt,2,1,1,2,1,1,2025-07-05,2025-07-05,293,1.0,1.0,0,0.0,1.0
AnkiDroid/src/main/java/com/ichi2/anki/libanki/utils/PythonExtensions.kt,2,1,1,2,1,1,2025-07-05,2025-07-05,293,1.0,1.0,0,0.0,1.0
AnkiDroid/src/main/res/layout-sw600dp/activity_card_browser.xml,2,1,1,2,2,2,2026-01-03,2026-03-22,33,1.0,0.5,0,0.0,1.0
AnkiDroid/src/main/res/layout/activity_card_browser.xml,2,1,1,2,2,2,2026-01-03,2026-03-22,33,1.0,0.5,0,0.0,1.0
AnkiDroid/src/main/res/layout/activity_note_editor.xml,2,1,1,2,2,2,2026-01-03,2026-03-22,33,1.0,0.5,0,0.0,1.0
AnkiDroid/src/main/res/layout/card_browser_fragment.xml,2,1,1,2,1,2,2025-09-09,2026-03-22,33,1.0,1.0,1,0.5,1.0
AnkiDroid/src/main/res/layout/fragment_template_previewer.xml,2,1,1,2,2,2,2026-01-03,2026-01-17,97,1.0,0.5,0,0.0,1.0
AnkiDroid/src/main/res/layout/include_navigation_drawer.xml,2,1,1,2,1,2,2026-03-22,2026-03-23,32,1.0,1.0,0,0.0,1.0
AnkiDroid/src/main/res/values-ur/04-network.xml,2,1,1,2,1,2,2024-06-09,2026-03-30,25,1.0,1.0,0,0.0,0.5
AnkiDroid/src/test/java/com/ichi2/anki/libanki/ConfigTest.kt,2,1,1,2,1,1,2025-07-05,2025-07-05,293,1.0,1.0,0,0.0,1.0
AnkiDroid/src/test/java/com/ichi2/anki/libanki/MetaTest.kt,2,1,1,2,1,1,2025-07-05,2025-07-05,293,1.0,1.0,0,0.0,1.0
AnkiDroid/src/test/java/com/ichi2/anki/libanki/NoteWithColTest.kt,2,1,1,2,1,1,2025-07-05,2025-07-05,293,1.0,1.0,0,0.0,1.0
AnkiDroid/src/test/java/com/ichi2/anki/libanki/NotetypesTest.kt,2,1,1,2,1,1,2025-07-05,2025-07-05,293,1.0,1.0,0,0.0,1.0
AnkiDroid/src/test/java/com/ichi2/anki/libanki/StorageRustTest.kt,2,1,1,2,1,1,2025-07-05,2025-07-05,293,1.0,1.0,0,0.0,1.0
AnkiDroid/src/test/java/com/ichi2/anki/libanki/TagsTest.kt,2,1,1,2,1,1,2025-07-05,2025-07-05,293,1.0,1.0,0,0.0,1.0
AnkiDroid/src/test/java/com/ichi2/anki/libanki/TtsParserTest.kt,2,1,1,2,1,1,2025-07-05,2025-07-05,293,1.0,1.0,0,0.0,1.0
AnkiDroid/src/test/java/com/ichi2/anki/libanki/UtilsTest.kt,2,1,1,2,1,1,2025-07-05,2025-07-05,293,1.0,1.0,0,0.0,1.0
libanki/src/main/java/com/ichi2/anki/libanki/utils/LibAnkiAlias.kt,2,1,1,2,1,2,2025-07-06,2026-01-26,88,1.0,1.0,0,0.0,1.0
libanki/testutils/.gitignore,2,1,1,2,1,2,2025-07-07,2026-04-10,14,1.0,1.0,0,0.0,0.5
vbpd/README.md,2,1,1,2,1,2,2025-10-27,2025-11-22,153,1.0,1.0,1,0.5,1.0
.github/workflows/stale.yml,1,1,1,2,1,1,2025-09-03,2025-09-03,233,2.0,1.0,0,0.0,1.0
AnkiDroid/src/androidTest/java/com/ichi2/anki/compat/CompatNormalizeTest.kt,1,1,1,2,1,1,2024-07-15,2024-07-15,648,2.0,1.0,0,0.0,1.0
AnkiDroid/src/main/assets/jquery.min.js,1,0,2,2,1,1,2024-10-11,2024-10-11,560,2.0,1.0,0,0.0,1.0
AnkiDroid/src/main/java/com/ichi2/anki/cardviewer/JavascriptEvaluator.kt,1,1,1,2,1,1,2024-12-09,2024-12-09,501,2.0,1.0,0,0.0,1.0
AnkiDroid/src/main/java/com/ichi2/compat/customtabs/CustomTabsFallback.kt,1,1,1,2,1,1,2026-04-17,2026-04-17,7,2.0,1.0,0,0.0,1.0
AnkiDroid/src/main/java/com/ichi2/libanki/backend/model/NoteUtil.kt,1,1,1,2,1,1,2025-01-08,2025-01-08,471,2.0,1.0,0,0.0,1.0
AnkiDroid/src/main/java/com/ichi2/libanki/utils/TimeManager.kt,1,1,1,2,1,1,2024-07-15,2024-07-15,648,2.0,1.0,0,0.0,1.0
AnkiDroid/src/main/java/com/ichi2/utils/JSONObject.kt,1,1,1,2,1,1,2025-01-03,2025-01-03,476,2.0,1.0,0,0.0,1.0
AnkiDroid/src/main/java/com/ichi2/utils/StringUtil.kt,1,1,1,2,1,1,2024-07-15,2024-07-15,648,2.0,1.0,0,0.0,1.0
AnkiDroid/src/main/res/drawable/eraser.xml,1,1,1,2,1,1,2024-04-28,2024-04-28,726,2.0,1.0,0,0.0,1.0
AnkiDroid/src/main/res/drawable/ic_baseline_check_box_24_inset.xml,1,1,1,2,1,1,2024-12-26,2024-12-26,484,2.0,1.0,1,1.0,1.0
AnkiDroid/src/main/res/drawable/ic_baseline_check_box_outline_blank_24_inset.xml,1,1,1,2,1,1,2024-12-26,2024-12-26,484,2.0,1.0,1,1.0,1.0
AnkiDroid/src/main/res/drawable/ic_baseline_indeterminate_check_box_24_inset.xml,1,1,1,2,1,1,2024-12-26,2024-12-26,484,2.0,1.0,1,1.0,1.0
AnkiDroid/src/main/res/drawable/ic_dialog_info.xml,1,1,1,2,1,1,2024-04-27,2024-04-27,727,2.0,1.0,0,0.0,1.0
AnkiDroid/src/main/res/drawable/ic_flag_orange.xml,1,1,1,2,1,1,2025-06-14,2025-06-14,314,2.0,1.0,1,1.0,1.0
AnkiDroid/src/main/res/drawable/ic_remove_red_eye_white.xml,1,1,1,2,1,1,2026-03-14,2026-03-14,41,2.0,1.0,0,0.0,1.0
AnkiDroid/src/main/res/drawable/ic_restore_variant.xml,1,2,0,2,1,1,2025-01-14,2025-01-14,465,2.0,1.0,0,0.0,1.0
AnkiDroid/src/main/res/drawable/ic_search_white.xml,1,1,1,2,1,1,2026-04-23,2026-04-23,1,2.0,1.0,1,1.0,1.0
AnkiDroid/src/main/res/drawable/ic_select_all_white.xml,1,1,1,2,1,1,2025-06-20,2025-06-20,308,2.0,1.0,0,0.0,1.0
AnkiDroid/src/main/res/drawable/ic_undo_white.xml,1,1,1,2,1,1,2026-04-24,2026-04-24,0,2.0,1.0,1,1.0,1.0
AnkiDroid/src/main/res/layout/activity_reviewer_fullscreen.xml,1,1,1,2,1,1,2026-03-23,2026-03-23,32,2.0,1.0,0,0.0,1.0
AnkiDroid/src/main/res/layout/extended_category.xml,1,0,2,2,1,1,2024-05-16,2024-05-16,708,2.0,1.0,1,1.0,1.0
AnkiDroid/src/main/res/layout/fragment_reviewer.xml,1,1,1,2,1,1,2026-03-23,2026-03-23,32,2.0,1.0,0,0.0,1.0
AnkiDroid/src/main/res/layout/include_deck_picker.xml,1,1,1,2,1,1,2026-03-23,2026-03-23,32,2.0,1.0,0,0.0,1.0
AnkiDroid/src/main/res/layout/introduction_layout.xml,1,1,1,2,1,1,2024-11-06,2024-11-06,534,2.0,1.0,0,0.0,1.0
AnkiDroid/src/main/res/layout/material_dialog_list_item.xml,1,0,2,2,1,1,2024-12-26,2024-12-26,484,2.0,1.0,1,1.0,1.0
AnkiDroid/src/main/res/layout/navigation_drawer_layout_fullscreen.xml,1,1,1,2,1,1,2026-03-22,2026-03-22,33,2.0,1.0,0,0.0,1.0
AnkiDroid/src/main/res/layout/permissions_full_30_and_31.xml,1,1,1,2,1,1,2025-08-03,2025-08-03,264,2.0,1.0,0,0.0,1.0
AnkiDroid/src/main/res/layout/permissions_starting_at_30.xml,1,1,1,2,1,1,2025-08-27,2025-08-27,240,2.0,1.0,0,0.0,1.0
AnkiDroid/src/main/res/layout/permissions_until_29.xml,1,1,1,2,1,1,2025-08-03,2025-08-03,264,2.0,1.0,0,0.0,1.0
AnkiDroid/src/main/res/menu/card_template_browser_appearance_editor.xml,1,1,1,2,1,1,2025-01-14,2025-01-14,465,2.0,1.0,0,0.0,1.0
AnkiDroid/src/main/res/menu/locale_dialog_search_bar.xml,1,1,1,2,1,1,2024-09-08,2024-09-08,593,2.0,1.0,0,0.0,1.0
AnkiDroid/src/main/res/values-af/05-feedback.xml,1,1,1,2,1,1,2024-10-23,2024-10-23,548,2.0,1.0,0,0.0,1.0
AnkiDroid/src/main/res/values-am/05-feedback.xml,1,1,1,2,1,1,2024-10-23,2024-10-23,548,2.0,1.0,0,0.0,1.0
AnkiDroid/src/main/res/values-bg/05-feedback.xml,1,1,1,2,1,1,2024-10-23,2024-10-23,548,2.0,1.0,0,0.0,1.0
AnkiDroid/src/main/res/values-ckb/05-feedback.xml,1,1,1,2,1,1,2024-10-23,2024-10-23,548,2.0,1.0,0,0.0,1.0
AnkiDroid/src/main/res/values-cs/20-search-preference.xml,1,1,1,2,1,1,2024-04-27,2024-04-27,727,2.0,1.0,0,0.0,1.0
AnkiDroid/src/main/res/values-de/05-feedback.xml,1,1,1,2,1,1,2024-10-23,2024-10-23,548,2.0,1.0,0,0.0,1.0
AnkiDroid/src/main/res/values-eo/05-feedback.xml,1,1,1,2,1,1,2024-10-23,2024-10-23,548,2.0,1.0,0,0.0,1.0
AnkiDroid/src/main/res/values-es-rAR/05-feedback.xml,1,1,1,2,1,1,2024-10-23,2024-10-23,548,2.0,1.0,0,0.0,1.0
AnkiDroid/src/main/res/values-es-rAR/20-search-preference.xml,1,1,1,2,1,1,2025-02-04,2025-02-04,444,2.0,1.0,0,0.0,1.0
AnkiDroid/src/main/res/values-eu/05-feedback.xml,1,1,1,2,1,1,2024-10-23,2024-10-23,548,2.0,1.0,0,0.0,1.0
AnkiDroid/src/main/res/values-fa/05-feedback.xml,1,1,1,2,1,1,2024-10-23,2024-10-23,548,2.0,1.0,0,0.0,1.0
AnkiDroid/src/main/res/values-fr/05-feedback.xml,1,1,1,2,1,1,2024-10-23,2024-10-23,548,2.0,1.0,0,0.0,1.0
AnkiDroid/src/main/res/values-fy/05-feedback.xml,1,1,1,2,1,1,2024-10-23,2024-10-23,548,2.0,1.0,0,0.0,1.0
AnkiDroid/src/main/res/values-ga/05-feedback.xml,1,1,1,2,1,1,2024-10-23,2024-10-23,548,2.0,1.0,0,0.0,1.0
AnkiDroid/src/main/res/values-heb/05-feedback.xml,1,1,1,2,1,1,2024-10-20,2024-10-20,551,2.0,1.0,0,0.0,1.0
AnkiDroid/src/main/res/values-hu/05-feedback.xml,1,1,1,2,1,1,2024-04-27,2024-04-27,727,2.0,1.0,0,0.0,1.0
AnkiDroid/src/main/res/values-hy/05-feedback.xml,1,1,1,2,1,1,2024-04-27,2024-04-27,727,2.0,1.0,0,0.0,1.0
AnkiDroid/src/main/res/values-it/20-search-preference.xml,1,1,1,2,1,1,2024-04-27,2024-04-27,727,2.0,1.0,0,0.0,1.0
AnkiDroid/src/main/res/values-ja/20-search-preference.xml,1,1,1,2,1,1,2024-04-27,2024-04-27,727,2.0,1.0,0,0.0,1.0
AnkiDroid/src/main/res/values-mr/05-feedback.xml,1,1,1,2,1,1,2024-07-30,2024-07-30,633,2.0,1.0,0,0.0,1.0
AnkiDroid/src/main/res/values-nl/05-feedback.xml,1,1,1,2,1,1,2024-04-27,2024-04-27,727,2.0,1.0,0,0.0,1.0
AnkiDroid/src/main/res/values-sat/05-feedback.xml,1,1,1,2,1,1,2024-12-02,2024-12-02,508,2.0,1.0,0,0.0,1.0
AnkiDroid/src/main/res/values-zh-rCN/05-feedback.xml,1,1,1,2,1,1,2025-05-10,2025-05-10,349,2.0,1.0,0,0.0,1.0
AnkiDroid/src/main/res/values/05-feedback.xml,1,1,1,2,1,1,2024-10-10,2024-10-10,561,2.0,1.0,1,1.0,1.0
AnkiDroid/src/main/res/values/disable-fullscreen-keyboard-highlight.xml,1,1,1,2,1,1,2024-05-11,2024-05-11,713,2.0,1.0,1,1.0,1.0
AnkiDroid/src/test/java/com/ichi2/anki/InitialActivityWithConflictTest.kt,1,1,1,2,1,1,2024-12-06,2024-12-06,504,2.0,1.0,1,1.0,1.0
AnkiDroid/src/test/java/com/ichi2/anki/cardviewer/TypeAnswerTest.kt,1,1,1,2,1,1,2025-12-13,2025-12-13,132,2.0,1.0,1,1.0,1.0
AnkiDroid/src/test/java/com/ichi2/compat/CreateDirectoriesTest.kt,1,1,1,2,1,1,2025-07-07,2025-07-07,291,2.0,1.0,0,0.0,1.0
AnkiDroid/src/test/java/com/ichi2/libanki/NoteWithColTest.kt,1,1,1,2,1,1,2025-03-13,2025-03-13,407,2.0,1.0,0,0.0,1.0
AnkiDroid/src/test/java/com/ichi2/libanki/PythonExtensionsTest.kt,1,1,1,2,1,1,2025-03-31,2025-03-31,389,2.0,1.0,0,0.0,1.0
AnkiDroid/src/test/java/com/ichi2/testutils/ProductionCollectionManager.kt,1,1,1,2,1,1,2025-07-21,2025-07-21,277,2.0,1.0,0,0.0,1.0
AnkiDroid/src/test/java/com/ichi2/testutils/rules/MockitoCollectionRule.kt,1,1,1,2,1,1,2025-07-05,2025-07-05,293,2.0,1.0,0,0.0,1.0
AnkiDroid/src/test/java/com/ichi2/utils/ResourceLoader.kt,1,1,1,2,1,1,2026-03-22,2026-03-22,33,2.0,1.0,0,0.0,1.0
common/android/src/main/java/com/ichi2/anki/common/crashreporting/CrashReportService.kt,1,1,1,2,1,1,2026-04-17,2026-04-17,7,2.0,1.0,0,0.0,1.0
common/android/src/main/java/com/ichi2/anki/common/utils/android/ColorUtils.kt,1,1,1,2,1,1,2026-04-13,2026-04-13,11,2.0,1.0,0,0.0,1.0
common/src/main/java/com/ichi2/anki/common/annotations/DuplicatedCode.kt,1,1,1,2,1,1,2025-06-18,2025-06-18,310,2.0,1.0,0,0.0,1.0
common/src/main/java/com/ichi2/anki/common/annotations/NeedsTest.kt,1,1,1,2,1,1,2025-06-18,2025-06-18,310,2.0,1.0,0,0.0,1.0
common/src/main/java/com/ichi2/anki/common/time/Time.kt,1,1,1,2,1,1,2025-05-10,2025-05-10,349,2.0,1.0,0,0.0,1.0
common/src/main/java/com/ichi2/anki/common/utils/annotation/KotlinCleanup.kt,1,1,1,2,1,1,2025-03-31,2025-03-31,389,2.0,1.0,0,0.0,1.0
common/src/testFixtures/java/com/ichi2/anki/TestUtils.kt,1,0,2,2,1,1,2026-04-07,2026-04-07,17,2.0,1.0,0,0.0,1.0
compat/src/main/java/com/ichi2/anki/compat/CompatV26.kt,1,1,1,2,1,1,2026-03-22,2026-03-22,33,2.0,1.0,0,0.0,1.0
compat/src/main/java/com/ichi2/anki/compat/CompatV28.kt,1,1,1,2,1,1,2026-03-22,2026-03-22,33,2.0,1.0,0,0.0,1.0
compat/src/main/java/com/ichi2/anki/compat/CompatV31.kt,1,1,1,2,1,1,2026-03-22,2026-03-22,33,2.0,1.0,0,0.0,1.0
compat/src/main/java/com/ichi2/anki/compat/CompatV34.kt,1,1,1,2,1,1,2026-03-22,2026-03-22,33,2.0,1.0,0,0.0,1.0
compat/src/main/java/com/ichi2/anki/compat/FileStream.kt,1,1,1,2,1,1,2026-03-22,2026-03-22,33,2.0,1.0,0,0.0,1.0
compat/src/main/java/com/ichi2/anki/compat/UtteranceProgressListenerCompat.kt,1,1,1,2,1,1,2026-03-22,2026-03-22,33,2.0,1.0,0,0.0,1.0
compat/src/main/java/com/ichi2/anki/compat/VibrationAttributesCompat.kt,1,1,1,2,1,1,2026-03-22,2026-03-22,33,2.0,1.0,0,0.0,1.0
compat/src/main/java/com/ichi2/compat/CompatHelper.kt,1,2,0,2,1,1,2026-03-22,2026-03-22,33,2.0,1.0,0,0.0,1.0
compat/src/test/java/com/ichi2/compat/CompatDeleteFileTest.kt,1,1,1,2,1,1,2026-04-07,2026-04-07,17,2.0,1.0,0,0.0,1.0
libanki/testutils/src/main/java/com/ichi2/anki/libanki/testutils/TestClass.kt,1,1,1,2,1,1,2025-07-07,2025-07-07,291,2.0,1.0,0,0.0,1.0
lint-rules/src/test/java/com/ichi2/anki/lint/rules/CopyrightHeaderExistsTest.kt,1,1,1,2,1,1,2025-07-05,2025-07-05,293,2.0,1.0,0,0.0,1.0
lint-rules/src/test/java/com/ichi2/anki/lint/rules/DuplicateCrowdInStringsTest.kt,1,1,1,2,1,1,2024-07-15,2024-07-15,648,2.0,1.0,0,0.0,1.0
libanki/src/main/java/com/ichi2/anki/libanki/sched/Ease.kt,2,1,0,1,2,2,2025-07-06,2025-07-28,270,0.5,0.5,0,0.0,1.0
.github/FUNDING.yml,1,1,0,1,1,1,2025-01-07,2025-01-07,472,1.0,1.0,0,0.0,1.0
AnkiDroid/src/androidTest/java/com/ichi2/anki/utils/KeyUtilsTest.kt,1,0,1,1,1,1,2024-12-09,2024-12-09,501,1.0,1.0,0,0.0,1.0
AnkiDroid/src/main/assets/mathjax/a11y/assistive-mml.js,1,0,1,1,1,1,2024-10-11,2024-10-11,560,1.0,1.0,0,0.0,1.0
AnkiDroid/src/main/assets/mathjax/a11y/complexity.js,1,0,1,1,1,1,2024-10-11,2024-10-11,560,1.0,1.0,0,0.0,1.0
AnkiDroid/src/main/assets/mathjax/a11y/explorer.js,1,0,1,1,1,1,2024-10-11,2024-10-11,560,1.0,1.0,0,0.0,1.0
AnkiDroid/src/main/assets/mathjax/a11y/semantic-enrich.js,1,0,1,1,1,1,2024-10-11,2024-10-11,560,1.0,1.0,0,0.0,1.0
AnkiDroid/src/main/assets/mathjax/input/tex/extensions/action.js,1,0,1,1,1,1,2024-10-11,2024-10-11,560,1.0,1.0,0,0.0,1.0
AnkiDroid/src/main/assets/mathjax/input/tex/extensions/ams.js,1,0,1,1,1,1,2024-10-11,2024-10-11,560,1.0,1.0,0,0.0,1.0
AnkiDroid/src/main/assets/mathjax/input/tex/extensions/amscd.js,1,0,1,1,1,1,2024-10-11,2024-10-11,560,1.0,1.0,0,0.0,1.0
AnkiDroid/src/main/assets/mathjax/input/tex/extensions/autoload.js,1,0,1,1,1,1,2024-10-11,2024-10-11,560,1.0,1.0,0,0.0,1.0
AnkiDroid/src/main/assets/mathjax/input/tex/extensions/bbox.js,1,0,1,1,1,1,2024-10-11,2024-10-11,560,1.0,1.0,0,0.0,1.0
AnkiDroid/src/main/assets/mathjax/input/tex/extensions/boldsymbol.js,1,0,1,1,1,1,2024-10-11,2024-10-11,560,1.0,1.0,0,0.0,1.0
AnkiDroid/src/main/assets/mathjax/input/tex/extensions/braket.js,1,0,1,1,1,1,2024-10-11,2024-10-11,560,1.0,1.0,0,0.0,1.0
AnkiDroid/src/main/assets/mathjax/input/tex/extensions/bussproofs.js,1,0,1,1,1,1,2024-10-11,2024-10-11,560,1.0,1.0,0,0.0,1.0
AnkiDroid/src/main/assets/mathjax/input/tex/extensions/cancel.js,1,0,1,1,1,1,2024-10-11,2024-10-11,560,1.0,1.0,0,0.0,1.0
AnkiDroid/src/main/assets/mathjax/input/tex/extensions/centernot.js,1,0,1,1,1,1,2024-10-11,2024-10-11,560,1.0,1.0,0,0.0,1.0
AnkiDroid/src/main/assets/mathjax/input/tex/extensions/color.js,1,0,1,1,1,1,2024-10-11,2024-10-11,560,1.0,1.0,0,0.0,1.0
AnkiDroid/src/main/assets/mathjax/input/tex/extensions/colortbl.js,1,0,1,1,1,1,2024-10-11,2024-10-11,560,1.0,1.0,0,0.0,1.0
AnkiDroid/src/main/assets/mathjax/input/tex/extensions/colorv2.js,1,0,1,1,1,1,2024-10-11,2024-10-11,560,1.0,1.0,0,0.0,1.0
AnkiDroid/src/main/assets/mathjax/input/tex/extensions/configmacros.js,1,0,1,1,1,1,2024-10-11,2024-10-11,560,1.0,1.0,0,0.0,1.0
AnkiDroid/src/main/assets/mathjax/input/tex/extensions/enclose.js,1,0,1,1,1,1,2024-10-11,2024-10-11,560,1.0,1.0,0,0.0,1.0
AnkiDroid/src/main/assets/mathjax/input/tex/extensions/extpfeil.js,1,0,1,1,1,1,2024-10-11,2024-10-11,560,1.0,1.0,0,0.0,1.0
AnkiDroid/src/main/assets/mathjax/input/tex/extensions/gensymb.js,1,0,1,1,1,1,2024-10-11,2024-10-11,560,1.0,1.0,0,0.0,1.0
AnkiDroid/src/main/assets/mathjax/input/tex/extensions/html.js,1,0,1,1,1,1,2024-10-11,2024-10-11,560,1.0,1.0,0,0.0,1.0
AnkiDroid/src/main/assets/mathjax/input/tex/extensions/mathtools.js,1,0,1,1,1,1,2024-10-11,2024-10-11,560,1.0,1.0,0,0.0,1.0
AnkiDroid/src/main/assets/mathjax/input/tex/extensions/newcommand.js,1,0,1,1,1,1,2024-10-11,2024-10-11,560,1.0,1.0,0,0.0,1.0
AnkiDroid/src/main/assets/mathjax/input/tex/extensions/noerrors.js,1,0,1,1,1,1,2024-10-11,2024-10-11,560,1.0,1.0,0,0.0,1.0
AnkiDroid/src/main/assets/mathjax/input/tex/extensions/noundefined.js,1,0,1,1,1,1,2024-10-11,2024-10-11,560,1.0,1.0,0,0.0,1.0
AnkiDroid/src/main/assets/mathjax/input/tex/extensions/physics.js,1,0,1,1,1,1,2024-10-11,2024-10-11,560,1.0,1.0,0,0.0,1.0
AnkiDroid/src/main/assets/mathjax/input/tex/extensions/require.js,1,0,1,1,1,1,2024-10-11,2024-10-11,560,1.0,1.0,0,0.0,1.0
AnkiDroid/src/main/assets/mathjax/input/tex/extensions/setoptions.js,1,0,1,1,1,1,2024-10-11,2024-10-11,560,1.0,1.0,0,0.0,1.0
AnkiDroid/src/main/assets/mathjax/input/tex/extensions/tagformat.js,1,0,1,1,1,1,2024-10-11,2024-10-11,560,1.0,1.0,0,0.0,1.0
AnkiDroid/src/main/assets/mathjax/input/tex/extensions/textcomp.js,1,0,1,1,1,1,2024-10-11,2024-10-11,560,1.0,1.0,0,0.0,1.0
AnkiDroid/src/main/assets/mathjax/input/tex/extensions/textmacros.js,1,0,1,1,1,1,2024-10-11,2024-10-11,560,1.0,1.0,0,0.0,1.0
AnkiDroid/src/main/assets/mathjax/input/tex/extensions/unicode.js,1,0,1,1,1,1,2024-10-11,2024-10-11,560,1.0,1.0,0,0.0,1.0
AnkiDroid/src/main/assets/mathjax/input/tex/extensions/upgreek.js,1,0,1,1,1,1,2024-10-11,2024-10-11,560,1.0,1.0,0,0.0,1.0
AnkiDroid/src/main/assets/mathjax/input/tex/extensions/verb.js,1,0,1,1,1,1,2024-10-11,2024-10-11,560,1.0,1.0,0,0.0,1.0
AnkiDroid/src/main/assets/mathjax/tex-chtml.js,1,0,1,1,1,1,2024-10-11,2024-10-11,560,1.0,1.0,0,0.0,1.0
AnkiDroid/src/main/java/com/ichi2/preferences/HtmlHelpPreference.kt,1,1,0,1,1,1,2025-07-11,2025-07-11,287,1.0,1.0,0,0.0,1.0
AnkiDroid/src/main/java/com/ichi2/ui/AnimationUtil.kt,1,1,0,1,1,1,2024-12-09,2024-12-09,501,1.0,1.0,0,0.0,1.0
AnkiDroid/src/main/java/com/ichi2/utils/JSON.kt,1,1,0,1,1,1,2024-12-09,2024-12-09,501,1.0,1.0,0,0.0,1.0
AnkiDroid/src/main/java/com/ichi2/utils/NetworkUtils.kt,1,0,1,1,1,1,2024-12-09,2024-12-09,501,1.0,1.0,0,0.0,1.0
AnkiDroid/src/main/res/drawable/ic_delete.xml,1,1,0,1,1,1,2025-08-12,2025-08-12,255,1.0,1.0,0,0.0,1.0
AnkiDroid/src/main/res/layout/multiline_spinner_item.xml,1,1,0,1,1,1,2025-07-24,2025-07-24,274,1.0,1.0,1,1.0,1.0
AnkiDroid/src/main/res/layout/navigation_drawer.xml,1,1,0,1,1,1,2024-10-07,2024-10-07,564,1.0,1.0,0,0.0,1.0
AnkiDroid/src/main/res/values-ro/09-backup.xml,1,1,0,1,1,1,2026-04-06,2026-04-06,18,1.0,1.0,0,0.0,1.0
AnkiDroid/src/main/res/values-sk/09-backup.xml,1,1,0,1,1,1,2026-04-06,2026-04-06,18,1.0,1.0,0,0.0,1.0
AnkiDroid/src/main/res/values-sl/09-backup.xml,1,1,0,1,1,1,2026-04-06,2026-04-06,18,1.0,1.0,0,0.0,1.0
AnkiDroid/src/main/res/values-sq/09-backup.xml,1,1,0,1,1,1,2026-04-06,2026-04-06,18,1.0,1.0,0,0.0,1.0
AnkiDroid/src/main/res/values-tgl/09-backup.xml,1,1,0,1,1,1,2026-04-06,2026-04-06,18,1.0,1.0,0,0.0,1.0
AnkiDroid/src/main/res/values-th/09-backup.xml,1,1,0,1,1,1,2026-04-06,2026-04-06,18,1.0,1.0,0,0.0,1.0
AnkiDroid/src/main/res/values-ti/09-backup.xml,1,1,0,1,1,1,2026-04-06,2026-04-06,18,1.0,1.0,0,0.0,1.0
AnkiDroid/src/main/res/values-tt/09-backup.xml,1,1,0,1,1,1,2026-04-06,2026-04-06,18,1.0,1.0,0,0.0,1.0
api/src/main/java/com/ichi2/anki/api/BasicModel.kt,1,1,0,1,1,1,2023-12-04,2023-12-04,872,1.0,1.0,0,0.0,1.0
common/.gitignore,1,1,0,1,1,1,2024-05-29,2024-05-29,695,1.0,1.0,0,0.0,1.0
compat/consumer-rules.pro,1,1,0,1,1,1,2026-03-22,2026-03-22,33,1.0,1.0,0,0.0,1.0
docs/graphics/logos/discord_logo_color.svg,1,1,0,1,1,1,2025-12-18,2025-12-18,127,1.0,1.0,0,0.0,1.0
fastlane/metadata/android/en-US/short_description.txt,1,1,0,1,1,1,2023-07-30,2023-07-30,999,1.0,1.0,0,0.0,1.0
fastlane/metadata/android/en-US/title.txt,1,1,0,1,1,1,2023-07-30,2023-07-30,999,1.0,1.0,0,0.0,1.0
libanki/.gitignore,1,1,0,1,1,1,2025-06-18,2025-06-18,310,1.0,1.0,0,0.0,1.0
lint-rules/src/test/java/com/ichi2/anki/lint/rules/VariableNamingDetectorTest.kt,1,1,0,1,1,1,2023-12-04,2023-12-04,872,1.0,1.0,0,0.0,1.0
testlib/.gitignore,1,0,1,1,1,1,2026-03-22,2026-03-22,33,1.0,1.0,0,0.0,1.0
vbpd/.gitignore,1,1,0,1,1,1,2025-10-27,2025-10-27,179,1.0,1.0,0,0.0,1.0
gradle/wrapper/gradle-wrapper.jar,8,0,0,0,3,8,2024-07-18,2026-03-10,45,0.0,0.5,0,0.0,0.0
fastlane/metadata/android/en-US/images/icon.png,3,0,0,0,1,2,2023-07-30,2024-07-14,649,0.0,1.0,0,0.0,0.0
AnkiDroid/src/main/res/drawable/widget_card_analysis_drawable.jpg,2,0,0,0,1,2,2024-08-27,2024-12-27,483,0.0,1.0,0,0.0,0.0
AnkiDroid/src/main/res/drawable/widget_deck_picker_drawable.jpg,2,0,0,0,1,2,2024-05-22,2024-12-27,483,0.0,1.0,0,0.0,0.0
tools/keeper-gradle-plugin.jar,2,0,0,0,1,2,2024-06-25,2024-06-29,664,0.0,1.0,0,0.0,0.0
AnkiDroid/src/androidTest/assets/initial_version_2_12_1_corrupt_regular.anki2,1,0,0,0,1,1,2025-12-30,2025-12-30,115,0.0,1.0,0,0.0,0.0
AnkiDroid/src/main/assets/fonts/freefont/FreeMono.ttf,1,0,0,0,1,1,2025-06-08,2025-06-08,320,0.0,1.0,0,0.0,0.0
AnkiDroid/src/main/assets/fonts/noto/NotoSansMono.ttf,1,0,0,0,1,1,2025-06-08,2025-06-08,320,0.0,1.0,0,0.0,0.0
AnkiDroid/src/main/assets/mathjax/output/chtml/fonts/woff-v2/MathJax_AMS-Regular.woff,1,0,0,0,1,1,2024-10-11,2024-10-11,560,0.0,1.0,0,0.0,0.0
AnkiDroid/src/main/assets/mathjax/output/chtml/fonts/woff-v2/MathJax_Calligraphic-Bold.woff,1,0,0,0,1,1,2024-10-11,2024-10-11,560,0.0,1.0,0,0.0,0.0
AnkiDroid/src/main/assets/mathjax/output/chtml/fonts/woff-v2/MathJax_Calligraphic-Regular.woff,1,0,0,0,1,1,2024-10-11,2024-10-11,560,0.0,1.0,0,0.0,0.0
AnkiDroid/src/main/assets/mathjax/output/chtml/fonts/woff-v2/MathJax_Fraktur-Bold.woff,1,0,0,0,1,1,2024-10-11,2024-10-11,560,0.0,1.0,0,0.0,0.0
AnkiDroid/src/main/assets/mathjax/output/chtml/fonts/woff-v2/MathJax_Fraktur-Regular.woff,1,0,0,0,1,1,2024-10-11,2024-10-11,560,0.0,1.0,0,0.0,0.0
AnkiDroid/src/main/assets/mathjax/output/chtml/fonts/woff-v2/MathJax_Main-Bold.woff,1,0,0,0,1,1,2024-10-11,2024-10-11,560,0.0,1.0,0,0.0,0.0
AnkiDroid/src/main/assets/mathjax/output/chtml/fonts/woff-v2/MathJax_Main-Italic.woff,1,0,0,0,1,1,2024-10-11,2024-10-11,560,0.0,1.0,0,0.0,0.0
AnkiDroid/src/main/assets/mathjax/output/chtml/fonts/woff-v2/MathJax_Main-Regular.woff,1,0,0,0,1,1,2024-10-11,2024-10-11,560,0.0,1.0,0,0.0,0.0
AnkiDroid/src/main/assets/mathjax/output/chtml/fonts/woff-v2/MathJax_Math-BoldItalic.woff,1,0,0,0,1,1,2024-10-11,2024-10-11,560,0.0,1.0,0,0.0,0.0
AnkiDroid/src/main/assets/mathjax/output/chtml/fonts/woff-v2/MathJax_Math-Italic.woff,1,0,0,0,1,1,2024-10-11,2024-10-11,560,0.0,1.0,0,0.0,0.0
AnkiDroid/src/main/assets/mathjax/output/chtml/fonts/woff-v2/MathJax_Math-Regular.woff,1,0,0,0,1,1,2024-10-11,2024-10-11,560,0.0,1.0,0,0.0,0.0
AnkiDroid/src/main/assets/mathjax/output/chtml/fonts/woff-v2/MathJax_SansSerif-Bold.woff,1,0,0,0,1,1,2024-10-11,2024-10-11,560,0.0,1.0,0,0.0,0.0
AnkiDroid/src/main/assets/mathjax/output/chtml/fonts/woff-v2/MathJax_SansSerif-Italic.woff,1,0,0,0,1,1,2024-10-11,2024-10-11,560,0.0,1.0,0,0.0,0.0
AnkiDroid/src/main/assets/mathjax/output/chtml/fonts/woff-v2/MathJax_SansSerif-Regular.woff,1,0,0,0,1,1,2024-10-11,2024-10-11,560,0.0,1.0,0,0.0,0.0
AnkiDroid/src/main/assets/mathjax/output/chtml/fonts/woff-v2/MathJax_Script-Regular.woff,1,0,0,0,1,1,2024-10-11,2024-10-11,560,0.0,1.0,0,0.0,0.0
AnkiDroid/src/main/assets/mathjax/output/chtml/fonts/woff-v2/MathJax_Size1-Regular.woff,1,0,0,0,1,1,2024-10-11,2024-10-11,560,0.0,1.0,0,0.0,0.0
AnkiDroid/src/main/assets/mathjax/output/chtml/fonts/woff-v2/MathJax_Size2-Regular.woff,1,0,0,0,1,1,2024-10-11,2024-10-11,560,0.0,1.0,0,0.0,0.0
AnkiDroid/src/main/assets/mathjax/output/chtml/fonts/woff-v2/MathJax_Size3-Regular.woff,1,0,0,0,1,1,2024-10-11,2024-10-11,560,0.0,1.0,0,0.0,0.0
AnkiDroid/src/main/assets/mathjax/output/chtml/fonts/woff-v2/MathJax_Size4-Regular.woff,1,0,0,0,1,1,2024-10-11,2024-10-11,560,0.0,1.0,0,0.0,0.0
AnkiDroid/src/main/assets/mathjax/output/chtml/fonts/woff-v2/MathJax_Typewriter-Regular.woff,1,0,0,0,1,1,2024-10-11,2024-10-11,560,0.0,1.0,0,0.0,0.0
AnkiDroid/src/main/assets/mathjax/output/chtml/fonts/woff-v2/MathJax_Vector-Bold.woff,1,0,0,0,1,1,2024-10-11,2024-10-11,560,0.0,1.0,0,0.0,0.0
AnkiDroid/src/main/assets/mathjax/output/chtml/fonts/woff-v2/MathJax_Vector-Regular.woff,1,0,0,0,1,1,2024-10-11,2024-10-11,560,0.0,1.0,0,0.0,0.0
AnkiDroid/src/main/assets/mathjax/output/chtml/fonts/woff-v2/MathJax_Zero.woff,1,0,0,0,1,1,2024-10-11,2024-10-11,560,0.0,1.0,0,0.0,0.0
AnkiDroid/src/main/java/com/ichi2/anki/utils/ext/Parcel.kt,1,0,0,0,1,1,2025-07-02,2025-07-02,296,0.0,1.0,0,0.0,0.0
AnkiDroid/src/main/res/drawable/ic_launcher_background.xml,1,0,0,0,1,1,2024-11-06,2024-11-06,534,0.0,1.0,0,0.0,0.0
AnkiDroid/src/main/res/drawable/ic_launcher_foreground.xml,1,0,0,0,1,1,2024-11-06,2024-11-06,534,0.0,1.0,0,0.0,0.0
AnkiDroid/src/main/res/drawable/ic_launcher_monochrome.xml,1,0,0,0,1,1,2024-11-06,2024-11-06,534,0.0,1.0,0,0.0,0.0
AnkiDroid/src/main/res/drawable/widget_add_note_drawable.png,1,0,0,0,1,1,2025-03-09,2025-03-09,411,0.0,1.0,0,0.0,0.0
AnkiDroid/src/main/res/drawable/widget_card_analysis_drawable.png,1,0,0,0,1,1,2024-12-27,2024-12-27,483,0.0,1.0,0,0.0,0.0
AnkiDroid/src/main/res/drawable/widget_deck_picker_drawable.png,1,0,0,0,1,1,2024-12-27,2024-12-27,483,0.0,1.0,0,0.0,0.0
AnkiDroid/src/main/res/drawable/widget_small_drawable.png,1,0,0,0,1,1,2025-03-09,2025-03-09,411,0.0,1.0,0,0.0,0.0
AnkiDroid/src/main/res/layout-sw600dp/activity_card_template_editor.xml,1,0,0,0,1,1,2026-03-23,2026-03-23,32,0.0,1.0,0,0.0,0.0
AnkiDroid/src/main/res/layout-sw600dp/card_browser.xml,1,0,0,0,1,1,2026-01-04,2026-01-04,110,0.0,1.0,0,0.0,0.0
AnkiDroid/src/main/res/layout-sw600dp/fragment_preferences.xml,1,0,0,0,1,1,2026-03-23,2026-03-23,32,0.0,1.0,0,0.0,0.0
AnkiDroid/src/main/res/layout-sw600dp/homescreen.xml,1,0,0,0,1,1,2026-01-04,2026-01-04,110,0.0,1.0,0,0.0,0.0
AnkiDroid/src/main/res/layout-sw600dp/note_editor.xml,1,0,0,0,1,1,2026-01-04,2026-01-04,110,0.0,1.0,0,0.0,0.0
AnkiDroid/src/main/res/layout-w340dp/fragment_set_due_date_range.xml,1,0,0,0,1,1,2026-03-23,2026-03-23,32,0.0,1.0,0,0.0,0.0
AnkiDroid/src/main/res/layout/activity_all_permissions_explanation.xml,1,0,0,0,1,1,2025-09-12,2025-09-12,224,0.0,1.0,0,0.0,0.0
AnkiDroid/src/main/res/layout/activity_card_browser_appearance.xml,1,0,0,0,1,1,2026-03-23,2026-03-23,32,0.0,1.0,0,0.0,0.0
AnkiDroid/src/main/res/layout/activity_card_browser_searchview.xml,1,0,0,0,1,1,2026-01-03,2026-01-03,111,0.0,1.0,0,0.0,0.0
AnkiDroid/src/main/res/layout/activity_card_template_editor.xml,1,0,0,0,1,1,2026-03-23,2026-03-23,32,0.0,1.0,0,0.0,0.0
AnkiDroid/src/main/res/layout/activity_info.xml,1,0,0,0,1,1,2026-03-23,2026-03-23,32,0.0,1.0,0,0.0,0.0
AnkiDroid/src/main/res/layout/activity_introduction.xml,1,0,0,0,1,1,2026-03-23,2026-03-23,32,0.0,1.0,0,0.0,0.0
AnkiDroid/src/main/res/layout/activity_navigation_drawer.xml,1,0,0,0,1,1,2026-03-23,2026-03-23,32,0.0,1.0,0,0.0,0.0
AnkiDroid/src/main/res/layout/activity_navigation_drawer_fullscreen.xml,1,0,0,0,1,1,2026-03-23,2026-03-23,32,0.0,1.0,0,0.0,0.0
AnkiDroid/src/main/res/layout/activity_note_type_field_editor.xml,1,0,0,0,1,1,2026-03-23,2026-03-23,32,0.0,1.0,0,0.0,0.0
AnkiDroid/src/main/res/layout/activity_permissions.xml,1,0,0,0,1,1,2025-09-10,2025-09-10,226,0.0,1.0,0,0.0,0.0
AnkiDroid/src/main/res/layout/activity_progress_bar.xml,1,0,0,0,1,1,2026-03-23,2026-03-23,32,0.0,1.0,0,0.0,0.0
AnkiDroid/src/main/res/layout/activity_reviewer.xml,1,0,0,0,1,1,2026-03-23,2026-03-23,32,0.0,1.0,0,0.0,0.0
AnkiDroid/src/main/res/layout/activity_reviewer_fullscreen_noanswers.xml,1,0,0,0,1,1,2026-03-23,2026-03-23,32,0.0,1.0,0,0.0,0.0
AnkiDroid/src/main/res/layout/activity_single_fragment.xml,1,0,0,0,1,1,2026-03-23,2026-03-23,32,0.0,1.0,0,0.0,0.0
AnkiDroid/src/main/res/layout/activity_study_options.xml,1,0,0,0,1,1,2026-03-23,2026-03-23,32,0.0,1.0,0,0.0,0.0
AnkiDroid/src/main/res/layout/dialog_add_edit_reminder.xml,1,0,0,0,1,1,2026-03-23,2026-03-23,32,0.0,1.0,0,0.0,0.0
AnkiDroid/src/main/res/layout/dialog_alert_dialog_checkbox.xml,1,0,0,0,1,1,2026-03-23,2026-03-23,32,0.0,1.0,0,0.0,0.0
AnkiDroid/src/main/res/layout/dialog_alert_dialog_title_with_help.xml,1,0,0,0,1,1,2026-03-23,2026-03-23,32,0.0,1.0,0,0.0,0.0
AnkiDroid/src/main/res/layout/dialog_browser_columns_selection.xml,1,0,0,0,1,1,2026-03-23,2026-03-23,32,0.0,1.0,0,0.0,0.0
AnkiDroid/src/main/res/layout/dialog_browser_options.xml,1,0,0,0,1,1,2026-01-03,2026-01-03,111,0.0,1.0,0,0.0,0.0
AnkiDroid/src/main/res/layout/dialog_change_note_type.xml,1,0,0,0,1,1,2026-03-23,2026-03-23,32,0.0,1.0,0,0.0,0.0
AnkiDroid/src/main/res/layout/dialog_control_preference.xml,1,0,0,0,1,1,2026-03-23,2026-03-23,32,0.0,1.0,0,0.0,0.0
AnkiDroid/src/main/res/layout/dialog_instant_editor.xml,1,0,0,0,1,1,2025-09-10,2025-09-10,226,0.0,1.0,0,0.0,0.0
AnkiDroid/src/main/res/layout/dialog_locale_selection.xml,1,0,0,0,1,1,2026-03-23,2026-03-23,32,0.0,1.0,0,0.0,0.0
AnkiDroid/src/main/res/layout/dialog_note_editor_toolbar_add_custom_item.xml,1,0,0,0,1,1,2026-03-23,2026-03-23,32,0.0,1.0,0,0.0,0.0
AnkiDroid/src/main/res/layout/dialog_note_editor_toolbar_edit_custom_item.xml,1,0,0,0,1,1,2026-03-23,2026-03-23,32,0.0,1.0,0,0.0,0.0
AnkiDroid/src/main/res/layout/dialog_rename_flag.xml,1,0,0,0,1,1,2026-03-23,2026-03-23,32,0.0,1.0,0,0.0,0.0
AnkiDroid/src/main/res/layout/fragment_about.xml,1,0,0,0,1,1,2026-03-23,2026-03-23,32,0.0,1.0,0,0.0,0.0
AnkiDroid/src/main/res/layout/fragment_bottomsheet_multimedia.xml,1,0,0,0,1,1,2026-03-23,2026-03-23,32,0.0,1.0,0,0.0,0.0
AnkiDroid/src/main/res/layout/fragment_card_browser.xml,1,0,0,0,1,1,2026-03-23,2026-03-23,32,0.0,1.0,0,0.0,0.0
AnkiDroid/src/main/res/layout/fragment_card_template_editor_template.xml,1,0,0,0,1,1,2026-03-23,2026-03-23,32,0.0,1.0,0,0.0,0.0
AnkiDroid/src/main/res/layout/fragment_check_pronunciation.xml,1,0,0,0,1,1,2026-03-23,2026-03-23,32,0.0,1.0,0,0.0,0.0
AnkiDroid/src/main/res/layout/fragment_drawing.xml,1,0,0,0,1,1,2026-03-23,2026-03-23,32,0.0,1.0,0,0.0,0.0
AnkiDroid/src/main/res/layout/fragment_internet_permission.xml,1,0,0,0,1,1,2026-03-23,2026-03-23,32,0.0,1.0,0,0.0,0.0
AnkiDroid/src/main/res/layout/fragment_introduction.xml,1,0,0,0,1,1,2026-03-23,2026-03-23,32,0.0,1.0,0,0.0,0.0
AnkiDroid/src/main/res/layout/fragment_my_account.xml,1,0,0,0,1,1,2026-03-23,2026-03-23,32,0.0,1.0,0,0.0,0.0
AnkiDroid/src/main/res/layout/fragment_my_account_logged_in.xml,1,0,0,0,1,1,2026-03-23,2026-03-23,32,0.0,1.0,0,0.0,0.0
AnkiDroid/src/main/res/layout/fragment_note_editor.xml,1,0,0,0,1,1,2026-03-23,2026-03-23,32,0.0,1.0,0,0.0,0.0
AnkiDroid/src/main/res/layout/fragment_notifications_permission.xml,1,0,0,0,1,1,2026-03-23,2026-03-23,32,0.0,1.0,0,0.0,0.0
AnkiDroid/src/main/res/layout/fragment_page.xml,1,0,0,0,1,1,2026-03-23,2026-03-23,32,0.0,1.0,0,0.0,0.0
AnkiDroid/src/main/res/layout/fragment_permissions_bottom_sheet.xml,1,0,0,0,1,1,2026-03-23,2026-03-23,32,0.0,1.0,0,0.0,0.0
AnkiDroid/src/main/res/layout/fragment_preferences.xml,1,0,0,0,1,1,2026-03-23,2026-03-23,32,0.0,1.0,0,0.0,0.0
AnkiDroid/src/main/res/layout/fragment_preferences_reviewer_menu.xml,1,0,0,0,1,1,2026-03-23,2026-03-23,32,0.0,1.0,0,0.0,0.0
AnkiDroid/src/main/res/layout/fragment_previewer.xml,1,0,0,0,1,1,2026-03-23,2026-03-23,32,0.0,1.0,0,0.0,0.0
AnkiDroid/src/main/res/layout/fragment_set_due_date_range.xml,1,0,0,0,1,1,2026-03-23,2026-03-23,32,0.0,1.0,0,0.0,0.0
AnkiDroid/src/main/res/layout/fragment_set_due_date_single.xml,1,0,0,0,1,1,2026-03-23,2026-03-23,32,0.0,1.0,0,0.0,0.0
AnkiDroid/src/main/res/layout/fragment_settings.xml,1,0,0,0,1,1,2025-09-11,2025-09-11,225,0.0,1.0,0,0.0,0.0
AnkiDroid/src/main/res/layout/fragment_study_options.xml,1,0,0,0,1,1,2026-03-23,2026-03-23,32,0.0,1.0,0,0.0,0.0
AnkiDroid/src/main/res/layout/fragment_template_previewer_container.xml,1,0,0,0,1,1,2025-09-11,2025-09-11,225,0.0,1.0,0,0.0,0.0
AnkiDroid/src/main/res/layout/include_anki_progress.xml,1,0,0,0,1,1,2026-03-22,2026-03-22,33,0.0,1.0,0,0.0,0.0
AnkiDroid/src/main/res/layout/include_browser_toolbar.xml,1,0,0,0,1,1,2026-03-22,2026-03-22,33,0.0,1.0,0,0.0,0.0
AnkiDroid/src/main/res/layout/include_card_template_editor_main.xml,1,0,0,0,1,1,2026-03-22,2026-03-22,33,0.0,1.0,0,0.0,0.0
AnkiDroid/src/main/res/layout/include_card_template_editor_top.xml,1,0,0,0,1,1,2026-03-22,2026-03-22,33,0.0,1.0,0,0.0,0.0
AnkiDroid/src/main/res/layout/include_reviewer_flashcard.xml,1,0,0,0,1,1,2026-03-22,2026-03-22,33,0.0,1.0,0,0.0,0.0
AnkiDroid/src/main/res/layout/include_reviewer_flashcard_fullscreen.xml,1,0,0,0,1,1,2026-03-23,2026-03-23,32,0.0,1.0,0,0.0,0.0
AnkiDroid/src/main/res/layout/include_reviewer_flashcard_fullscreen_noanswers.xml,1,0,0,0,1,1,2026-03-22,2026-03-22,33,0.0,1.0,0,0.0,0.0
AnkiDroid/src/main/res/layout/include_reviewer_mic_tool_bar.xml,1,0,0,0,1,1,2026-03-22,2026-03-22,33,0.0,1.0,0,0.0,0.0
AnkiDroid/src/main/res/layout/include_reviewer_whiteboard_editor.xml,1,0,0,0,1,1,2026-03-22,2026-03-22,33,0.0,1.0,0,0.0,0.0
AnkiDroid/src/main/res/layout/include_tags_dialog_title.xml,1,0,0,0,1,1,2026-03-22,2026-03-22,33,0.0,1.0,0,0.0,0.0
AnkiDroid/src/main/res/layout/include_toolbar.xml,1,0,0,0,1,1,2026-03-22,2026-03-22,33,0.0,1.0,0,0.0,0.0
AnkiDroid/src/main/res/layout/item_advanced_search.xml,1,0,0,0,1,1,2026-03-22,2026-03-22,33,0.0,1.0,0,0.0,0.0
AnkiDroid/src/main/res/layout/item_browser_columns_entry.xml,1,0,0,0,1,1,2026-03-22,2026-03-22,33,0.0,1.0,0,0.0,0.0
AnkiDroid/src/main/res/layout/item_browser_columns_heading.xml,1,0,0,0,1,1,2026-03-22,2026-03-22,33,0.0,1.0,0,0.0,0.0
AnkiDroid/src/main/res/layout/item_button_color_brush.xml,1,0,0,0,1,1,2026-03-22,2026-03-22,33,0.0,1.0,0,0.0,0.0
AnkiDroid/src/main/res/layout/item_card_browser.xml,1,0,0,0,1,1,2026-03-22,2026-03-22,33,0.0,1.0,0,0.0,0.0
AnkiDroid/src/main/res/layout/item_control_preference.xml,1,0,0,0,1,1,2026-03-22,2026-03-22,33,0.0,1.0,0,0.0,0.0
AnkiDroid/src/main/res/layout/item_deck.xml,1,0,0,0,1,1,2026-03-22,2026-03-22,33,0.0,1.0,0,0.0,0.0
AnkiDroid/src/main/res/layout/item_deck_picker_dialog.xml,1,0,0,0,1,1,2026-03-22,2026-03-22,33,0.0,1.0,0,0.0,0.0
AnkiDroid/src/main/res/layout/item_edit_flag.xml,1,0,0,0,1,1,2026-03-22,2026-03-22,33,0.0,1.0,0,0.0,0.0
AnkiDroid/src/main/res/layout/item_grade_now.xml,1,0,0,0,1,1,2026-03-22,2026-03-22,33,0.0,1.0,0,0.0,0.0
AnkiDroid/src/main/res/layout/item_insert_special_field.xml,1,0,0,0,1,1,2026-03-22,2026-03-22,33,0.0,1.0,0,0.0,0.0
AnkiDroid/src/main/res/layout/item_locale.xml,1,0,0,0,1,1,2026-03-22,2026-03-22,33,0.0,1.0,0,0.0,0.0
AnkiDroid/src/main/res/layout/item_material_dialog.xml,1,0,0,0,1,1,2026-03-22,2026-03-22,33,0.0,1.0,0,0.0,0.0
AnkiDroid/src/main/res/layout/item_multiline_spinner.xml,1,0,0,0,1,1,2026-03-22,2026-03-22,33,0.0,1.0,0,0.0,0.0
AnkiDroid/src/main/res/layout/item_reviewer_menu.xml,1,0,0,0,1,1,2026-03-22,2026-03-22,33,0.0,1.0,0,0.0,0.0
AnkiDroid/src/main/res/layout/item_reviewer_menu_display_type.xml,1,0,0,0,1,1,2026-03-22,2026-03-22,33,0.0,1.0,0,0.0,0.0
AnkiDroid/src/main/res/layout/item_saved_search.xml,1,0,0,0,1,1,2026-03-22,2026-03-22,33,0.0,1.0,0,0.0,0.0
AnkiDroid/src/main/res/layout/item_schedule_reminders.xml,1,0,0,0,1,1,2026-03-22,2026-03-22,33,0.0,1.0,0,0.0,0.0
AnkiDroid/src/main/res/layout/item_spinner_dropdown_with_radio.xml,1,0,0,0,1,1,2026-03-23,2026-03-23,32,0.0,1.0,0,0.0,0.0
AnkiDroid/src/main/res/layout/item_tag.xml,1,0,0,0,1,1,2026-03-22,2026-03-22,33,0.0,1.0,0,0.0,0.0
AnkiDroid/src/main/res/layout/item_tts_voice.xml,1,0,0,0,1,1,2026-03-22,2026-03-22,33,0.0,1.0,0,0.0,0.0
AnkiDroid/src/main/res/layout/item_widget_deck_config.xml,1,0,0,0,1,1,2026-03-22,2026-03-22,33,0.0,1.0,0,0.0,0.0
AnkiDroid/src/main/res/layout/page_image_occlusion.xml,1,0,0,0,1,1,2026-03-23,2026-03-23,32,0.0,1.0,0,0.0,0.0
AnkiDroid/src/main/res/layout/page_statistics.xml,1,0,0,0,1,1,2026-03-23,2026-03-23,32,0.0,1.0,0,0.0,0.0
AnkiDroid/src/main/res/layout/preference_controls_tab.xml,1,0,0,0,1,1,2026-03-23,2026-03-23,32,0.0,1.0,0,0.0,0.0
AnkiDroid/src/main/res/layout/preference_extended_category.xml,1,0,0,0,1,1,2026-03-23,2026-03-23,32,0.0,1.0,0,0.0,0.0
AnkiDroid/src/main/res/layout/view_axis_display.xml,1,0,0,0,1,1,2026-01-03,2026-01-03,111,0.0,1.0,0,0.0,0.0
AnkiDroid/src/main/res/layout/view_browser_column_cell.xml,1,0,0,0,1,1,2026-03-23,2026-03-23,32,0.0,1.0,0,0.0,0.0
AnkiDroid/src/main/res/layout/view_browser_column_heading.xml,1,0,0,0,1,1,2026-03-23,2026-03-23,32,0.0,1.0,0,0.0,0.0
AnkiDroid/src/main/res/layout/view_card_multimedia_editline.xml,1,0,0,0,1,1,2026-01-03,2026-01-03,111,0.0,1.0,0,0.0,0.0
AnkiDroid/src/main/res/layout/view_colorpicker_flag_bubble.xml,1,0,0,0,1,1,2026-03-23,2026-03-23,32,0.0,1.0,0,0.0,0.0
AnkiDroid/src/main/res/layout/view_gesture_display.xml,1,0,0,0,1,1,2026-01-03,2026-01-03,111,0.0,1.0,0,0.0,0.0
AnkiDroid/src/main/res/layout/view_instant_editor_field.xml,1,0,0,0,1,1,2026-03-23,2026-03-23,32,0.0,1.0,0,0.0,0.0
AnkiDroid/src/main/res/layout/view_navdrawer_header.xml,1,0,0,0,1,1,2026-03-23,2026-03-23,32,0.0,1.0,0,0.0,0.0
AnkiDroid/src/main/res/layout/view_note_editor_toolbar.xml,1,0,0,0,1,1,2026-03-23,2026-03-23,32,0.0,1.0,0,0.0,0.0
AnkiDroid/src/main/res/layout/view_permissions_item.xml,1,0,0,0,1,1,2026-01-03,2026-01-03,111,0.0,1.0,0,0.0,0.0
AnkiDroid/src/main/res/layout/view_resizing_divider_internal.xml,1,0,0,0,1,1,2026-03-23,2026-03-23,32,0.0,1.0,0,0.0,0.0
AnkiDroid/src/main/res/layout/view_sync_progress_layout.xml,1,0,0,0,1,1,2026-03-23,2026-03-23,32,0.0,1.0,0,0.0,0.0
AnkiDroid/src/main/res/layout/view_tab_layout_icon_on_end.xml,1,0,0,0,1,1,2026-03-23,2026-03-23,32,0.0,1.0,0,0.0,0.0
AnkiDroid/src/main/res/values-ts/09-backup.xml,1,0,0,0,1,1,2025-08-04,2025-08-04,263,0.0,1.0,0,0.0,0.0
AnkiDroid/src/test/java/com/ichi2/testutils/common/AnkiAssertTest.kt,1,0,0,0,1,1,2026-03-22,2026-03-22,33,0.0,1.0,0,0.0,0.0
AnkiDroid/src/testFixtures/java/com/ichi2/testutils/common/AnkiAssert.kt,1,0,0,0,1,1,2026-03-22,2026-03-22,33,0.0,1.0,0,0.0,0.0
AnkiDroid/src/testFixtures/java/com/ichi2/testutils/common/FailOnUnhandledExceptionRule.kt,1,0,0,0,1,1,2026-03-22,2026-03-22,33,0.0,1.0,0,0.0,0.0
AnkiDroid/src/testFixtures/java/com/ichi2/testutils/common/IgnoreFlakyTestsInCIRule.kt,1,0,0,0,1,1,2026-03-22,2026-03-22,33,0.0,1.0,0,0.0,0.0
common/android/consumer-rules.pro,1,0,0,0,1,1,2026-04-13,2026-04-13,11,0.0,1.0,0,0.0,0.0
common/android/proguard-rules.pro,1,0,0,0,1,1,2026-04-13,2026-04-13,11,0.0,1.0,0,0.0,0.0
common/android/src/main/java/com/ichi2/anki/common/utils/android/TestUtils.kt,1,0,0,0,1,1,2026-04-13,2026-04-13,11,0.0,1.0,0,0.0,0.0
common/android/src/main/java/com/ichi2/anki/common/utils/ext/Intent.kt,1,0,0,0,1,1,2026-04-13,2026-04-13,11,0.0,1.0,0,0.0,0.0
common/android/src/main/java/com/ichi2/anki/utils/android/ColorUtils.kt,1,0,0,0,1,1,2026-04-13,2026-04-13,11,0.0,1.0,0,0.0,0.0
common/consumer-rules.pro,1,0,0,0,1,1,2024-05-29,2024-05-29,695,0.0,1.0,0,0.0,0.0
common/src/testFixtures/java/com/ichi2/testutils/HamcrestUtils.kt,1,0,0,0,1,1,2026-04-07,2026-04-07,17,0.0,1.0,0,0.0,0.0
common/src/testFixtures/java/com/ichi2/utils/FileOperation.kt,1,0,0,0,1,1,2026-04-07,2026-04-07,17,0.0,1.0,0,0.0,0.0
compat/src/main/java/com/ichi2/compat/BaseCompat.kt,1,0,0,0,1,1,2026-03-22,2026-03-22,33,0.0,1.0,0,0.0,0.0
compat/src/main/java/com/ichi2/compat/Compat.kt,1,0,0,0,1,1,2026-03-22,2026-03-22,33,0.0,1.0,0,0.0,0.0
compat/src/main/java/com/ichi2/compat/CompatV26.kt,1,0,0,0,1,1,2026-03-22,2026-03-22,33,0.0,1.0,0,0.0,0.0
compat/src/main/java/com/ichi2/compat/CompatV28.kt,1,0,0,0,1,1,2026-03-22,2026-03-22,33,0.0,1.0,0,0.0,0.0
compat/src/main/java/com/ichi2/compat/CompatV29.kt,1,0,0,0,1,1,2026-03-22,2026-03-22,33,0.0,1.0,0,0.0,0.0
compat/src/main/java/com/ichi2/compat/CompatV31.kt,1,0,0,0,1,1,2026-03-22,2026-03-22,33,0.0,1.0,0,0.0,0.0
compat/src/main/java/com/ichi2/compat/CompatV33.kt,1,0,0,0,1,1,2026-03-22,2026-03-22,33,0.0,1.0,0,0.0,0.0
compat/src/main/java/com/ichi2/compat/CompatV34.kt,1,0,0,0,1,1,2026-03-22,2026-03-22,33,0.0,1.0,0,0.0,0.0
compat/src/main/java/com/ichi2/compat/FileStream.kt,1,0,0,0,1,1,2026-03-22,2026-03-22,33,0.0,1.0,0,0.0,0.0
compat/src/main/java/com/ichi2/compat/PackageManagerCompat.kt,1,0,0,0,1,1,2026-03-22,2026-03-22,33,0.0,1.0,0,0.0,0.0
compat/src/main/java/com/ichi2/compat/ResolveInfoCompat.kt,1,0,0,0,1,1,2026-03-22,2026-03-22,33,0.0,1.0,0,0.0,0.0
compat/src/main/java/com/ichi2/compat/UtteranceProgressListenerCompat.kt,1,0,0,0,1,1,2026-03-22,2026-03-22,33,0.0,1.0,0,0.0,0.0
compat/src/main/java/com/ichi2/compat/VibrationAttributesCompat.kt,1,0,0,0,1,1,2026-03-22,2026-03-22,33,0.0,1.0,0,0.0,0.0
compat/src/test/java/com/ichi2/compat/CompatCopyFileTest.kt,1,0,0,0,1,1,2026-04-07,2026-04-07,17,0.0,1.0,0,0.0,0.0
compat/src/test/java/com/ichi2/compat/CompatDirectoryContentTest.kt,1,0,0,0,1,1,2026-04-07,2026-04-07,17,0.0,1.0,0,0.0,0.0
compat/src/test/java/com/ichi2/compat/CreateDirectoriesTest.kt,1,0,0,0,1,1,2026-04-07,2026-04-07,17,0.0,1.0,0,0.0,0.0
compat/src/test/resources/path-traversal.zip,1,0,0,0,1,1,2026-04-07,2026-04-07,17,0.0,1.0,0,0.0,0.0
compat/src/testFixtures/java/com/ichi2/compat/Test21And26.kt,1,0,0,0,1,1,2026-04-07,2026-04-07,17,0.0,1.0,0,0.0,0.0
docs/graphics/logos/discord_logo_color.png,1,0,0,0,1,1,2025-12-18,2025-12-18,127,0.0,1.0,0,0.0,0.0
docs/graphics/logos/google-badge.png,1,0,0,0,1,1,2025-10-14,2025-10-14,192,0.0,1.0,0,0.0,0.0
docs/graphics/logos/twitter_logo.png,1,0,0,0,1,1,2024-05-17,2024-05-17,707,0.0,1.0,0,0.0,0.0
docs/graphics/logos/twitter_logo_color.png,1,0,0,0,1,1,2024-05-17,2024-05-17,707,0.0,1.0,0,0.0,0.0
docs/marketing/play_store/1.png,1,0,0,0,1,1,2026-02-21,2026-02-21,62,0.0,1.0,0,0.0,0.0
fastlane/metadata/android/en-US/images/featureGraphic.png,1,0,0,0,1,1,2023-07-30,2023-07-30,999,0.0,1.0,0,0.0,0.0
fastlane/metadata/android/en-US/images/phoneScreenshots/1.png,1,0,0,0,1,1,2023-07-30,2023-07-30,999,0.0,1.0,0,0.0,0.0
fastlane/metadata/android/en-US/images/phoneScreenshots/2.png,1,0,0,0,1,1,2023-07-30,2023-07-30,999,0.0,1.0,0,0.0,0.0
fastlane/metadata/android/en-US/images/phoneScreenshots/3.png,1,0,0,0,1,1,2023-07-30,2023-07-30,999,0.0,1.0,0,0.0,0.0
fastlane/metadata/android/en-US/images/phoneScreenshots/4.png,1,0,0,0,1,1,2023-07-30,2023-07-30,999,0.0,1.0,0,0.0,0.0
libanki/src/main/java/com/ichi2/anki/libanki/BrowserConfig.kt,1,0,0,0,1,1,2025-07-06,2025-07-06,292,0.0,1.0,0,0.0,0.0
libanki/src/main/java/com/ichi2/anki/libanki/Fields.kt,1,0,0,0,1,1,2025-07-06,2025-07-06,292,0.0,1.0,0,0.0,0.0
libanki/src/main/java/com/ichi2/anki/libanki/TemplateManager.kt,1,0,0,0,1,1,2025-07-06,2025-07-06,292,0.0,1.0,0,0.0,0.0
libanki/src/main/java/com/ichi2/anki/libanki/Tts.kt,1,0,0,0,1,1,2025-07-06,2025-07-06,292,0.0,1.0,0,0.0,0.0
libanki/src/main/java/com/ichi2/anki/libanki/backend/BackendUtils.kt,1,0,0,0,1,1,2025-07-06,2025-07-06,292,0.0,1.0,0,0.0,0.0
libanki/src/main/java/com/ichi2/anki/libanki/backend/model/NoteUtil.kt,1,0,0,0,1,1,2025-07-06,2025-07-06,292,0.0,1.0,0,0.0,0.0
libanki/src/main/java/com/ichi2/anki/libanki/exception/InvalidSearchException.kt,1,0,0,0,1,1,2025-07-06,2025-07-06,292,0.0,1.0,0,0.0,0.0
libanki/src/main/java/com/ichi2/anki/libanki/sched/Counts.kt,1,0,0,0,1,1,2025-07-06,2025-07-06,292,0.0,1.0,0,0.0,0.0
libanki/src/main/java/com/ichi2/anki/libanki/sched/DeckNode.kt,1,0,0,0,1,1,2025-07-06,2025-07-06,292,0.0,1.0,0,0.0,0.0
libanki/src/main/java/com/ichi2/anki/libanki/template/MathJax.kt,1,0,0,0,1,1,2025-07-06,2025-07-06,292,0.0,1.0,0,0.0,0.0
libanki/src/main/java/com/ichi2/anki/libanki/utils/NotInLibAnki.kt,1,0,0,0,1,1,2025-07-06,2025-07-06,292,0.0,1.0,0,0.0,0.0
libanki/src/test/java/com/ichi2/anki/libanki/NoteTest.kt,1,0,0,0,1,1,2025-07-07,2025-07-07,291,0.0,1.0,0,0.0,0.0
libanki/src/testFixtures/java/com/ichi2/anki/libanki/testutils/HtmlUtils.kt,1,0,0,0,1,1,2026-04-10,2026-04-10,14,0.0,1.0,0,0.0,0.0
libanki/src/testFixtures/java/com/ichi2/anki/libanki/testutils/InMemoryAnkiTest.kt,1,0,0,0,1,1,2026-04-10,2026-04-10,14,0.0,1.0,0,0.0,0.0
libanki/src/testFixtures/java/com/ichi2/anki/libanki/testutils/TestCollectionManager.kt,1,0,0,0,1,1,2026-04-10,2026-04-10,14,0.0,1.0,0,0.0,0.0
libanki/src/testFixtures/java/com/ichi2/anki/libanki/testutils/ext/Card.kt,1,0,0,0,1,1,2026-04-10,2026-04-10,14,0.0,1.0,0,0.0,0.0
libanki/src/testFixtures/java/com/ichi2/anki/libanki/testutils/ext/Collection.kt,1,0,0,0,1,1,2026-04-10,2026-04-10,14,0.0,1.0,0,0.0,0.0
tools/crashes-data-mining/database-model.mwb,1,0,0,0,1,1,2024-07-07,2024-07-07,656,0.0,1.0,0,0.0,0.0
tools/crashes-data-mining/report-about-android-versions.prpt,1,0,0,0,1,1,2024-07-07,2024-07-07,656,0.0,1.0,0,0.0,0.0
tools/crashes-data-mining/result.png,1,0,0,0,1,1,2024-07-07,2024-07-07,656,0.0,1.0,0,0.0,0.0
tools/fallback-release-keystore.jks,1,0,0,0,1,1,2025-02-16,2025-02-16,432,0.0,1.0,0,0.0,0.0
vbpd/consumer-rules.pro,1,0,0,0,1,1,2025-10-27,2025-10-27,179,0.0,1.0,0,0.0,0.0
vbpd/src/main/java/dev/androidbroadcast/vbpd/ActivityViewBindings.kt,1,0,0,0,1,1,2025-10-27,2025-10-27,179,0.0,1.0,0,0.0,0.0
vbpd/src/main/java/dev/androidbroadcast/vbpd/FragmentViewBindings.kt,1,0,0,0,1,1,2025-10-27,2025-10-27,179,0.0,1.0,0,0.0,0.0
vbpd/src/main/java/dev/androidbroadcast/vbpd/ViewBindingProperty.kt,1,0,0,0,1,1,2025-10-27,2025-10-27,179,0.0,1.0,0,0.0,0.0
vbpd/src/main/java/dev/androidbroadcast/vbpd/ViewGroupBindings.kt,1,0,0,0,1,1,2025-10-27,2025-10-27,179,0.0,1.0,0,0.0,0.0
vbpd/src/main/java/dev/androidbroadcast/vbpd/ViewHolderBindings.kt,1,0,0,0,1,1,2025-10-27,2025-10-27,179,0.0,1.0,0,0.0,0.0
vbpd/src/main/java/dev/androidbroadcast/vbpd/internal/VbpdUtils.kt,1,0,0,0,1,1,2025-10-27,2025-10-27,179,0.0,1.0,0,0.0,0.0
