file_path,commit_count,additions,deletions,total_churn,unique_contributors,active_days,first_commit_date,last_commit_date,days_since_last_touch,avg_churn_per_commit,ownership_concentration,bugfix_commit_count,bugfix_commit_ratio,churn_burstiness
tools/localization/yarn.lock,3,649,489,1138,1,3,2026-03-10,2026-04-15,9,379.3333333333333,1.0,0,0.0,0.9753954305799648
tools/localization/.yarn/releases/yarn-4.10.3.cjs,1,0,942,942,1,1,2026-03-10,2026-03-10,45,942.0,1.0,0,0.0,1.0
tools/localization/.yarn/releases/yarn-4.13.0.cjs,1,940,0,940,1,1,2026-03-10,2026-03-10,45,940.0,1.0,0,0.0,1.0
AnkiDroid/src/test/java/com/ichi2/anki/reviewreminders/ReviewRemindersDatabaseTest.kt,4,511,297,808,1,4,2026-01-30,2026-02-16,67,202.0,1.0,1,0.25,0.5767326732673267
AnkiDroid/src/androidTest/java/com/ichi2/anki/tests/ContentProviderTest.kt,3,743,0,743,1,3,2026-03-25,2026-04-18,6,247.66666666666666,1.0,0,0.0,0.4791386271870794
AnkiDroid/src/main/java/com/ichi2/anki/reviewreminders/ReviewRemindersDatabase.kt,6,297,238,535,2,6,2026-01-30,2026-04-17,7,89.16666666666667,0.8333333333333334,1,0.16666666666666666,0.48785046728971965
AnkiDroid/src/test/java/com/ichi2/anki/services/NotificationServiceTest.kt,3,201,265,466,1,3,2026-02-02,2026-04-12,12,155.33333333333334,1.0,1,0.3333333333333333,0.8090128755364807
AnkiDroid/src/main/java/com/ichi2/anki/browser/search/StandardSearchFragment.kt,9,401,57,458,1,5,2026-01-19,2026-03-12,43,50.888888888888886,1.0,0,0.0,0.24672489082969432
AnkiDroid/src/main/java/com/ichi2/anki/model/FieldFilters.kt,1,453,0,453,1,1,2026-03-20,2026-03-20,35,453.0,1.0,0,0.0,1.0
AnkiDroid/src/main/java/com/ichi2/anki/multiprofile/ProfileManager.kt,6,418,20,438,1,5,2025-12-20,2026-04-17,7,73.0,1.0,0,0.0,0.7100456621004566
AnkiDroid/src/main/java/com/ichi2/anki/tags/ManageTagsViewModel.kt,5,401,36,437,2,3,2026-03-25,2026-04-23,1,87.4,0.8,3,0.6,0.8215102974828375
AnkiDroid/src/test/java/com/ichi2/anki/tags/FlattenTreeTest.kt,2,418,1,419,1,2,2026-03-25,2026-04-20,4,209.5,1.0,0,0.0,0.9952267303102625
AnkiDroid/src/main/java/com/ichi2/anki/browser/search/CardBrowserSearchViewModel.kt,11,358,46,404,1,5,2026-01-21,2026-03-12,43,36.72727272727273,1.0,0,0.0,0.25495049504950495
AnkiDroid/src/test/java/com/ichi2/anki/tags/ManageTagsViewModelTest.kt,2,395,8,403,1,2,2026-03-25,2026-04-20,4,201.5,1.0,0,0.0,0.9602977667493796
AnkiDroid/src/main/java/com/ichi2/anki/browser/CardBrowserFragment.kt,20,309,84,393,2,11,2026-01-19,2026-04-12,12,19.65,0.95,1,0.05,0.2900763358778626
AnkiDroid/src/main/java/com/ichi2/anki/reviewreminders/ReminderTroubleshootingFragment.kt,3,383,2,385,1,1,2026-03-28,2026-03-28,27,128.33333333333334,1.0,0,0.0,0.43116883116883115
AnkiDroid/src/test/java/com/ichi2/anki/browser/search/CardBrowserSearchViewModelTest.kt,6,324,33,357,1,3,2026-01-21,2026-03-05,50,59.5,1.0,0,0.0,0.48179271708683474
AnkiDroid/src/main/java/com/ichi2/anki/DeckPicker.kt,20,105,221,326,6,10,2025-12-22,2026-04-18,6,16.3,0.6,7,0.35,0.27300613496932513
AnkiDroid/src/test/java/com/ichi2/anki/reviewreminders/ReminderTroubleshootingViewModelTest.kt,6,298,25,323,1,1,2026-03-28,2026-03-28,27,53.833333333333336,1.0,0,0.0,0.37770897832817335
AnkiDroid/src/main/java/com/ichi2/anki/analytics/AnalyticsConstants.kt,1,292,0,292,1,1,2026-04-08,2026-04-08,16,292.0,1.0,0,0.0,1.0
AnkiDroid/src/test/java/com/ichi2/anki/multiprofile/ProfileManagerTest.kt,4,278,12,290,1,4,2025-12-20,2026-04-09,15,72.5,1.0,0,0.0,0.603448275862069
AnkiDroid/src/main/java/com/ichi2/anki/ui/windows/reviewer/ReviewerViewModel.kt,4,161,124,285,1,3,2026-01-08,2026-04-23,1,71.25,1.0,2,0.5,0.8456140350877193
AnkiDroid/src/test/java/com/ichi2/anki/model/FieldFilterChainTest.kt,1,274,0,274,1,1,2026-03-20,2026-03-20,35,274.0,1.0,0,0.0,1.0
AnkiDroid/src/main/java/com/ichi2/anki/analytics/UsageAnalytics.kt,1,1,266,267,1,1,2026-04-08,2026-04-08,16,267.0,1.0,0,0.0,1.0
AnkiDroid/src/main/java/com/ichi2/anki/reviewreminders/ReminderTroubleshootingViewModel.kt,6,252,10,262,1,1,2026-03-28,2026-03-28,27,43.666666666666664,1.0,0,0.0,0.4389312977099237
AnkiDroid/src/test/java/com/ichi2/anki/services/AlarmManagerServiceTest.kt,2,223,37,260,1,2,2026-02-02,2026-02-16,67,130.0,1.0,0,0.0,0.9230769230769231
api/src/main/java/com/ichi2/anki/FlashCardsContract.kt,3,256,0,256,1,3,2026-03-25,2026-04-18,6,85.33333333333333,1.0,0,0.0,0.40625
AnkiDroid/src/main/java/com/ichi2/anki/reviewreminders/ScheduleReminders.kt,5,116,129,245,2,5,2026-02-02,2026-04-20,4,49.0,0.8,1,0.2,0.5142857142857142
AnkiDroid/src/main/res/layout/fragment_standard_search.xml,4,197,36,233,1,4,2026-01-19,2026-03-13,42,58.25,1.0,0,0.0,0.6824034334763949
AnkiDroid/src/test/java/com/ichi2/anki/browser/SortTypeTest.kt,1,207,0,207,1,1,2026-01-27,2026-01-27,87,207.0,1.0,0,0.0,1.0
AnkiDroid/src/test/java/com/ichi2/anki/recorder/AudioTimerTest.kt,1,193,0,193,1,1,2025-12-12,2025-12-12,133,193.0,1.0,0,0.0,1.0
common/android/src/main/java/com/ichi2/anki/CrashReportService.kt,1,192,0,192,1,1,2026-04-17,2026-04-17,7,192.0,1.0,0,0.0,1.0
AnkiDroid/src/main/java/com/ichi2/anki/browser/search/FlagsBottomSheetFragment.kt,1,190,0,190,1,1,2026-01-26,2026-01-26,88,190.0,1.0,0,0.0,1.0
AnkiDroid/src/main/java/com/ichi2/anki/deckpicker/DeckFilters.kt,1,190,0,190,1,1,2026-02-08,2026-02-08,75,190.0,1.0,0,0.0,1.0
AnkiDroid/src/main/java/com/ichi2/anki/reviewreminders/ReviewReminderSchema.kt,2,184,0,184,1,2,2026-02-02,2026-02-16,67,92.0,1.0,0,0.0,0.8641304347826086
AnkiDroid/src/main/java/com/ichi2/anki/browser/search/CardStateBottomSheetFragment.kt,2,164,17,181,1,1,2026-03-12,2026-03-12,43,90.5,1.0,0,0.0,0.8895027624309392
AnkiDroid/src/test/java/com/ichi2/anki/sync/MeteredSyncPolicyTest.kt,2,172,2,174,1,1,2026-04-07,2026-04-07,17,87.0,1.0,1,0.5,0.8390804597701149
AnkiDroid/src/test/java/com/ichi2/anki/deckpicker/DeckFiltersTest.kt,1,169,0,169,1,1,2026-02-08,2026-02-08,75,169.0,1.0,0,0.0,1.0
AnkiDroid/src/test/java/com/ichi2/anki/dialogs/CreateDeckDialogTest.kt,2,152,7,159,2,2,2026-04-06,2026-04-07,17,79.5,0.5,0,0.0,0.9119496855345912
AnkiDroid/src/test/java/com/ichi2/anki/reviewreminders/ReviewReminderTest.kt,1,159,0,159,1,1,2026-02-16,2026-02-16,67,159.0,1.0,0,0.0,1.0
AnkiDroid/src/test/java/com/ichi2/anki/CardBrowserTest.kt,12,136,22,158,2,9,2026-01-22,2026-04-10,14,13.166666666666666,0.9166666666666666,1,0.08333333333333333,0.24050632911392406
AnkiDroid/src/main/java/com/ichi2/anki/recorder/AudioTimer.kt,1,154,0,154,1,1,2025-12-12,2025-12-12,133,154.0,1.0,0,0.0,1.0
AnkiDroid/src/test/java/com/ichi2/anki/dialogs/ImportFileSelectionFragmentTest.kt,1,154,0,154,1,1,2026-04-08,2026-04-08,16,154.0,1.0,0,0.0,1.0
AnkiDroid/src/main/java/com/ichi2/anki/NoteEditorFragment.kt,6,105,47,152,5,6,2026-03-22,2026-04-22,2,25.333333333333332,0.3333333333333333,1,0.16666666666666666,0.48026315789473684
AnkiDroid/src/main/java/com/ichi2/anki/services/NotificationService.kt,5,102,50,152,2,5,2026-02-16,2026-04-20,4,30.4,0.6,4,0.8,0.5328947368421053
AnkiDroid/src/main/java/com/ichi2/anki/CoroutineHelpers.kt,10,109,42,151,3,5,2026-03-02,2026-04-17,7,15.1,0.8,5,0.5,0.23841059602649006
AnkiDroid/src/test/java/com/ichi2/anki/multiprofile/ProfileNameTest.kt,1,145,0,145,1,1,2026-04-09,2026-04-09,15,145.0,1.0,0,0.0,1.0
AnkiDroid/src/main/java/com/ichi2/ui/CollectionMediaImageGetter.kt,1,144,0,144,1,1,2025-12-25,2025-12-25,120,144.0,1.0,1,1.0,1.0
AnkiDroid/src/test/java/com/ichi2/anki/browser/search/StandardSearchFragmentTest.kt,3,109,34,143,1,3,2026-01-19,2026-03-05,50,47.666666666666664,1.0,0,0.0,0.5874125874125874
AnkiDroid/src/main/java/com/ichi2/anki/browser/search/AdvancedSearchFieldsTab.kt,1,143,0,143,1,1,2026-03-16,2026-03-16,39,143.0,1.0,0,0.0,1.0
AnkiDroid/src/test/java/com/ichi2/anki/multiprofile/ProfileSwitchGuardTest.kt,1,138,0,138,1,1,2026-04-04,2026-04-04,20,138.0,1.0,0,0.0,1.0
AnkiDroid/src/main/java/com/ichi2/anki/dialogs/FieldSelectionDialog.kt,1,136,0,136,1,1,2026-03-16,2026-03-16,39,136.0,1.0,0,0.0,1.0
build.gradle.kts,5,46,74,120,2,4,2025-11-04,2026-04-17,7,24.0,0.8,0,0.0,0.5583333333333333
AnkiDroid/src/main/java/com/ichi2/anki/reviewreminders/ReviewReminderGroup.kt,1,119,0,119,1,1,2026-02-02,2026-02-02,81,119.0,1.0,0,0.0,1.0
AnkiDroid/build.gradle,15,72,46,118,2,11,2025-11-04,2026-04-22,2,7.866666666666666,0.6666666666666666,0,0.0,0.4152542372881356
AnkiDroid/src/test/java/com/ichi2/anki/browser/SearchHistoryTest.kt,1,98,19,117,1,1,2026-01-21,2026-01-21,93,117.0,1.0,0,0.0,1.0
AnkiDroid/src/main/java/com/ichi2/anki/AcraCrashReporter.kt,2,51,65,116,1,1,2026-04-17,2026-04-17,7,58.0,1.0,0,0.0,0.9137931034482759
AnkiDroid/src/main/java/com/ichi2/anki/model/SortType.kt,2,112,4,116,1,1,2026-01-27,2026-01-27,87,58.0,1.0,0,0.0,0.8879310344827587
AnkiDroid/src/main/res/layout/fragment_reminder_troubleshooting.xml,2,109,2,111,1,1,2026-03-28,2026-03-28,27,55.5,1.0,0,0.0,0.8918918918918919
AnkiDroid/src/androidTest/java/com/ichi2/anki/dialogs/CollectionPathMismatchRecoveryTest.kt,1,100,0,100,1,1,2026-02-25,2026-02-25,58,100.0,1.0,0,0.0,1.0
AnkiDroid/src/main/java/com/ichi2/anki/multimedia/MultimediaResult.kt,1,98,0,98,1,1,2026-04-22,2026-04-22,2,98.0,1.0,0,0.0,1.0
AnkiDroid/src/main/java/com/ichi2/anki/tags/TagName.kt,2,95,2,97,1,2,2026-03-25,2026-04-20,4,48.5,1.0,1,0.5,0.865979381443299
AnkiDroid/src/main/java/com/ichi2/anki/multimedia/audio/AudioTimer.kt,1,0,96,96,1,1,2025-12-12,2025-12-12,133,96.0,1.0,0,0.0,1.0
AnkiDroid/src/main/java/com/ichi2/anki/dialogs/DeckPickerContextMenu.kt,2,68,26,94,1,1,2026-04-07,2026-04-07,17,47.0,1.0,0,0.0,0.6276595744680851
AnkiDroid/src/main/java/com/ichi2/anki/dialogs/ConfirmationDialog.kt,4,65,28,93,1,1,2026-03-24,2026-03-24,31,23.25,1.0,1,0.25,0.5698924731182796
AnkiDroid/src/test/java/com/ichi2/anki/DeckPickerTest.kt,4,66,26,92,2,3,2026-04-07,2026-04-18,6,23.0,0.75,2,0.5,0.43478260869565216
AnkiDroid/src/test/java/com/ichi2/anki/browser/CardBrowserViewModelTest.kt,3,85,7,92,1,2,2026-01-27,2026-04-19,5,30.666666666666668,1.0,1,0.3333333333333333,0.6739130434782609
AnkiDroid/src/main/res/layout/item_troubleshooting_check.xml,2,92,0,92,1,1,2026-03-28,2026-03-28,27,46.0,1.0,0,0.0,0.8152173913043478
AnkiDroid/src/main/java/com/ichi2/anki/browser/search/AdvancedSearchFragment.kt,3,77,13,90,1,1,2026-03-16,2026-03-16,39,30.0,1.0,1,0.3333333333333333,0.7333333333333333
AnkiDroid/src/main/java/com/ichi2/anki/ui/internationalization/SentenceCase.kt,3,89,0,89,2,3,2026-03-18,2026-04-06,18,29.666666666666668,0.6666666666666666,1,0.3333333333333333,0.449438202247191
AnkiDroid/src/main/java/com/ichi2/anki/browser/CardBrowserViewModel.kt,7,67,20,87,3,6,2026-01-22,2026-04-17,7,12.428571428571429,0.7142857142857143,1,0.14285714285714285,0.25287356321839083
AnkiDroid/jacoco.gradle,6,39,48,87,2,4,2025-11-04,2026-04-17,7,14.5,0.8333333333333334,0,0.0,0.41379310344827586
AnkiDroid/src/main/java/com/ichi2/anki/reviewreminders/ReminderTroubleshootingRepository.kt,5,86,0,86,1,1,2026-03-28,2026-03-28,27,17.2,1.0,0,0.0,0.4418604651162791
AnkiDroid/src/test/java/com/ichi2/anki/browser/CardBrowserFragmentTest.kt,2,84,2,86,1,2,2026-03-05,2026-03-12,43,43.0,1.0,0,0.0,0.9534883720930233
compat/src/main/java/com/ichi2/anki/compat/PackageManagerCompat.kt,2,67,19,86,1,2,2026-03-22,2026-04-19,5,43.0,1.0,1,0.5,0.9767441860465116
AnkiDroid/src/main/java/com/ichi2/anki/ui/windows/reviewer/whiteboard/WhiteboardView.kt,2,79,6,85,2,2,2026-03-21,2026-03-25,30,42.5,0.5,2,1.0,0.9411764705882353
AnkiDroid/src/test/java/com/ichi2/anki/NoteEditorTest.kt,2,84,1,85,2,2,2026-03-30,2026-04-18,6,42.5,0.5,0,0.0,0.7294117647058823
buildSrc/src/main/kotlin/com/ichi2/anki/gradle/TestSummaryService.kt,1,85,0,85,1,1,2026-04-17,2026-04-17,7,85.0,1.0,0,0.0,1.0
AnkiDroid/src/main/java/com/ichi2/anki/deckpicker/BackgroundImage.kt,1,84,0,84,1,1,2026-04-08,2026-04-08,16,84.0,1.0,0,0.0,1.0
AnkiDroid/src/main/res/layout/view_saved_search_item.xml,1,82,0,82,1,1,2026-01-19,2026-01-19,95,82.0,1.0,0,0.0,1.0
common/build.gradle.kts,5,25,56,81,2,3,2025-11-04,2026-04-13,11,16.2,0.8,0,0.0,0.7283950617283951
AnkiDroid/src/main/java/com/ichi2/anki/multiprofile/ProfileSwitchGuard.kt,1,81,0,81,1,1,2026-04-04,2026-04-04,20,81.0,1.0,0,0.0,1.0
libanki/testutils/build.gradle.kts,1,0,81,81,1,1,2026-04-10,2026-04-10,14,81.0,1.0,0,0.0,1.0
AnkiDroid/src/main/java/com/ichi2/anki/multimedia/audio/AudioRecordingController.kt,2,48,32,80,2,2,2025-12-12,2026-03-22,33,40.0,0.5,0,0.0,0.925
AnkiDroid/src/main/java/com/ichi2/anki/sync/MeteredSyncPolicy.kt,3,76,3,79,1,1,2026-04-07,2026-04-07,17,26.333333333333332,1.0,1,0.3333333333333333,0.4430379746835443
AnkiDroid/src/main/java/com/ichi2/anki/multiprofile/ProfileName.kt,1,79,0,79,1,1,2026-04-09,2026-04-09,15,79.0,1.0,0,0.0,1.0
AnkiDroid/src/main/res/values-ru/02-strings.xml,5,41,36,77,1,4,2026-04-06,2026-04-23,1,15.4,1.0,0,0.0,0.8571428571428571
AnkiDroid/src/main/res/layout/item_browser_filter_bottom_sheet.xml,1,77,0,77,1,1,2026-03-12,2026-03-12,43,77.0,1.0,0,0.0,1.0
AnkiDroid/src/test/java/com/ichi2/anki/utils/ext/StateFlowLifecycleCollectionTest.kt,1,76,0,76,1,1,2026-03-09,2026-03-09,46,76.0,1.0,0,0.0,1.0
AnkiDroid/src/main/java/com/ichi2/anki/instantnoteeditor/InstantEditorViewModel.kt,2,38,37,75,1,2,2026-03-16,2026-04-05,19,37.5,1.0,1,0.5,0.8133333333333334
compat/build.gradle.kts,4,66,8,74,2,3,2025-11-04,2026-04-07,17,18.5,0.75,0,0.0,0.6486486486486487
AnkiDroid/src/main/java/com/ichi2/anki/deckpicker/DeckPickerViewModel.kt,3,54,17,71,2,2,2026-02-08,2026-04-07,17,23.666666666666668,0.6666666666666666,0,0.0,0.7887323943661971
AnkiDroid/src/test/java/com/ichi2/anki/ui/internationalization/SentenceCaseTest.kt,4,40,30,70,2,4,2026-03-18,2026-04-14,10,17.5,0.75,1,0.25,0.8285714285714286
common/android/build.gradle.kts,2,70,0,70,1,1,2026-04-13,2026-04-13,11,35.0,1.0,0,0.0,0.9
AnkiDroid/src/test/java/com/ichi2/anki/widget/DeckAdapterTest.kt,2,60,9,69,2,2,2026-02-08,2026-04-10,14,34.5,0.5,0,0.0,0.8405797101449275
AnkiDroid/src/main/java/com/ichi2/anki/contextmenu/DeckPickerMenuContentProvider.kt,3,44,24,68,1,1,2026-04-07,2026-04-07,17,22.666666666666668,1.0,0,0.0,0.5147058823529411
AnkiDroid/src/main/java/com/ichi2/utils/AlertDialogFacade.kt,2,51,17,68,1,2,2026-03-24,2026-04-19,5,34.0,1.0,1,0.5,0.9705882352941176
buildSrc/src/main/kotlin/com/ichi2/anki/gradle/ReportOpener.kt,2,65,3,68,1,1,2026-04-17,2026-04-17,7,34.0,1.0,1,0.5,0.9117647058823529
testlib/build.gradle.kts,1,0,68,68,1,1,2026-03-22,2026-03-22,33,68.0,1.0,0,0.0,1.0
AnkiDroid/src/main/res/values-pt-rBR/02-strings.xml,5,36,31,67,1,5,2026-04-06,2026-04-23,1,13.4,1.0,0,0.0,0.835820895522388
AnkiDroid/src/main/java/com/ichi2/anki/services/AlarmManagerService.kt,4,59,7,66,2,4,2026-02-02,2026-04-20,4,16.5,0.75,2,0.5,0.7424242424242424
AnkiDroid/src/test/java/com/ichi2/anki/tags/ManageTagsTestUtils.kt,3,57,9,66,1,2,2026-03-25,2026-04-20,4,22.0,1.0,1,0.3333333333333333,0.696969696969697
AnkiDroid/src/main/java/com/ichi2/anki/ui/windows/reviewer/whiteboard/WhiteboardViewModel.kt,1,46,18,64,1,1,2026-03-25,2026-03-25,30,64.0,1.0,1,1.0,1.0
AnkiDroid/src/main/res/values-be/02-strings.xml,6,33,30,63,1,5,2026-04-06,2026-04-23,1,10.5,1.0,0,0.0,0.5714285714285714
AnkiDroid/src/main/java/com/ichi2/preferences/VersatileTextPreference.kt,1,45,16,61,1,1,2026-04-06,2026-04-06,18,61.0,1.0,0,0.0,1.0
AnkiDroid/src/main/java/com/ichi2/anki/CardBrowser.kt,3,28,32,60,3,3,2026-01-22,2026-03-30,25,20.0,0.3333333333333333,1,0.3333333333333333,0.7666666666666667
AnkiDroid/src/test/java/com/ichi2/anki/multiprofile/ProfileIdTest.kt,1,60,0,60,1,1,2026-03-21,2026-03-21,34,60.0,1.0,0,0.0,1.0
AnkiDroid/src/main/java/com/ichi2/anki/dialogs/DatabaseErrorDialog.kt,4,46,13,59,3,4,2026-02-25,2026-04-10,14,14.75,0.5,1,0.25,0.576271186440678
buildSrc/src/main/kotlin/com/ichi2/anki/gradle/GitHubActionsTestListener.kt,1,59,0,59,1,1,2026-04-17,2026-04-17,7,59.0,1.0,0,0.0,1.0
AnkiDroid/src/test/java/com/ichi2/anki/dialogs/DeckSelectionDialogTest.kt,1,58,0,58,1,1,2026-02-22,2026-02-22,61,58.0,1.0,1,1.0,1.0
AnkiDroid/src/main/res/values-it/02-strings.xml,5,31,26,57,1,5,2026-04-06,2026-04-23,1,11.4,1.0,0,0.0,0.8070175438596491
AnkiDroid/src/main/res/values-ja/02-strings.xml,5,31,26,57,1,5,2026-04-06,2026-04-23,1,11.4,1.0,0,0.0,0.8070175438596491
AnkiDroid/src/main/res/layout/fragment_card_browser_searchview.xml,6,43,12,55,1,4,2026-01-19,2026-03-13,42,9.166666666666666,1.0,0,0.0,0.23636363636363636
AnkiDroid/src/main/java/com/ichi2/widget/deckpicker/DeckPickerWidgetConfig.kt,2,29,26,55,2,2,2026-02-22,2026-04-17,7,27.5,0.5,2,1.0,0.7454545454545455
AnkiDroid/src/test/java/com/ichi2/anki/ui/windows/reviewer/audiorecord/CheckPronunciationViewModelTest.kt,2,45,10,55,1,1,2026-04-22,2026-04-22,2,27.5,1.0,1,0.5,0.6181818181818182
AnkiDroid/src/test/java/com/ichi2/anki/libanki/DeckNodeTest.kt,1,52,3,55,1,1,2026-02-08,2026-02-08,75,55.0,1.0,0,0.0,1.0
AnkiDroid/src/main/res/values-it/10-preferences.xml,2,27,27,54,1,2,2026-04-08,2026-04-09,15,27.0,1.0,0,0.0,0.9629629629629629
AnkiDroid/src/test/java/com/ichi2/anki/instanteditor/InstantEditorViewModelTest.kt,2,47,6,53,1,2,2026-03-16,2026-04-05,19,26.5,1.0,1,0.5,0.7735849056603774
compat/src/main/java/com/ichi2/anki/compat/ResolveInfoCompat.kt,2,40,13,53,1,2,2026-03-22,2026-04-19,5,26.5,1.0,1,0.5,0.9622641509433962
AnkiDroid/src/test/java/com/ichi2/anki/recorder/AudioRecorderTest.kt,3,51,1,52,2,3,2026-03-06,2026-04-14,10,17.333333333333332,0.6666666666666666,1,0.3333333333333333,0.9038461538461539
AnkiDroid/src/main/assets/scripts/ankidroid-reviewer.js,2,43,9,52,1,1,2026-04-22,2026-04-22,2,26.0,1.0,2,1.0,0.7115384615384616
AnkiDroid/src/main/java/com/ichi2/utils/BitmapUtil.kt,2,50,1,51,2,2,2025-12-25,2026-04-17,7,25.5,0.5,1,0.5,0.9607843137254902
AnkiDroid/src/main/res/layout/view_search_history_item.xml,1,51,0,51,1,1,2026-01-19,2026-01-19,95,51.0,1.0,0,0.0,1.0
AnkiDroid/src/main/res/values-nl/03-dialogs.xml,2,24,26,50,1,2,2026-04-06,2026-04-15,9,25.0,1.0,0,0.0,0.88
AnkiDroid/src/main/java/com/ichi2/widget/WidgetAlarm.kt,1,50,0,50,1,1,2026-03-23,2026-03-23,32,50.0,1.0,1,1.0,1.0
AnkiDroid/src/main/java/com/ichi2/anki/model/ResultType.kt,1,49,0,49,1,1,2026-03-16,2026-03-16,39,49.0,1.0,0,0.0,1.0
AnkiDroid/src/main/java/com/ichi2/anki/dialogs/ImportFileSelectionFragment.kt,3,28,19,47,1,1,2026-04-08,2026-04-08,16,15.666666666666666,1.0,0,0.0,0.6808510638297872
AnkiDroid/src/main/java/com/ichi2/anki/dialogs/SavedBrowserSearchesDialogFragment.kt,2,46,1,47,1,2,2026-01-21,2026-03-22,33,23.5,1.0,0,0.0,0.9574468085106383
AnkiDroid/src/main/java/com/ichi2/anki/dialogs/DeckSelectionDialog.kt,2,37,9,46,2,2,2026-02-08,2026-02-22,61,23.0,0.5,1,0.5,0.717391304347826
AnkiDroid/src/main/java/com/ichi2/anki/utils/ext/ImageView.kt,2,42,4,46,1,1,2026-04-08,2026-04-08,16,23.0,1.0,1,0.5,0.6956521739130435
AnkiDroid/src/test/java/com/ichi2/widget/WidgetAlarmTest.kt,1,46,0,46,1,1,2026-03-23,2026-03-23,32,46.0,1.0,1,1.0,1.0
AnkiDroid/src/test/java/com/ichi2/utils/ImportUtilsTest.kt,1,45,0,45,1,1,2026-04-20,2026-04-20,4,45.0,1.0,0,0.0,1.0
common/android/src/test/java/com/ichi2/anki/common/utils/android/ColorUtilsTest.kt,1,45,0,45,1,1,2026-04-13,2026-04-13,11,45.0,1.0,0,0.0,1.0
AnkiDroid/src/main/java/com/ichi2/anki/CardTemplateEditor.kt,7,35,9,44,2,5,2026-03-15,2026-04-21,3,6.285714285714286,0.8571428571428571,0,0.0,0.25
AnkiDroid/robolectricDownloader.gradle,2,17,27,44,2,2,2026-01-17,2026-04-17,7,22.0,0.5,0,0.0,0.7272727272727273
AnkiDroid/src/main/java/com/ichi2/anki/android/AnkiBroadcastReceiver.kt,1,44,0,44,1,1,2026-04-17,2026-04-17,7,44.0,1.0,1,1.0,1.0
AnkiDroid/src/main/java/com/ichi2/anki/browser/BrowserColumnKey.kt,1,44,0,44,1,1,2026-01-27,2026-01-27,87,44.0,1.0,0,0.0,1.0
AnkiDroid/src/main/java/com/ichi2/anki/notetype/CardTypeName.kt,1,43,0,43,1,1,2026-03-15,2026-03-15,40,43.0,1.0,0,0.0,1.0
AnkiDroid/src/test/java/com/ichi2/anki/CardTemplateEditorTest.kt,1,43,0,43,1,1,2026-04-21,2026-04-21,3,43.0,1.0,0,0.0,1.0
AnkiDroid/src/androidTest/java/com/ichi2/anki/tests/ACRATest.kt,2,23,19,42,1,1,2026-04-17,2026-04-17,7,21.0,1.0,0,0.0,0.8095238095238095
AnkiDroid/src/main/java/com/ichi2/anki/recorder/AudioRecorder.kt,2,33,7,40,2,2,2026-03-06,2026-03-22,33,20.0,0.5,1,0.5,0.95
AnkiDroid/src/main/res/values-ru/03-dialogs.xml,2,19,21,40,1,1,2026-04-06,2026-04-06,18,20.0,1.0,0,0.0,0.85
AnkiDroid/src/main/java/com/ichi2/anki/browser/ColumnWithSample.kt,1,14,26,40,1,1,2026-04-19,2026-04-19,5,40.0,1.0,1,1.0,1.0
AnkiDroid/src/test/java/com/ichi2/anki/browser/BrowserColumnKeyTest.kt,1,40,0,40,1,1,2026-01-27,2026-01-27,87,40.0,1.0,0,0.0,1.0
AnkiDroid/src/test/java/com/ichi2/testutils/ext/ReviewRemindersDatabase.kt,1,40,0,40,1,1,2026-02-16,2026-02-16,67,40.0,1.0,0,0.0,1.0
common/README.md,1,10,30,40,1,1,2026-04-13,2026-04-13,11,40.0,1.0,0,0.0,1.0
gradle/libs.versions.toml,6,23,16,39,4,6,2025-11-04,2026-04-19,5,6.5,0.5,0,0.0,0.5128205128205128
AnkiDroid/src/main/res/values-uk/02-strings.xml,5,22,17,39,1,5,2026-04-06,2026-04-23,1,7.8,1.0,0,0.0,0.717948717948718
AnkiDroid/src/main/java/com/ichi2/anki/reviewreminders/ReviewReminder.kt,2,37,1,38,1,2,2026-01-30,2026-02-16,67,19.0,1.0,1,0.5,0.9473684210526315
AnkiDroid/src/main/java/com/ichi2/anki/preferences/profiles/SwitchProfilesFragment.kt,1,38,0,38,1,1,2026-04-05,2026-04-05,19,38.0,1.0,0,0.0,1.0
libanki/src/testFixtures/java/com/ichi2/anki/libanki/testutils/AnkiTest.kt,2,37,0,37,2,2,2026-02-16,2026-04-10,14,18.5,0.5,0,0.0,1.0
AnkiDroid/src/main/java/com/ichi2/anki/utils/ext/Chip.kt,2,36,0,36,1,2,2026-01-22,2026-03-13,42,18.0,1.0,0,0.0,0.9166666666666666
AnkiDroid/src/test/java/com/ichi2/anki/EmptyApplicationCategory.kt,1,36,0,36,1,1,2026-04-14,2026-04-14,10,36.0,1.0,0,0.0,1.0
compat/src/main/java/com/ichi2/anki/compat/DirectoryCompat.kt,1,36,0,36,1,1,2026-03-22,2026-03-22,33,36.0,1.0,0,0.0,1.0
AnkiDroid/src/main/res/values-nl/02-strings.xml,5,20,15,35,1,5,2026-04-06,2026-04-23,1,7.0,1.0,0,0.0,0.6857142857142857
AnkiDroid/src/main/java/com/ichi2/anki/multimedia/MultimediaImageFragment.kt,2,5,30,35,2,2,2026-03-22,2026-04-22,2,17.5,0.5,0,0.0,0.9428571428571428
AnkiDroid/src/main/java/com/ichi2/anki/multiprofile/ProfileRestrictedDirectory.kt,1,35,0,35,1,1,2025-12-20,2025-12-20,125,35.0,1.0,0,0.0,1.0
AnkiDroid/src/main/res/values-uk/03-dialogs.xml,2,16,18,34,1,2,2026-04-06,2026-04-19,5,17.0,1.0,0,0.0,0.8235294117647058
AnkiDroid/src/main/java/com/ichi2/anki/android/back/ExitViaDoubleTapBackBackPressCallback.kt,1,32,2,34,1,1,2026-04-22,2026-04-22,2,34.0,1.0,1,1.0,1.0
AnkiDroid/src/main/java/com/ichi2/anki/utils/ext/BundleUtils.kt,1,34,0,34,1,1,2026-03-16,2026-03-16,39,34.0,1.0,0,0.0,1.0
AnkiDroid/src/main/java/com/ichi2/anki/AnkiDroidApp.kt,6,20,13,33,3,5,2026-03-22,2026-04-17,7,5.5,0.5,2,0.3333333333333333,0.48484848484848486
AnkiDroid/src/main/res/values-hy/01-core.xml,2,17,16,33,1,2,2026-04-04,2026-04-15,9,16.5,1.0,0,0.0,0.9696969696969697
AnkiDroid/src/main/java/com/ichi2/utils/LanguageUtil.kt,3,30,2,32,1,2,2026-03-22,2026-04-15,9,10.666666666666666,1.0,1,0.3333333333333333,0.8125
AnkiDroid/src/main/res/values-ja/03-dialogs.xml,2,15,17,32,1,2,2026-04-06,2026-04-19,5,16.0,1.0,0,0.0,0.8125
.github/workflows/update-gradle-wrapper.yml,1,0,32,32,1,1,2026-03-10,2026-03-10,45,32.0,1.0,0,0.0,1.0
AnkiDroid/src/main/java/com/ichi2/preferences/ReviewerControlPreference.kt,2,27,4,31,1,2,2026-04-09,2026-04-15,9,15.5,1.0,2,1.0,0.6451612903225806
AnkiDroid/src/main/java/com/ichi2/anki/dialogs/SaveBrowserSearchDialogFragment.kt,1,31,0,31,1,1,2026-01-21,2026-01-21,93,31.0,1.0,0,0.0,1.0
.github/workflows/sync_translations.yml,2,28,2,30,2,2,2026-03-10,2026-04-16,8,15.0,0.5,0,0.0,0.9333333333333333
tools/localization/package.json,2,15,15,30,1,2,2026-03-10,2026-04-12,12,15.0,1.0,0,0.0,0.9333333333333333
AnkiDroid/src/main/res/values-hy/02-strings.xml,5,17,12,29,1,5,2026-04-06,2026-04-23,1,5.8,1.0,0,0.0,0.6206896551724138
AnkiDroid/src/main/java/com/ichi2/anki/notetype/RenameCardTypeDialog.kt,4,22,6,28,1,2,2026-03-15,2026-03-24,31,7.0,1.0,2,0.5,0.7857142857142857
AnkiDroid/src/main/java/com/ichi2/anki/provider/CardContentProvider.kt,4,27,1,28,2,4,2026-03-25,2026-04-18,6,7.0,0.75,0,0.0,0.5714285714285714
AnkiDroid/src/main/java/com/ichi2/anki/account/LoginViewModel.kt,1,14,14,28,1,1,2026-04-05,2026-04-05,19,28.0,1.0,0,0.0,1.0
AnkiDroid/src/main/java/com/ichi2/anki/exception/MediaSizeLimitExceededException.kt,1,28,0,28,1,1,2026-03-29,2026-03-29,26,28.0,1.0,0,0.0,1.0
AnkiDroid/src/main/java/com/ichi2/anki/previewer/PreviewerViewModel.kt,1,15,13,28,1,1,2026-04-06,2026-04-06,18,28.0,1.0,1,1.0,1.0
AnkiDroid/src/main/res/layout/fragment_bottom_sheet_list.xml,1,27,0,27,1,1,2026-03-12,2026-03-12,43,27.0,1.0,0,0.0,1.0
AnkiDroid/src/main/java/com/ichi2/anki/StudyOptionsFragment.kt,3,22,4,26,3,3,2025-12-25,2026-04-17,7,8.666666666666666,0.3333333333333333,1,0.3333333333333333,0.8076923076923077
AnkiDroid/src/main/java/com/ichi2/anki/multimedia/AudioVideoFragment.kt,3,5,21,26,2,3,2026-03-22,2026-04-22,2,8.666666666666666,0.6666666666666666,0,0.0,0.7692307692307693
AnkiDroid/src/main/res/values-ind/03-dialogs.xml,2,12,14,26,1,2,2026-04-04,2026-04-06,18,13.0,1.0,0,0.0,0.7692307692307693
AnkiDroid/src/main/java/com/ichi2/anki/deckpicker/DisplayDeckNode.kt,1,5,21,26,1,1,2026-02-08,2026-02-08,75,26.0,1.0,0,0.0,1.0
AnkiDroid/src/main/java/com/ichi2/anki/ui/windows/reviewer/audiorecord/AudioPlayer.kt,1,25,1,26,1,1,2026-04-22,2026-04-22,2,26.0,1.0,1,1.0,1.0
AnkiDroid/src/main/java/com/ichi2/anki/ui/windows/reviewer/audiorecord/CheckPronunciationViewModel.kt,2,19,6,25,1,1,2026-04-22,2026-04-22,2,12.5,1.0,1,0.5,0.56
common/android/README.md,2,20,5,25,1,1,2026-04-13,2026-04-13,11,12.5,1.0,0,0.0,0.76
libanki/build.gradle.kts,2,15,10,25,2,2,2025-11-04,2026-04-10,14,12.5,0.5,0,0.0,0.56
buildSrc/settings.gradle.kts,1,25,0,25,1,1,2026-04-17,2026-04-17,7,25.0,1.0,0,0.0,1.0
AnkiDroid/src/main/res/values-be/03-dialogs.xml,3,11,13,24,1,3,2026-04-06,2026-04-12,12,8.0,1.0,0,0.0,0.5
AnkiDroid/src/main/res/menu/card_browser_multiselect.xml,2,13,11,24,1,2,2026-04-06,2026-04-10,14,12.0,1.0,1,0.5,0.9166666666666666
AnkiDroid/src/main/res/values-fr/03-dialogs.xml,2,11,13,24,1,2,2026-04-06,2026-04-19,5,12.0,1.0,0,0.0,0.75
AnkiDroid/src/main/res/values-ru/10-preferences.xml,2,12,12,24,1,2,2026-04-06,2026-04-09,15,12.0,1.0,0,0.0,0.9166666666666666
AnkiDroid/src/main/res/layout/dialog_versatile_text_preference.xml,1,24,0,24,1,1,2026-04-06,2026-04-06,18,24.0,1.0,0,0.0,1.0
AnkiDroid/src/test/java/com/ichi2/anki/scheduling/SetDueDateDialogTest.kt,1,24,0,24,1,1,2026-04-09,2026-04-09,15,24.0,1.0,0,0.0,1.0
AnkiDroid/src/main/res/values-zh-rCN/02-strings.xml,7,14,9,23,1,6,2026-04-04,2026-04-23,1,3.2857142857142856,1.0,0,0.0,0.2608695652173913
AnkiDroid/src/main/res/values-ru/01-core.xml,2,12,11,23,1,2,2026-04-04,2026-04-06,18,11.5,1.0,0,0.0,0.9565217391304348
AnkiDroid/src/test/java/com/ichi2/anki/browser/search/SearchRequestTest.kt,2,13,10,23,1,2,2026-01-21,2026-04-14,10,11.5,1.0,0,0.0,0.8695652173913043
AnkiDroid/src/main/java/com/ichi2/anki/utils/ext/Fragment.kt,1,23,0,23,1,1,2026-03-28,2026-03-28,27,23.0,1.0,0,0.0,1.0
.github/workflows/compare_apk_size.yml,2,12,10,22,2,2,2026-03-10,2026-04-19,5,11.0,0.5,1,0.5,0.5454545454545454
AnkiDroid/src/main/java/com/ichi2/anki/ui/windows/reviewer/ReviewerFragment.kt,2,17,5,22,2,1,2026-04-22,2026-04-22,2,11.0,0.5,2,1.0,0.7727272727272727
AnkiDroid/src/main/java/com/ichi2/anki/workarounds/SafeWebViewLayout.kt,2,21,1,22,2,2,2026-04-08,2026-04-17,7,11.0,0.5,0,0.0,0.9090909090909091
AnkiDroid/src/main/res/values-it/03-dialogs.xml,2,10,12,22,1,2,2026-04-06,2026-04-08,16,11.0,1.0,0,0.0,0.7272727272727273
AnkiDroid/src/main/res/values-pt-rBR/03-dialogs.xml,2,10,12,22,1,2,2026-04-06,2026-04-19,5,11.0,1.0,0,0.0,0.7272727272727273
api/build.gradle.kts,2,9,13,22,2,2,2025-11-04,2026-04-19,5,11.0,0.5,0,0.0,0.8636363636363636
AnkiDroid/src/main/res/values-fr/02-strings.xml,6,13,8,21,1,5,2026-04-06,2026-04-23,1,3.5,1.0,0,0.0,0.38095238095238093
AnkiDroid/src/main/res/values-ar/02-strings.xml,5,13,8,21,1,4,2026-04-06,2026-04-23,1,4.2,1.0,0,0.0,0.47619047619047616
AnkiDroid/src/main/res/values-gl/02-strings.xml,5,13,8,21,1,4,2026-04-06,2026-04-23,1,4.2,1.0,0,0.0,0.47619047619047616
AnkiDroid/src/main/res/values-tr/02-strings.xml,5,13,8,21,1,5,2026-04-06,2026-04-23,1,4.2,1.0,0,0.0,0.47619047619047616
.github/workflows/tests_unit.yml,2,16,4,20,2,2,2026-03-10,2026-04-14,10,10.0,0.5,0,0.0,0.5
AnkiDroid/src/main/res/values-ind/08-widget.xml,1,10,10,20,1,1,2026-04-04,2026-04-04,20,20.0,1.0,0,0.0,1.0
AnkiDroid/src/main/java/com/ichi2/anki/Sync.kt,5,12,7,19,1,2,2026-03-02,2026-04-06,18,3.8,1.0,2,0.4,0.2631578947368421
AnkiDroid/src/main/res/values-uz/02-strings.xml,5,12,7,19,1,5,2026-04-06,2026-04-23,1,3.8,1.0,0,0.0,0.42105263157894735
AnkiDroid/src/main/java/com/ichi2/anki/SharedDecksDownloadFragment.kt,3,10,8,18,2,2,2026-03-22,2026-04-17,7,6.0,0.6666666666666666,1,0.3333333333333333,0.7222222222222222
common/src/main/java/com/ichi2/anki/model/Directory.kt,1,0,18,18,1,1,2026-03-22,2026-03-22,33,18.0,1.0,0,0.0,1.0
AnkiDroid/src/main/res/values-eo/02-strings.xml,5,11,6,17,1,4,2026-04-06,2026-04-23,1,3.4,1.0,0,0.0,0.35294117647058826
AnkiDroid/src/main/res/values-be/01-core.xml,3,9,8,17,1,3,2026-04-04,2026-04-12,12,5.666666666666667,1.0,0,0.0,0.5882352941176471
gradle.properties,3,14,3,17,2,3,2025-11-04,2026-04-17,7,5.666666666666667,0.6666666666666666,0,0.0,0.5294117647058824
compat/src/main/java/com/ichi2/anki/compat/Compat.kt,2,16,1,17,2,2,2026-03-22,2026-04-22,2,8.5,0.5,1,0.5,0.8823529411764706
tools/release.sh,2,11,6,17,2,2,2026-04-17,2026-04-22,2,8.5,0.5,0,0.0,0.6470588235294118
AnkiDroid/src/main/java/com/ichi2/anki/multiprofile/ProfileId.kt,1,17,0,17,1,1,2025-12-20,2025-12-20,125,17.0,1.0,0,0.0,1.0
settings.gradle.kts,4,13,3,16,1,3,2026-03-22,2026-04-13,11,4.0,1.0,0,0.0,0.75
AnkiDroid/src/main/java/com/ichi2/compat/customtabs/CustomTabsHelper.kt,3,8,8,16,2,3,2026-03-22,2026-04-19,5,5.333333333333333,0.6666666666666666,1,0.3333333333333333,0.625
AnkiDroid/src/test/java/com/ichi2/anki/previewer/PreviewerViewModelTest.kt,3,11,5,16,1,2,2026-04-06,2026-04-10,14,5.333333333333333,1.0,2,0.6666666666666666,0.5625
AnkiDroid/src/main/res/values-gl/03-dialogs.xml,2,7,9,16,1,2,2026-04-06,2026-04-12,12,8.0,1.0,0,0.0,0.625
AnkiDroid/src/main/java/com/ichi2/anki/multimedia/MultimediaViewModel.kt,1,8,8,16,1,1,2026-04-05,2026-04-05,19,16.0,1.0,0,0.0,1.0
AnkiDroid/src/main/res/values-be/11-arrays.xml,1,8,8,16,1,1,2026-04-12,2026-04-12,12,16.0,1.0,0,0.0,1.0
AnkiDroid/src/main/res/values-it/16-multimedia-editor.xml,1,8,8,16,1,1,2026-04-08,2026-04-08,16,16.0,1.0,0,0.0,1.0
AnkiDroid/src/test/java/com/ichi2/testutils/EmptyApplication.kt,1,16,0,16,1,1,2026-04-14,2026-04-14,10,16.0,1.0,0,0.0,1.0
AnkiDroid/src/main/res/values-gl/17-model-manager.xml,3,9,6,15,1,3,2026-04-12,2026-04-22,2,5.0,1.0,0,0.0,0.4
AnkiDroid/src/main/res/values-zh-rCN/17-model-manager.xml,3,9,6,15,1,3,2026-04-04,2026-04-22,2,5.0,1.0,0,0.0,0.4
AnkiDroid/src/main/res/values-it/17-model-manager.xml,2,9,6,15,1,2,2026-04-08,2026-04-19,5,7.5,1.0,0,0.0,0.6666666666666666
AnkiDroid/src/main/java/com/ichi2/anki/DatabaseCheck.kt,1,9,6,15,1,1,2026-03-02,2026-03-02,53,15.0,1.0,0,0.0,1.0
AnkiDroid/src/main/java/com/ichi2/anki/servicelayer/NoteService.kt,1,15,0,15,1,1,2026-03-29,2026-03-29,26,15.0,1.0,0,0.0,1.0
AnkiDroid/src/test/java/com/ichi2/anki/ui/windows/reviewer/AnswerTimerTest.kt,1,15,0,15,1,1,2026-04-22,2026-04-22,2,15.0,1.0,1,1.0,1.0
buildSrc/build.gradle.kts,1,15,0,15,1,1,2026-04-17,2026-04-17,7,15.0,1.0,0,0.0,1.0
AnkiDroid/src/main/res/values-zh-rCN/03-dialogs.xml,3,6,8,14,1,3,2026-04-04,2026-04-08,16,4.666666666666667,1.0,0,0.0,0.42857142857142855
AnkiDroid/src/main/java/com/ichi2/anki/multimedia/AudioRecordingFragment.kt,2,2,12,14,1,2,2026-04-17,2026-04-22,2,7.0,1.0,0,0.0,0.8571428571428571
AnkiDroid/src/main/java/com/ichi2/utils/AdaptionUtil.kt,2,7,7,14,1,2,2026-03-22,2026-04-19,5,7.0,1.0,1,0.5,0.7142857142857143
AnkiDroid/src/androidTest/java/com/ichi2/testutils/common/DO_NOT_EDIT_HERE.txt,1,0,14,14,1,1,2026-03-22,2026-03-22,33,14.0,1.0,0,0.0,1.0
AnkiDroid/src/main/java/com/ichi2/anki/utils/ext/View.kt,1,14,0,14,1,1,2026-03-28,2026-03-28,27,14.0,1.0,0,0.0,1.0
AnkiDroid/src/main/java/com/ichi2/widget/WidgetUtils.kt,1,14,0,14,1,1,2026-03-23,2026-03-23,32,14.0,1.0,1,1.0,1.0
AnkiDroid/src/main/res/drawable/ic_cancel_24.xml,1,14,0,14,1,1,2026-03-28,2026-03-28,27,14.0,1.0,0,0.0,1.0
AnkiDroid/src/main/res/drawable/ic_card_state_default.xml,1,14,0,14,1,1,2026-03-12,2026-03-12,43,14.0,1.0,0,0.0,1.0
AnkiDroid/src/main/res/drawable/ic_check_circle_24.xml,1,14,0,14,1,1,2026-03-28,2026-03-28,27,14.0,1.0,0,0.0,1.0
buildSrc/README.md,1,14,0,14,1,1,2026-04-17,2026-04-17,7,14.0,1.0,0,0.0,1.0
AnkiDroid/src/main/res/values/02-strings.xml,5,10,3,13,5,4,2026-03-18,2026-04-22,2,2.6,0.2,1,0.2,0.3076923076923077
AnkiDroid/src/main/res/values-ja/17-model-manager.xml,3,8,5,13,1,2,2026-04-19,2026-04-22,2,4.333333333333333,1.0,0,0.0,0.38461538461538464
AnkiDroid/src/main/java/com/ichi2/anki/DayRolloverHandler.kt,2,7,6,13,2,1,2026-04-17,2026-04-17,7,6.5,0.5,1,0.5,0.9230769230769231
AnkiDroid/src/main/java/com/ichi2/anki/analytics/AnkiDroidCrashReportDialog.kt,2,7,6,13,1,1,2026-04-17,2026-04-17,7,6.5,1.0,0,0.0,0.6923076923076923
AnkiDroid/src/main/java/com/ichi2/anki/preferences/SettingsFragment.kt,2,7,6,13,1,2,2026-04-05,2026-04-08,16,6.5,1.0,1,0.5,0.6923076923076923
AnkiDroid/src/main/java/com/ichi2/anki/ui/windows/reviewer/audiorecord/AudioRecordView.kt,2,11,2,13,2,2,2026-03-22,2026-04-22,2,6.5,0.5,1,0.5,0.6923076923076923
AnkiDroid/src/main/res/values-uk/17-model-manager.xml,2,8,5,13,1,1,2026-04-19,2026-04-19,5,6.5,1.0,0,0.0,0.6153846153846154
common/src/testFixtures/java/com/ichi2/testutils/FileSystemUtils.kt,2,7,6,13,1,2,2026-04-07,2026-04-13,11,6.5,1.0,0,0.0,0.7692307692307693
AnkiDroid/src/main/java/com/ichi2/anki/CrashReportService.kt,2,11,1,12,2,2,2026-04-15,2026-04-17,7,6.0,0.5,1,0.5,0.8333333333333334
AnkiDroid/src/main/java/com/ichi2/anki/dialogs/SyncErrorDialog.kt,2,7,5,12,2,2,2026-03-18,2026-03-20,35,6.0,0.5,1,0.5,0.5
AnkiDroid/src/main/res/menu-xlarge/deck_picker.xml,2,10,2,12,2,2,2026-03-18,2026-04-01,23,6.0,0.5,1,0.5,0.5
AnkiDroid/src/main/res/menu/deck_picker.xml,2,10,2,12,2,2,2026-03-18,2026-04-01,23,6.0,0.5,1,0.5,0.5
AnkiDroid/src/main/res/values-gl/10-preferences.xml,2,6,6,12,1,2,2026-04-09,2026-04-12,12,6.0,1.0,0,0.0,0.8333333333333334
AnkiDroid/src/main/java/com/ichi2/anki/NotificationChannels.kt,1,7,5,12,1,1,2026-04-21,2026-04-21,3,12.0,1.0,1,1.0,1.0
AnkiDroid/src/main/java/com/ichi2/widget/cardanalysis/CardAnalysisWidgetConfig.kt,1,6,6,12,1,1,2026-04-17,2026-04-17,7,12.0,1.0,1,1.0,1.0
libanki/src/main/java/com/ichi2/anki/libanki/Card.kt,1,8,4,12,1,1,2026-04-18,2026-04-18,6,12.0,1.0,0,0.0,1.0
libanki/src/main/java/com/ichi2/anki/libanki/Tags.kt,1,10,2,12,1,1,2026-03-25,2026-03-25,30,12.0,1.0,0,0.0,1.0
AnkiDroid/src/main/res/values-af/02-strings.xml,4,8,3,11,1,4,2026-04-06,2026-04-23,1,2.75,1.0,0,0.0,0.45454545454545453
AnkiDroid/src/main/res/values-am/02-strings.xml,4,8,3,11,1,4,2026-04-06,2026-04-23,1,2.75,1.0,0,0.0,0.45454545454545453
AnkiDroid/src/main/res/values-az/02-strings.xml,4,8,3,11,1,4,2026-04-06,2026-04-23,1,2.75,1.0,0,0.0,0.45454545454545453
AnkiDroid/src/main/res/values-bg/02-strings.xml,4,8,3,11,1,4,2026-04-06,2026-04-23,1,2.75,1.0,0,0.0,0.45454545454545453
AnkiDroid/src/main/res/values-bn/02-strings.xml,4,8,3,11,1,4,2026-04-06,2026-04-23,1,2.75,1.0,0,0.0,0.45454545454545453
AnkiDroid/src/main/res/values-ca/02-strings.xml,4,8,3,11,1,4,2026-04-06,2026-04-23,1,2.75,1.0,0,0.0,0.45454545454545453
AnkiDroid/src/main/res/values-ckb/02-strings.xml,4,8,3,11,1,4,2026-04-06,2026-04-23,1,2.75,1.0,0,0.0,0.45454545454545453
AnkiDroid/src/main/res/values-cs/02-strings.xml,4,8,3,11,1,4,2026-04-06,2026-04-23,1,2.75,1.0,0,0.0,0.45454545454545453
AnkiDroid/src/main/res/values-da/02-strings.xml,4,8,3,11,1,4,2026-04-06,2026-04-23,1,2.75,1.0,0,0.0,0.45454545454545453
AnkiDroid/src/main/res/values-de/02-strings.xml,4,8,3,11,1,4,2026-04-06,2026-04-23,1,2.75,1.0,0,0.0,0.45454545454545453
AnkiDroid/src/main/res/values-el/02-strings.xml,4,8,3,11,1,4,2026-04-06,2026-04-23,1,2.75,1.0,0,0.0,0.45454545454545453
AnkiDroid/src/main/res/values-es-rAR/02-strings.xml,4,8,3,11,1,4,2026-04-06,2026-04-23,1,2.75,1.0,0,0.0,0.45454545454545453
AnkiDroid/src/main/res/values-es-rES/02-strings.xml,4,8,3,11,1,4,2026-04-06,2026-04-23,1,2.75,1.0,0,0.0,0.45454545454545453
AnkiDroid/src/main/res/values-et/02-strings.xml,4,8,3,11,1,4,2026-04-06,2026-04-23,1,2.75,1.0,0,0.0,0.45454545454545453
AnkiDroid/src/main/res/values-eu/02-strings.xml,4,8,3,11,1,4,2026-04-06,2026-04-23,1,2.75,1.0,0,0.0,0.45454545454545453
AnkiDroid/src/main/res/values-fa/02-strings.xml,4,8,3,11,1,4,2026-04-06,2026-04-23,1,2.75,1.0,0,0.0,0.45454545454545453
AnkiDroid/src/main/res/values-fi/02-strings.xml,4,8,3,11,1,4,2026-04-06,2026-04-23,1,2.75,1.0,0,0.0,0.45454545454545453
AnkiDroid/src/main/res/values-fil/02-strings.xml,4,8,3,11,1,4,2026-04-06,2026-04-23,1,2.75,1.0,0,0.0,0.45454545454545453
AnkiDroid/src/main/res/values-fy/02-strings.xml,4,8,3,11,1,4,2026-04-06,2026-04-23,1,2.75,1.0,0,0.0,0.45454545454545453
AnkiDroid/src/main/res/values-ga/02-strings.xml,4,8,3,11,1,4,2026-04-06,2026-04-23,1,2.75,1.0,0,0.0,0.45454545454545453
AnkiDroid/src/main/res/values-got/02-strings.xml,4,8,3,11,1,4,2026-04-06,2026-04-23,1,2.75,1.0,0,0.0,0.45454545454545453
AnkiDroid/src/main/res/values-gu/02-strings.xml,4,8,3,11,1,4,2026-04-06,2026-04-23,1,2.75,1.0,0,0.0,0.45454545454545453
AnkiDroid/src/main/res/values-heb/02-strings.xml,4,8,3,11,1,4,2026-04-06,2026-04-23,1,2.75,1.0,0,0.0,0.45454545454545453
AnkiDroid/src/main/res/values-hi/02-strings.xml,4,8,3,11,1,4,2026-04-06,2026-04-23,1,2.75,1.0,0,0.0,0.45454545454545453
AnkiDroid/src/main/res/values-hr/02-strings.xml,4,8,3,11,1,4,2026-04-06,2026-04-23,1,2.75,1.0,0,0.0,0.45454545454545453
AnkiDroid/src/main/res/values-hu/02-strings.xml,4,8,3,11,1,4,2026-04-06,2026-04-23,1,2.75,1.0,0,0.0,0.45454545454545453
AnkiDroid/src/main/res/values-ind/02-strings.xml,4,8,3,11,1,4,2026-04-06,2026-04-23,1,2.75,1.0,0,0.0,0.45454545454545453
AnkiDroid/src/main/res/values-iw/02-strings.xml,4,8,3,11,1,4,2026-04-06,2026-04-23,1,2.75,1.0,0,0.0,0.45454545454545453
AnkiDroid/src/main/res/values-ka/02-strings.xml,4,8,3,11,1,4,2026-04-06,2026-04-23,1,2.75,1.0,0,0.0,0.45454545454545453
AnkiDroid/src/main/res/values-kk/02-strings.xml,4,8,3,11,1,4,2026-04-06,2026-04-23,1,2.75,1.0,0,0.0,0.45454545454545453
AnkiDroid/src/main/res/values-km/02-strings.xml,4,8,3,11,1,4,2026-04-06,2026-04-23,1,2.75,1.0,0,0.0,0.45454545454545453
AnkiDroid/src/main/res/values-kn/02-strings.xml,4,8,3,11,1,4,2026-04-06,2026-04-23,1,2.75,1.0,0,0.0,0.45454545454545453
AnkiDroid/src/main/res/values-ko/02-strings.xml,4,8,3,11,1,4,2026-04-06,2026-04-23,1,2.75,1.0,0,0.0,0.45454545454545453
AnkiDroid/src/main/res/values-ku/02-strings.xml,4,8,3,11,1,4,2026-04-06,2026-04-23,1,2.75,1.0,0,0.0,0.45454545454545453
AnkiDroid/src/main/res/values-ky/02-strings.xml,4,8,3,11,1,4,2026-04-06,2026-04-23,1,2.75,1.0,0,0.0,0.45454545454545453
AnkiDroid/src/main/res/values-lt/02-strings.xml,4,8,3,11,1,4,2026-04-06,2026-04-23,1,2.75,1.0,0,0.0,0.45454545454545453
AnkiDroid/src/main/res/values-lv/02-strings.xml,4,8,3,11,1,4,2026-04-06,2026-04-23,1,2.75,1.0,0,0.0,0.45454545454545453
AnkiDroid/src/main/res/values-mk/02-strings.xml,4,8,3,11,1,4,2026-04-06,2026-04-23,1,2.75,1.0,0,0.0,0.45454545454545453
AnkiDroid/src/main/res/values-ml/02-strings.xml,4,8,3,11,1,4,2026-04-06,2026-04-23,1,2.75,1.0,0,0.0,0.45454545454545453
AnkiDroid/src/main/res/values-mn/02-strings.xml,4,8,3,11,1,4,2026-04-06,2026-04-23,1,2.75,1.0,0,0.0,0.45454545454545453
AnkiDroid/src/main/res/values-mr/02-strings.xml,4,8,3,11,1,4,2026-04-06,2026-04-23,1,2.75,1.0,0,0.0,0.45454545454545453
AnkiDroid/src/main/res/values-ms/02-strings.xml,4,8,3,11,1,4,2026-04-06,2026-04-23,1,2.75,1.0,0,0.0,0.45454545454545453
AnkiDroid/src/main/res/values-my/02-strings.xml,4,8,3,11,1,4,2026-04-06,2026-04-23,1,2.75,1.0,0,0.0,0.45454545454545453
AnkiDroid/src/main/res/values-nn/02-strings.xml,4,8,3,11,1,4,2026-04-06,2026-04-23,1,2.75,1.0,0,0.0,0.45454545454545453
AnkiDroid/src/main/res/values-no/02-strings.xml,4,8,3,11,1,4,2026-04-06,2026-04-23,1,2.75,1.0,0,0.0,0.45454545454545453
AnkiDroid/src/main/res/values-or/02-strings.xml,4,8,3,11,1,4,2026-04-06,2026-04-23,1,2.75,1.0,0,0.0,0.45454545454545453
AnkiDroid/src/main/res/values-pa/02-strings.xml,4,8,3,11,1,4,2026-04-06,2026-04-23,1,2.75,1.0,0,0.0,0.45454545454545453
AnkiDroid/src/main/res/values-pl/02-strings.xml,4,8,3,11,1,4,2026-04-06,2026-04-23,1,2.75,1.0,0,0.0,0.45454545454545453
AnkiDroid/src/main/res/values-pt-rPT/02-strings.xml,4,8,3,11,1,4,2026-04-06,2026-04-23,1,2.75,1.0,0,0.0,0.45454545454545453
AnkiDroid/src/main/res/values-ro/02-strings.xml,4,8,3,11,1,4,2026-04-06,2026-04-23,1,2.75,1.0,0,0.0,0.45454545454545453
AnkiDroid/src/main/res/values-sat/02-strings.xml,4,8,3,11,1,4,2026-04-06,2026-04-23,1,2.75,1.0,0,0.0,0.45454545454545453
AnkiDroid/src/main/res/values-sc/02-strings.xml,4,8,3,11,1,4,2026-04-06,2026-04-23,1,2.75,1.0,0,0.0,0.45454545454545453
AnkiDroid/src/main/res/values-sk/02-strings.xml,4,8,3,11,1,4,2026-04-06,2026-04-23,1,2.75,1.0,0,0.0,0.45454545454545453
AnkiDroid/src/main/res/values-sl/02-strings.xml,4,8,3,11,1,4,2026-04-06,2026-04-23,1,2.75,1.0,0,0.0,0.45454545454545453
AnkiDroid/src/main/res/values-sq/02-strings.xml,4,8,3,11,1,4,2026-04-06,2026-04-23,1,2.75,1.0,0,0.0,0.45454545454545453
AnkiDroid/src/main/res/values-sr/02-strings.xml,4,8,3,11,1,4,2026-04-06,2026-04-23,1,2.75,1.0,0,0.0,0.45454545454545453
AnkiDroid/src/main/res/values-sv/02-strings.xml,4,8,3,11,1,4,2026-04-06,2026-04-23,1,2.75,1.0,0,0.0,0.45454545454545453
AnkiDroid/src/main/res/values-ta/02-strings.xml,4,8,3,11,1,4,2026-04-06,2026-04-23,1,2.75,1.0,0,0.0,0.45454545454545453
AnkiDroid/src/main/res/values-te/02-strings.xml,4,8,3,11,1,4,2026-04-06,2026-04-23,1,2.75,1.0,0,0.0,0.45454545454545453
AnkiDroid/src/main/res/values-tgl/02-strings.xml,4,8,3,11,1,4,2026-04-06,2026-04-23,1,2.75,1.0,0,0.0,0.45454545454545453
AnkiDroid/src/main/res/values-th/02-strings.xml,4,8,3,11,1,4,2026-04-06,2026-04-23,1,2.75,1.0,0,0.0,0.45454545454545453
AnkiDroid/src/main/res/values-ti/02-strings.xml,4,8,3,11,1,4,2026-04-06,2026-04-23,1,2.75,1.0,0,0.0,0.45454545454545453
AnkiDroid/src/main/res/values-tt/02-strings.xml,4,8,3,11,1,4,2026-04-06,2026-04-23,1,2.75,1.0,0,0.0,0.45454545454545453
AnkiDroid/src/main/res/values-ug/02-strings.xml,4,8,3,11,1,4,2026-04-06,2026-04-23,1,2.75,1.0,0,0.0,0.45454545454545453
AnkiDroid/src/main/res/values-ur/02-strings.xml,4,8,3,11,1,4,2026-04-06,2026-04-23,1,2.75,1.0,0,0.0,0.45454545454545453
AnkiDroid/src/main/res/values-vi/02-strings.xml,4,8,3,11,1,4,2026-04-06,2026-04-23,1,2.75,1.0,0,0.0,0.45454545454545453
AnkiDroid/src/main/res/values-zh-rTW/02-strings.xml,4,8,3,11,1,4,2026-04-06,2026-04-23,1,2.75,1.0,0,0.0,0.45454545454545453
AnkiDroid/src/main/java/com/ichi2/anki/settings/Prefs.kt,2,10,1,11,2,2,2026-01-19,2026-02-02,81,5.5,0.5,1,0.5,0.7272727272727273
AnkiDroid/src/main/res/values-nl/17-model-manager.xml,2,7,4,11,1,2,2026-04-15,2026-04-19,5,5.5,1.0,0,0.0,0.5454545454545454
AnkiDroid/src/main/res/values-ru/17-model-manager.xml,2,7,4,11,1,2,2026-04-06,2026-04-19,5,5.5,1.0,0,0.0,0.5454545454545454
compat/src/main/java/com/ichi2/anki/compat/CompatHelper.kt,2,8,3,11,1,2,2026-03-22,2026-04-07,17,5.5,1.0,0,0.0,0.5454545454545454
compat/src/main/java/com/ichi2/anki/compat/CompatV29.kt,2,10,1,11,2,2,2026-03-22,2026-04-22,2,5.5,0.5,1,0.5,0.8181818181818182
AnkiDroid/src/main/java/com/ichi2/anki/observability/OpChangesNotifier.kt,1,9,2,11,1,1,2026-03-25,2026-03-25,30,11.0,1.0,0,0.0,1.0
AnkiDroid/src/main/res/drawable/bg_troubleshooting_item_middle.xml,1,11,0,11,1,1,2026-03-28,2026-03-28,27,11.0,1.0,0,0.0,1.0
AnkiDroid/src/main/res/drawable/bg_troubleshooting_item_top.xml,1,11,0,11,1,1,2026-03-28,2026-03-28,27,11.0,1.0,0,0.0,1.0
AnkiDroid/src/main/res/drawable/ic_redo_2.xml,1,11,0,11,1,1,2026-04-22,2026-04-22,2,11.0,1.0,0,0.0,1.0
AnkiDroid/src/main/res/drawable/ic_undo_2.xml,1,11,0,11,1,1,2026-04-22,2026-04-22,2,11.0,1.0,0,0.0,1.0
AnkiDroid/src/main/res/menu/schedule_reminders.xml,1,11,0,11,1,1,2026-03-28,2026-03-28,27,11.0,1.0,0,0.0,1.0
AnkiDroid/src/main/java/com/ichi2/anki/AnkiActivity.kt,3,6,4,10,2,2,2026-03-22,2026-04-17,7,3.3333333333333335,0.6666666666666666,1,0.3333333333333333,0.5
AnkiDroid/src/main/res/values-ar/03-dialogs.xml,2,4,6,10,1,2,2026-04-06,2026-04-12,12,5.0,1.0,0,0.0,0.6
AnkiDroid/src/main/res/values-tr/03-dialogs.xml,2,4,6,10,1,2,2026-04-06,2026-04-15,9,5.0,1.0,0,0.0,0.6
AnkiDroid/src/main/res/values-uz/03-dialogs.xml,2,4,6,10,1,2,2026-04-06,2026-04-19,5,5.0,1.0,0,0.0,0.6
.github/workflows/tests_emulator.yml,1,6,4,10,1,1,2026-03-10,2026-03-10,45,10.0,1.0,0,0.0,1.0
AnkiDroid/src/main/java/com/ichi2/anki/noteeditor/NoteEditorLauncher.kt,1,7,3,10,1,1,2026-03-26,2026-03-26,29,10.0,1.0,1,1.0,1.0
AnkiDroid/src/main/res/drawable/bg_troubleshooting_item_bottom.xml,1,10,0,10,1,1,2026-03-28,2026-03-28,27,10.0,1.0,0,0.0,1.0
AnkiDroid/src/main/res/values-it/11-arrays.xml,1,5,5,10,1,1,2026-04-08,2026-04-08,16,10.0,1.0,0,0.0,1.0
common/src/main/java/com/ichi2/anki/common/utils/StringUtils.kt,1,10,0,10,1,1,2026-02-08,2026-02-08,75,10.0,1.0,0,0.0,1.0
AnkiDroid/src/main/res/values-be/17-model-manager.xml,3,6,3,9,1,3,2026-04-04,2026-04-19,5,3.0,1.0,0,0.0,0.5555555555555556
AnkiDroid/src/main/java/com/ichi2/anki/services/BootService.kt,2,6,3,9,2,2,2026-03-23,2026-04-17,7,4.5,0.5,2,1.0,0.6666666666666666
AnkiDroid/src/main/java/com/ichi2/anki/ui/windows/reviewer/audiorecord/CheckPronunciationFragment.kt,2,6,3,9,1,1,2026-04-22,2026-04-22,2,4.5,1.0,1,0.5,0.6666666666666666
AnkiDroid/src/main/res/values-eo/17-model-manager.xml,2,6,3,9,1,2,2026-04-12,2026-04-19,5,4.5,1.0,0,0.0,0.5555555555555556
AnkiDroid/src/main/res/values-it/01-core.xml,2,5,4,9,1,2,2026-04-04,2026-04-08,16,4.5,1.0,0,0.0,0.8888888888888888
AnkiDroid/src/main/res/values-pt-rBR/01-core.xml,2,5,4,9,1,2,2026-04-04,2026-04-19,5,4.5,1.0,0,0.0,0.8888888888888888
AnkiDroid/src/main/res/values-tr/17-model-manager.xml,2,6,3,9,1,2,2026-04-15,2026-04-19,5,4.5,1.0,0,0.0,0.5555555555555556
AnkiDroid/src/main/res/values-uz/17-model-manager.xml,2,6,3,9,1,2,2026-04-19,2026-04-22,2,4.5,1.0,0,0.0,0.5555555555555556
AnkiDroid/src/main/res/values/colors.xml,2,8,1,9,2,2,2026-03-28,2026-04-06,18,4.5,0.5,1,0.5,0.7777777777777778
AnkiDroid/src/test/java/com/ichi2/anki/ActivityStartupUnderBackupTest.kt,2,3,6,9,1,1,2026-04-14,2026-04-14,10,4.5,1.0,1,0.5,0.5555555555555556
tools/parallel-package-release.sh,2,7,2,9,2,2,2026-04-17,2026-04-22,2,4.5,0.5,0,0.0,0.7777777777777778
AnkiDroid/src/main/java/com/ichi2/anki/scheduling/SetDueDateDialog.kt,1,2,7,9,1,1,2026-04-06,2026-04-06,18,9.0,1.0,0,0.0,1.0
AnkiDroid/src/main/res/drawable/ic_warning_24.xml,1,9,0,9,1,1,2026-03-28,2026-03-28,27,9.0,1.0,0,0.0,1.0
vbpd/build.gradle.kts,1,2,7,9,1,1,2025-11-04,2025-11-04,171,9.0,1.0,0,0.0,1.0
AnkiDroid/src/main/java/com/ichi2/anki/multimedia/MultimediaFragment.kt,3,4,4,8,3,3,2025-11-04,2026-04-17,7,2.6666666666666665,0.3333333333333333,0,0.0,0.5
AnkiDroid/src/main/res/values-ja/10-preferences.xml,3,4,4,8,1,3,2026-04-09,2026-04-22,2,2.6666666666666665,1.0,0,0.0,0.5
AnkiDroid/src/main/java/com/ichi2/anki/instantnoteeditor/InstantNoteEditorActivity.kt,2,5,3,8,2,2,2026-03-16,2026-03-31,24,4.0,0.5,1,0.5,0.75
AnkiDroid/src/main/java/com/ichi2/anki/previewer/CardViewerFragment.kt,2,7,1,8,2,2,2026-03-22,2026-04-08,16,4.0,0.5,0,0.0,0.75
AnkiDroid/src/main/java/com/ichi2/utils/Permissions.kt,2,4,4,8,1,2,2026-03-22,2026-04-19,5,4.0,1.0,1,0.5,0.5
AnkiDroid/src/main/res/values-fi/03-dialogs.xml,2,3,5,8,1,2,2026-04-06,2026-04-19,5,4.0,1.0,0,0.0,0.75
AnkiDroid/src/test/java/com/ichi2/anki/ActivityStartupMetaTest.kt,2,4,4,8,1,2,2026-03-22,2026-04-19,5,4.0,1.0,1,0.5,0.5
compat/src/main/java/com/ichi2/anki/compat/BaseCompat.kt,2,7,1,8,2,2,2026-03-22,2026-04-22,2,4.0,0.5,1,0.5,0.75
.github/workflows/label.yml,1,4,4,8,1,1,2026-03-10,2026-03-10,45,8.0,1.0,0,0.0,1.0
AnkiDroid/src/main/java/com/ichi2/anki/pages/PostRequestHandler.kt,1,8,0,8,1,1,2026-04-22,2026-04-22,2,8.0,1.0,1,1.0,1.0
AnkiDroid/src/main/java/com/ichi2/anki/utils/ext/Collection.kt,1,8,0,8,1,1,2026-03-16,2026-03-16,39,8.0,1.0,0,0.0,1.0
AnkiDroid/src/main/res/layout/include_floating_add_button.xml,1,4,4,8,1,1,2026-04-06,2026-04-06,18,8.0,1.0,0,0.0,1.0
common/src/main/java/com/ichi2/anki/common/utils/TestUtils.kt,1,5,3,8,1,1,2026-04-13,2026-04-13,11,8.0,1.0,0,0.0,1.0
AnkiDroid/src/main/java/com/ichi2/anki/mediacheck/MediaCheckFragment.kt,3,4,3,7,2,3,2026-03-18,2026-04-06,18,2.3333333333333335,0.6666666666666666,1,0.3333333333333333,0.42857142857142855
AnkiDroid/src/main/java/com/ichi2/anki/multimedia/MultimediaActivity.kt,2,2,5,7,2,2,2026-03-22,2026-04-22,2,3.5,0.5,0,0.0,0.5714285714285714
AnkiDroid/src/main/java/com/ichi2/utils/VersionUtils.kt,2,3,4,7,2,2,2026-03-22,2026-04-17,7,3.5,0.5,0,0.0,0.7142857142857143
AnkiDroid/src/main/res/values-uk/01-core.xml,2,4,3,7,1,2,2026-04-04,2026-04-19,5,3.5,1.0,0,0.0,0.8571428571428571
AnkiDroid/src/main/java/com/ichi2/compat/BaseCompat.kt,1,5,2,7,1,1,2026-03-22,2026-03-22,33,7.0,1.0,0,0.0,1.0
AnkiDroid/src/main/res/values-be/16-multimedia-editor.xml,3,3,3,6,1,3,2026-04-04,2026-04-12,12,2.0,1.0,0,0.0,0.3333333333333333
AnkiDroid/src/main/java/com/ichi2/anki/AbstractFlashcardViewer.kt,2,3,3,6,2,2,2026-03-22,2026-03-26,29,3.0,0.5,1,0.5,0.6666666666666666
AnkiDroid/src/main/java/com/ichi2/anki/Reviewer.kt,2,3,3,6,2,2,2026-04-06,2026-04-17,7,3.0,0.5,0,0.0,0.8333333333333334
AnkiDroid/src/main/java/com/ichi2/anki/dialogs/BackupPromptDialog.kt,2,3,3,6,2,2,2026-03-22,2026-04-17,7,3.0,0.5,0,0.0,0.6666666666666666
AnkiDroid/src/main/java/com/ichi2/anki/preferences/HeaderFragment.kt,2,3,3,6,1,2,2026-03-22,2026-04-06,18,3.0,1.0,0,0.0,0.6666666666666666
AnkiDroid/src/main/res/values-be/10-preferences.xml,2,3,3,6,1,2,2026-04-09,2026-04-12,12,3.0,1.0,0,0.0,0.6666666666666666
AnkiDroid/src/main/res/values-uk/10-preferences.xml,2,3,3,6,1,2,2026-04-09,2026-04-19,5,3.0,1.0,0,0.0,0.6666666666666666
AnkiDroid/src/main/res/values/03-dialogs.xml,2,2,4,6,1,1,2026-03-18,2026-03-18,37,3.0,1.0,1,0.5,0.6666666666666666
AnkiDroid/src/main/res/values/attrs.xml,2,6,0,6,2,2,2026-03-28,2026-04-06,18,3.0,0.5,0,0.0,0.6666666666666666
.github/workflows/lint.yml,1,4,2,6,1,1,2026-03-10,2026-03-10,45,6.0,1.0,0,0.0,1.0
AnkiDroid/src/main/java/com/ichi2/anki/BackupManager.kt,1,2,4,6,1,1,2025-12-22,2025-12-22,123,6.0,1.0,1,1.0,1.0
AnkiDroid/src/main/java/com/ichi2/anki/dialogs/ChangeNoteTypeDialog.kt,1,2,4,6,1,1,2026-04-06,2026-04-06,18,6.0,1.0,0,0.0,1.0
AnkiDroid/src/main/java/com/ichi2/anki/receiver/SdCardReceiver.kt,1,3,3,6,1,1,2026-04-17,2026-04-17,7,6.0,1.0,1,1.0,1.0
AnkiDroid/src/main/java/com/ichi2/compat/Compat.kt,1,5,1,6,1,1,2026-03-22,2026-03-22,33,6.0,1.0,0,0.0,1.0
AnkiDroid/src/main/java/com/ichi2/preferences/VersatileTextWithASwitchPreference.kt,1,3,3,6,1,1,2026-04-06,2026-04-06,18,6.0,1.0,0,0.0,1.0
AnkiDroid/src/main/java/com/ichi2/widget/WidgetPermissionReceiver.kt,1,3,3,6,1,1,2026-04-17,2026-04-17,7,6.0,1.0,1,1.0,1.0
AnkiDroid/src/main/res/drawable/bg_troubleshooting_item_single.xml,1,6,0,6,1,1,2026-03-28,2026-03-28,27,6.0,1.0,0,0.0,1.0
AnkiDroid/src/main/res/menu/card_template_editor.xml,1,3,3,6,1,1,2026-03-15,2026-03-15,40,6.0,1.0,0,0.0,1.0
AnkiDroid/src/main/res/values-af/03-dialogs.xml,1,2,4,6,1,1,2026-04-06,2026-04-06,18,6.0,1.0,0,0.0,1.0
AnkiDroid/src/main/res/values-am/03-dialogs.xml,1,2,4,6,1,1,2026-04-06,2026-04-06,18,6.0,1.0,0,0.0,1.0
AnkiDroid/src/main/res/values-az/03-dialogs.xml,1,2,4,6,1,1,2026-04-06,2026-04-06,18,6.0,1.0,0,0.0,1.0
AnkiDroid/src/main/res/values-bg/03-dialogs.xml,1,2,4,6,1,1,2026-04-06,2026-04-06,18,6.0,1.0,0,0.0,1.0
AnkiDroid/src/main/res/values-bn/03-dialogs.xml,1,2,4,6,1,1,2026-04-06,2026-04-06,18,6.0,1.0,0,0.0,1.0
AnkiDroid/src/main/res/values-ca/03-dialogs.xml,1,2,4,6,1,1,2026-04-06,2026-04-06,18,6.0,1.0,0,0.0,1.0
AnkiDroid/src/main/res/values-ckb/03-dialogs.xml,1,2,4,6,1,1,2026-04-06,2026-04-06,18,6.0,1.0,0,0.0,1.0
AnkiDroid/src/main/res/values-cs/03-dialogs.xml,1,2,4,6,1,1,2026-04-06,2026-04-06,18,6.0,1.0,0,0.0,1.0
AnkiDroid/src/main/res/values-da/03-dialogs.xml,1,2,4,6,1,1,2026-04-06,2026-04-06,18,6.0,1.0,0,0.0,1.0
AnkiDroid/src/main/res/values-de/03-dialogs.xml,1,2,4,6,1,1,2026-04-06,2026-04-06,18,6.0,1.0,0,0.0,1.0
AnkiDroid/src/main/res/values-el/03-dialogs.xml,1,2,4,6,1,1,2026-04-06,2026-04-06,18,6.0,1.0,0,0.0,1.0
AnkiDroid/src/main/res/values-eo/03-dialogs.xml,1,2,4,6,1,1,2026-04-06,2026-04-06,18,6.0,1.0,0,0.0,1.0
AnkiDroid/src/main/res/values-es-rAR/03-dialogs.xml,1,2,4,6,1,1,2026-04-06,2026-04-06,18,6.0,1.0,0,0.0,1.0
AnkiDroid/src/main/res/values-es-rES/03-dialogs.xml,1,2,4,6,1,1,2026-04-06,2026-04-06,18,6.0,1.0,0,0.0,1.0
AnkiDroid/src/main/res/values-et/03-dialogs.xml,1,2,4,6,1,1,2026-04-06,2026-04-06,18,6.0,1.0,0,0.0,1.0
AnkiDroid/src/main/res/values-eu/03-dialogs.xml,1,2,4,6,1,1,2026-04-06,2026-04-06,18,6.0,1.0,0,0.0,1.0
AnkiDroid/src/main/res/values-fa/03-dialogs.xml,1,2,4,6,1,1,2026-04-06,2026-04-06,18,6.0,1.0,0,0.0,1.0
AnkiDroid/src/main/res/values-fil/03-dialogs.xml,1,2,4,6,1,1,2026-04-06,2026-04-06,18,6.0,1.0,0,0.0,1.0
AnkiDroid/src/main/res/values-fy/03-dialogs.xml,1,2,4,6,1,1,2026-04-06,2026-04-06,18,6.0,1.0,0,0.0,1.0
AnkiDroid/src/main/res/values-ga/03-dialogs.xml,1,2,4,6,1,1,2026-04-06,2026-04-06,18,6.0,1.0,0,0.0,1.0
AnkiDroid/src/main/res/values-got/03-dialogs.xml,1,2,4,6,1,1,2026-04-06,2026-04-06,18,6.0,1.0,0,0.0,1.0
AnkiDroid/src/main/res/values-gu/03-dialogs.xml,1,2,4,6,1,1,2026-04-06,2026-04-06,18,6.0,1.0,0,0.0,1.0
AnkiDroid/src/main/res/values-heb/03-dialogs.xml,1,2,4,6,1,1,2026-04-06,2026-04-06,18,6.0,1.0,0,0.0,1.0
AnkiDroid/src/main/res/values-hi/03-dialogs.xml,1,2,4,6,1,1,2026-04-06,2026-04-06,18,6.0,1.0,0,0.0,1.0
AnkiDroid/src/main/res/values-hr/03-dialogs.xml,1,2,4,6,1,1,2026-04-06,2026-04-06,18,6.0,1.0,0,0.0,1.0
AnkiDroid/src/main/res/values-hu/03-dialogs.xml,1,2,4,6,1,1,2026-04-06,2026-04-06,18,6.0,1.0,0,0.0,1.0
AnkiDroid/src/main/res/values-hy/03-dialogs.xml,1,2,4,6,1,1,2026-04-06,2026-04-06,18,6.0,1.0,0,0.0,1.0
AnkiDroid/src/main/res/values-iw/03-dialogs.xml,1,2,4,6,1,1,2026-04-06,2026-04-06,18,6.0,1.0,0,0.0,1.0
AnkiDroid/src/main/res/values-ka/03-dialogs.xml,1,2,4,6,1,1,2026-04-06,2026-04-06,18,6.0,1.0,0,0.0,1.0
AnkiDroid/src/main/res/values-kk/03-dialogs.xml,1,2,4,6,1,1,2026-04-06,2026-04-06,18,6.0,1.0,0,0.0,1.0
AnkiDroid/src/main/res/values-km/03-dialogs.xml,1,2,4,6,1,1,2026-04-06,2026-04-06,18,6.0,1.0,0,0.0,1.0
AnkiDroid/src/main/res/values-kn/03-dialogs.xml,1,2,4,6,1,1,2026-04-06,2026-04-06,18,6.0,1.0,0,0.0,1.0
AnkiDroid/src/main/res/values-ko/03-dialogs.xml,1,2,4,6,1,1,2026-04-06,2026-04-06,18,6.0,1.0,0,0.0,1.0
AnkiDroid/src/main/res/values-ku/03-dialogs.xml,1,2,4,6,1,1,2026-04-06,2026-04-06,18,6.0,1.0,0,0.0,1.0
AnkiDroid/src/main/res/values-ky/03-dialogs.xml,1,2,4,6,1,1,2026-04-06,2026-04-06,18,6.0,1.0,0,0.0,1.0
AnkiDroid/src/main/res/values-lt/03-dialogs.xml,1,2,4,6,1,1,2026-04-06,2026-04-06,18,6.0,1.0,0,0.0,1.0
AnkiDroid/src/main/res/values-lv/03-dialogs.xml,1,2,4,6,1,1,2026-04-06,2026-04-06,18,6.0,1.0,0,0.0,1.0
AnkiDroid/src/main/res/values-mk/03-dialogs.xml,1,2,4,6,1,1,2026-04-06,2026-04-06,18,6.0,1.0,0,0.0,1.0
AnkiDroid/src/main/res/values-ml/03-dialogs.xml,1,2,4,6,1,1,2026-04-06,2026-04-06,18,6.0,1.0,0,0.0,1.0
AnkiDroid/src/main/res/values-mn/03-dialogs.xml,1,2,4,6,1,1,2026-04-06,2026-04-06,18,6.0,1.0,0,0.0,1.0
AnkiDroid/src/main/res/values-mr/03-dialogs.xml,1,2,4,6,1,1,2026-04-06,2026-04-06,18,6.0,1.0,0,0.0,1.0
AnkiDroid/src/main/res/values-ms/03-dialogs.xml,1,2,4,6,1,1,2026-04-06,2026-04-06,18,6.0,1.0,0,0.0,1.0
AnkiDroid/src/main/res/values-my/03-dialogs.xml,1,2,4,6,1,1,2026-04-06,2026-04-06,18,6.0,1.0,0,0.0,1.0
AnkiDroid/src/main/res/values-nn/03-dialogs.xml,1,2,4,6,1,1,2026-04-06,2026-04-06,18,6.0,1.0,0,0.0,1.0
AnkiDroid/src/main/res/values-no/03-dialogs.xml,1,2,4,6,1,1,2026-04-06,2026-04-06,18,6.0,1.0,0,0.0,1.0
AnkiDroid/src/main/res/values-or/03-dialogs.xml,1,2,4,6,1,1,2026-04-06,2026-04-06,18,6.0,1.0,0,0.0,1.0
AnkiDroid/src/main/res/values-pa/03-dialogs.xml,1,2,4,6,1,1,2026-04-06,2026-04-06,18,6.0,1.0,0,0.0,1.0
AnkiDroid/src/main/res/values-pl/03-dialogs.xml,1,2,4,6,1,1,2026-04-06,2026-04-06,18,6.0,1.0,0,0.0,1.0
AnkiDroid/src/main/res/values-pt-rPT/03-dialogs.xml,1,2,4,6,1,1,2026-04-06,2026-04-06,18,6.0,1.0,0,0.0,1.0
AnkiDroid/src/main/res/values-ro/03-dialogs.xml,1,2,4,6,1,1,2026-04-06,2026-04-06,18,6.0,1.0,0,0.0,1.0
AnkiDroid/src/main/res/values-ru/11-arrays.xml,1,3,3,6,1,1,2026-04-06,2026-04-06,18,6.0,1.0,0,0.0,1.0
AnkiDroid/src/main/res/values-ru/16-multimedia-editor.xml,1,3,3,6,1,1,2026-04-06,2026-04-06,18,6.0,1.0,0,0.0,1.0
AnkiDroid/src/main/res/values-sat/03-dialogs.xml,1,2,4,6,1,1,2026-04-06,2026-04-06,18,6.0,1.0,0,0.0,1.0
AnkiDroid/src/main/res/values-sc/03-dialogs.xml,1,2,4,6,1,1,2026-04-06,2026-04-06,18,6.0,1.0,0,0.0,1.0
AnkiDroid/src/main/res/values-sk/03-dialogs.xml,1,2,4,6,1,1,2026-04-06,2026-04-06,18,6.0,1.0,0,0.0,1.0
AnkiDroid/src/main/res/values-sl/03-dialogs.xml,1,2,4,6,1,1,2026-04-06,2026-04-06,18,6.0,1.0,0,0.0,1.0
AnkiDroid/src/main/res/values-sq/03-dialogs.xml,1,2,4,6,1,1,2026-04-06,2026-04-06,18,6.0,1.0,0,0.0,1.0
AnkiDroid/src/main/res/values-sr/03-dialogs.xml,1,2,4,6,1,1,2026-04-06,2026-04-06,18,6.0,1.0,0,0.0,1.0
AnkiDroid/src/main/res/values-sv/03-dialogs.xml,1,2,4,6,1,1,2026-04-06,2026-04-06,18,6.0,1.0,0,0.0,1.0
AnkiDroid/src/main/res/values-ta/03-dialogs.xml,1,2,4,6,1,1,2026-04-06,2026-04-06,18,6.0,1.0,0,0.0,1.0
AnkiDroid/src/main/res/values-te/03-dialogs.xml,1,2,4,6,1,1,2026-04-06,2026-04-06,18,6.0,1.0,0,0.0,1.0
AnkiDroid/src/main/res/values-tgl/03-dialogs.xml,1,2,4,6,1,1,2026-04-06,2026-04-06,18,6.0,1.0,0,0.0,1.0
AnkiDroid/src/main/res/values-th/03-dialogs.xml,1,2,4,6,1,1,2026-04-06,2026-04-06,18,6.0,1.0,0,0.0,1.0
AnkiDroid/src/main/res/values-ti/03-dialogs.xml,1,2,4,6,1,1,2026-04-06,2026-04-06,18,6.0,1.0,0,0.0,1.0
AnkiDroid/src/main/res/values-tt/03-dialogs.xml,1,2,4,6,1,1,2026-04-06,2026-04-06,18,6.0,1.0,0,0.0,1.0
AnkiDroid/src/main/res/values-ug/03-dialogs.xml,1,2,4,6,1,1,2026-04-06,2026-04-06,18,6.0,1.0,0,0.0,1.0
AnkiDroid/src/main/res/values-uk/16-multimedia-editor.xml,1,3,3,6,1,1,2026-04-19,2026-04-19,5,6.0,1.0,0,0.0,1.0
AnkiDroid/src/main/res/values-ur/03-dialogs.xml,1,2,4,6,1,1,2026-04-06,2026-04-06,18,6.0,1.0,0,0.0,1.0
AnkiDroid/src/main/res/values-vi/03-dialogs.xml,1,2,4,6,1,1,2026-04-06,2026-04-06,18,6.0,1.0,0,0.0,1.0
AnkiDroid/src/main/res/values-zh-rCN/16-multimedia-editor.xml,1,3,3,6,1,1,2026-04-04,2026-04-04,20,6.0,1.0,0,0.0,1.0
AnkiDroid/src/main/res/values-zh-rTW/03-dialogs.xml,1,2,4,6,1,1,2026-04-06,2026-04-06,18,6.0,1.0,0,0.0,1.0
AnkiDroid/src/test/java/com/ichi2/anki/analytics/AnalyticsConstantsTest.kt,1,3,3,6,1,1,2026-04-08,2026-04-08,16,6.0,1.0,0,0.0,1.0
docs/marketing/localized_description/marketdescription-it.txt,1,3,3,6,1,1,2026-04-08,2026-04-08,16,6.0,1.0,0,0.0,1.0
AnkiDroid/src/main/java/com/ichi2/utils/ImportUtils.kt,3,2,3,5,3,3,2026-03-22,2026-04-20,4,1.6666666666666667,0.3333333333333333,0,0.0,0.4
AnkiDroid/src/main/res/values-gl/01-core.xml,3,3,2,5,1,3,2026-04-04,2026-04-12,12,1.6666666666666667,1.0,0,0.0,0.4
AnkiDroid/src/main/java/com/ichi2/anki/export/ExportDialogFragment.kt,2,3,2,5,2,2,2026-03-18,2026-03-22,33,2.5,0.5,0,0.0,0.6
AnkiDroid/src/main/res/values-it/09-backup.xml,2,3,2,5,1,2,2026-04-06,2026-04-08,16,2.5,1.0,0,0.0,0.8
AnkiDroid/src/main/res/values-nl/01-core.xml,2,3,2,5,1,2,2026-04-04,2026-04-15,9,2.5,1.0,0,0.0,0.8
AnkiDroid/src/main/res/values/theme_dark.xml,2,5,0,5,1,2,2026-03-13,2026-03-28,27,2.5,1.0,0,0.0,0.8
AnkiDroid/src/main/res/values/theme_light.xml,2,5,0,5,1,2,2026-03-13,2026-03-28,27,2.5,1.0,0,0.0,0.8
AnkiDroid/src/test/java/com/ichi2/anki/analytics/PreferencesAnalyticsTest.kt,2,4,1,5,2,2,2026-04-08,2026-04-14,10,2.5,0.5,0,0.0,0.6
AnkiDroid/src/androidTest/java/com/ichi2/testutils/common/.gitignore,1,0,5,5,1,1,2026-03-22,2026-03-22,33,5.0,1.0,0,0.0,1.0
AnkiDroid/src/main/java/com/ichi2/compat/CompatV26.kt,1,4,1,5,1,1,2026-03-22,2026-03-22,33,5.0,1.0,0,0.0,1.0
AnkiDroid/src/main/res/drawable/bg_troubleshooting_icon.xml,1,5,0,5,1,1,2026-03-28,2026-03-28,27,5.0,1.0,0,0.0,1.0
AnkiDroid/src/main/res/drawable/ic_card_state_buried.xml,1,5,0,5,1,1,2026-03-12,2026-03-12,43,5.0,1.0,0,0.0,1.0
AnkiDroid/src/main/res/drawable/ic_card_state_learning.xml,1,5,0,5,1,1,2026-03-12,2026-03-12,43,5.0,1.0,0,0.0,1.0
AnkiDroid/src/main/res/drawable/ic_card_state_new.xml,1,5,0,5,1,1,2026-03-12,2026-03-12,43,5.0,1.0,0,0.0,1.0
AnkiDroid/src/main/res/drawable/ic_card_state_review.xml,1,5,0,5,1,1,2026-03-12,2026-03-12,43,5.0,1.0,0,0.0,1.0
AnkiDroid/src/main/res/drawable/ic_card_state_suspended.xml,1,5,0,5,1,1,2026-03-12,2026-03-12,43,5.0,1.0,0,0.0,1.0
AnkiDroid/src/main/res/drawable/ic_error_outline.xml,1,5,0,5,1,1,2026-03-28,2026-03-28,27,5.0,1.0,0,0.0,1.0
AnkiDroid/src/main/res/drawable/ic_label_outline.xml,1,5,0,5,1,1,2026-03-12,2026-03-12,43,5.0,1.0,0,0.0,1.0
AnkiDroid/src/main/res/drawable/ic_outline_troubleshoot.xml,1,5,0,5,1,1,2026-03-28,2026-03-28,27,5.0,1.0,0,0.0,1.0
AnkiDroid/src/main/res/drawable/ic_round_favorite_outline.xml,1,5,0,5,1,1,2026-01-19,2026-01-19,95,5.0,1.0,0,0.0,1.0
AnkiDroid/src/main/res/drawable/ic_sort_24.xml,1,5,0,5,1,1,2026-01-26,2026-01-26,88,5.0,1.0,0,0.0,1.0
AnkiDroid/src/main/res/drawable/outline_arrow_insert_24.xml,1,5,0,5,1,1,2026-01-19,2026-01-19,95,5.0,1.0,0,0.0,1.0
AnkiDroid/src/main/res/values-af/17-model-manager.xml,1,4,1,5,1,1,2026-04-19,2026-04-19,5,5.0,1.0,0,0.0,1.0
AnkiDroid/src/main/res/values-am/17-model-manager.xml,1,4,1,5,1,1,2026-04-19,2026-04-19,5,5.0,1.0,0,0.0,1.0
AnkiDroid/src/main/res/values-ar/17-model-manager.xml,1,4,1,5,1,1,2026-04-19,2026-04-19,5,5.0,1.0,0,0.0,1.0
AnkiDroid/src/main/res/values-az/17-model-manager.xml,1,4,1,5,1,1,2026-04-19,2026-04-19,5,5.0,1.0,0,0.0,1.0
AnkiDroid/src/main/res/values-bg/17-model-manager.xml,1,4,1,5,1,1,2026-04-19,2026-04-19,5,5.0,1.0,0,0.0,1.0
AnkiDroid/src/main/res/values-bn/17-model-manager.xml,1,4,1,5,1,1,2026-04-19,2026-04-19,5,5.0,1.0,0,0.0,1.0
AnkiDroid/src/main/res/values-ca/17-model-manager.xml,1,4,1,5,1,1,2026-04-19,2026-04-19,5,5.0,1.0,0,0.0,1.0
AnkiDroid/src/main/res/values-ckb/17-model-manager.xml,1,4,1,5,1,1,2026-04-19,2026-04-19,5,5.0,1.0,0,0.0,1.0
AnkiDroid/src/main/res/values-cs/17-model-manager.xml,1,4,1,5,1,1,2026-04-19,2026-04-19,5,5.0,1.0,0,0.0,1.0
AnkiDroid/src/main/res/values-da/17-model-manager.xml,1,4,1,5,1,1,2026-04-19,2026-04-19,5,5.0,1.0,0,0.0,1.0
AnkiDroid/src/main/res/values-de/17-model-manager.xml,1,4,1,5,1,1,2026-04-19,2026-04-19,5,5.0,1.0,0,0.0,1.0
AnkiDroid/src/main/res/values-el/17-model-manager.xml,1,4,1,5,1,1,2026-04-19,2026-04-19,5,5.0,1.0,0,0.0,1.0
AnkiDroid/src/main/res/values-es-rAR/17-model-manager.xml,1,4,1,5,1,1,2026-04-19,2026-04-19,5,5.0,1.0,0,0.0,1.0
AnkiDroid/src/main/res/values-es-rES/17-model-manager.xml,1,4,1,5,1,1,2026-04-19,2026-04-19,5,5.0,1.0,0,0.0,1.0
AnkiDroid/src/main/res/values-et/17-model-manager.xml,1,4,1,5,1,1,2026-04-19,2026-04-19,5,5.0,1.0,0,0.0,1.0
AnkiDroid/src/main/res/values-eu/17-model-manager.xml,1,4,1,5,1,1,2026-04-19,2026-04-19,5,5.0,1.0,0,0.0,1.0
AnkiDroid/src/main/res/values-fa/17-model-manager.xml,1,4,1,5,1,1,2026-04-19,2026-04-19,5,5.0,1.0,0,0.0,1.0
AnkiDroid/src/main/res/values-fi/17-model-manager.xml,1,4,1,5,1,1,2026-04-19,2026-04-19,5,5.0,1.0,0,0.0,1.0
AnkiDroid/src/main/res/values-fil/17-model-manager.xml,1,4,1,5,1,1,2026-04-19,2026-04-19,5,5.0,1.0,0,0.0,1.0
AnkiDroid/src/main/res/values-fr/17-model-manager.xml,1,4,1,5,1,1,2026-04-19,2026-04-19,5,5.0,1.0,0,0.0,1.0
AnkiDroid/src/main/res/values-fy/17-model-manager.xml,1,4,1,5,1,1,2026-04-19,2026-04-19,5,5.0,1.0,0,0.0,1.0
AnkiDroid/src/main/res/values-ga/17-model-manager.xml,1,4,1,5,1,1,2026-04-19,2026-04-19,5,5.0,1.0,0,0.0,1.0
AnkiDroid/src/main/res/values-got/17-model-manager.xml,1,4,1,5,1,1,2026-04-19,2026-04-19,5,5.0,1.0,0,0.0,1.0
AnkiDroid/src/main/res/values-gu/17-model-manager.xml,1,4,1,5,1,1,2026-04-19,2026-04-19,5,5.0,1.0,0,0.0,1.0
AnkiDroid/src/main/res/values-heb/17-model-manager.xml,1,4,1,5,1,1,2026-04-19,2026-04-19,5,5.0,1.0,0,0.0,1.0
AnkiDroid/src/main/res/values-hi/17-model-manager.xml,1,4,1,5,1,1,2026-04-19,2026-04-19,5,5.0,1.0,0,0.0,1.0
AnkiDroid/src/main/res/values-hr/17-model-manager.xml,1,4,1,5,1,1,2026-04-19,2026-04-19,5,5.0,1.0,0,0.0,1.0
AnkiDroid/src/main/res/values-hu/17-model-manager.xml,1,4,1,5,1,1,2026-04-19,2026-04-19,5,5.0,1.0,0,0.0,1.0
AnkiDroid/src/main/res/values-hy/17-model-manager.xml,1,4,1,5,1,1,2026-04-19,2026-04-19,5,5.0,1.0,0,0.0,1.0
AnkiDroid/src/main/res/values-ind/17-model-manager.xml,1,4,1,5,1,1,2026-04-19,2026-04-19,5,5.0,1.0,0,0.0,1.0
AnkiDroid/src/main/res/values-iw/17-model-manager.xml,1,4,1,5,1,1,2026-04-19,2026-04-19,5,5.0,1.0,0,0.0,1.0
AnkiDroid/src/main/res/values-ka/17-model-manager.xml,1,4,1,5,1,1,2026-04-19,2026-04-19,5,5.0,1.0,0,0.0,1.0
AnkiDroid/src/main/res/values-kk/17-model-manager.xml,1,4,1,5,1,1,2026-04-19,2026-04-19,5,5.0,1.0,0,0.0,1.0
AnkiDroid/src/main/res/values-km/17-model-manager.xml,1,4,1,5,1,1,2026-04-19,2026-04-19,5,5.0,1.0,0,0.0,1.0
AnkiDroid/src/main/res/values-kn/17-model-manager.xml,1,4,1,5,1,1,2026-04-19,2026-04-19,5,5.0,1.0,0,0.0,1.0
AnkiDroid/src/main/res/values-ko/17-model-manager.xml,1,4,1,5,1,1,2026-04-19,2026-04-19,5,5.0,1.0,0,0.0,1.0
AnkiDroid/src/main/res/values-ku/17-model-manager.xml,1,4,1,5,1,1,2026-04-19,2026-04-19,5,5.0,1.0,0,0.0,1.0
AnkiDroid/src/main/res/values-ky/17-model-manager.xml,1,4,1,5,1,1,2026-04-19,2026-04-19,5,5.0,1.0,0,0.0,1.0
AnkiDroid/src/main/res/values-lt/17-model-manager.xml,1,4,1,5,1,1,2026-04-19,2026-04-19,5,5.0,1.0,0,0.0,1.0
AnkiDroid/src/main/res/values-lv/17-model-manager.xml,1,4,1,5,1,1,2026-04-19,2026-04-19,5,5.0,1.0,0,0.0,1.0
AnkiDroid/src/main/res/values-mk/17-model-manager.xml,1,4,1,5,1,1,2026-04-19,2026-04-19,5,5.0,1.0,0,0.0,1.0
AnkiDroid/src/main/res/values-ml/17-model-manager.xml,1,4,1,5,1,1,2026-04-19,2026-04-19,5,5.0,1.0,0,0.0,1.0
AnkiDroid/src/main/res/values-mn/17-model-manager.xml,1,4,1,5,1,1,2026-04-19,2026-04-19,5,5.0,1.0,0,0.0,1.0
AnkiDroid/src/main/res/values-mr/17-model-manager.xml,1,4,1,5,1,1,2026-04-19,2026-04-19,5,5.0,1.0,0,0.0,1.0
AnkiDroid/src/main/res/values-ms/17-model-manager.xml,1,4,1,5,1,1,2026-04-19,2026-04-19,5,5.0,1.0,0,0.0,1.0
AnkiDroid/src/main/res/values-my/17-model-manager.xml,1,4,1,5,1,1,2026-04-19,2026-04-19,5,5.0,1.0,0,0.0,1.0
AnkiDroid/src/main/res/values-nn/17-model-manager.xml,1,4,1,5,1,1,2026-04-19,2026-04-19,5,5.0,1.0,0,0.0,1.0
AnkiDroid/src/main/res/values-no/17-model-manager.xml,1,4,1,5,1,1,2026-04-19,2026-04-19,5,5.0,1.0,0,0.0,1.0
AnkiDroid/src/main/res/values-or/17-model-manager.xml,1,4,1,5,1,1,2026-04-19,2026-04-19,5,5.0,1.0,0,0.0,1.0
AnkiDroid/src/main/res/values-pa/17-model-manager.xml,1,4,1,5,1,1,2026-04-19,2026-04-19,5,5.0,1.0,0,0.0,1.0
AnkiDroid/src/main/res/values-pl/17-model-manager.xml,1,4,1,5,1,1,2026-04-19,2026-04-19,5,5.0,1.0,0,0.0,1.0
AnkiDroid/src/main/res/values-pt-rBR/17-model-manager.xml,1,4,1,5,1,1,2026-04-19,2026-04-19,5,5.0,1.0,0,0.0,1.0
AnkiDroid/src/main/res/values-pt-rPT/17-model-manager.xml,1,4,1,5,1,1,2026-04-19,2026-04-19,5,5.0,1.0,0,0.0,1.0
AnkiDroid/src/main/res/values-ro/17-model-manager.xml,1,4,1,5,1,1,2026-04-19,2026-04-19,5,5.0,1.0,0,0.0,1.0
AnkiDroid/src/main/res/values-sat/17-model-manager.xml,1,4,1,5,1,1,2026-04-19,2026-04-19,5,5.0,1.0,0,0.0,1.0
AnkiDroid/src/main/res/values-sc/17-model-manager.xml,1,4,1,5,1,1,2026-04-19,2026-04-19,5,5.0,1.0,0,0.0,1.0
AnkiDroid/src/main/res/values-sk/17-model-manager.xml,1,4,1,5,1,1,2026-04-19,2026-04-19,5,5.0,1.0,0,0.0,1.0
AnkiDroid/src/main/res/values-sl/17-model-manager.xml,1,4,1,5,1,1,2026-04-19,2026-04-19,5,5.0,1.0,0,0.0,1.0
AnkiDroid/src/main/res/values-sq/17-model-manager.xml,1,4,1,5,1,1,2026-04-19,2026-04-19,5,5.0,1.0,0,0.0,1.0
AnkiDroid/src/main/res/values-sr/17-model-manager.xml,1,4,1,5,1,1,2026-04-19,2026-04-19,5,5.0,1.0,0,0.0,1.0
AnkiDroid/src/main/res/values-sv/17-model-manager.xml,1,4,1,5,1,1,2026-04-19,2026-04-19,5,5.0,1.0,0,0.0,1.0
AnkiDroid/src/main/res/values-ta/17-model-manager.xml,1,4,1,5,1,1,2026-04-19,2026-04-19,5,5.0,1.0,0,0.0,1.0
AnkiDroid/src/main/res/values-te/17-model-manager.xml,1,4,1,5,1,1,2026-04-19,2026-04-19,5,5.0,1.0,0,0.0,1.0
AnkiDroid/src/main/res/values-tgl/17-model-manager.xml,1,4,1,5,1,1,2026-04-19,2026-04-19,5,5.0,1.0,0,0.0,1.0
AnkiDroid/src/main/res/values-th/17-model-manager.xml,1,4,1,5,1,1,2026-04-19,2026-04-19,5,5.0,1.0,0,0.0,1.0
AnkiDroid/src/main/res/values-ti/17-model-manager.xml,1,4,1,5,1,1,2026-04-19,2026-04-19,5,5.0,1.0,0,0.0,1.0
AnkiDroid/src/main/res/values-tt/17-model-manager.xml,1,4,1,5,1,1,2026-04-19,2026-04-19,5,5.0,1.0,0,0.0,1.0
AnkiDroid/src/main/res/values-ug/17-model-manager.xml,1,4,1,5,1,1,2026-04-19,2026-04-19,5,5.0,1.0,0,0.0,1.0
AnkiDroid/src/main/res/values-ur/17-model-manager.xml,1,4,1,5,1,1,2026-04-19,2026-04-19,5,5.0,1.0,0,0.0,1.0
AnkiDroid/src/main/res/values-vi/17-model-manager.xml,1,4,1,5,1,1,2026-04-19,2026-04-19,5,5.0,1.0,0,0.0,1.0
AnkiDroid/src/main/res/values-zh-rTW/17-model-manager.xml,1,4,1,5,1,1,2026-04-19,2026-04-19,5,5.0,1.0,0,0.0,1.0
AnkiDroid/src/main/res/values/17-model-manager.xml,1,4,1,5,1,1,2026-03-15,2026-03-15,40,5.0,1.0,0,0.0,1.0
AnkiDroid/src/test/java/com/ichi2/compat/CompatDeleteFileTest.kt,1,4,1,5,1,1,2026-03-22,2026-03-22,33,5.0,1.0,0,0.0,1.0
AnkiDroid/src/main/java/com/ichi2/anki/preferences/ControlsSettingsFragment.kt,2,3,1,4,2,2,2026-04-05,2026-04-06,18,2.0,0.5,1,0.5,0.75
AnkiDroid/src/main/java/com/ichi2/anki/preferences/DeveloperOptionsFragment.kt,2,2,2,4,1,1,2026-04-17,2026-04-17,7,2.0,1.0,0,0.0,0.5
AnkiDroid/src/main/java/com/ichi2/anki/servicelayer/DebugInfoService.kt,2,2,2,4,1,1,2026-04-17,2026-04-17,7,2.0,1.0,0,0.0,0.5
AnkiDroid/src/main/res/menu/card_browser.xml,2,4,0,4,1,1,2026-03-14,2026-03-14,41,2.0,1.0,0,0.0,0.75
AnkiDroid/src/main/res/values-ar/10-preferences.xml,2,2,2,4,1,2,2026-04-09,2026-04-12,12,2.0,1.0,0,0.0,0.5
AnkiDroid/src/main/res/values-fr/10-preferences.xml,2,2,2,4,1,2,2026-04-09,2026-04-15,9,2.0,1.0,0,0.0,0.5
AnkiDroid/src/main/res/values-tr/10-preferences.xml,2,2,2,4,1,2,2026-04-09,2026-04-15,9,2.0,1.0,0,0.0,0.5
AnkiDroid/src/main/res/values-uz/10-preferences.xml,2,2,2,4,1,2,2026-04-09,2026-04-19,5,2.0,1.0,0,0.0,0.5
AnkiDroid/src/main/res/values-zh-rCN/10-preferences.xml,2,2,2,4,1,2,2026-04-09,2026-04-19,5,2.0,1.0,0,0.0,0.5
AnkiDroid/src/main/java/com/ichi2/anki/BackendBackups.kt,1,2,2,4,1,1,2026-04-01,2026-04-01,23,4.0,1.0,0,0.0,1.0
AnkiDroid/src/main/java/com/ichi2/anki/CardTemplateBrowserAppearanceEditor.kt,1,2,2,4,1,1,2026-04-06,2026-04-06,18,4.0,1.0,0,0.0,1.0
AnkiDroid/src/main/java/com/ichi2/anki/CardTemplateNotetype.kt,1,2,2,4,1,1,2026-03-22,2026-03-22,33,4.0,1.0,0,0.0,1.0
AnkiDroid/src/main/java/com/ichi2/anki/browser/BrowserMultiColumnAdapter.kt,1,2,2,4,1,1,2026-04-13,2026-04-13,11,4.0,1.0,0,0.0,1.0
AnkiDroid/src/main/java/com/ichi2/anki/browser/search/SearchString.kt,1,4,0,4,1,1,2026-01-21,2026-01-21,93,4.0,1.0,0,0.0,1.0
AnkiDroid/src/main/java/com/ichi2/anki/cardviewer/CardMediaPlayer.kt,1,2,2,4,1,1,2026-01-08,2026-01-08,106,4.0,1.0,0,0.0,1.0
AnkiDroid/src/main/java/com/ichi2/anki/dialogs/CardBrowserOrderDialog.kt,1,2,2,4,1,1,2026-01-27,2026-01-27,87,4.0,1.0,0,0.0,1.0
AnkiDroid/src/main/java/com/ichi2/anki/dialogs/EmptyCardsDialogFragment.kt,1,2,2,4,1,1,2026-04-06,2026-04-06,18,4.0,1.0,0,0.0,1.0
AnkiDroid/src/main/java/com/ichi2/anki/dialogs/help/HelpDialog.kt,1,2,2,4,1,1,2026-04-08,2026-04-08,16,4.0,1.0,0,0.0,1.0
AnkiDroid/src/main/java/com/ichi2/anki/multimediacard/impl/MultimediaEditableNote.kt,1,2,2,4,1,1,2026-03-22,2026-03-22,33,4.0,1.0,0,0.0,1.0
AnkiDroid/src/main/java/com/ichi2/anki/notetype/AddNewNotesType.kt,1,2,2,4,1,1,2026-04-06,2026-04-06,18,4.0,1.0,0,0.0,1.0
AnkiDroid/src/main/java/com/ichi2/anki/utils/ext/Flow.kt,1,2,2,4,1,1,2026-03-09,2026-03-09,46,4.0,1.0,1,1.0,1.0
AnkiDroid/src/main/res/layout/view_whiteboard_toolbar.xml,1,2,2,4,1,1,2026-04-22,2026-04-22,2,4.0,1.0,0,0.0,1.0
AnkiDroid/src/main/res/values-ar/16-multimedia-editor.xml,1,2,2,4,1,1,2026-04-12,2026-04-12,12,4.0,1.0,0,0.0,1.0
AnkiDroid/src/main/res/values-tr/16-multimedia-editor.xml,1,2,2,4,1,1,2026-04-15,2026-04-15,9,4.0,1.0,0,0.0,1.0
AnkiDroid/src/main/res/xml/preferences_custom_sync_server.xml,1,3,1,4,1,1,2026-04-06,2026-04-06,18,4.0,1.0,0,0.0,1.0
AnkiDroid/src/test/java/com/ichi2/anki/InitialActivityTest.kt,1,3,1,4,1,1,2026-04-14,2026-04-14,10,4.0,1.0,0,0.0,1.0
AnkiDroid/src/test/java/com/ichi2/anki/TranslationTest.kt,1,0,4,4,1,1,2026-03-18,2026-03-18,37,4.0,1.0,1,1.0,1.0
AnkiDroid/src/test/java/com/ichi2/compat/Test21And26.kt,1,4,0,4,1,1,2026-03-22,2026-03-22,33,4.0,1.0,0,0.0,1.0
AnkiDroid/src/test/java/com/ichi2/compat/customtabs/CustomTabActivityHelperTest.kt,1,2,2,4,1,1,2026-03-22,2026-03-22,33,4.0,1.0,0,0.0,1.0
buildSrc/src/main/kotlin/placeholder.gradle.kts,1,4,0,4,1,1,2026-04-17,2026-04-17,7,4.0,1.0,0,0.0,1.0
common/android/src/main/AndroidManifest.xml,1,4,0,4,1,1,2026-04-13,2026-04-13,11,4.0,1.0,0,0.0,1.0
compat/src/main/AndroidManifest.xml,1,4,0,4,1,1,2026-03-22,2026-03-22,33,4.0,1.0,0,0.0,1.0
compat/src/test/java/com/ichi2/compat/HasFilesTest.kt,1,2,2,4,1,1,2026-04-07,2026-04-07,17,4.0,1.0,0,0.0,1.0
libanki/src/main/java/com/ichi2/anki/libanki/DB.kt,1,3,1,4,1,1,2025-11-04,2025-11-04,171,4.0,1.0,0,0.0,1.0
AnkiDroid/src/main/java/com/ichi2/anki/InitialActivity.kt,2,2,1,3,2,2,2026-03-22,2026-04-17,7,1.5,0.5,0,0.0,0.6666666666666666
AnkiDroid/src/main/java/com/ichi2/anki/MediaRegistration.kt,2,2,1,3,2,2,2026-03-22,2026-04-17,7,1.5,0.5,0,0.0,0.6666666666666666
AnkiDroid/src/main/res/values-ar/01-core.xml,2,2,1,3,1,2,2026-04-04,2026-04-12,12,1.5,1.0,0,0.0,0.6666666666666666
AnkiDroid/src/main/res/values-ar/09-backup.xml,2,2,1,3,1,2,2026-04-06,2026-04-12,12,1.5,1.0,0,0.0,0.6666666666666666
AnkiDroid/src/main/res/values-be/07-cardbrowser.xml,2,2,1,3,1,2,2026-04-12,2026-04-19,5,1.5,1.0,0,0.0,0.6666666666666666
AnkiDroid/src/main/res/values-be/09-backup.xml,2,2,1,3,1,2,2026-04-06,2026-04-08,16,1.5,1.0,0,0.0,0.6666666666666666
AnkiDroid/src/main/res/values-fr/01-core.xml,2,2,1,3,1,2,2026-04-04,2026-04-06,18,1.5,1.0,0,0.0,0.6666666666666666
AnkiDroid/src/main/res/values-fr/09-backup.xml,2,2,1,3,1,2,2026-04-06,2026-04-15,9,1.5,1.0,0,0.0,0.6666666666666666
AnkiDroid/src/main/res/values-gl/07-cardbrowser.xml,2,2,1,3,1,2,2026-04-19,2026-04-22,2,1.5,1.0,0,0.0,0.6666666666666666
AnkiDroid/src/main/res/values-gl/09-backup.xml,2,2,1,3,1,2,2026-04-06,2026-04-12,12,1.5,1.0,0,0.0,0.6666666666666666
AnkiDroid/src/main/res/values-ja/01-core.xml,2,2,1,3,1,2,2026-04-04,2026-04-19,5,1.5,1.0,0,0.0,0.6666666666666666
AnkiDroid/src/main/res/values-ja/07-cardbrowser.xml,2,2,1,3,1,2,2026-04-19,2026-04-22,2,1.5,1.0,0,0.0,0.6666666666666666
AnkiDroid/src/main/res/values-pl/01-core.xml,2,2,1,3,1,2,2026-04-04,2026-04-22,2,1.5,1.0,0,0.0,0.6666666666666666
AnkiDroid/src/main/res/values-ru/07-cardbrowser.xml,2,2,1,3,1,2,2026-04-06,2026-04-19,5,1.5,1.0,0,0.0,0.6666666666666666
AnkiDroid/src/main/res/values-tr/01-core.xml,2,2,1,3,1,2,2026-04-04,2026-04-15,9,1.5,1.0,0,0.0,0.6666666666666666
AnkiDroid/src/main/res/values-uk/07-cardbrowser.xml,2,2,1,3,1,1,2026-04-19,2026-04-19,5,1.5,1.0,0,0.0,0.6666666666666666
AnkiDroid/src/main/res/values-uk/09-backup.xml,2,2,1,3,1,2,2026-04-06,2026-04-19,5,1.5,1.0,0,0.0,0.6666666666666666
AnkiDroid/src/main/res/values-uz/01-core.xml,2,2,1,3,1,2,2026-04-04,2026-04-19,5,1.5,1.0,0,0.0,0.6666666666666666
AnkiDroid/src/main/res/values-uz/07-cardbrowser.xml,2,2,1,3,1,2,2026-04-19,2026-04-22,2,1.5,1.0,0,0.0,0.6666666666666666
AnkiDroid/src/main/res/values-uz/09-backup.xml,2,2,1,3,1,2,2026-04-06,2026-04-19,5,1.5,1.0,0,0.0,0.6666666666666666
AnkiDroid/src/main/res/values-zh-rCN/01-core.xml,2,2,1,3,1,2,2026-04-04,2026-04-08,16,1.5,1.0,0,0.0,0.6666666666666666
AnkiDroid/src/main/res/values-zh-rCN/07-cardbrowser.xml,2,2,1,3,1,2,2026-04-19,2026-04-22,2,1.5,1.0,0,0.0,0.6666666666666666
AnkiDroid/src/main/res/values-zh-rCN/09-backup.xml,2,2,1,3,1,2,2026-04-06,2026-04-08,16,1.5,1.0,0,0.0,0.6666666666666666
AnkiDroid/src/main/java/com/ichi2/anki/dialogs/customstudy/CustomStudyDialog.kt,1,2,1,3,1,1,2026-04-06,2026-04-06,18,3.0,1.0,0,0.0,1.0
AnkiDroid/src/main/java/com/ichi2/anki/dialogs/tags/TagsDialogListener.kt,1,1,2,3,1,1,2026-03-22,2026-03-22,33,3.0,1.0,0,0.0,1.0
AnkiDroid/src/main/java/com/ichi2/anki/preferences/reviewer/ViewerAction.kt,1,2,1,3,1,1,2026-04-06,2026-04-06,18,3.0,1.0,0,0.0,1.0
AnkiDroid/src/main/java/com/ichi2/anki/ui/windows/reviewer/AnswerTimer.kt,1,2,1,3,1,1,2026-04-22,2026-04-22,2,3.0,1.0,1,1.0,1.0
AnkiDroid/src/main/java/com/ichi2/utils/UiUtil.kt,1,3,0,3,1,1,2026-04-16,2026-04-16,8,3.0,1.0,1,1.0,1.0
AnkiDroid/src/main/res/drawable/ic_add_filtered_deck.xml,1,2,1,3,1,1,2026-03-14,2026-03-14,41,3.0,1.0,0,0.0,1.0
AnkiDroid/src/test/java/com/ichi2/anki/RobolectricTest.kt,1,3,0,3,1,1,2026-03-14,2026-03-14,41,3.0,1.0,0,0.0,1.0
AnkiDroid/src/test/java/com/ichi2/anki/browser/search/CardStateTest.kt,1,3,0,3,1,1,2026-04-14,2026-04-14,10,3.0,1.0,0,0.0,1.0
AnkiDroid/src/test/java/com/ichi2/anki/cardviewer/MediaErrorHandlerTest.kt,1,3,0,3,1,1,2026-04-14,2026-04-14,10,3.0,1.0,0,0.0,1.0
AnkiDroid/src/test/java/com/ichi2/anki/dialogs/InsertFieldDialogTest.kt,1,3,0,3,1,1,2026-04-14,2026-04-14,10,3.0,1.0,0,0.0,1.0
AnkiDroid/src/test/java/com/ichi2/anki/libanki/FieldTest.kt,1,3,0,3,1,1,2026-04-14,2026-04-14,10,3.0,1.0,0,0.0,1.0
AnkiDroid/src/test/java/com/ichi2/anki/pages/viewmodel/ImageOcclusionViewModelTest.kt,1,3,0,3,1,1,2026-04-14,2026-04-14,10,3.0,1.0,0,0.0,1.0
AnkiDroid/src/test/java/com/ichi2/anki/reviewer/AnswerTimerTest.kt,1,3,0,3,1,1,2026-04-14,2026-04-14,10,3.0,1.0,0,0.0,1.0
AnkiDroid/src/test/java/com/ichi2/anki/reviewer/AutomaticAnswerTest.kt,1,3,0,3,1,1,2026-04-14,2026-04-14,10,3.0,1.0,0,0.0,1.0
AnkiDroid/src/test/java/com/ichi2/anki/settings/PrefsRobolectricTest.kt,1,3,0,3,1,1,2026-04-14,2026-04-14,10,3.0,1.0,0,0.0,1.0
AnkiDroid/src/test/java/com/ichi2/anki/ui/windows/reviewer/StudyScreenRepositoryCollectionTest.kt,1,3,0,3,1,1,2026-04-14,2026-04-14,10,3.0,1.0,0,0.0,1.0
AnkiDroid/src/test/java/com/ichi2/anki/ui/windows/reviewer/autoadvance/AutoAdvanceTest.kt,1,2,1,3,1,1,2026-04-22,2026-04-22,2,3.0,1.0,1,1.0,1.0
AnkiDroid/src/test/java/com/ichi2/anki/utils/ext/JSONObjectTest.kt,1,3,0,3,1,1,2026-04-14,2026-04-14,10,3.0,1.0,0,0.0,1.0
AnkiDroid/src/test/java/com/ichi2/anki/utils/ext/ParcelTest.kt,1,3,0,3,1,1,2026-04-14,2026-04-14,10,3.0,1.0,0,0.0,1.0
AnkiDroid/src/test/java/com/ichi2/utils/ContentResolverUtilTest.kt,1,3,0,3,1,1,2026-04-14,2026-04-14,10,3.0,1.0,0,0.0,1.0
AnkiDroid/src/test/java/com/ichi2/utils/EditTextUtilsTest.kt,1,3,0,3,1,1,2026-04-14,2026-04-14,10,3.0,1.0,0,0.0,1.0
AnkiDroid/src/test/java/com/ichi2/utils/JSONObjectTest.kt,1,3,0,3,1,1,2026-04-14,2026-04-14,10,3.0,1.0,0,0.0,1.0
AnkiDroid/src/test/java/com/ichi2/utils/KeyUtilsTest.kt,1,3,0,3,1,1,2026-04-14,2026-04-14,10,3.0,1.0,0,0.0,1.0
AnkiDroid/src/test/java/com/ichi2/utils/LanguageUtilsTest.kt,1,3,0,3,1,1,2026-04-14,2026-04-14,10,3.0,1.0,0,0.0,1.0
common/src/testFixtures/java/com/ichi2/testutils/FileUtil.kt,1,1,2,3,1,1,2026-04-07,2026-04-07,17,3.0,1.0,0,0.0,1.0
compat/src/test/java/com/ichi2/anki/model/DirectoryTest.kt,1,1,2,3,1,1,2026-04-07,2026-04-07,17,3.0,1.0,0,0.0,1.0
.github/workflows/README.md,1,1,1,2,1,1,2026-03-22,2026-03-22,33,2.0,1.0,1,1.0,1.0
.github/workflows/assignees.yml,1,1,1,2,1,1,2026-03-10,2026-03-10,45,2.0,1.0,0,0.0,1.0
.github/workflows/codeql.yml,1,2,0,2,1,1,2026-04-18,2026-04-18,6,2.0,1.0,1,1.0,1.0
.github/workflows/conflict.yaml,1,1,1,2,1,1,2026-03-10,2026-03-10,45,2.0,1.0,0,0.0,1.0
.github/workflows/milestone.yml,1,1,1,2,1,1,2026-03-10,2026-03-10,45,2.0,1.0,0,0.0,1.0
.github/workflows/opencollective_notices.yml,1,1,1,2,1,1,2026-03-10,2026-03-10,45,2.0,1.0,0,0.0,1.0
.github/workflows/publish.yml,1,1,1,2,1,1,2026-03-10,2026-03-10,45,2.0,1.0,0,0.0,1.0
.gitignore,1,1,1,2,1,1,2026-04-17,2026-04-17,7,2.0,1.0,0,0.0,1.0
AnkiDroid/src/androidTest/java/com/ichi2/anki/tests/LayoutValidationTest.kt,1,1,1,2,1,1,2026-04-10,2026-04-10,14,2.0,1.0,1,1.0,1.0
AnkiDroid/src/androidTest/java/com/ichi2/anki/tests/NotificationChannelTest.kt,1,1,1,2,1,1,2026-03-22,2026-03-22,33,2.0,1.0,0,0.0,1.0
AnkiDroid/src/androidTest/java/com/ichi2/anki/tests/Shared.kt,1,1,1,2,1,1,2026-03-22,2026-03-22,33,2.0,1.0,0,0.0,1.0
AnkiDroid/src/main/java/com/ichi2/anki/AndroidTtsPlayer.kt,1,1,1,2,1,1,2026-03-22,2026-03-22,33,2.0,1.0,0,0.0,1.0
AnkiDroid/src/main/java/com/ichi2/anki/DrawingFragment.kt,1,1,1,2,1,1,2026-03-22,2026-03-22,33,2.0,1.0,0,0.0,1.0
AnkiDroid/src/main/java/com/ichi2/anki/FieldEditLine.kt,1,1,1,2,1,1,2026-03-22,2026-03-22,33,2.0,1.0,0,0.0,1.0
AnkiDroid/src/main/java/com/ichi2/anki/ReadText.kt,1,0,2,2,1,1,2026-04-08,2026-04-08,16,2.0,1.0,0,0.0,1.0
AnkiDroid/src/main/java/com/ichi2/anki/SyncActionProvider.kt,1,1,1,2,1,1,2026-03-22,2026-03-22,33,2.0,1.0,0,0.0,1.0
AnkiDroid/src/main/java/com/ichi2/anki/Whiteboard.kt,1,1,1,2,1,1,2026-03-22,2026-03-22,33,2.0,1.0,0,0.0,1.0
AnkiDroid/src/main/java/com/ichi2/anki/backend/BackendDBUtils.kt,1,1,1,2,1,1,2026-04-17,2026-04-17,7,2.0,1.0,0,0.0,1.0
AnkiDroid/src/main/java/com/ichi2/anki/browser/search/SearchRequest.kt,1,2,0,2,1,1,2026-01-22,2026-01-22,92,2.0,1.0,0,0.0,1.0
AnkiDroid/src/main/java/com/ichi2/anki/dialogs/CreateDeckDialog.kt,1,0,2,2,1,1,2026-04-06,2026-04-06,18,2.0,1.0,0,0.0,1.0
AnkiDroid/src/main/java/com/ichi2/anki/dialogs/DeckPickerAnalyticsOptInDialog.kt,1,1,1,2,1,1,2026-04-20,2026-04-20,4,2.0,1.0,1,1.0,1.0
AnkiDroid/src/main/java/com/ichi2/anki/dialogs/TtsPlaybackErrorDialog.kt,1,1,1,2,1,1,2026-04-17,2026-04-17,7,2.0,1.0,0,0.0,1.0
AnkiDroid/src/main/java/com/ichi2/anki/dialogs/help/HelpItemActionsDispatcher.kt,1,1,1,2,1,1,2026-04-17,2026-04-17,7,2.0,1.0,0,0.0,1.0
AnkiDroid/src/main/java/com/ichi2/anki/jsaddons/TgzPackageExtract.kt,1,1,1,2,1,1,2026-03-22,2026-03-22,33,2.0,1.0,0,0.0,1.0
AnkiDroid/src/main/java/com/ichi2/anki/model/Directory.kt,1,1,1,2,1,1,2026-03-22,2026-03-22,33,2.0,1.0,0,0.0,1.0
AnkiDroid/src/main/java/com/ichi2/anki/multimedia/MultimediaUtils.kt,1,1,1,2,1,1,2026-04-17,2026-04-17,7,2.0,1.0,0,0.0,1.0
AnkiDroid/src/main/java/com/ichi2/anki/multimedia/SoundUtils.kt,1,1,1,2,1,1,2026-03-22,2026-03-22,33,2.0,1.0,0,0.0,1.0
AnkiDroid/src/main/java/com/ichi2/anki/noteeditor/Toolbar.kt,1,1,1,2,1,1,2026-03-22,2026-03-22,33,2.0,1.0,0,0.0,1.0
AnkiDroid/src/main/java/com/ichi2/anki/notetype/ManageNotetypes.kt,1,1,1,2,1,1,2026-04-17,2026-04-17,7,2.0,1.0,0,0.0,1.0
AnkiDroid/src/main/java/com/ichi2/anki/observability/ChangeManager.kt,1,1,1,2,1,1,2026-04-17,2026-04-17,7,2.0,1.0,0,0.0,1.0
AnkiDroid/src/main/java/com/ichi2/anki/pages/DeckOptions.kt,1,1,1,2,1,1,2026-04-17,2026-04-17,7,2.0,1.0,0,0.0,1.0
AnkiDroid/src/main/java/com/ichi2/anki/pages/PageChromeClient.kt,1,1,1,2,1,1,2026-04-17,2026-04-17,7,2.0,1.0,0,0.0,1.0
AnkiDroid/src/main/java/com/ichi2/anki/preferences/AdvancedSettingsFragment.kt,1,1,1,2,1,1,2026-03-22,2026-03-22,33,2.0,1.0,0,0.0,1.0
AnkiDroid/src/main/java/com/ichi2/anki/preferences/GeneralSettingsFragment.kt,1,1,1,2,1,1,2026-04-17,2026-04-17,7,2.0,1.0,0,0.0,1.0
AnkiDroid/src/main/java/com/ichi2/anki/preferences/SyncSettingsFragment.kt,1,1,1,2,1,1,2026-04-17,2026-04-17,7,2.0,1.0,0,0.0,1.0
AnkiDroid/src/main/java/com/ichi2/anki/reviewer/Axis.kt,1,1,1,2,1,1,2026-03-22,2026-03-22,33,2.0,1.0,0,0.0,1.0
AnkiDroid/src/main/java/com/ichi2/anki/snackbar/Snackbars.kt,1,1,1,2,1,1,2026-04-17,2026-04-17,7,2.0,1.0,0,0.0,1.0
AnkiDroid/src/main/java/com/ichi2/anki/ui/windows/reviewer/StudyScreenRepository.kt,1,2,0,2,1,1,2026-04-23,2026-04-23,1,2.0,1.0,0,0.0,1.0
AnkiDroid/src/main/java/com/ichi2/anki/ui/windows/reviewer/whiteboard/WhiteboardFragment.kt,1,1,1,2,1,1,2026-03-25,2026-03-25,30,2.0,1.0,1,1.0,1.0
AnkiDroid/src/main/java/com/ichi2/anki/utils/Resources.kt,1,1,1,2,1,1,2026-04-17,2026-04-17,7,2.0,1.0,0,0.0,1.0
AnkiDroid/src/main/java/com/ichi2/anki/utils/ShortcutUtils.kt,1,1,1,2,1,1,2026-04-17,2026-04-17,7,2.0,1.0,0,0.0,1.0
AnkiDroid/src/main/java/com/ichi2/anki/workarounds/AppLoadedFromBackupWorkaround.kt,1,1,1,2,1,1,2026-04-17,2026-04-17,7,2.0,1.0,0,0.0,1.0
AnkiDroid/src/main/java/com/ichi2/compat/customtabs/CustomTabActivityHelper.kt,1,1,1,2,1,1,2026-04-17,2026-04-17,7,2.0,1.0,0,0.0,1.0
AnkiDroid/src/main/java/com/ichi2/compat/customtabs/CustomTabsFallback.kt,1,1,1,2,1,1,2026-04-17,2026-04-17,7,2.0,1.0,0,0.0,1.0
AnkiDroid/src/main/java/com/ichi2/preferences/ControlPreference.kt,1,1,1,2,1,1,2026-04-09,2026-04-09,15,2.0,1.0,1,1.0,1.0
AnkiDroid/src/main/java/com/ichi2/ui/AccessibleSearchView.kt,1,1,1,2,1,1,2026-03-22,2026-03-22,33,2.0,1.0,0,0.0,1.0
AnkiDroid/src/main/java/com/ichi2/ui/RtlCompliantActionProvider.kt,1,1,1,2,1,1,2026-03-22,2026-03-22,33,2.0,1.0,0,0.0,1.0
AnkiDroid/src/main/java/com/ichi2/utils/ExceptionUtil.kt,1,1,1,2,1,1,2026-04-17,2026-04-17,7,2.0,1.0,0,0.0,1.0
AnkiDroid/src/main/java/com/ichi2/utils/FileUtil.kt,1,1,1,2,1,1,2026-03-22,2026-03-22,33,2.0,1.0,0,0.0,1.0
AnkiDroid/src/main/java/com/ichi2/utils/WebViewUtils.kt,1,1,1,2,1,1,2026-04-17,2026-04-17,7,2.0,1.0,0,0.0,1.0
AnkiDroid/src/main/java/com/ichi2/widget/AnkiDroidWidgetSmall.kt,1,1,1,2,1,1,2026-03-22,2026-03-22,33,2.0,1.0,0,0.0,1.0
AnkiDroid/src/main/java/com/ichi2/widget/cardanalysis/CardAnalysisWidget.kt,1,1,1,2,1,1,2026-04-17,2026-04-17,7,2.0,1.0,0,0.0,1.0
AnkiDroid/src/main/java/com/ichi2/widget/deckpicker/DeckPickerWidget.kt,1,1,1,2,1,1,2026-04-17,2026-04-17,7,2.0,1.0,0,0.0,1.0
AnkiDroid/src/main/res/drawable/ic_remove_red_eye_white.xml,1,1,1,2,1,1,2026-03-14,2026-03-14,41,2.0,1.0,0,0.0,1.0
AnkiDroid/src/main/res/drawable/ic_search_white.xml,1,1,1,2,1,1,2026-04-23,2026-04-23,1,2.0,1.0,1,1.0,1.0
AnkiDroid/src/main/res/values-af/10-preferences.xml,1,1,1,2,1,1,2026-04-09,2026-04-09,15,2.0,1.0,0,0.0,1.0
AnkiDroid/src/main/res/values-am/10-preferences.xml,1,1,1,2,1,1,2026-04-09,2026-04-09,15,2.0,1.0,0,0.0,1.0
AnkiDroid/src/main/res/values-az/10-preferences.xml,1,1,1,2,1,1,2026-04-09,2026-04-09,15,2.0,1.0,0,0.0,1.0
AnkiDroid/src/main/res/values-be/05-feedback.xml,1,1,1,2,1,1,2026-04-08,2026-04-08,16,2.0,1.0,0,0.0,1.0
AnkiDroid/src/main/res/values-bg/10-preferences.xml,1,1,1,2,1,1,2026-04-09,2026-04-09,15,2.0,1.0,0,0.0,1.0
AnkiDroid/src/main/res/values-bn/10-preferences.xml,1,1,1,2,1,1,2026-04-09,2026-04-09,15,2.0,1.0,0,0.0,1.0
AnkiDroid/src/main/res/values-ca/10-preferences.xml,1,1,1,2,1,1,2026-04-09,2026-04-09,15,2.0,1.0,0,0.0,1.0
AnkiDroid/src/main/res/values-ckb/10-preferences.xml,1,1,1,2,1,1,2026-04-09,2026-04-09,15,2.0,1.0,0,0.0,1.0
AnkiDroid/src/main/res/values-cs/10-preferences.xml,1,1,1,2,1,1,2026-04-09,2026-04-09,15,2.0,1.0,0,0.0,1.0
AnkiDroid/src/main/res/values-da/10-preferences.xml,1,1,1,2,1,1,2026-04-09,2026-04-09,15,2.0,1.0,0,0.0,1.0
AnkiDroid/src/main/res/values-de/10-preferences.xml,1,1,1,2,1,1,2026-04-09,2026-04-09,15,2.0,1.0,0,0.0,1.0
AnkiDroid/src/main/res/values-el/10-preferences.xml,1,1,1,2,1,1,2026-04-09,2026-04-09,15,2.0,1.0,0,0.0,1.0
AnkiDroid/src/main/res/values-eo/10-preferences.xml,1,1,1,2,1,1,2026-04-09,2026-04-09,15,2.0,1.0,0,0.0,1.0
AnkiDroid/src/main/res/values-eo/16-multimedia-editor.xml,1,1,1,2,1,1,2026-04-12,2026-04-12,12,2.0,1.0,0,0.0,1.0
AnkiDroid/src/main/res/values-es-rAR/10-preferences.xml,1,1,1,2,1,1,2026-04-09,2026-04-09,15,2.0,1.0,0,0.0,1.0
AnkiDroid/src/main/res/values-es-rES/10-preferences.xml,1,1,1,2,1,1,2026-04-09,2026-04-09,15,2.0,1.0,0,0.0,1.0
AnkiDroid/src/main/res/values-et/10-preferences.xml,1,1,1,2,1,1,2026-04-09,2026-04-09,15,2.0,1.0,0,0.0,1.0
AnkiDroid/src/main/res/values-eu/10-preferences.xml,1,1,1,2,1,1,2026-04-09,2026-04-09,15,2.0,1.0,0,0.0,1.0
AnkiDroid/src/main/res/values-fa/10-preferences.xml,1,1,1,2,1,1,2026-04-09,2026-04-09,15,2.0,1.0,0,0.0,1.0
AnkiDroid/src/main/res/values-fi/10-preferences.xml,1,1,1,2,1,1,2026-04-09,2026-04-09,15,2.0,1.0,0,0.0,1.0
AnkiDroid/src/main/res/values-fil/10-preferences.xml,1,1,1,2,1,1,2026-04-09,2026-04-09,15,2.0,1.0,0,0.0,1.0
AnkiDroid/src/main/res/values-fy/10-preferences.xml,1,1,1,2,1,1,2026-04-09,2026-04-09,15,2.0,1.0,0,0.0,1.0
AnkiDroid/src/main/res/values-ga/10-preferences.xml,1,1,1,2,1,1,2026-04-09,2026-04-09,15,2.0,1.0,0,0.0,1.0
AnkiDroid/src/main/res/values-got/10-preferences.xml,1,1,1,2,1,1,2026-04-09,2026-04-09,15,2.0,1.0,0,0.0,1.0
AnkiDroid/src/main/res/values-gu/10-preferences.xml,1,1,1,2,1,1,2026-04-09,2026-04-09,15,2.0,1.0,0,0.0,1.0
AnkiDroid/src/main/res/values-heb/10-preferences.xml,1,1,1,2,1,1,2026-04-09,2026-04-09,15,2.0,1.0,0,0.0,1.0
AnkiDroid/src/main/res/values-hi/10-preferences.xml,1,1,1,2,1,1,2026-04-09,2026-04-09,15,2.0,1.0,0,0.0,1.0
AnkiDroid/src/main/res/values-hr/10-preferences.xml,1,1,1,2,1,1,2026-04-09,2026-04-09,15,2.0,1.0,0,0.0,1.0
AnkiDroid/src/main/res/values-hu/10-preferences.xml,1,1,1,2,1,1,2026-04-09,2026-04-09,15,2.0,1.0,0,0.0,1.0
AnkiDroid/src/main/res/values-hy/10-preferences.xml,1,1,1,2,1,1,2026-04-09,2026-04-09,15,2.0,1.0,0,0.0,1.0
AnkiDroid/src/main/res/values-ind/10-preferences.xml,1,1,1,2,1,1,2026-04-09,2026-04-09,15,2.0,1.0,0,0.0,1.0
AnkiDroid/src/main/res/values-it/04-network.xml,1,1,1,2,1,1,2026-04-08,2026-04-08,16,2.0,1.0,0,0.0,1.0
AnkiDroid/src/main/res/values-iw/10-preferences.xml,1,1,1,2,1,1,2026-04-09,2026-04-09,15,2.0,1.0,0,0.0,1.0
AnkiDroid/src/main/res/values-ja/16-multimedia-editor.xml,1,1,1,2,1,1,2026-04-22,2026-04-22,2,2.0,1.0,0,0.0,1.0
AnkiDroid/src/main/res/values-ka/10-preferences.xml,1,1,1,2,1,1,2026-04-09,2026-04-09,15,2.0,1.0,0,0.0,1.0
AnkiDroid/src/main/res/values-kk/10-preferences.xml,1,1,1,2,1,1,2026-04-09,2026-04-09,15,2.0,1.0,0,0.0,1.0
AnkiDroid/src/main/res/values-km/10-preferences.xml,1,1,1,2,1,1,2026-04-09,2026-04-09,15,2.0,1.0,0,0.0,1.0
AnkiDroid/src/main/res/values-kn/10-preferences.xml,1,1,1,2,1,1,2026-04-09,2026-04-09,15,2.0,1.0,0,0.0,1.0
AnkiDroid/src/main/res/values-ko/10-preferences.xml,1,1,1,2,1,1,2026-04-09,2026-04-09,15,2.0,1.0,0,0.0,1.0
AnkiDroid/src/main/res/values-ku/10-preferences.xml,1,1,1,2,1,1,2026-04-09,2026-04-09,15,2.0,1.0,0,0.0,1.0
AnkiDroid/src/main/res/values-ky/10-preferences.xml,1,1,1,2,1,1,2026-04-09,2026-04-09,15,2.0,1.0,0,0.0,1.0
AnkiDroid/src/main/res/values-lt/10-preferences.xml,1,1,1,2,1,1,2026-04-09,2026-04-09,15,2.0,1.0,0,0.0,1.0
AnkiDroid/src/main/res/values-lv/10-preferences.xml,1,1,1,2,1,1,2026-04-09,2026-04-09,15,2.0,1.0,0,0.0,1.0
AnkiDroid/src/main/res/values-mk/10-preferences.xml,1,1,1,2,1,1,2026-04-09,2026-04-09,15,2.0,1.0,0,0.0,1.0
AnkiDroid/src/main/res/values-ml/10-preferences.xml,1,1,1,2,1,1,2026-04-09,2026-04-09,15,2.0,1.0,0,0.0,1.0
AnkiDroid/src/main/res/values-mn/10-preferences.xml,1,1,1,2,1,1,2026-04-09,2026-04-09,15,2.0,1.0,0,0.0,1.0
AnkiDroid/src/main/res/values-mr/10-preferences.xml,1,1,1,2,1,1,2026-04-09,2026-04-09,15,2.0,1.0,0,0.0,1.0
AnkiDroid/src/main/res/values-ms/10-preferences.xml,1,1,1,2,1,1,2026-04-09,2026-04-09,15,2.0,1.0,0,0.0,1.0
AnkiDroid/src/main/res/values-my/10-preferences.xml,1,1,1,2,1,1,2026-04-09,2026-04-09,15,2.0,1.0,0,0.0,1.0
AnkiDroid/src/main/res/values-nl/10-preferences.xml,1,1,1,2,1,1,2026-04-09,2026-04-09,15,2.0,1.0,0,0.0,1.0
AnkiDroid/src/main/res/values-nl/16-multimedia-editor.xml,1,1,1,2,1,1,2026-04-15,2026-04-15,9,2.0,1.0,0,0.0,1.0
AnkiDroid/src/main/res/values-nn/10-preferences.xml,1,1,1,2,1,1,2026-04-09,2026-04-09,15,2.0,1.0,0,0.0,1.0
AnkiDroid/src/main/res/values-no/10-preferences.xml,1,1,1,2,1,1,2026-04-09,2026-04-09,15,2.0,1.0,0,0.0,1.0
AnkiDroid/src/main/res/values-or/10-preferences.xml,1,1,1,2,1,1,2026-04-09,2026-04-09,15,2.0,1.0,0,0.0,1.0
AnkiDroid/src/main/res/values-pa/10-preferences.xml,1,1,1,2,1,1,2026-04-09,2026-04-09,15,2.0,1.0,0,0.0,1.0
AnkiDroid/src/main/res/values-pl/10-preferences.xml,1,1,1,2,1,1,2026-04-09,2026-04-09,15,2.0,1.0,0,0.0,1.0
AnkiDroid/src/main/res/values-pt-rBR/10-preferences.xml,1,1,1,2,1,1,2026-04-09,2026-04-09,15,2.0,1.0,0,0.0,1.0
AnkiDroid/src/main/res/values-pt-rPT/10-preferences.xml,1,1,1,2,1,1,2026-04-09,2026-04-09,15,2.0,1.0,0,0.0,1.0
AnkiDroid/src/main/res/values-ro/10-preferences.xml,1,1,1,2,1,1,2026-04-09,2026-04-09,15,2.0,1.0,0,0.0,1.0
AnkiDroid/src/main/res/values-ru/08-widget.xml,1,1,1,2,1,1,2026-04-06,2026-04-06,18,2.0,1.0,0,0.0,1.0
AnkiDroid/src/main/res/values-sat/10-preferences.xml,1,1,1,2,1,1,2026-04-09,2026-04-09,15,2.0,1.0,0,0.0,1.0
AnkiDroid/src/main/res/values-sc/10-preferences.xml,1,1,1,2,1,1,2026-04-09,2026-04-09,15,2.0,1.0,0,0.0,1.0
AnkiDroid/src/main/res/values-sk/10-preferences.xml,1,1,1,2,1,1,2026-04-09,2026-04-09,15,2.0,1.0,0,0.0,1.0
AnkiDroid/src/main/res/values-sl/10-preferences.xml,1,1,1,2,1,1,2026-04-09,2026-04-09,15,2.0,1.0,0,0.0,1.0
AnkiDroid/src/main/res/values-sq/10-preferences.xml,1,1,1,2,1,1,2026-04-09,2026-04-09,15,2.0,1.0,0,0.0,1.0
AnkiDroid/src/main/res/values-sr/10-preferences.xml,1,1,1,2,1,1,2026-04-09,2026-04-09,15,2.0,1.0,0,0.0,1.0
AnkiDroid/src/main/res/values-sv/10-preferences.xml,1,1,1,2,1,1,2026-04-09,2026-04-09,15,2.0,1.0,0,0.0,1.0
AnkiDroid/src/main/res/values-ta/10-preferences.xml,1,1,1,2,1,1,2026-04-09,2026-04-09,15,2.0,1.0,0,0.0,1.0
AnkiDroid/src/main/res/values-te/10-preferences.xml,1,1,1,2,1,1,2026-04-09,2026-04-09,15,2.0,1.0,0,0.0,1.0
AnkiDroid/src/main/res/values-tgl/10-preferences.xml,1,1,1,2,1,1,2026-04-09,2026-04-09,15,2.0,1.0,0,0.0,1.0
AnkiDroid/src/main/res/values-th/10-preferences.xml,1,1,1,2,1,1,2026-04-09,2026-04-09,15,2.0,1.0,0,0.0,1.0
AnkiDroid/src/main/res/values-ti/10-preferences.xml,1,1,1,2,1,1,2026-04-09,2026-04-09,15,2.0,1.0,0,0.0,1.0
AnkiDroid/src/main/res/values-tt/10-preferences.xml,1,1,1,2,1,1,2026-04-09,2026-04-09,15,2.0,1.0,0,0.0,1.0
AnkiDroid/src/main/res/values-ug/10-preferences.xml,1,1,1,2,1,1,2026-04-09,2026-04-09,15,2.0,1.0,0,0.0,1.0
AnkiDroid/src/main/res/values-ur/10-preferences.xml,1,1,1,2,1,1,2026-04-09,2026-04-09,15,2.0,1.0,0,0.0,1.0
AnkiDroid/src/main/res/values-vi/10-preferences.xml,1,1,1,2,1,1,2026-04-09,2026-04-09,15,2.0,1.0,0,0.0,1.0
AnkiDroid/src/main/res/values-zh-rTW/10-preferences.xml,1,1,1,2,1,1,2026-04-09,2026-04-09,15,2.0,1.0,0,0.0,1.0
AnkiDroid/src/main/res/values/10-preferences.xml,1,1,1,2,1,1,2026-04-06,2026-04-06,18,2.0,1.0,0,0.0,1.0
AnkiDroid/src/main/res/values/sentence-case.xml,1,2,0,2,1,1,2026-03-18,2026-03-18,37,2.0,1.0,1,1.0,1.0
AnkiDroid/src/main/res/values/theme_black.xml,1,2,0,2,1,1,2026-03-13,2026-03-13,42,2.0,1.0,0,0.0,1.0
AnkiDroid/src/test/java/com/ichi2/anki/AnkiDroidAppTest.kt,1,1,1,2,1,1,2026-04-17,2026-04-17,7,2.0,1.0,0,0.0,1.0
AnkiDroid/src/test/java/com/ichi2/anki/CardTemplateNotetypeTest.kt,1,1,1,2,1,1,2026-03-22,2026-03-22,33,2.0,1.0,0,0.0,1.0
AnkiDroid/src/test/java/com/ichi2/anki/DeckPickerFloatingActionMenuTest.kt,1,2,0,2,1,1,2026-04-14,2026-04-14,10,2.0,1.0,0,0.0,1.0
AnkiDroid/src/test/java/com/ichi2/anki/FlagTest.kt,1,2,0,2,1,1,2026-04-14,2026-04-14,10,2.0,1.0,0,0.0,1.0
AnkiDroid/src/test/java/com/ichi2/anki/HandlerUtilsTest.kt,1,2,0,2,1,1,2026-04-14,2026-04-14,10,2.0,1.0,0,0.0,1.0
AnkiDroid/src/test/java/com/ichi2/compat/CompatHasFilesTest.kt,1,1,1,2,1,1,2026-03-22,2026-03-22,33,2.0,1.0,0,0.0,1.0
AnkiDroid/src/test/java/com/ichi2/utils/ResourceLoader.kt,1,1,1,2,1,1,2026-03-22,2026-03-22,33,2.0,1.0,0,0.0,1.0
common/android/src/main/java/com/ichi2/anki/common/crashreporting/CrashReportService.kt,1,1,1,2,1,1,2026-04-17,2026-04-17,7,2.0,1.0,0,0.0,1.0
common/android/src/main/java/com/ichi2/anki/common/utils/android/ColorUtils.kt,1,1,1,2,1,1,2026-04-13,2026-04-13,11,2.0,1.0,0,0.0,1.0
common/src/main/java/com/ichi2/anki/common/time/MockTime.kt,1,0,2,2,1,1,2026-04-13,2026-04-13,11,2.0,1.0,0,0.0,1.0
common/src/main/java/com/ichi2/anki/common/time/TimeManager.kt,1,0,2,2,1,1,2026-04-13,2026-04-13,11,2.0,1.0,0,0.0,1.0
common/src/test/java/com/ichi2/anki/common/time/TimeUtilsTest.kt,1,1,1,2,1,1,2026-04-13,2026-04-13,11,2.0,1.0,0,0.0,1.0
common/src/testFixtures/java/com/ichi2/anki/TestUtils.kt,1,0,2,2,1,1,2026-04-07,2026-04-07,17,2.0,1.0,0,0.0,1.0
compat/src/main/java/com/ichi2/anki/compat/CompatV26.kt,1,1,1,2,1,1,2026-03-22,2026-03-22,33,2.0,1.0,0,0.0,1.0
compat/src/main/java/com/ichi2/anki/compat/CompatV28.kt,1,1,1,2,1,1,2026-03-22,2026-03-22,33,2.0,1.0,0,0.0,1.0
compat/src/main/java/com/ichi2/anki/compat/CompatV31.kt,1,1,1,2,1,1,2026-03-22,2026-03-22,33,2.0,1.0,0,0.0,1.0
compat/src/main/java/com/ichi2/anki/compat/CompatV33.kt,1,1,1,2,1,1,2026-03-22,2026-03-22,33,2.0,1.0,0,0.0,1.0
compat/src/main/java/com/ichi2/anki/compat/CompatV34.kt,1,1,1,2,1,1,2026-03-22,2026-03-22,33,2.0,1.0,0,0.0,1.0
compat/src/main/java/com/ichi2/anki/compat/FileStream.kt,1,1,1,2,1,1,2026-03-22,2026-03-22,33,2.0,1.0,0,0.0,1.0
compat/src/main/java/com/ichi2/anki/compat/UtteranceProgressListenerCompat.kt,1,1,1,2,1,1,2026-03-22,2026-03-22,33,2.0,1.0,0,0.0,1.0
compat/src/main/java/com/ichi2/anki/compat/VibrationAttributesCompat.kt,1,1,1,2,1,1,2026-03-22,2026-03-22,33,2.0,1.0,0,0.0,1.0
compat/src/main/java/com/ichi2/compat/CompatHelper.kt,1,2,0,2,1,1,2026-03-22,2026-03-22,33,2.0,1.0,0,0.0,1.0
compat/src/test/java/com/ichi2/compat/CompatDeleteFileTest.kt,1,1,1,2,1,1,2026-04-07,2026-04-07,17,2.0,1.0,0,0.0,1.0
gradle/wrapper/gradle-wrapper.properties,1,1,1,2,1,1,2026-03-10,2026-03-10,45,2.0,1.0,0,0.0,1.0
gradlew,1,1,1,2,1,1,2026-03-10,2026-03-10,45,2.0,1.0,0,0.0,1.0
testlib/src/main/AndroidManifest.xml,1,0,2,2,1,1,2026-03-22,2026-03-22,33,2.0,1.0,0,0.0,1.0
tools/localization/.yarnrc.yml,1,1,1,2,1,1,2026-03-10,2026-03-10,45,2.0,1.0,0,0.0,1.0
.idea/dictionaries/android.xml,1,1,0,1,1,1,2025-11-04,2025-11-04,171,1.0,1.0,0,0.0,1.0
.idea/dictionaries/davidallison.xml,1,1,0,1,1,1,2026-03-28,2026-03-28,27,1.0,1.0,0,0.0,1.0
AnkiDroid/src/main/java/com/ichi2/anki/pages/AnkiServer.kt,1,1,0,1,1,1,2026-04-22,2026-04-22,2,1.0,1.0,1,1.0,1.0
AnkiDroid/src/main/java/com/ichi2/anki/widgets/DeckAdapter.kt,1,0,1,1,1,1,2026-04-10,2026-04-10,14,1.0,1.0,0,0.0,1.0
AnkiDroid/src/main/res/values-af/01-core.xml,1,1,0,1,1,1,2026-04-04,2026-04-04,20,1.0,1.0,0,0.0,1.0
AnkiDroid/src/main/res/values-af/07-cardbrowser.xml,1,1,0,1,1,1,2026-04-19,2026-04-19,5,1.0,1.0,0,0.0,1.0
AnkiDroid/src/main/res/values-af/09-backup.xml,1,1,0,1,1,1,2026-04-06,2026-04-06,18,1.0,1.0,0,0.0,1.0
AnkiDroid/src/main/res/values-am/01-core.xml,1,1,0,1,1,1,2026-04-04,2026-04-04,20,1.0,1.0,0,0.0,1.0
AnkiDroid/src/main/res/values-am/07-cardbrowser.xml,1,1,0,1,1,1,2026-04-19,2026-04-19,5,1.0,1.0,0,0.0,1.0
AnkiDroid/src/main/res/values-am/09-backup.xml,1,1,0,1,1,1,2026-04-06,2026-04-06,18,1.0,1.0,0,0.0,1.0
AnkiDroid/src/main/res/values-ar/07-cardbrowser.xml,1,1,0,1,1,1,2026-04-19,2026-04-19,5,1.0,1.0,0,0.0,1.0
AnkiDroid/src/main/res/values-az/01-core.xml,1,1,0,1,1,1,2026-04-04,2026-04-04,20,1.0,1.0,0,0.0,1.0
AnkiDroid/src/main/res/values-az/07-cardbrowser.xml,1,1,0,1,1,1,2026-04-19,2026-04-19,5,1.0,1.0,0,0.0,1.0
AnkiDroid/src/main/res/values-az/09-backup.xml,1,1,0,1,1,1,2026-04-06,2026-04-06,18,1.0,1.0,0,0.0,1.0
AnkiDroid/src/main/res/values-bg/01-core.xml,1,1,0,1,1,1,2026-04-04,2026-04-04,20,1.0,1.0,0,0.0,1.0
AnkiDroid/src/main/res/values-bg/07-cardbrowser.xml,1,1,0,1,1,1,2026-04-19,2026-04-19,5,1.0,1.0,0,0.0,1.0
AnkiDroid/src/main/res/values-bg/09-backup.xml,1,1,0,1,1,1,2026-04-06,2026-04-06,18,1.0,1.0,0,0.0,1.0
AnkiDroid/src/main/res/values-bn/01-core.xml,1,1,0,1,1,1,2026-04-04,2026-04-04,20,1.0,1.0,0,0.0,1.0
AnkiDroid/src/main/res/values-bn/07-cardbrowser.xml,1,1,0,1,1,1,2026-04-19,2026-04-19,5,1.0,1.0,0,0.0,1.0
AnkiDroid/src/main/res/values-bn/09-backup.xml,1,1,0,1,1,1,2026-04-06,2026-04-06,18,1.0,1.0,0,0.0,1.0
AnkiDroid/src/main/res/values-ca/01-core.xml,1,1,0,1,1,1,2026-04-04,2026-04-04,20,1.0,1.0,0,0.0,1.0
AnkiDroid/src/main/res/values-ca/07-cardbrowser.xml,1,1,0,1,1,1,2026-04-19,2026-04-19,5,1.0,1.0,0,0.0,1.0
AnkiDroid/src/main/res/values-ca/09-backup.xml,1,1,0,1,1,1,2026-04-06,2026-04-06,18,1.0,1.0,0,0.0,1.0
AnkiDroid/src/main/res/values-ckb/01-core.xml,1,1,0,1,1,1,2026-04-04,2026-04-04,20,1.0,1.0,0,0.0,1.0
AnkiDroid/src/main/res/values-ckb/07-cardbrowser.xml,1,1,0,1,1,1,2026-04-19,2026-04-19,5,1.0,1.0,0,0.0,1.0
AnkiDroid/src/main/res/values-ckb/09-backup.xml,1,1,0,1,1,1,2026-04-06,2026-04-06,18,1.0,1.0,0,0.0,1.0
AnkiDroid/src/main/res/values-cs/01-core.xml,1,1,0,1,1,1,2026-04-04,2026-04-04,20,1.0,1.0,0,0.0,1.0
AnkiDroid/src/main/res/values-cs/07-cardbrowser.xml,1,1,0,1,1,1,2026-04-19,2026-04-19,5,1.0,1.0,0,0.0,1.0
AnkiDroid/src/main/res/values-cs/09-backup.xml,1,1,0,1,1,1,2026-04-06,2026-04-06,18,1.0,1.0,0,0.0,1.0
AnkiDroid/src/main/res/values-da/01-core.xml,1,1,0,1,1,1,2026-04-04,2026-04-04,20,1.0,1.0,0,0.0,1.0
AnkiDroid/src/main/res/values-da/07-cardbrowser.xml,1,1,0,1,1,1,2026-04-19,2026-04-19,5,1.0,1.0,0,0.0,1.0
AnkiDroid/src/main/res/values-da/09-backup.xml,1,1,0,1,1,1,2026-04-06,2026-04-06,18,1.0,1.0,0,0.0,1.0
AnkiDroid/src/main/res/values-de/01-core.xml,1,1,0,1,1,1,2026-04-04,2026-04-04,20,1.0,1.0,0,0.0,1.0
AnkiDroid/src/main/res/values-de/07-cardbrowser.xml,1,1,0,1,1,1,2026-04-19,2026-04-19,5,1.0,1.0,0,0.0,1.0
AnkiDroid/src/main/res/values-de/09-backup.xml,1,1,0,1,1,1,2026-04-06,2026-04-06,18,1.0,1.0,0,0.0,1.0
AnkiDroid/src/main/res/values-el/01-core.xml,1,1,0,1,1,1,2026-04-04,2026-04-04,20,1.0,1.0,0,0.0,1.0
AnkiDroid/src/main/res/values-el/07-cardbrowser.xml,1,1,0,1,1,1,2026-04-19,2026-04-19,5,1.0,1.0,0,0.0,1.0
AnkiDroid/src/main/res/values-el/09-backup.xml,1,1,0,1,1,1,2026-04-06,2026-04-06,18,1.0,1.0,0,0.0,1.0
AnkiDroid/src/main/res/values-eo/01-core.xml,1,1,0,1,1,1,2026-04-04,2026-04-04,20,1.0,1.0,0,0.0,1.0
AnkiDroid/src/main/res/values-eo/07-cardbrowser.xml,1,1,0,1,1,1,2026-04-19,2026-04-19,5,1.0,1.0,0,0.0,1.0
AnkiDroid/src/main/res/values-eo/09-backup.xml,1,1,0,1,1,1,2026-04-06,2026-04-06,18,1.0,1.0,0,0.0,1.0
AnkiDroid/src/main/res/values-es-rAR/01-core.xml,1,1,0,1,1,1,2026-04-04,2026-04-04,20,1.0,1.0,0,0.0,1.0
AnkiDroid/src/main/res/values-es-rAR/07-cardbrowser.xml,1,1,0,1,1,1,2026-04-19,2026-04-19,5,1.0,1.0,0,0.0,1.0
AnkiDroid/src/main/res/values-es-rAR/09-backup.xml,1,1,0,1,1,1,2026-04-06,2026-04-06,18,1.0,1.0,0,0.0,1.0
AnkiDroid/src/main/res/values-es-rES/01-core.xml,1,1,0,1,1,1,2026-04-04,2026-04-04,20,1.0,1.0,0,0.0,1.0
AnkiDroid/src/main/res/values-es-rES/07-cardbrowser.xml,1,1,0,1,1,1,2026-04-19,2026-04-19,5,1.0,1.0,0,0.0,1.0
AnkiDroid/src/main/res/values-es-rES/09-backup.xml,1,1,0,1,1,1,2026-04-06,2026-04-06,18,1.0,1.0,0,0.0,1.0
AnkiDroid/src/main/res/values-et/01-core.xml,1,1,0,1,1,1,2026-04-04,2026-04-04,20,1.0,1.0,0,0.0,1.0
AnkiDroid/src/main/res/values-et/07-cardbrowser.xml,1,1,0,1,1,1,2026-04-19,2026-04-19,5,1.0,1.0,0,0.0,1.0
AnkiDroid/src/main/res/values-et/09-backup.xml,1,1,0,1,1,1,2026-04-06,2026-04-06,18,1.0,1.0,0,0.0,1.0
AnkiDroid/src/main/res/values-eu/01-core.xml,1,1,0,1,1,1,2026-04-04,2026-04-04,20,1.0,1.0,0,0.0,1.0
AnkiDroid/src/main/res/values-eu/07-cardbrowser.xml,1,1,0,1,1,1,2026-04-19,2026-04-19,5,1.0,1.0,0,0.0,1.0
AnkiDroid/src/main/res/values-eu/09-backup.xml,1,1,0,1,1,1,2026-04-06,2026-04-06,18,1.0,1.0,0,0.0,1.0
AnkiDroid/src/main/res/values-fa/01-core.xml,1,1,0,1,1,1,2026-04-04,2026-04-04,20,1.0,1.0,0,0.0,1.0
AnkiDroid/src/main/res/values-fa/07-cardbrowser.xml,1,1,0,1,1,1,2026-04-19,2026-04-19,5,1.0,1.0,0,0.0,1.0
AnkiDroid/src/main/res/values-fa/09-backup.xml,1,1,0,1,1,1,2026-04-06,2026-04-06,18,1.0,1.0,0,0.0,1.0
AnkiDroid/src/main/res/values-fi/01-core.xml,1,1,0,1,1,1,2026-04-04,2026-04-04,20,1.0,1.0,0,0.0,1.0
AnkiDroid/src/main/res/values-fi/07-cardbrowser.xml,1,1,0,1,1,1,2026-04-19,2026-04-19,5,1.0,1.0,0,0.0,1.0
AnkiDroid/src/main/res/values-fi/09-backup.xml,1,1,0,1,1,1,2026-04-06,2026-04-06,18,1.0,1.0,0,0.0,1.0
AnkiDroid/src/main/res/values-fil/01-core.xml,1,1,0,1,1,1,2026-04-04,2026-04-04,20,1.0,1.0,0,0.0,1.0
AnkiDroid/src/main/res/values-fil/07-cardbrowser.xml,1,1,0,1,1,1,2026-04-19,2026-04-19,5,1.0,1.0,0,0.0,1.0
AnkiDroid/src/main/res/values-fil/09-backup.xml,1,1,0,1,1,1,2026-04-06,2026-04-06,18,1.0,1.0,0,0.0,1.0
AnkiDroid/src/main/res/values-fr/07-cardbrowser.xml,1,1,0,1,1,1,2026-04-19,2026-04-19,5,1.0,1.0,0,0.0,1.0
AnkiDroid/src/main/res/values-fy/01-core.xml,1,1,0,1,1,1,2026-04-04,2026-04-04,20,1.0,1.0,0,0.0,1.0
AnkiDroid/src/main/res/values-fy/07-cardbrowser.xml,1,1,0,1,1,1,2026-04-19,2026-04-19,5,1.0,1.0,0,0.0,1.0
AnkiDroid/src/main/res/values-fy/09-backup.xml,1,1,0,1,1,1,2026-04-06,2026-04-06,18,1.0,1.0,0,0.0,1.0
AnkiDroid/src/main/res/values-ga/01-core.xml,1,1,0,1,1,1,2026-04-04,2026-04-04,20,1.0,1.0,0,0.0,1.0
AnkiDroid/src/main/res/values-ga/07-cardbrowser.xml,1,1,0,1,1,1,2026-04-19,2026-04-19,5,1.0,1.0,0,0.0,1.0
AnkiDroid/src/main/res/values-ga/09-backup.xml,1,1,0,1,1,1,2026-04-06,2026-04-06,18,1.0,1.0,0,0.0,1.0
AnkiDroid/src/main/res/values-got/01-core.xml,1,1,0,1,1,1,2026-04-04,2026-04-04,20,1.0,1.0,0,0.0,1.0
AnkiDroid/src/main/res/values-got/07-cardbrowser.xml,1,1,0,1,1,1,2026-04-19,2026-04-19,5,1.0,1.0,0,0.0,1.0
AnkiDroid/src/main/res/values-got/09-backup.xml,1,1,0,1,1,1,2026-04-06,2026-04-06,18,1.0,1.0,0,0.0,1.0
AnkiDroid/src/main/res/values-gu/01-core.xml,1,1,0,1,1,1,2026-04-04,2026-04-04,20,1.0,1.0,0,0.0,1.0
AnkiDroid/src/main/res/values-gu/07-cardbrowser.xml,1,1,0,1,1,1,2026-04-19,2026-04-19,5,1.0,1.0,0,0.0,1.0
AnkiDroid/src/main/res/values-gu/09-backup.xml,1,1,0,1,1,1,2026-04-06,2026-04-06,18,1.0,1.0,0,0.0,1.0
AnkiDroid/src/main/res/values-heb/01-core.xml,1,1,0,1,1,1,2026-04-04,2026-04-04,20,1.0,1.0,0,0.0,1.0
AnkiDroid/src/main/res/values-heb/07-cardbrowser.xml,1,1,0,1,1,1,2026-04-19,2026-04-19,5,1.0,1.0,0,0.0,1.0
AnkiDroid/src/main/res/values-heb/09-backup.xml,1,1,0,1,1,1,2026-04-06,2026-04-06,18,1.0,1.0,0,0.0,1.0
AnkiDroid/src/main/res/values-hi/01-core.xml,1,1,0,1,1,1,2026-04-04,2026-04-04,20,1.0,1.0,0,0.0,1.0
AnkiDroid/src/main/res/values-hi/07-cardbrowser.xml,1,1,0,1,1,1,2026-04-19,2026-04-19,5,1.0,1.0,0,0.0,1.0
AnkiDroid/src/main/res/values-hi/09-backup.xml,1,1,0,1,1,1,2026-04-06,2026-04-06,18,1.0,1.0,0,0.0,1.0
AnkiDroid/src/main/res/values-hr/01-core.xml,1,1,0,1,1,1,2026-04-04,2026-04-04,20,1.0,1.0,0,0.0,1.0
AnkiDroid/src/main/res/values-hr/07-cardbrowser.xml,1,1,0,1,1,1,2026-04-19,2026-04-19,5,1.0,1.0,0,0.0,1.0
AnkiDroid/src/main/res/values-hr/09-backup.xml,1,1,0,1,1,1,2026-04-06,2026-04-06,18,1.0,1.0,0,0.0,1.0
AnkiDroid/src/main/res/values-hu/01-core.xml,1,1,0,1,1,1,2026-04-04,2026-04-04,20,1.0,1.0,0,0.0,1.0
AnkiDroid/src/main/res/values-hu/07-cardbrowser.xml,1,1,0,1,1,1,2026-04-19,2026-04-19,5,1.0,1.0,0,0.0,1.0
AnkiDroid/src/main/res/values-hu/09-backup.xml,1,1,0,1,1,1,2026-04-06,2026-04-06,18,1.0,1.0,0,0.0,1.0
AnkiDroid/src/main/res/values-hy/07-cardbrowser.xml,1,1,0,1,1,1,2026-04-19,2026-04-19,5,1.0,1.0,0,0.0,1.0
AnkiDroid/src/main/res/values-hy/09-backup.xml,1,1,0,1,1,1,2026-04-06,2026-04-06,18,1.0,1.0,0,0.0,1.0
AnkiDroid/src/main/res/values-ind/01-core.xml,1,1,0,1,1,1,2026-04-04,2026-04-04,20,1.0,1.0,0,0.0,1.0
AnkiDroid/src/main/res/values-ind/07-cardbrowser.xml,1,1,0,1,1,1,2026-04-19,2026-04-19,5,1.0,1.0,0,0.0,1.0
AnkiDroid/src/main/res/values-ind/09-backup.xml,1,1,0,1,1,1,2026-04-06,2026-04-06,18,1.0,1.0,0,0.0,1.0
AnkiDroid/src/main/res/values-it/07-cardbrowser.xml,1,1,0,1,1,1,2026-04-19,2026-04-19,5,1.0,1.0,0,0.0,1.0
AnkiDroid/src/main/res/values-iw/01-core.xml,1,1,0,1,1,1,2026-04-04,2026-04-04,20,1.0,1.0,0,0.0,1.0
AnkiDroid/src/main/res/values-iw/07-cardbrowser.xml,1,1,0,1,1,1,2026-04-19,2026-04-19,5,1.0,1.0,0,0.0,1.0
AnkiDroid/src/main/res/values-iw/09-backup.xml,1,1,0,1,1,1,2026-04-06,2026-04-06,18,1.0,1.0,0,0.0,1.0
AnkiDroid/src/main/res/values-ja/09-backup.xml,1,1,0,1,1,1,2026-04-06,2026-04-06,18,1.0,1.0,0,0.0,1.0
AnkiDroid/src/main/res/values-ka/01-core.xml,1,1,0,1,1,1,2026-04-04,2026-04-04,20,1.0,1.0,0,0.0,1.0
AnkiDroid/src/main/res/values-ka/07-cardbrowser.xml,1,1,0,1,1,1,2026-04-19,2026-04-19,5,1.0,1.0,0,0.0,1.0
AnkiDroid/src/main/res/values-ka/09-backup.xml,1,1,0,1,1,1,2026-04-06,2026-04-06,18,1.0,1.0,0,0.0,1.0
AnkiDroid/src/main/res/values-kk/01-core.xml,1,1,0,1,1,1,2026-04-04,2026-04-04,20,1.0,1.0,0,0.0,1.0
AnkiDroid/src/main/res/values-kk/07-cardbrowser.xml,1,1,0,1,1,1,2026-04-19,2026-04-19,5,1.0,1.0,0,0.0,1.0
AnkiDroid/src/main/res/values-kk/09-backup.xml,1,1,0,1,1,1,2026-04-06,2026-04-06,18,1.0,1.0,0,0.0,1.0
AnkiDroid/src/main/res/values-km/01-core.xml,1,1,0,1,1,1,2026-04-04,2026-04-04,20,1.0,1.0,0,0.0,1.0
AnkiDroid/src/main/res/values-km/07-cardbrowser.xml,1,1,0,1,1,1,2026-04-19,2026-04-19,5,1.0,1.0,0,0.0,1.0
AnkiDroid/src/main/res/values-km/09-backup.xml,1,1,0,1,1,1,2026-04-06,2026-04-06,18,1.0,1.0,0,0.0,1.0
AnkiDroid/src/main/res/values-kn/01-core.xml,1,1,0,1,1,1,2026-04-04,2026-04-04,20,1.0,1.0,0,0.0,1.0
AnkiDroid/src/main/res/values-kn/07-cardbrowser.xml,1,1,0,1,1,1,2026-04-19,2026-04-19,5,1.0,1.0,0,0.0,1.0
AnkiDroid/src/main/res/values-kn/09-backup.xml,1,1,0,1,1,1,2026-04-06,2026-04-06,18,1.0,1.0,0,0.0,1.0
AnkiDroid/src/main/res/values-ko/01-core.xml,1,1,0,1,1,1,2026-04-04,2026-04-04,20,1.0,1.0,0,0.0,1.0
AnkiDroid/src/main/res/values-ko/07-cardbrowser.xml,1,1,0,1,1,1,2026-04-19,2026-04-19,5,1.0,1.0,0,0.0,1.0
AnkiDroid/src/main/res/values-ko/09-backup.xml,1,1,0,1,1,1,2026-04-06,2026-04-06,18,1.0,1.0,0,0.0,1.0
AnkiDroid/src/main/res/values-ku/01-core.xml,1,1,0,1,1,1,2026-04-04,2026-04-04,20,1.0,1.0,0,0.0,1.0
AnkiDroid/src/main/res/values-ku/07-cardbrowser.xml,1,1,0,1,1,1,2026-04-19,2026-04-19,5,1.0,1.0,0,0.0,1.0
AnkiDroid/src/main/res/values-ku/09-backup.xml,1,1,0,1,1,1,2026-04-06,2026-04-06,18,1.0,1.0,0,0.0,1.0
AnkiDroid/src/main/res/values-ky/01-core.xml,1,1,0,1,1,1,2026-04-04,2026-04-04,20,1.0,1.0,0,0.0,1.0
AnkiDroid/src/main/res/values-ky/07-cardbrowser.xml,1,1,0,1,1,1,2026-04-19,2026-04-19,5,1.0,1.0,0,0.0,1.0
AnkiDroid/src/main/res/values-ky/09-backup.xml,1,1,0,1,1,1,2026-04-06,2026-04-06,18,1.0,1.0,0,0.0,1.0
AnkiDroid/src/main/res/values-lt/01-core.xml,1,1,0,1,1,1,2026-04-04,2026-04-04,20,1.0,1.0,0,0.0,1.0
AnkiDroid/src/main/res/values-lt/07-cardbrowser.xml,1,1,0,1,1,1,2026-04-19,2026-04-19,5,1.0,1.0,0,0.0,1.0
AnkiDroid/src/main/res/values-lt/09-backup.xml,1,1,0,1,1,1,2026-04-06,2026-04-06,18,1.0,1.0,0,0.0,1.0
AnkiDroid/src/main/res/values-lv/01-core.xml,1,1,0,1,1,1,2026-04-04,2026-04-04,20,1.0,1.0,0,0.0,1.0
AnkiDroid/src/main/res/values-lv/07-cardbrowser.xml,1,1,0,1,1,1,2026-04-19,2026-04-19,5,1.0,1.0,0,0.0,1.0
AnkiDroid/src/main/res/values-lv/09-backup.xml,1,1,0,1,1,1,2026-04-06,2026-04-06,18,1.0,1.0,0,0.0,1.0
AnkiDroid/src/main/res/values-mk/01-core.xml,1,1,0,1,1,1,2026-04-04,2026-04-04,20,1.0,1.0,0,0.0,1.0
AnkiDroid/src/main/res/values-mk/07-cardbrowser.xml,1,1,0,1,1,1,2026-04-19,2026-04-19,5,1.0,1.0,0,0.0,1.0
AnkiDroid/src/main/res/values-mk/09-backup.xml,1,1,0,1,1,1,2026-04-06,2026-04-06,18,1.0,1.0,0,0.0,1.0
AnkiDroid/src/main/res/values-ml/01-core.xml,1,1,0,1,1,1,2026-04-04,2026-04-04,20,1.0,1.0,0,0.0,1.0
AnkiDroid/src/main/res/values-ml/07-cardbrowser.xml,1,1,0,1,1,1,2026-04-19,2026-04-19,5,1.0,1.0,0,0.0,1.0
AnkiDroid/src/main/res/values-ml/09-backup.xml,1,1,0,1,1,1,2026-04-06,2026-04-06,18,1.0,1.0,0,0.0,1.0
AnkiDroid/src/main/res/values-mn/01-core.xml,1,1,0,1,1,1,2026-04-04,2026-04-04,20,1.0,1.0,0,0.0,1.0
AnkiDroid/src/main/res/values-mn/07-cardbrowser.xml,1,1,0,1,1,1,2026-04-19,2026-04-19,5,1.0,1.0,0,0.0,1.0
AnkiDroid/src/main/res/values-mn/09-backup.xml,1,1,0,1,1,1,2026-04-06,2026-04-06,18,1.0,1.0,0,0.0,1.0
AnkiDroid/src/main/res/values-mr/01-core.xml,1,1,0,1,1,1,2026-04-04,2026-04-04,20,1.0,1.0,0,0.0,1.0
AnkiDroid/src/main/res/values-mr/07-cardbrowser.xml,1,1,0,1,1,1,2026-04-19,2026-04-19,5,1.0,1.0,0,0.0,1.0
AnkiDroid/src/main/res/values-mr/09-backup.xml,1,1,0,1,1,1,2026-04-06,2026-04-06,18,1.0,1.0,0,0.0,1.0
AnkiDroid/src/main/res/values-ms/01-core.xml,1,1,0,1,1,1,2026-04-04,2026-04-04,20,1.0,1.0,0,0.0,1.0
AnkiDroid/src/main/res/values-ms/07-cardbrowser.xml,1,1,0,1,1,1,2026-04-19,2026-04-19,5,1.0,1.0,0,0.0,1.0
AnkiDroid/src/main/res/values-ms/09-backup.xml,1,1,0,1,1,1,2026-04-06,2026-04-06,18,1.0,1.0,0,0.0,1.0
AnkiDroid/src/main/res/values-my/01-core.xml,1,1,0,1,1,1,2026-04-04,2026-04-04,20,1.0,1.0,0,0.0,1.0
AnkiDroid/src/main/res/values-my/07-cardbrowser.xml,1,1,0,1,1,1,2026-04-19,2026-04-19,5,1.0,1.0,0,0.0,1.0
AnkiDroid/src/main/res/values-my/09-backup.xml,1,1,0,1,1,1,2026-04-06,2026-04-06,18,1.0,1.0,0,0.0,1.0
AnkiDroid/src/main/res/values-nl/07-cardbrowser.xml,1,1,0,1,1,1,2026-04-19,2026-04-19,5,1.0,1.0,0,0.0,1.0
AnkiDroid/src/main/res/values-nl/09-backup.xml,1,1,0,1,1,1,2026-04-06,2026-04-06,18,1.0,1.0,0,0.0,1.0
AnkiDroid/src/main/res/values-nn/01-core.xml,1,1,0,1,1,1,2026-04-04,2026-04-04,20,1.0,1.0,0,0.0,1.0
AnkiDroid/src/main/res/values-nn/07-cardbrowser.xml,1,1,0,1,1,1,2026-04-19,2026-04-19,5,1.0,1.0,0,0.0,1.0
AnkiDroid/src/main/res/values-nn/09-backup.xml,1,1,0,1,1,1,2026-04-06,2026-04-06,18,1.0,1.0,0,0.0,1.0
AnkiDroid/src/main/res/values-no/01-core.xml,1,1,0,1,1,1,2026-04-04,2026-04-04,20,1.0,1.0,0,0.0,1.0
AnkiDroid/src/main/res/values-no/07-cardbrowser.xml,1,1,0,1,1,1,2026-04-19,2026-04-19,5,1.0,1.0,0,0.0,1.0
AnkiDroid/src/main/res/values-no/09-backup.xml,1,1,0,1,1,1,2026-04-06,2026-04-06,18,1.0,1.0,0,0.0,1.0
AnkiDroid/src/main/res/values-or/01-core.xml,1,1,0,1,1,1,2026-04-04,2026-04-04,20,1.0,1.0,0,0.0,1.0
AnkiDroid/src/main/res/values-or/07-cardbrowser.xml,1,1,0,1,1,1,2026-04-19,2026-04-19,5,1.0,1.0,0,0.0,1.0
AnkiDroid/src/main/res/values-or/09-backup.xml,1,1,0,1,1,1,2026-04-06,2026-04-06,18,1.0,1.0,0,0.0,1.0
AnkiDroid/src/main/res/values-pa/01-core.xml,1,1,0,1,1,1,2026-04-04,2026-04-04,20,1.0,1.0,0,0.0,1.0
AnkiDroid/src/main/res/values-pa/07-cardbrowser.xml,1,1,0,1,1,1,2026-04-19,2026-04-19,5,1.0,1.0,0,0.0,1.0
AnkiDroid/src/main/res/values-pa/09-backup.xml,1,1,0,1,1,1,2026-04-06,2026-04-06,18,1.0,1.0,0,0.0,1.0
AnkiDroid/src/main/res/values-pl/07-cardbrowser.xml,1,1,0,1,1,1,2026-04-19,2026-04-19,5,1.0,1.0,0,0.0,1.0
AnkiDroid/src/main/res/values-pl/09-backup.xml,1,1,0,1,1,1,2026-04-06,2026-04-06,18,1.0,1.0,0,0.0,1.0
AnkiDroid/src/main/res/values-pt-rBR/07-cardbrowser.xml,1,1,0,1,1,1,2026-04-19,2026-04-19,5,1.0,1.0,0,0.0,1.0
AnkiDroid/src/main/res/values-pt-rBR/09-backup.xml,1,1,0,1,1,1,2026-04-06,2026-04-06,18,1.0,1.0,0,0.0,1.0
AnkiDroid/src/main/res/values-pt-rPT/01-core.xml,1,1,0,1,1,1,2026-04-04,2026-04-04,20,1.0,1.0,0,0.0,1.0
AnkiDroid/src/main/res/values-pt-rPT/07-cardbrowser.xml,1,1,0,1,1,1,2026-04-19,2026-04-19,5,1.0,1.0,0,0.0,1.0
AnkiDroid/src/main/res/values-pt-rPT/09-backup.xml,1,1,0,1,1,1,2026-04-06,2026-04-06,18,1.0,1.0,0,0.0,1.0
AnkiDroid/src/main/res/values-ro/01-core.xml,1,1,0,1,1,1,2026-04-04,2026-04-04,20,1.0,1.0,0,0.0,1.0
AnkiDroid/src/main/res/values-ro/07-cardbrowser.xml,1,1,0,1,1,1,2026-04-19,2026-04-19,5,1.0,1.0,0,0.0,1.0
AnkiDroid/src/main/res/values-ro/09-backup.xml,1,1,0,1,1,1,2026-04-06,2026-04-06,18,1.0,1.0,0,0.0,1.0
AnkiDroid/src/main/res/values-ru/09-backup.xml,1,1,0,1,1,1,2026-04-06,2026-04-06,18,1.0,1.0,0,0.0,1.0
AnkiDroid/src/main/res/values-sat/01-core.xml,1,1,0,1,1,1,2026-04-04,2026-04-04,20,1.0,1.0,0,0.0,1.0
AnkiDroid/src/main/res/values-sat/07-cardbrowser.xml,1,1,0,1,1,1,2026-04-19,2026-04-19,5,1.0,1.0,0,0.0,1.0
AnkiDroid/src/main/res/values-sat/09-backup.xml,1,1,0,1,1,1,2026-04-06,2026-04-06,18,1.0,1.0,0,0.0,1.0
AnkiDroid/src/main/res/values-sc/01-core.xml,1,1,0,1,1,1,2026-04-04,2026-04-04,20,1.0,1.0,0,0.0,1.0
AnkiDroid/src/main/res/values-sc/07-cardbrowser.xml,1,1,0,1,1,1,2026-04-19,2026-04-19,5,1.0,1.0,0,0.0,1.0
AnkiDroid/src/main/res/values-sc/09-backup.xml,1,1,0,1,1,1,2026-04-06,2026-04-06,18,1.0,1.0,0,0.0,1.0
AnkiDroid/src/main/res/values-sk/01-core.xml,1,1,0,1,1,1,2026-04-04,2026-04-04,20,1.0,1.0,0,0.0,1.0
AnkiDroid/src/main/res/values-sk/07-cardbrowser.xml,1,1,0,1,1,1,2026-04-19,2026-04-19,5,1.0,1.0,0,0.0,1.0
AnkiDroid/src/main/res/values-sk/09-backup.xml,1,1,0,1,1,1,2026-04-06,2026-04-06,18,1.0,1.0,0,0.0,1.0
AnkiDroid/src/main/res/values-sl/01-core.xml,1,1,0,1,1,1,2026-04-04,2026-04-04,20,1.0,1.0,0,0.0,1.0
AnkiDroid/src/main/res/values-sl/07-cardbrowser.xml,1,1,0,1,1,1,2026-04-19,2026-04-19,5,1.0,1.0,0,0.0,1.0
AnkiDroid/src/main/res/values-sl/09-backup.xml,1,1,0,1,1,1,2026-04-06,2026-04-06,18,1.0,1.0,0,0.0,1.0
AnkiDroid/src/main/res/values-sq/01-core.xml,1,1,0,1,1,1,2026-04-04,2026-04-04,20,1.0,1.0,0,0.0,1.0
AnkiDroid/src/main/res/values-sq/07-cardbrowser.xml,1,1,0,1,1,1,2026-04-19,2026-04-19,5,1.0,1.0,0,0.0,1.0
AnkiDroid/src/main/res/values-sq/09-backup.xml,1,1,0,1,1,1,2026-04-06,2026-04-06,18,1.0,1.0,0,0.0,1.0
AnkiDroid/src/main/res/values-sr/01-core.xml,1,1,0,1,1,1,2026-04-04,2026-04-04,20,1.0,1.0,0,0.0,1.0
AnkiDroid/src/main/res/values-sr/07-cardbrowser.xml,1,1,0,1,1,1,2026-04-19,2026-04-19,5,1.0,1.0,0,0.0,1.0
AnkiDroid/src/main/res/values-sr/09-backup.xml,1,1,0,1,1,1,2026-04-06,2026-04-06,18,1.0,1.0,0,0.0,1.0
AnkiDroid/src/main/res/values-sv/01-core.xml,1,1,0,1,1,1,2026-04-04,2026-04-04,20,1.0,1.0,0,0.0,1.0
AnkiDroid/src/main/res/values-sv/07-cardbrowser.xml,1,1,0,1,1,1,2026-04-19,2026-04-19,5,1.0,1.0,0,0.0,1.0
AnkiDroid/src/main/res/values-sv/09-backup.xml,1,1,0,1,1,1,2026-04-06,2026-04-06,18,1.0,1.0,0,0.0,1.0
AnkiDroid/src/main/res/values-ta/01-core.xml,1,1,0,1,1,1,2026-04-04,2026-04-04,20,1.0,1.0,0,0.0,1.0
AnkiDroid/src/main/res/values-ta/07-cardbrowser.xml,1,1,0,1,1,1,2026-04-19,2026-04-19,5,1.0,1.0,0,0.0,1.0
AnkiDroid/src/main/res/values-ta/09-backup.xml,1,1,0,1,1,1,2026-04-06,2026-04-06,18,1.0,1.0,0,0.0,1.0
AnkiDroid/src/main/res/values-te/01-core.xml,1,1,0,1,1,1,2026-04-04,2026-04-04,20,1.0,1.0,0,0.0,1.0
AnkiDroid/src/main/res/values-te/07-cardbrowser.xml,1,1,0,1,1,1,2026-04-19,2026-04-19,5,1.0,1.0,0,0.0,1.0
AnkiDroid/src/main/res/values-te/09-backup.xml,1,1,0,1,1,1,2026-04-06,2026-04-06,18,1.0,1.0,0,0.0,1.0
AnkiDroid/src/main/res/values-tgl/01-core.xml,1,1,0,1,1,1,2026-04-04,2026-04-04,20,1.0,1.0,0,0.0,1.0
AnkiDroid/src/main/res/values-tgl/07-cardbrowser.xml,1,1,0,1,1,1,2026-04-19,2026-04-19,5,1.0,1.0,0,0.0,1.0
AnkiDroid/src/main/res/values-tgl/09-backup.xml,1,1,0,1,1,1,2026-04-06,2026-04-06,18,1.0,1.0,0,0.0,1.0
AnkiDroid/src/main/res/values-th/01-core.xml,1,1,0,1,1,1,2026-04-04,2026-04-04,20,1.0,1.0,0,0.0,1.0
AnkiDroid/src/main/res/values-th/07-cardbrowser.xml,1,1,0,1,1,1,2026-04-19,2026-04-19,5,1.0,1.0,0,0.0,1.0
AnkiDroid/src/main/res/values-th/09-backup.xml,1,1,0,1,1,1,2026-04-06,2026-04-06,18,1.0,1.0,0,0.0,1.0
AnkiDroid/src/main/res/values-ti/01-core.xml,1,1,0,1,1,1,2026-04-04,2026-04-04,20,1.0,1.0,0,0.0,1.0
AnkiDroid/src/main/res/values-ti/07-cardbrowser.xml,1,1,0,1,1,1,2026-04-19,2026-04-19,5,1.0,1.0,0,0.0,1.0
AnkiDroid/src/main/res/values-ti/09-backup.xml,1,1,0,1,1,1,2026-04-06,2026-04-06,18,1.0,1.0,0,0.0,1.0
AnkiDroid/src/main/res/values-tr/07-cardbrowser.xml,1,1,0,1,1,1,2026-04-19,2026-04-19,5,1.0,1.0,0,0.0,1.0
AnkiDroid/src/main/res/values-tr/09-backup.xml,1,1,0,1,1,1,2026-04-06,2026-04-06,18,1.0,1.0,0,0.0,1.0
AnkiDroid/src/main/res/values-tt/01-core.xml,1,1,0,1,1,1,2026-04-04,2026-04-04,20,1.0,1.0,0,0.0,1.0
AnkiDroid/src/main/res/values-tt/07-cardbrowser.xml,1,1,0,1,1,1,2026-04-19,2026-04-19,5,1.0,1.0,0,0.0,1.0
AnkiDroid/src/main/res/values-tt/09-backup.xml,1,1,0,1,1,1,2026-04-06,2026-04-06,18,1.0,1.0,0,0.0,1.0
AnkiDroid/src/main/res/values-ug/01-core.xml,1,1,0,1,1,1,2026-04-04,2026-04-04,20,1.0,1.0,0,0.0,1.0
AnkiDroid/src/main/res/values-ug/07-cardbrowser.xml,1,1,0,1,1,1,2026-04-19,2026-04-19,5,1.0,1.0,0,0.0,1.0
AnkiDroid/src/main/res/values-ug/09-backup.xml,1,1,0,1,1,1,2026-04-06,2026-04-06,18,1.0,1.0,0,0.0,1.0
AnkiDroid/src/main/res/values-ur/01-core.xml,1,1,0,1,1,1,2026-04-04,2026-04-04,20,1.0,1.0,0,0.0,1.0
AnkiDroid/src/main/res/values-ur/07-cardbrowser.xml,1,1,0,1,1,1,2026-04-19,2026-04-19,5,1.0,1.0,0,0.0,1.0
AnkiDroid/src/main/res/values-ur/09-backup.xml,1,1,0,1,1,1,2026-04-06,2026-04-06,18,1.0,1.0,0,0.0,1.0
AnkiDroid/src/main/res/values-vi/01-core.xml,1,1,0,1,1,1,2026-04-04,2026-04-04,20,1.0,1.0,0,0.0,1.0
AnkiDroid/src/main/res/values-vi/07-cardbrowser.xml,1,1,0,1,1,1,2026-04-19,2026-04-19,5,1.0,1.0,0,0.0,1.0
AnkiDroid/src/main/res/values-vi/09-backup.xml,1,1,0,1,1,1,2026-04-06,2026-04-06,18,1.0,1.0,0,0.0,1.0
AnkiDroid/src/main/res/values-zh-rTW/01-core.xml,1,1,0,1,1,1,2026-04-04,2026-04-04,20,1.0,1.0,0,0.0,1.0
AnkiDroid/src/main/res/values-zh-rTW/07-cardbrowser.xml,1,1,0,1,1,1,2026-04-19,2026-04-19,5,1.0,1.0,0,0.0,1.0
AnkiDroid/src/main/res/values-zh-rTW/09-backup.xml,1,1,0,1,1,1,2026-04-06,2026-04-06,18,1.0,1.0,0,0.0,1.0
AnkiDroid/src/main/res/values/01-core.xml,1,1,0,1,1,1,2026-04-01,2026-04-01,23,1.0,1.0,0,0.0,1.0
AnkiDroid/src/main/res/values/07-cardbrowser.xml,1,1,0,1,1,1,2026-01-21,2026-01-21,93,1.0,1.0,0,0.0,1.0
AnkiDroid/src/main/res/values/09-backup.xml,1,1,0,1,1,1,2026-02-25,2026-02-25,58,1.0,1.0,0,0.0,1.0
AnkiDroid/src/main/res/values/preferences.xml,1,1,0,1,1,1,2026-02-02,2026-02-02,81,1.0,1.0,1,1.0,1.0
AnkiDroid/src/main/res/values/theme_plain.xml,1,1,0,1,1,1,2026-03-13,2026-03-13,42,1.0,1.0,0,0.0,1.0
AnkiDroid/src/test/java/com/ichi2/anki/model/DirectoryTest.kt,1,1,0,1,1,1,2026-03-22,2026-03-22,33,1.0,1.0,0,0.0,1.0
AnkiDroid/src/test/java/com/ichi2/compat/CompatCopyFileTest.kt,1,1,0,1,1,1,2026-03-22,2026-03-22,33,1.0,1.0,0,0.0,1.0
common/src/test/java/com/ichi2/anki/common/utils/ext/FloatTest.kt,1,0,1,1,1,1,2026-04-13,2026-04-13,11,1.0,1.0,0,0.0,1.0
compat/consumer-rules.pro,1,1,0,1,1,1,2026-03-22,2026-03-22,33,1.0,1.0,0,0.0,1.0
libanki/testutils/.gitignore,1,0,1,1,1,1,2026-04-10,2026-04-10,14,1.0,1.0,0,0.0,1.0
testlib/.gitignore,1,0,1,1,1,1,2026-03-22,2026-03-22,33,1.0,1.0,0,0.0,1.0
AnkiDroid/src/test/java/com/ichi2/testutils/common/AnkiAssertTest.kt,1,0,0,0,1,1,2026-03-22,2026-03-22,33,0.0,1.0,0,0.0,0.0
AnkiDroid/src/testFixtures/java/com/ichi2/testutils/common/AnkiAssert.kt,1,0,0,0,1,1,2026-03-22,2026-03-22,33,0.0,1.0,0,0.0,0.0
AnkiDroid/src/testFixtures/java/com/ichi2/testutils/common/FailOnUnhandledExceptionRule.kt,1,0,0,0,1,1,2026-03-22,2026-03-22,33,0.0,1.0,0,0.0,0.0
AnkiDroid/src/testFixtures/java/com/ichi2/testutils/common/IgnoreFlakyTestsInCIRule.kt,1,0,0,0,1,1,2026-03-22,2026-03-22,33,0.0,1.0,0,0.0,0.0
common/android/consumer-rules.pro,1,0,0,0,1,1,2026-04-13,2026-04-13,11,0.0,1.0,0,0.0,0.0
common/android/proguard-rules.pro,1,0,0,0,1,1,2026-04-13,2026-04-13,11,0.0,1.0,0,0.0,0.0
common/android/src/main/java/com/ichi2/anki/common/utils/android/TestUtils.kt,1,0,0,0,1,1,2026-04-13,2026-04-13,11,0.0,1.0,0,0.0,0.0
common/android/src/main/java/com/ichi2/anki/common/utils/ext/Intent.kt,1,0,0,0,1,1,2026-04-13,2026-04-13,11,0.0,1.0,0,0.0,0.0
common/android/src/main/java/com/ichi2/anki/utils/android/ColorUtils.kt,1,0,0,0,1,1,2026-04-13,2026-04-13,11,0.0,1.0,0,0.0,0.0
common/src/testFixtures/java/com/ichi2/testutils/HamcrestUtils.kt,1,0,0,0,1,1,2026-04-07,2026-04-07,17,0.0,1.0,0,0.0,0.0
common/src/testFixtures/java/com/ichi2/utils/FileOperation.kt,1,0,0,0,1,1,2026-04-07,2026-04-07,17,0.0,1.0,0,0.0,0.0
compat/src/main/java/com/ichi2/compat/BaseCompat.kt,1,0,0,0,1,1,2026-03-22,2026-03-22,33,0.0,1.0,0,0.0,0.0
compat/src/main/java/com/ichi2/compat/Compat.kt,1,0,0,0,1,1,2026-03-22,2026-03-22,33,0.0,1.0,0,0.0,0.0
compat/src/main/java/com/ichi2/compat/CompatV26.kt,1,0,0,0,1,1,2026-03-22,2026-03-22,33,0.0,1.0,0,0.0,0.0
compat/src/main/java/com/ichi2/compat/CompatV28.kt,1,0,0,0,1,1,2026-03-22,2026-03-22,33,0.0,1.0,0,0.0,0.0
compat/src/main/java/com/ichi2/compat/CompatV29.kt,1,0,0,0,1,1,2026-03-22,2026-03-22,33,0.0,1.0,0,0.0,0.0
compat/src/main/java/com/ichi2/compat/CompatV31.kt,1,0,0,0,1,1,2026-03-22,2026-03-22,33,0.0,1.0,0,0.0,0.0
compat/src/main/java/com/ichi2/compat/CompatV33.kt,1,0,0,0,1,1,2026-03-22,2026-03-22,33,0.0,1.0,0,0.0,0.0
compat/src/main/java/com/ichi2/compat/CompatV34.kt,1,0,0,0,1,1,2026-03-22,2026-03-22,33,0.0,1.0,0,0.0,0.0
compat/src/main/java/com/ichi2/compat/FileStream.kt,1,0,0,0,1,1,2026-03-22,2026-03-22,33,0.0,1.0,0,0.0,0.0
compat/src/main/java/com/ichi2/compat/PackageManagerCompat.kt,1,0,0,0,1,1,2026-03-22,2026-03-22,33,0.0,1.0,0,0.0,0.0
compat/src/main/java/com/ichi2/compat/ResolveInfoCompat.kt,1,0,0,0,1,1,2026-03-22,2026-03-22,33,0.0,1.0,0,0.0,0.0
compat/src/main/java/com/ichi2/compat/UtteranceProgressListenerCompat.kt,1,0,0,0,1,1,2026-03-22,2026-03-22,33,0.0,1.0,0,0.0,0.0
compat/src/main/java/com/ichi2/compat/VibrationAttributesCompat.kt,1,0,0,0,1,1,2026-03-22,2026-03-22,33,0.0,1.0,0,0.0,0.0
compat/src/test/java/com/ichi2/compat/CompatCopyFileTest.kt,1,0,0,0,1,1,2026-04-07,2026-04-07,17,0.0,1.0,0,0.0,0.0
compat/src/test/java/com/ichi2/compat/CompatDirectoryContentTest.kt,1,0,0,0,1,1,2026-04-07,2026-04-07,17,0.0,1.0,0,0.0,0.0
compat/src/test/java/com/ichi2/compat/CreateDirectoriesTest.kt,1,0,0,0,1,1,2026-04-07,2026-04-07,17,0.0,1.0,0,0.0,0.0
compat/src/test/resources/path-traversal.zip,1,0,0,0,1,1,2026-04-07,2026-04-07,17,0.0,1.0,0,0.0,0.0
compat/src/testFixtures/java/com/ichi2/compat/Test21And26.kt,1,0,0,0,1,1,2026-04-07,2026-04-07,17,0.0,1.0,0,0.0,0.0
gradle/wrapper/gradle-wrapper.jar,1,0,0,0,1,1,2026-03-10,2026-03-10,45,0.0,1.0,0,0.0,0.0
libanki/src/testFixtures/java/com/ichi2/anki/libanki/testutils/HtmlUtils.kt,1,0,0,0,1,1,2026-04-10,2026-04-10,14,0.0,1.0,0,0.0,0.0
libanki/src/testFixtures/java/com/ichi2/anki/libanki/testutils/InMemoryAnkiTest.kt,1,0,0,0,1,1,2026-04-10,2026-04-10,14,0.0,1.0,0,0.0,0.0
libanki/src/testFixtures/java/com/ichi2/anki/libanki/testutils/TestCollectionManager.kt,1,0,0,0,1,1,2026-04-10,2026-04-10,14,0.0,1.0,0,0.0,0.0
libanki/src/testFixtures/java/com/ichi2/anki/libanki/testutils/ext/Card.kt,1,0,0,0,1,1,2026-04-10,2026-04-10,14,0.0,1.0,0,0.0,0.0
libanki/src/testFixtures/java/com/ichi2/anki/libanki/testutils/ext/Collection.kt,1,0,0,0,1,1,2026-04-10,2026-04-10,14,0.0,1.0,0,0.0,0.0
