file_path,commit_count,additions,deletions,total_churn,unique_contributors,active_days,first_commit_date,last_commit_date,days_since_last_touch,avg_churn_per_commit,ownership_concentration,bugfix_commit_count,bugfix_commit_ratio,churn_burstiness
AnkiDroid/src/main/java/com/ichi2/anki/CardBrowser.kt,28,645,823,1468,4,14,2026-01-05,2026-03-12,20,52.42857142857143,0.8928571428571429,7,0.25,0.2731607629427793
tools/localization/yarn.lock,9,559,576,1135,1,9,2026-01-21,2026-03-27,5,126.11111111111111,1.0,0,0.0,0.9374449339207048
AnkiDroid/src/main/java/com/ichi2/anki/browser/CardBrowserFragment.kt,19,513,97,610,4,14,2025-12-01,2026-03-23,9,32.10526315789474,0.7894736842105263,9,0.47368421052631576,0.2934426229508197
AnkiDroid/src/main/res/values-hr/02-strings.xml,10,267,261,528,1,10,2026-01-28,2026-03-27,5,52.8,1.0,0,0.0,0.9090909090909091
AnkiDroid/src/main/java/com/ichi2/anki/FilteredDeckOptions.kt,1,0,472,472,1,1,2025-12-01,2025-12-01,121,472.0,1.0,0,0.0,1.0
AnkiDroid/src/main/java/com/ichi2/anki/filtered/FilteredDeckOptionsFragment.kt,8,411,22,433,1,3,2025-12-01,2026-03-22,10,54.125,1.0,3,0.375,0.766743648960739
AnkiDroid/src/main/java/com/ichi2/anki/filtered/FilteredDeckOptionsViewModel.kt,6,429,2,431,1,3,2025-12-01,2026-03-22,10,71.83333333333333,1.0,1,0.16666666666666666,0.7540603248259861
AnkiDroid/src/main/res/layout/fragment_filtered_deck_options.xml,5,392,29,421,1,3,2025-12-01,2026-03-22,10,84.2,1.0,2,0.4,0.8147268408551069
AnkiDroid/src/main/java/com/ichi2/ui/AppCompatPreferenceActivity.kt,1,0,404,404,1,1,2025-12-01,2025-12-01,121,404.0,1.0,0,0.0,1.0
AnkiDroid/src/test/java/com/ichi2/anki/TranslationTest.kt,1,397,0,397,1,1,2026-03-21,2026-03-21,11,397.0,1.0,0,0.0,1.0
AnkiDroid/src/main/java/com/ichi2/anki/dialogs/InsertFieldDialog.kt,6,299,84,383,1,5,2026-01-01,2026-03-22,10,63.833333333333336,1.0,1,0.16666666666666666,0.5483028720626631
AnkiDroid/src/main/res/values-hr/03-dialogs.xml,9,195,183,378,1,8,2026-01-28,2026-03-30,2,42.0,1.0,0,0.0,0.91005291005291
lint-rules/src/main/java/com/ichi2/anki/lint/rules/LayoutPrefixDetector.kt,8,223,128,351,2,3,2026-02-08,2026-03-23,9,43.875,0.875,0,0.0,0.5726495726495726
AnkiDroid/src/test/java/com/ichi2/anki/CardBrowserTest.kt,9,335,14,349,2,6,2026-01-22,2026-03-14,18,38.77777777777778,0.8888888888888888,5,0.5555555555555556,0.6275071633237822
AnkiDroid/src/main/res/values-et/10-preferences.xml,4,168,175,343,1,4,2026-02-02,2026-03-20,12,85.75,1.0,0,0.0,0.9446064139941691
AnkiDroid/src/main/java/com/ichi2/anki/browser/CardBrowserViewModel.kt,15,193,134,327,3,11,2026-01-05,2026-03-23,9,21.8,0.8666666666666667,5,0.3333333333333333,0.3516819571865443
AnkiDroid/src/test/java/com/ichi2/anki/filtered/FilteredDeckOptionsViewModelTest.kt,4,323,0,323,1,3,2025-12-01,2026-03-22,10,80.75,1.0,1,0.25,0.6749226006191951
AnkiDroid/src/main/java/com/ichi2/anki/browser/search/AdvancedSearchFragment.kt,3,311,3,314,1,2,2026-01-11,2026-03-22,10,104.66666666666667,1.0,0,0.0,0.8662420382165605
AnkiDroid/src/main/java/com/ichi2/anki/NoteEditorFragment.kt,8,62,239,301,3,6,2026-01-18,2026-03-23,9,37.625,0.5,4,0.5,0.7973421926910299
AnkiDroid/src/test/java/com/ichi2/anki/browser/CardBrowserViewModelTest.kt,10,267,27,294,3,7,2026-01-05,2026-03-23,9,29.4,0.8,4,0.4,0.30952380952380953
libanki/src/main/java/com/ichi2/anki/libanki/Collection.kt,10,174,120,294,2,6,2026-01-05,2026-02-01,59,29.4,0.8,1,0.1,0.3435374149659864
AnkiDroid/src/main/res/values-et/02-strings.xml,11,137,131,268,1,10,2026-02-02,2026-03-27,5,24.363636363636363,1.0,0,0.0,0.5447761194029851
AnkiDroid/src/main/java/com/ichi2/anki/servicelayer/PreferenceUpgradeService.kt,5,182,57,239,2,2,2026-01-08,2026-02-20,40,47.8,0.8,1,0.2,0.4100418410041841
AnkiDroid/src/main/java/com/ichi2/anki/ui/windows/reviewer/whiteboard/WhiteboardToolbar.kt,2,225,13,238,2,2,2026-01-31,2026-03-19,13,119.0,0.5,1,0.5,0.8739495798319328
AnkiDroid/src/main/java/com/ichi2/anki/ui/windows/reviewer/whiteboard/WhiteboardView.kt,3,127,103,230,1,2,2026-01-30,2026-02-06,54,76.66666666666667,1.0,0,0.0,0.45652173913043476
AnkiDroid/src/main/java/com/ichi2/anki/DeckPicker.kt,15,31,180,211,6,10,2025-12-01,2026-03-26,6,14.066666666666666,0.4666666666666667,2,0.13333333333333333,0.46445497630331756
AnkiDroid/src/main/res/values-et/03-dialogs.xml,10,110,98,208,1,9,2026-02-02,2026-03-30,2,20.8,1.0,0,0.0,0.6538461538461539
AnkiDroid/src/main/java/com/ichi2/anki/dialogs/InsertFieldDialogViewModel.kt,4,201,2,203,1,3,2026-01-01,2026-01-07,84,50.75,1.0,0,0.0,0.37438423645320196
AnkiDroid/src/test/java/com/ichi2/anki/dialogs/InsertFieldDialogTest.kt,2,200,0,200,1,2,2026-01-07,2026-03-19,13,100.0,1.0,1,0.5,0.935
AnkiDroid/src/main/res/values-hr/10-preferences.xml,3,95,103,198,1,3,2026-01-28,2026-03-20,12,66.0,1.0,0,0.0,0.9444444444444444
AnkiDroid/src/androidTest/java/com/ichi2/anki/tests/ContentProviderTest.kt,2,194,2,196,2,2,2026-01-23,2026-01-28,63,98.0,0.5,0,0.0,0.9795918367346939
AnkiDroid/src/test/java/com/ichi2/anki/ui/windows/reviewer/whiteboard/MultiTouchDetectorTest.kt,1,189,0,189,1,1,2026-02-06,2026-02-06,54,189.0,1.0,0,0.0,1.0
AnkiDroid/src/main/java/com/ichi2/anki/recorder/AudioRecorder.kt,1,188,0,188,1,1,2025-12-23,2025-12-23,99,188.0,1.0,0,0.0,1.0
AnkiDroid/src/main/res/values-pl/02-strings.xml,10,89,83,172,1,10,2026-02-05,2026-03-27,5,17.2,1.0,0,0.0,0.7209302325581395
AnkiDroid/src/test/java/com/ichi2/anki/browser/FindAndReplaceDialogFragmentTest.kt,1,172,0,172,1,1,2025-12-28,2025-12-28,94,172.0,1.0,1,1.0,1.0
AnkiDroid/src/test/java/com/ichi2/anki/dialogs/tags/TagsDialogViewModelTest.kt,1,164,0,164,1,1,2025-11-16,2025-11-16,136,164.0,1.0,0,0.0,1.0
AnkiDroid/src/main/java/com/ichi2/anki/dialogs/CreateDeckDialog.kt,6,66,97,163,4,4,2025-12-01,2026-03-23,9,27.166666666666668,0.5,1,0.16666666666666666,0.2822085889570552
libanki/src/test/java/com/ichi2/anki/libanki/SortOrderTest.kt,5,107,54,161,1,1,2026-01-27,2026-01-27,64,32.2,1.0,0,0.0,0.32298136645962733
libanki/src/main/java/com/ichi2/anki/libanki/SortOrder.kt,6,100,57,157,1,1,2026-01-27,2026-01-27,64,26.166666666666668,1.0,0,0.0,0.3248407643312102
AnkiDroid/src/main/res/values-ro/02-strings.xml,10,81,75,156,1,9,2026-02-05,2026-03-27,5,15.6,1.0,0,0.0,0.6666666666666666
AnkiDroid/src/main/java/com/ichi2/anki/ui/windows/reviewer/whiteboard/MultiTouchDetector.kt,3,143,11,154,1,2,2026-02-06,2026-03-12,20,51.333333333333336,1.0,1,0.3333333333333333,0.7402597402597403
AnkiDroid/src/main/java/com/ichi2/anki/ui/windows/reviewer/whiteboard/ColorPickerDialog.kt,4,142,10,152,3,4,2025-11-10,2026-03-26,6,38.0,0.5,3,0.75,0.5657894736842105
AnkiDroid/src/main/res/layout-land/view_audio_recorder.xml,1,151,0,151,1,1,2026-03-23,2026-03-23,9,151.0,1.0,0,0.0,1.0
AnkiDroid/src/main/res/layout/view_audio_recorder.xml,1,151,0,151,1,1,2026-03-23,2026-03-23,9,151.0,1.0,0,0.0,1.0
AnkiDroid/src/main/res/values-th/02-strings.xml,10,77,71,148,1,9,2026-02-05,2026-03-27,5,14.8,1.0,0,0.0,0.6756756756756757
AnkiDroid/src/test/java/com/ichi2/anki/recorder/AudioRecorderTest.kt,1,145,0,145,1,1,2025-12-23,2025-12-23,99,145.0,1.0,0,0.0,1.0
AnkiDroid/src/test/java/com/ichi2/anki/browser/search/SearchRequestTest.kt,3,139,4,143,1,2,2026-02-01,2026-03-13,19,47.666666666666664,1.0,0,0.0,0.9440559440559441
AnkiDroid/src/main/java/com/ichi2/anki/CardTemplateEditor.kt,9,100,42,142,3,8,2025-12-20,2026-03-23,9,15.777777777777779,0.7777777777777778,0,0.0,0.2605633802816901
AnkiDroid/src/test/java/com/ichi2/anki/dialogs/InsertFieldDialogViewModelTest.kt,3,142,0,142,1,3,2026-01-01,2026-01-07,84,47.333333333333336,1.0,0,0.0,0.5
AnkiDroid/src/main/java/com/ichi2/anki/filtered/FilteredDeckOptionsState.kt,4,137,0,137,1,3,2025-12-01,2026-03-22,10,34.25,1.0,0,0.0,0.8248175182481752
AnkiDroid/src/main/res/layout/view_whiteboard_toolbar.xml,3,75,62,137,3,3,2026-01-31,2026-03-22,10,45.666666666666664,0.3333333333333333,1,0.3333333333333333,0.9562043795620438
AnkiDroid/src/test/java/com/ichi2/anki/browser/search/SavedSearchesTest.kt,3,137,0,137,1,3,2026-01-21,2026-01-31,60,45.666666666666664,1.0,1,0.3333333333333333,0.7591240875912408
AnkiDroid/src/main/res/layout/fragment_advanced_search.xml,2,134,3,137,1,1,2026-01-11,2026-01-11,80,68.5,1.0,0,0.0,0.8321167883211679
AnkiDroid/src/main/res/values-be/02-strings.xml,15,70,64,134,1,15,2026-02-05,2026-03-30,2,8.933333333333334,1.0,0,0.0,0.26865671641791045
AnkiDroid/src/main/res/values-nl/02-strings.xml,11,70,64,134,1,11,2026-01-28,2026-03-27,5,12.181818181818182,1.0,0,0.0,0.40298507462686567
AnkiDroid/src/main/res/values-hr/07-cardbrowser.xml,1,67,67,134,1,1,2026-01-28,2026-01-28,63,134.0,1.0,0,0.0,1.0
AnkiDroid/src/main/java/com/ichi2/anki/instantnoteeditor/InstantNoteEditorActivity.kt,3,62,70,132,2,3,2025-09-10,2026-03-23,9,44.0,0.6666666666666666,0,0.0,0.9545454545454546
AnkiDroid/src/main/res/layout/card_browser_searchview_fragment.xml,6,81,50,131,1,4,2026-01-11,2026-03-22,10,21.833333333333332,1.0,1,0.16666666666666666,0.5038167938931297
AnkiDroid/src/main/java/com/ichi2/anki/multimediacard/AudioRecorder.kt,1,0,131,131,1,1,2025-12-23,2025-12-23,99,131.0,1.0,0,0.0,1.0
AnkiDroid/src/test/java/com/ichi2/preferences/NumberRangePreferenceCompatTest.kt,1,130,0,130,1,1,2025-12-28,2025-12-28,94,130.0,1.0,0,0.0,1.0
AnkiDroid/src/main/java/com/ichi2/anki/browser/search/CardState.kt,1,126,0,126,1,1,2026-01-23,2026-01-23,68,126.0,1.0,0,0.0,1.0
AnkiDroid/src/main/java/com/ichi2/anki/browser/search/SavedSearches.kt,3,123,2,125,1,3,2026-01-21,2026-01-31,60,41.666666666666664,1.0,1,0.3333333333333333,0.912
AnkiDroid/src/main/java/com/ichi2/anki/ui/RecyclerFastScroller.kt,2,43,82,125,2,2,2026-01-29,2026-03-23,9,62.5,0.5,1,0.5,0.992
AnkiDroid/src/main/java/com/ichi2/anki/ui/windows/reviewer/whiteboard/WhiteboardFragment.kt,6,82,39,121,2,4,2025-11-10,2026-02-01,59,20.166666666666668,0.8333333333333334,1,0.16666666666666666,0.32231404958677684
AnkiDroid/src/main/res/values-hr/01-core.xml,4,62,59,121,1,4,2026-01-28,2026-03-16,16,30.25,1.0,0,0.0,0.9421487603305785
AnkiDroid/src/main/java/com/ichi2/anki/sync/SchemaChanges.kt,4,115,3,118,1,1,2026-01-28,2026-01-28,63,29.5,1.0,1,0.25,0.7033898305084746
AnkiDroid/src/main/res/values-nn/01-core.xml,4,60,57,117,1,4,2026-02-04,2026-03-16,16,29.25,1.0,0,0.0,0.9401709401709402
AnkiDroid/src/main/java/com/ichi2/anki/model/SpecialField.kt,2,117,0,117,1,2,2026-01-06,2026-03-19,13,58.5,1.0,1,0.5,0.9829059829059829
AnkiDroid/src/main/res/values-uk/02-strings.xml,11,58,56,114,1,11,2026-01-28,2026-03-27,5,10.363636363636363,1.0,0,0.0,0.38596491228070173
AnkiDroid/src/main/res/values-th/01-core.xml,5,58,55,113,1,5,2026-03-10,2026-03-18,14,22.6,1.0,0,0.0,0.9203539823008849
AnkiDroid/src/test/java/com/ichi2/anki/dialogs/GradeNowDialogTest.kt,1,112,0,112,1,1,2026-03-12,2026-03-12,20,112.0,1.0,0,0.0,1.0
AnkiDroid/src/main/java/com/ichi2/anki/browser/search/CardBrowserSearchViewModel.kt,3,109,2,111,1,1,2026-01-11,2026-01-11,80,37.0,1.0,1,0.3333333333333333,0.4864864864864865
common/src/test/java/com/ichi2/anki/common/time/TimeUtilsTest.kt,2,110,0,110,1,1,2026-03-20,2026-03-20,12,55.0,1.0,1,0.5,0.6818181818181818
AnkiDroid/src/main/java/com/ichi2/anki/browser/search/SearchString.kt,1,110,0,110,1,1,2026-02-01,2026-02-01,59,110.0,1.0,0,0.0,1.0
lint-rules/src/main/java/com/ichi2/anki/lint/utils/LayoutPrefixUtils.kt,1,0,110,110,1,1,2026-02-08,2026-02-08,52,110.0,1.0,0,0.0,1.0
AnkiDroid/src/main/res/values-pl/03-dialogs.xml,10,60,48,108,1,8,2026-02-07,2026-03-30,2,10.8,1.0,0,0.0,0.6296296296296297
AnkiDroid/src/main/res/values-it/03-dialogs.xml,9,59,47,106,1,8,2026-02-07,2026-03-30,2,11.777777777777779,1.0,0,0.0,0.6792452830188679
AnkiDroid/src/main/java/com/ichi2/preferences/ReviewerControlPreference.kt,5,73,33,106,1,3,2026-01-08,2026-01-30,61,21.2,1.0,0,0.0,0.3867924528301887
AnkiDroid/src/main/java/com/ichi2/utils/AlertDialogFacade.kt,5,68,37,105,4,5,2025-09-12,2026-03-23,9,21.0,0.4,2,0.4,0.45714285714285713
AnkiDroid/src/main/res/values-pl/10-preferences.xml,4,49,56,105,1,4,2026-01-28,2026-03-20,12,26.25,1.0,0,0.0,0.7619047619047619
AnkiDroid/src/main/java/com/ichi2/anki/browser/search/SearchFilters.kt,3,86,19,105,1,2,2026-02-01,2026-03-13,19,35.0,1.0,0,0.0,0.5142857142857142
AnkiDroid/src/main/java/com/ichi2/anki/android/menu/SearchBarMenuHost.kt,1,103,0,103,1,1,2026-01-25,2026-01-25,66,103.0,1.0,0,0.0,1.0
AnkiDroid/src/test/java/com/ichi2/anki/browser/search/CardBrowserSearchViewModelTest.kt,1,103,0,103,1,1,2026-01-11,2026-01-11,80,103.0,1.0,0,0.0,1.0
AnkiDroid/src/main/res/values-uz/02-strings.xml,15,52,50,102,1,13,2026-02-05,2026-03-30,2,6.8,1.0,0,0.0,0.23529411764705882
AnkiDroid/src/main/res/values-tr/02-strings.xml,12,54,48,102,1,11,2026-02-05,2026-03-30,2,8.5,1.0,0,0.0,0.24509803921568626
lint-rules/src/main/java/com/ichi2/anki/lint/rules/FragmentLayoutPrefixDetector.kt,1,0,101,101,1,1,2026-02-08,2026-02-08,52,101.0,1.0,0,0.0,1.0
AnkiDroid/src/main/res/values-fr/02-strings.xml,12,53,47,100,1,11,2026-02-05,2026-03-30,2,8.333333333333334,1.0,0,0.0,0.28
lint-rules/src/main/java/com/ichi2/anki/lint/rules/DialogLayoutPrefixDetector.kt,1,0,99,99,1,1,2026-02-08,2026-02-08,52,99.0,1.0,0,0.0,1.0
lint-rules/src/main/java/com/ichi2/anki/lint/rules/ViewLayoutPrefixDetector.kt,1,0,99,99,1,1,2026-02-08,2026-02-08,52,99.0,1.0,0,0.0,1.0
AnkiDroid/src/main/res/values-ar/02-strings.xml,13,52,46,98,1,13,2026-01-28,2026-03-30,2,7.538461538461538,1.0,0,0.0,0.3673469387755102
AnkiDroid/src/main/res/values-et/07-cardbrowser.xml,2,49,49,98,1,2,2026-02-02,2026-03-09,23,49.0,1.0,0,0.0,0.8571428571428571
lint-rules/src/test/java/com/ichi2/anki/lint/rules/ActivityLayoutPrefixDetectorTest.kt,1,0,98,98,1,1,2026-02-08,2026-02-08,52,98.0,1.0,0,0.0,1.0
lint-rules/src/test/java/com/ichi2/anki/lint/rules/DialogLayoutPrefixDetectorTest.kt,1,0,98,98,1,1,2026-02-08,2026-02-08,52,98.0,1.0,0,0.0,1.0
lint-rules/src/test/java/com/ichi2/anki/lint/rules/FragmentLayoutPrefixDetectorTest.kt,1,0,98,98,1,1,2026-02-08,2026-02-08,52,98.0,1.0,0,0.0,1.0
lint-rules/src/test/java/com/ichi2/anki/lint/rules/ViewLayoutPrefixDetectorTest.kt,1,0,98,98,1,1,2026-02-08,2026-02-08,52,98.0,1.0,0,0.0,1.0
AnkiDroid/src/main/java/com/ichi2/anki/ui/windows/reviewer/audiorecord/AudioRecorder.kt,1,0,97,97,1,1,2025-12-23,2025-12-23,99,97.0,1.0,0,0.0,1.0
AnkiDroid/src/main/res/values-gl/02-strings.xml,14,51,45,96,1,14,2026-02-05,2026-03-30,2,6.857142857142857,1.0,0,0.0,0.2708333333333333
AnkiDroid/src/main/res/layout/dialog_incrementer_preference.xml,3,90,6,96,2,2,2026-01-31,2026-03-21,11,32.0,0.6666666666666666,2,0.6666666666666666,0.90625
AnkiDroid/src/androidTest/java/com/ichi2/anki/dialogs/DatabaseCorruptDialogTest.kt,1,95,0,95,1,1,2025-12-30,2025-12-30,92,95.0,1.0,0,0.0,1.0
lint-rules/src/main/java/com/ichi2/anki/lint/rules/ActivityLayoutPrefixDetector.kt,1,0,94,94,1,1,2026-02-08,2026-02-08,52,94.0,1.0,0,0.0,1.0
AnkiDroid/src/main/res/values-et/01-core.xml,6,48,45,93,1,6,2026-01-28,2026-03-16,16,15.5,1.0,0,0.0,0.7096774193548387
AnkiDroid/src/main/res/values-eo/02-strings.xml,13,49,43,92,1,13,2026-01-28,2026-03-27,5,7.076923076923077,1.0,0,0.0,0.2608695652173913
AnkiDroid/src/main/java/com/ichi2/preferences/IncrementerNumberRangePreferenceCompat.kt,3,34,58,92,3,3,2026-01-31,2026-03-19,13,30.666666666666668,0.3333333333333333,1,0.3333333333333333,0.9021739130434783
AnkiDroid/src/main/res/xml/cram_deck_options.xml,1,0,91,91,1,1,2025-12-01,2025-12-01,121,91.0,1.0,0,0.0,1.0
AnkiDroid/src/test/java/com/ichi2/testutils/TranslationUtils.kt,1,91,0,91,1,1,2026-03-21,2026-03-21,11,91.0,1.0,0,0.0,1.0
AnkiDroid/src/main/res/values-zh-rCN/02-strings.xml,11,46,44,90,1,11,2026-01-28,2026-03-27,5,8.181818181818182,1.0,0,0.0,0.2777777777777778
AnkiDroid/src/main/res/values-uz/03-dialogs.xml,12,50,39,89,1,10,2026-02-07,2026-03-30,2,7.416666666666667,1.0,0,0.0,0.2247191011235955
AnkiDroid/src/main/java/com/ichi2/anki/browser/search/SearchRequest.kt,2,85,1,86,1,2,2026-02-01,2026-03-13,19,43.0,1.0,0,0.0,0.9767441860465116
AnkiDroid/src/main/java/com/ichi2/anki/dialogs/DeckOptionsSelectionDialog.kt,1,85,0,85,1,1,2025-12-29,2025-12-29,93,85.0,1.0,0,0.0,1.0
AnkiDroid/src/test/java/com/ichi2/anki/FilteredDeckOptionsTest.kt,1,0,82,82,1,1,2025-12-01,2025-12-01,121,82.0,1.0,0,0.0,1.0
AnkiDroid/src/main/res/values-uk/03-dialogs.xml,9,46,35,81,1,8,2026-01-28,2026-03-30,2,9.0,1.0,0,0.0,0.32098765432098764
AnkiDroid/src/main/res/values-be/03-dialogs.xml,13,45,33,78,1,11,2026-02-07,2026-03-30,2,6.0,1.0,0,0.0,0.3076923076923077
AnkiDroid/src/main/res/values-nn/02-strings.xml,10,42,36,78,1,10,2026-02-04,2026-03-27,5,7.8,1.0,0,0.0,0.38461538461538464
AnkiDroid/src/test/java/com/ichi2/anki/browser/search/SearchStringTest.kt,1,77,0,77,1,1,2026-02-01,2026-02-01,59,77.0,1.0,0,0.0,1.0
AnkiDroid/src/main/res/values-ru/02-strings.xml,11,41,35,76,1,11,2026-02-05,2026-03-27,5,6.909090909090909,1.0,0,0.0,0.3157894736842105
AnkiDroid/src/main/res/values-got/02-strings.xml,10,41,35,76,1,10,2026-01-28,2026-03-27,5,7.6,1.0,0,0.0,0.3684210526315789
AnkiDroid/src/main/res/values-gl/03-dialogs.xml,14,43,31,74,1,12,2026-01-28,2026-03-30,2,5.285714285714286,1.0,0,0.0,0.2972972972972973
AnkiDroid/src/main/res/values-ar/03-dialogs.xml,12,43,31,74,1,10,2026-01-28,2026-03-30,2,6.166666666666667,1.0,0,0.0,0.2972972972972973
AnkiDroid/src/main/res/values-ro/01-core.xml,4,38,35,73,1,4,2026-03-09,2026-03-16,16,18.25,1.0,0,0.0,0.9041095890410958
AnkiDroid/src/test/java/com/ichi2/anki/browser/search/CardStateTest.kt,1,73,0,73,1,1,2026-01-23,2026-01-23,68,73.0,1.0,0,0.0,1.0
AnkiDroid/src/main/java/com/ichi2/anki/ui/windows/reviewer/ReviewerFragment.kt,6,51,20,71,4,5,2025-12-29,2026-03-23,9,11.833333333333334,0.5,2,0.3333333333333333,0.28169014084507044
AnkiDroid/src/test/java/com/ichi2/anki/multimediacard/AudioRecorderAndroidTest.kt,1,0,71,71,1,1,2025-12-23,2025-12-23,99,71.0,1.0,0,0.0,1.0
AnkiDroid/src/main/res/values-eo/03-dialogs.xml,12,41,29,70,1,10,2026-01-28,2026-03-30,2,5.833333333333333,1.0,0,0.0,0.2
AnkiDroid/src/main/java/com/ichi2/anki/browser/FindAndReplaceDialogFragment.kt,3,52,16,68,3,3,2025-12-28,2026-03-19,13,22.666666666666668,0.3333333333333333,1,0.3333333333333333,0.7941176470588235
AnkiDroid/src/test/java/com/ichi2/anki/browser/SearchHistoryTest.kt,2,67,1,68,1,2,2026-01-21,2026-01-22,69,34.0,1.0,0,0.0,0.8970588235294118
AnkiDroid/src/test/java/com/ichi2/anki/utils/ext/ConfigTest.kt,1,68,0,68,1,1,2026-03-19,2026-03-19,13,68.0,1.0,0,0.0,1.0
AnkiDroid/src/main/res/values-zh-rCN/03-dialogs.xml,10,39,28,67,1,9,2026-01-28,2026-03-30,2,6.7,1.0,0,0.0,0.3283582089552239
AnkiDroid/src/main/java/com/ichi2/anki/ui/windows/reviewer/ReviewerViewModel.kt,3,48,19,67,2,2,2025-12-29,2026-01-08,83,22.333333333333332,0.6666666666666666,0,0.0,0.6268656716417911
AnkiDroid/src/main/java/com/ichi2/anki/utils/ext/Flow.kt,2,64,3,67,1,1,2026-01-22,2026-01-22,69,33.5,1.0,1,0.5,0.9104477611940298
docs/marketing/localized_description/marketdescription-ro.txt,1,16,51,67,1,1,2026-03-09,2026-03-09,23,67.0,1.0,0,0.0,1.0
AnkiDroid/src/main/res/values-fr/03-dialogs.xml,11,39,27,66,1,8,2026-02-07,2026-03-30,2,6.0,1.0,0,0.0,0.30303030303030304
AnkiDroid/src/main/res/values-it/02-strings.xml,10,36,30,66,1,10,2026-01-28,2026-03-27,5,6.6,1.0,0,0.0,0.36363636363636365
AnkiDroid/src/main/res/values-hr/04-network.xml,3,32,34,66,1,3,2026-01-28,2026-03-30,2,22.0,1.0,0,0.0,0.9696969696969697
AnkiDroid/src/main/res/values-th/17-model-manager.xml,2,33,33,66,1,2,2026-03-18,2026-03-27,5,33.0,1.0,0,0.0,0.9090909090909091
AnkiDroid/src/test/java/com/ichi2/anki/notetype/ManageNotetypesTest.kt,1,66,0,66,1,1,2026-03-23,2026-03-23,9,66.0,1.0,0,0.0,1.0
AnkiDroid/src/main/java/com/ichi2/anki/Flag.kt,2,65,0,65,1,1,2026-01-23,2026-01-23,68,32.5,1.0,0,0.0,0.5846153846153846
AnkiDroid/src/test/java/com/ichi2/anki/CardUtilsTest.kt,1,65,0,65,1,1,2026-03-04,2026-03-04,28,65.0,1.0,0,0.0,1.0
AnkiDroid/src/test/java/com/ichi2/anki/FlagSerializerTest.kt,1,65,0,65,1,1,2026-01-23,2026-01-23,68,65.0,1.0,0,0.0,1.0
AnkiDroid/src/test/java/com/ichi2/anki/export/ExportDialogFragmentTest.kt,1,65,0,65,1,1,2026-02-22,2026-02-22,38,65.0,1.0,0,0.0,1.0
common/src/test/java/com/ichi2/anki/common/utils/StringUtilsTest.kt,2,63,0,63,1,2,2026-01-07,2026-01-30,61,31.5,1.0,0,0.0,0.6507936507936508
lint-rules/src/test/java/com/ichi2/anki/lint/rules/LayoutPrefixDetectorTest.kt,1,63,0,63,1,1,2026-02-08,2026-02-08,52,63.0,1.0,0,0.0,1.0
AnkiDroid/src/main/java/com/ichi2/anki/CoroutineHelpers.kt,3,9,53,62,3,3,2025-12-21,2026-03-08,24,20.666666666666668,0.3333333333333333,2,0.6666666666666666,0.8548387096774194
AnkiDroid/src/main/java/com/ichi2/anki/provider/CardContentProvider.kt,3,60,2,62,3,3,2026-01-23,2026-03-23,9,20.666666666666668,0.3333333333333333,1,0.3333333333333333,0.9516129032258065
common/src/main/java/com/ichi2/anki/common/utils/StringUtils.kt,3,58,4,62,2,3,2026-01-07,2026-02-08,52,20.666666666666668,0.6666666666666666,0,0.0,0.6612903225806451
AnkiDroid/src/test/java/com/ichi2/anki/instanteditor/InstantEditorViewModelTest.kt,2,61,0,61,1,2,2026-03-05,2026-03-06,26,30.5,1.0,2,1.0,0.7540983606557377
AnkiDroid/src/test/java/com/ichi2/anki/FlagTest.kt,1,61,0,61,1,1,2026-01-23,2026-01-23,68,61.0,1.0,0,0.0,1.0
AnkiDroid/src/main/res/values-ind/02-strings.xml,10,33,27,60,1,10,2026-01-28,2026-03-27,5,6.0,1.0,0,0.0,0.4
AnkiDroid/src/main/res/values-hr/11-arrays.xml,1,30,30,60,1,1,2026-01-28,2026-01-28,63,60.0,1.0,0,0.0,1.0
AnkiDroid/src/test/java/com/ichi2/anki/notetype/AddNewNotesTypeTest.kt,1,60,0,60,1,1,2026-03-23,2026-03-23,9,60.0,1.0,0,0.0,1.0
AnkiDroid/src/test/java/com/ichi2/anki/previewer/TypeAnswerTest.kt,1,60,0,60,1,1,2026-03-24,2026-03-24,8,60.0,1.0,1,1.0,1.0
AnkiDroid/src/main/res/values-ja/02-strings.xml,11,32,26,58,1,11,2026-02-05,2026-03-27,5,5.2727272727272725,1.0,0,0.0,0.41379310344827586
docs/marketing/localized_description/marketdescription-et.txt,1,29,29,58,1,1,2026-03-09,2026-03-09,23,58.0,1.0,0,0.0,1.0
AnkiDroid/src/main/res/values-pl/01-core.xml,6,30,27,57,1,6,2026-01-28,2026-03-30,2,9.5,1.0,0,0.0,0.631578947368421
AnkiDroid/src/main/res/values-de/02-strings.xml,10,31,25,56,1,9,2026-02-05,2026-03-27,5,5.6,1.0,0,0.0,0.42857142857142855
AnkiDroid/src/main/res/values-uz/10-preferences.xml,5,29,27,56,1,5,2026-02-05,2026-03-21,11,11.2,1.0,0,0.0,0.7142857142857143
AnkiDroid/src/main/res/values-et/17-model-manager.xml,2,28,28,56,1,2,2026-03-09,2026-03-27,5,28.0,1.0,0,0.0,0.8928571428571429
AnkiDroid/src/main/res/values-hr/17-model-manager.xml,2,28,28,56,1,2,2026-01-28,2026-03-27,5,28.0,1.0,0,0.0,0.8928571428571429
AnkiDroid/src/main/java/com/ichi2/anki/dialogs/tags/TagsDialog.kt,5,49,6,55,5,5,2026-01-26,2026-03-19,13,11.0,0.2,3,0.6,0.7818181818181819
AnkiDroid/src/main/res/layout/dialog_insert_field.xml,1,55,0,55,1,1,2026-01-06,2026-01-06,85,55.0,1.0,0,0.0,1.0
AnkiDroid/src/test/java/com/ichi2/anki/servicemodel/PreferenceUpgradeServiceTest.kt,1,55,0,55,1,1,2026-01-08,2026-01-08,83,55.0,1.0,0,0.0,1.0
AnkiDroid/src/main/res/values-pt-rBR/02-strings.xml,10,30,24,54,1,10,2026-02-02,2026-03-27,5,5.4,1.0,0,0.0,0.4444444444444444
AnkiDroid/src/main/res/values-ug/02-strings.xml,9,28,26,54,1,9,2026-02-05,2026-03-27,5,6.0,1.0,0,0.0,0.4444444444444444
AnkiDroid/src/main/res/layout/toolbar.xml,1,26,28,54,1,1,2026-02-01,2026-02-01,59,54.0,1.0,0,0.0,1.0
AnkiDroid/src/main/res/values-et/11-arrays.xml,1,27,27,54,1,1,2026-03-09,2026-03-09,23,54.0,1.0,0,0.0,1.0
AnkiDroid/src/main/res/values-tr/03-dialogs.xml,11,32,20,52,1,9,2026-02-07,2026-03-30,2,4.7272727272727275,1.0,0,0.0,0.2692307692307692
AnkiDroid/src/main/java/com/ichi2/anki/dialogs/ChangeNoteTypeDialog.kt,7,32,20,52,3,5,2026-01-23,2026-03-23,9,7.428571428571429,0.7142857142857143,1,0.14285714285714285,0.38461538461538464
AnkiDroid/src/main/java/com/ichi2/anki/ui/windows/reviewer/whiteboard/WhiteboardViewModel.kt,3,45,7,52,2,2,2026-01-30,2026-01-31,60,17.333333333333332,0.6666666666666666,0,0.0,0.5769230769230769
AnkiDroid/src/main/java/com/ichi2/anki/preferences/ControlsSettingsFragment.kt,3,46,5,51,2,3,2026-01-09,2026-01-30,61,17.0,0.6666666666666666,0,0.0,0.8235294117647058
AnkiDroid/src/main/res/layout/dialog_insert_special_field_recycler_item.xml,1,51,0,51,1,1,2026-01-07,2026-01-07,84,51.0,1.0,0,0.0,1.0
AnkiDroid/src/main/res/values-es-rAR/02-strings.xml,10,28,22,50,1,10,2026-02-05,2026-03-27,5,5.0,1.0,0,0.0,0.48
AnkiDroid/src/main/res/values-es-rES/02-strings.xml,10,28,22,50,1,10,2026-02-05,2026-03-27,5,5.0,1.0,0,0.0,0.48
AnkiDroid/src/main/res/values-fi/02-strings.xml,10,28,22,50,1,10,2026-02-05,2026-03-27,5,5.0,1.0,0,0.0,0.48
AnkiDroid/src/main/res/values-or/02-strings.xml,10,28,22,50,1,9,2026-02-05,2026-03-27,5,5.0,1.0,0,0.0,0.48
AnkiDroid/src/main/res/values-ru/03-dialogs.xml,10,31,19,50,1,9,2026-01-28,2026-03-30,2,5.0,1.0,0,0.0,0.28
AnkiDroid/src/main/res/values/02-strings.xml,9,29,21,50,8,9,2025-12-01,2026-03-19,13,5.555555555555555,0.2222222222222222,3,0.3333333333333333,0.48
AnkiDroid/src/main/java/com/ichi2/utils/TimeUtil.kt,1,37,13,50,1,1,2026-03-26,2026-03-26,6,50.0,1.0,0,0.0,1.0
AnkiDroid/src/test/java/com/ichi2/anki/multimediacard/AudioRecorderTest.kt,1,0,50,50,1,1,2025-12-23,2025-12-23,99,50.0,1.0,0,0.0,1.0
AnkiDroid/src/main/java/com/ichi2/anki/ui/windows/permissions/InternetPermissionFragment.kt,3,41,8,49,3,2,2026-03-16,2026-03-23,9,16.333333333333332,0.3333333333333333,0,0.0,0.7755102040816326
AnkiDroid/src/main/java/com/ichi2/anki/AnkiActivity.kt,2,3,46,49,2,2,2026-01-22,2026-03-01,31,24.5,0.5,1,0.5,0.8775510204081632
AnkiDroid/src/main/res/layout/view_advanced_search_list_item.xml,1,49,0,49,1,1,2026-01-11,2026-01-11,80,49.0,1.0,0,0.0,1.0
AnkiDroid/src/main/res/values-de/03-dialogs.xml,10,30,18,48,1,9,2026-02-07,2026-03-30,2,4.8,1.0,0,0.0,0.2916666666666667
AnkiDroid/src/main/res/values-ja/03-dialogs.xml,10,30,18,48,1,8,2026-02-07,2026-03-30,2,4.8,1.0,0,0.0,0.2916666666666667
AnkiDroid/src/main/res/values-af/02-strings.xml,9,27,21,48,1,9,2026-02-05,2026-03-27,5,5.333333333333333,1.0,0,0.0,0.5
AnkiDroid/src/main/res/values-am/02-strings.xml,9,27,21,48,1,9,2026-02-05,2026-03-27,5,5.333333333333333,1.0,0,0.0,0.5
AnkiDroid/src/main/res/values-az/02-strings.xml,9,27,21,48,1,9,2026-02-05,2026-03-27,5,5.333333333333333,1.0,0,0.0,0.5
AnkiDroid/src/main/res/values-bg/02-strings.xml,9,27,21,48,1,9,2026-02-05,2026-03-27,5,5.333333333333333,1.0,0,0.0,0.5
AnkiDroid/src/main/res/values-bn/02-strings.xml,9,27,21,48,1,9,2026-02-05,2026-03-27,5,5.333333333333333,1.0,0,0.0,0.5
AnkiDroid/src/main/res/values-ca/02-strings.xml,9,27,21,48,1,9,2026-02-05,2026-03-27,5,5.333333333333333,1.0,0,0.0,0.5
AnkiDroid/src/main/res/values-ckb/02-strings.xml,9,27,21,48,1,9,2026-02-05,2026-03-27,5,5.333333333333333,1.0,0,0.0,0.5
AnkiDroid/src/main/res/values-cs/02-strings.xml,9,27,21,48,1,9,2026-02-05,2026-03-27,5,5.333333333333333,1.0,0,0.0,0.5
AnkiDroid/src/main/res/values-da/02-strings.xml,9,27,21,48,1,9,2026-02-05,2026-03-27,5,5.333333333333333,1.0,0,0.0,0.5
AnkiDroid/src/main/res/values-el/02-strings.xml,9,27,21,48,1,9,2026-02-05,2026-03-27,5,5.333333333333333,1.0,0,0.0,0.5
AnkiDroid/src/main/res/values-eu/02-strings.xml,9,27,21,48,1,9,2026-02-05,2026-03-27,5,5.333333333333333,1.0,0,0.0,0.5
AnkiDroid/src/main/res/values-fa/02-strings.xml,9,27,21,48,1,9,2026-02-05,2026-03-27,5,5.333333333333333,1.0,0,0.0,0.5
AnkiDroid/src/main/res/values-fil/02-strings.xml,9,27,21,48,1,9,2026-02-05,2026-03-27,5,5.333333333333333,1.0,0,0.0,0.5
AnkiDroid/src/main/res/values-fy/02-strings.xml,9,27,21,48,1,9,2026-02-05,2026-03-27,5,5.333333333333333,1.0,0,0.0,0.5
AnkiDroid/src/main/res/values-ga/02-strings.xml,9,27,21,48,1,9,2026-02-05,2026-03-27,5,5.333333333333333,1.0,0,0.0,0.5
AnkiDroid/src/main/res/values-gu/02-strings.xml,9,27,21,48,1,9,2026-02-05,2026-03-27,5,5.333333333333333,1.0,0,0.0,0.5
AnkiDroid/src/main/res/values-heb/02-strings.xml,9,27,21,48,1,9,2026-02-05,2026-03-27,5,5.333333333333333,1.0,0,0.0,0.5
AnkiDroid/src/main/res/values-hi/02-strings.xml,9,27,21,48,1,9,2026-02-05,2026-03-27,5,5.333333333333333,1.0,0,0.0,0.5
AnkiDroid/src/main/res/values-hu/02-strings.xml,9,27,21,48,1,9,2026-02-05,2026-03-27,5,5.333333333333333,1.0,0,0.0,0.5
AnkiDroid/src/main/res/values-hy/02-strings.xml,9,27,21,48,1,9,2026-02-05,2026-03-27,5,5.333333333333333,1.0,0,0.0,0.5
AnkiDroid/src/main/res/values-iw/02-strings.xml,9,27,21,48,1,9,2026-02-05,2026-03-27,5,5.333333333333333,1.0,0,0.0,0.5
AnkiDroid/src/main/res/values-ka/02-strings.xml,9,27,21,48,1,9,2026-02-05,2026-03-27,5,5.333333333333333,1.0,0,0.0,0.5
AnkiDroid/src/main/res/values-kk/02-strings.xml,9,27,21,48,1,9,2026-02-05,2026-03-27,5,5.333333333333333,1.0,0,0.0,0.5
AnkiDroid/src/main/res/values-km/02-strings.xml,9,27,21,48,1,9,2026-02-05,2026-03-27,5,5.333333333333333,1.0,0,0.0,0.5
AnkiDroid/src/main/res/values-kn/02-strings.xml,9,27,21,48,1,9,2026-02-05,2026-03-27,5,5.333333333333333,1.0,0,0.0,0.5
AnkiDroid/src/main/res/values-ko/02-strings.xml,9,27,21,48,1,9,2026-02-05,2026-03-27,5,5.333333333333333,1.0,0,0.0,0.5
AnkiDroid/src/main/res/values-ku/02-strings.xml,9,27,21,48,1,9,2026-02-05,2026-03-27,5,5.333333333333333,1.0,0,0.0,0.5
AnkiDroid/src/main/res/values-ky/02-strings.xml,9,27,21,48,1,9,2026-02-05,2026-03-27,5,5.333333333333333,1.0,0,0.0,0.5
AnkiDroid/src/main/res/values-lt/02-strings.xml,9,27,21,48,1,9,2026-02-05,2026-03-27,5,5.333333333333333,1.0,0,0.0,0.5
AnkiDroid/src/main/res/values-lv/02-strings.xml,9,27,21,48,1,9,2026-02-05,2026-03-27,5,5.333333333333333,1.0,0,0.0,0.5
AnkiDroid/src/main/res/values-mk/02-strings.xml,9,27,21,48,1,9,2026-02-05,2026-03-27,5,5.333333333333333,1.0,0,0.0,0.5
AnkiDroid/src/main/res/values-ml/02-strings.xml,9,27,21,48,1,9,2026-02-05,2026-03-27,5,5.333333333333333,1.0,0,0.0,0.5
AnkiDroid/src/main/res/values-mn/02-strings.xml,9,27,21,48,1,9,2026-02-05,2026-03-27,5,5.333333333333333,1.0,0,0.0,0.5
AnkiDroid/src/main/res/values-mr/02-strings.xml,9,27,21,48,1,9,2026-02-05,2026-03-27,5,5.333333333333333,1.0,0,0.0,0.5
AnkiDroid/src/main/res/values-ms/02-strings.xml,9,27,21,48,1,9,2026-02-05,2026-03-27,5,5.333333333333333,1.0,0,0.0,0.5
AnkiDroid/src/main/res/values-my/02-strings.xml,9,27,21,48,1,9,2026-02-05,2026-03-27,5,5.333333333333333,1.0,0,0.0,0.5
AnkiDroid/src/main/res/values-no/02-strings.xml,9,27,21,48,1,9,2026-02-05,2026-03-27,5,5.333333333333333,1.0,0,0.0,0.5
AnkiDroid/src/main/res/values-pa/02-strings.xml,9,27,21,48,1,9,2026-02-05,2026-03-27,5,5.333333333333333,1.0,0,0.0,0.5
AnkiDroid/src/main/res/values-pt-rPT/02-strings.xml,9,27,21,48,1,9,2026-02-05,2026-03-27,5,5.333333333333333,1.0,0,0.0,0.5
AnkiDroid/src/main/res/values-sat/02-strings.xml,9,27,21,48,1,9,2026-02-05,2026-03-27,5,5.333333333333333,1.0,0,0.0,0.5
AnkiDroid/src/main/res/values-sc/02-strings.xml,9,27,21,48,1,9,2026-02-05,2026-03-27,5,5.333333333333333,1.0,0,0.0,0.5
AnkiDroid/src/main/res/values-sk/02-strings.xml,9,27,21,48,1,9,2026-02-05,2026-03-27,5,5.333333333333333,1.0,0,0.0,0.5
AnkiDroid/src/main/res/values-sl/02-strings.xml,9,27,21,48,1,9,2026-02-05,2026-03-27,5,5.333333333333333,1.0,0,0.0,0.5
AnkiDroid/src/main/res/values-sq/02-strings.xml,9,27,21,48,1,9,2026-02-05,2026-03-27,5,5.333333333333333,1.0,0,0.0,0.5
AnkiDroid/src/main/res/values-sr/02-strings.xml,9,27,21,48,1,9,2026-02-05,2026-03-27,5,5.333333333333333,1.0,0,0.0,0.5
AnkiDroid/src/main/res/values-sv/02-strings.xml,9,27,21,48,1,9,2026-02-05,2026-03-27,5,5.333333333333333,1.0,0,0.0,0.5
AnkiDroid/src/main/res/values-ta/02-strings.xml,9,27,21,48,1,9,2026-02-05,2026-03-27,5,5.333333333333333,1.0,0,0.0,0.5
AnkiDroid/src/main/res/values-te/02-strings.xml,9,27,21,48,1,9,2026-02-05,2026-03-27,5,5.333333333333333,1.0,0,0.0,0.5
AnkiDroid/src/main/res/values-tgl/02-strings.xml,9,27,21,48,1,9,2026-02-05,2026-03-27,5,5.333333333333333,1.0,0,0.0,0.5
AnkiDroid/src/main/res/values-ti/02-strings.xml,9,27,21,48,1,9,2026-02-05,2026-03-27,5,5.333333333333333,1.0,0,0.0,0.5
AnkiDroid/src/main/res/values-tt/02-strings.xml,9,27,21,48,1,9,2026-02-05,2026-03-27,5,5.333333333333333,1.0,0,0.0,0.5
AnkiDroid/src/main/java/com/ichi2/anki/browser/SearchHistory.kt,2,47,1,48,1,2,2026-01-21,2026-01-22,69,24.0,1.0,0,0.0,0.7916666666666666
AnkiDroid/src/main/java/com/ichi2/anki/utils/ConfigAwareSingleFragmentActivity.kt,1,48,0,48,1,1,2025-11-26,2025-11-26,126,48.0,1.0,0,0.0,1.0
common/src/test/java/com/ichi2/anki/common/utils/ext/MutableListTest.kt,1,48,0,48,1,1,2025-09-12,2025-09-12,201,48.0,1.0,0,0.0,1.0
AnkiDroid/src/main/res/values-ug/03-dialogs.xml,8,29,18,47,1,7,2026-02-07,2026-03-30,2,5.875,1.0,0,0.0,0.2978723404255319
AnkiDroid/src/main/java/com/ichi2/anki/notetype/ManageNotetypes.kt,3,37,10,47,3,3,2026-01-28,2026-03-23,9,15.666666666666666,0.3333333333333333,0,0.0,0.5319148936170213
AnkiDroid/src/main/java/com/ichi2/preferences/WhiteboardControlPreference.kt,2,47,0,47,1,1,2026-01-30,2026-01-30,61,23.5,1.0,0,0.0,0.9148936170212766
AnkiDroid/src/main/java/com/ichi2/anki/utils/ext/MutableStateFlow.kt,1,47,0,47,1,1,2026-01-06,2026-01-06,85,47.0,1.0,0,0.0,1.0
AnkiDroid/build.gradle,10,29,17,46,3,9,2025-11-10,2026-03-31,1,4.6,0.8,1,0.1,0.2608695652173913
docs/ankidroid/sdk-version-history.md,1,46,0,46,1,1,2026-03-26,2026-03-26,6,46.0,1.0,0,0.0,1.0
AnkiDroid/src/main/res/values-uz/01-core.xml,8,24,21,45,1,8,2026-02-27,2026-03-21,11,5.625,1.0,0,0.0,0.5777777777777777
AnkiDroid/src/main/res/values-nl/10-preferences.xml,4,19,26,45,1,4,2026-01-28,2026-03-20,12,11.25,1.0,0,0.0,0.4444444444444444
AnkiDroid/src/main/java/com/ichi2/anki/browser/RepositionCardFragment.kt,3,39,6,45,3,3,2026-01-23,2026-03-16,16,15.0,0.3333333333333333,1,0.3333333333333333,0.8444444444444444
AnkiDroid/src/test/java/com/ichi2/anki/dialogs/CreateDeckDialogTest.kt,1,0,45,45,1,1,2025-12-01,2025-12-01,121,45.0,1.0,0,0.0,1.0
AnkiDroid/src/test/java/com/ichi2/anki/utils/ext/WholeAndFractionTest.kt,1,45,0,45,1,1,2026-01-29,2026-01-29,62,45.0,1.0,1,1.0,1.0
AnkiDroid/src/main/res/values-pt-rBR/03-dialogs.xml,9,28,16,44,1,8,2026-02-02,2026-03-30,2,4.888888888888889,1.0,0,0.0,0.3181818181818182
AnkiDroid/src/main/res/values-ur/02-strings.xml,8,23,21,44,1,8,2026-02-05,2026-03-27,5,5.5,1.0,0,0.0,0.5454545454545454
AnkiDroid/src/main/res/values-vi/02-strings.xml,8,23,21,44,1,8,2026-02-05,2026-03-27,5,5.5,1.0,0,0.0,0.5454545454545454
AnkiDroid/src/main/res/values-zh-rTW/02-strings.xml,8,23,21,44,1,8,2026-02-05,2026-03-27,5,5.5,1.0,0,0.0,0.5454545454545454
AnkiDroid/src/main/java/com/ichi2/anki/utils/ext/MenuHost.kt,1,44,0,44,1,1,2026-01-24,2026-01-24,67,44.0,1.0,0,0.0,1.0
AnkiDroid/src/test/java/com/ichi2/anki/DeckPickerTest.kt,4,40,3,43,4,4,2025-12-01,2026-03-23,9,10.75,0.25,0,0.0,0.6511627906976745
AnkiDroid/src/test/java/com/ichi2/anki/deckpicker/DeckPickerViewModelTest.kt,3,34,9,43,2,2,2026-02-25,2026-03-04,28,14.333333333333334,0.6666666666666666,0,0.0,0.5813953488372093
libanki/src/main/java/com/ichi2/anki/libanki/backend/model/SortOrderUtil.kt,1,0,43,43,1,1,2026-01-27,2026-01-27,64,43.0,1.0,0,0.0,1.0
AnkiDroid/src/main/res/values-nl/03-dialogs.xml,9,27,15,42,1,8,2026-01-28,2026-03-30,2,4.666666666666667,1.0,0,0.0,0.3333333333333333
AnkiDroid/src/test/java/com/ichi2/anki/browser/search/SearchFiltersTest.kt,2,40,2,42,1,2,2026-02-01,2026-03-13,19,21.0,1.0,0,0.0,0.9047619047619048
AnkiDroid/src/main/java/com/ichi2/anki/ui/windows/permissions/PermissionsFragment.kt,1,42,0,42,1,1,2026-03-16,2026-03-16,16,42.0,1.0,0,0.0,1.0
AnkiDroid/src/test/java/com/ichi2/anki/browser/search/CardStateSerializerTest.kt,1,42,0,42,1,1,2026-01-23,2026-01-23,68,42.0,1.0,0,0.0,1.0
AnkiDroid/src/test/java/com/ichi2/anki/NoteEditorTest.kt,3,40,1,41,2,3,2026-01-05,2026-03-08,24,13.666666666666666,0.6666666666666666,3,1.0,0.8048780487804879
AnkiDroid/src/test/java/com/ichi2/anki/MetaTest.kt,1,41,0,41,1,1,2026-03-11,2026-03-11,21,41.0,1.0,0,0.0,1.0
AnkiDroid/src/main/res/values-got/03-dialogs.xml,9,26,14,40,1,8,2026-01-28,2026-03-30,2,4.444444444444445,1.0,0,0.0,0.35
AnkiDroid/src/test/java/com/ichi2/anki/ReviewerKeyboardInputTest.kt,2,1,39,40,2,2,2026-01-08,2026-03-23,9,20.0,0.5,1,0.5,0.875
AnkiDroid/src/main/res/values-hr/09-backup.xml,1,20,20,40,1,1,2026-01-28,2026-01-28,63,40.0,1.0,0,0.0,1.0
AnkiDroid/src/main/res/values-ru/10-preferences.xml,3,16,23,39,1,3,2026-02-05,2026-03-20,12,13.0,1.0,0,0.0,0.717948717948718
AnkiDroid/src/main/java/com/ichi2/anki/notetype/AddNewNotesType.kt,2,32,7,39,2,2,2026-03-18,2026-03-23,9,19.5,0.5,0,0.0,0.7948717948717948
AnkiDroid/src/main/res/values-es-rAR/03-dialogs.xml,9,25,13,38,1,8,2026-02-07,2026-03-30,2,4.222222222222222,1.0,0,0.0,0.3684210526315789
AnkiDroid/src/main/res/values-es-rES/03-dialogs.xml,9,25,13,38,1,8,2026-02-07,2026-03-30,2,4.222222222222222,1.0,0,0.0,0.3684210526315789
AnkiDroid/src/main/res/values-fi/03-dialogs.xml,9,25,13,38,1,8,2026-02-07,2026-03-30,2,4.222222222222222,1.0,0,0.0,0.3684210526315789
AnkiDroid/src/main/res/values-et/04-network.xml,3,18,20,38,1,3,2026-03-09,2026-03-30,2,12.666666666666666,1.0,0,0.0,0.9473684210526315
AnkiDroid/src/test/java/com/ichi2/anki/servicemodel/UpgradeGesturesToControlsTest.kt,1,19,19,38,1,1,2026-01-08,2026-01-08,83,38.0,1.0,0,0.0,1.0
common/src/test/java/com/ichi2/anki/common/utils/ext/ListTest.kt,1,38,0,38,1,1,2026-01-30,2026-01-30,61,38.0,1.0,0,0.0,1.0
AnkiDroid/src/main/res/values/03-dialogs.xml,10,25,12,37,6,8,2025-11-10,2026-03-26,6,3.7,0.5,2,0.2,0.32432432432432434
AnkiDroid/src/main/java/com/ichi2/preferences/NumberRangePreferenceCompat.kt,2,35,2,37,2,2,2025-12-28,2026-03-19,13,18.5,0.5,0,0.0,0.9459459459459459
AnkiDroid/src/main/res/values-et/16-multimedia-editor.xml,2,20,17,37,1,2,2026-03-09,2026-03-26,6,18.5,1.0,0,0.0,0.918918918918919
AnkiDroid/src/main/res/values-ind/03-dialogs.xml,9,24,12,36,1,8,2026-01-28,2026-03-30,2,4.0,1.0,0,0.0,0.3888888888888889
AnkiDroid/src/main/java/com/ichi2/anki/preferences/reviewer/ViewerAction.kt,3,21,15,36,1,1,2026-01-08,2026-01-08,83,12.0,1.0,1,0.3333333333333333,0.4444444444444444
AnkiDroid/src/main/res/layout/colorpicker_flag_bubble.xml,2,34,2,36,2,2,2025-11-10,2026-03-26,6,18.0,0.5,2,1.0,0.8611111111111112
libanki/src/test/java/com/ichi2/anki/libanki/FinderTest.kt,2,17,19,36,1,1,2026-01-27,2026-01-27,64,18.0,1.0,0,0.0,0.5555555555555556
AnkiDroid/src/main/java/com/ichi2/anki/ui/NonLeadingZeroInputFilter.kt,1,36,0,36,1,1,2026-03-19,2026-03-19,13,36.0,1.0,0,0.0,1.0
AnkiDroid/src/test/java/com/ichi2/anki/dialogs/CustomStudyDialogTest.kt,1,34,2,36,1,1,2026-03-19,2026-03-19,13,36.0,1.0,0,0.0,1.0
AnkiDroid/src/main/java/com/ichi2/anki/dialogs/GradeNowDialog.kt,3,19,16,35,2,3,2026-03-04,2026-03-22,10,11.666666666666666,0.6666666666666666,1,0.3333333333333333,0.7142857142857143
AnkiDroid/src/main/java/com/ichi2/anki/preferences/reviewer/WhiteboardAction.kt,1,35,0,35,1,1,2026-01-30,2026-01-30,61,35.0,1.0,0,0.0,1.0
AnkiDroid/src/main/java/com/ichi2/anki/utils/ext/Config.kt,1,35,0,35,1,1,2026-03-19,2026-03-19,13,35.0,1.0,0,0.0,1.0
common/src/main/java/com/ichi2/anki/common/utils/ext/List.kt,1,35,0,35,1,1,2026-01-30,2026-01-30,61,35.0,1.0,0,0.0,1.0
AnkiDroid/src/main/res/values-af/03-dialogs.xml,8,23,11,34,1,7,2026-02-07,2026-03-30,2,4.25,1.0,0,0.0,0.4117647058823529
AnkiDroid/src/main/res/values-am/03-dialogs.xml,8,23,11,34,1,7,2026-02-07,2026-03-30,2,4.25,1.0,0,0.0,0.4117647058823529
AnkiDroid/src/main/res/values-az/03-dialogs.xml,8,23,11,34,1,7,2026-02-07,2026-03-30,2,4.25,1.0,0,0.0,0.4117647058823529
AnkiDroid/src/main/res/values-bg/03-dialogs.xml,8,23,11,34,1,7,2026-02-07,2026-03-30,2,4.25,1.0,0,0.0,0.4117647058823529
AnkiDroid/src/main/res/values-bn/03-dialogs.xml,8,23,11,34,1,7,2026-02-07,2026-03-30,2,4.25,1.0,0,0.0,0.4117647058823529
AnkiDroid/src/main/res/values-ca/03-dialogs.xml,8,23,11,34,1,7,2026-02-07,2026-03-30,2,4.25,1.0,0,0.0,0.4117647058823529
AnkiDroid/src/main/res/values-ckb/03-dialogs.xml,8,23,11,34,1,7,2026-02-07,2026-03-30,2,4.25,1.0,0,0.0,0.4117647058823529
AnkiDroid/src/main/res/values-cs/03-dialogs.xml,8,23,11,34,1,7,2026-02-07,2026-03-30,2,4.25,1.0,0,0.0,0.4117647058823529
AnkiDroid/src/main/res/values-da/03-dialogs.xml,8,23,11,34,1,7,2026-02-07,2026-03-30,2,4.25,1.0,0,0.0,0.4117647058823529
AnkiDroid/src/main/res/values-el/03-dialogs.xml,8,23,11,34,1,7,2026-02-07,2026-03-30,2,4.25,1.0,0,0.0,0.4117647058823529
AnkiDroid/src/main/res/values-eu/03-dialogs.xml,8,23,11,34,1,7,2026-02-07,2026-03-30,2,4.25,1.0,0,0.0,0.4117647058823529
AnkiDroid/src/main/res/values-fa/03-dialogs.xml,8,23,11,34,1,7,2026-02-07,2026-03-30,2,4.25,1.0,0,0.0,0.4117647058823529
AnkiDroid/src/main/res/values-fil/03-dialogs.xml,8,23,11,34,1,7,2026-02-07,2026-03-30,2,4.25,1.0,0,0.0,0.4117647058823529
AnkiDroid/src/main/res/values-fy/03-dialogs.xml,8,23,11,34,1,7,2026-02-07,2026-03-30,2,4.25,1.0,0,0.0,0.4117647058823529
AnkiDroid/src/main/res/values-ga/03-dialogs.xml,8,23,11,34,1,7,2026-02-07,2026-03-30,2,4.25,1.0,0,0.0,0.4117647058823529
AnkiDroid/src/main/res/values-gu/03-dialogs.xml,8,23,11,34,1,7,2026-02-07,2026-03-30,2,4.25,1.0,0,0.0,0.4117647058823529
AnkiDroid/src/main/res/values-heb/03-dialogs.xml,8,23,11,34,1,7,2026-02-07,2026-03-30,2,4.25,1.0,0,0.0,0.4117647058823529
AnkiDroid/src/main/res/values-hi/03-dialogs.xml,8,23,11,34,1,7,2026-02-07,2026-03-30,2,4.25,1.0,0,0.0,0.4117647058823529
AnkiDroid/src/main/res/values-hu/03-dialogs.xml,8,23,11,34,1,7,2026-02-07,2026-03-30,2,4.25,1.0,0,0.0,0.4117647058823529
AnkiDroid/src/main/res/values-hy/03-dialogs.xml,8,23,11,34,1,7,2026-02-07,2026-03-30,2,4.25,1.0,0,0.0,0.4117647058823529
AnkiDroid/src/main/res/values-iw/03-dialogs.xml,8,23,11,34,1,7,2026-02-07,2026-03-30,2,4.25,1.0,0,0.0,0.4117647058823529
AnkiDroid/src/main/res/values-ka/03-dialogs.xml,8,23,11,34,1,7,2026-02-07,2026-03-30,2,4.25,1.0,0,0.0,0.4117647058823529
AnkiDroid/src/main/res/values-kk/03-dialogs.xml,8,23,11,34,1,7,2026-02-07,2026-03-30,2,4.25,1.0,0,0.0,0.4117647058823529
AnkiDroid/src/main/res/values-km/03-dialogs.xml,8,23,11,34,1,7,2026-02-07,2026-03-30,2,4.25,1.0,0,0.0,0.4117647058823529
AnkiDroid/src/main/res/values-kn/03-dialogs.xml,8,23,11,34,1,7,2026-02-07,2026-03-30,2,4.25,1.0,0,0.0,0.4117647058823529
AnkiDroid/src/main/res/values-ko/03-dialogs.xml,8,23,11,34,1,7,2026-02-07,2026-03-30,2,4.25,1.0,0,0.0,0.4117647058823529
AnkiDroid/src/main/res/values-ku/03-dialogs.xml,8,23,11,34,1,7,2026-02-07,2026-03-30,2,4.25,1.0,0,0.0,0.4117647058823529
AnkiDroid/src/main/res/values-ky/03-dialogs.xml,8,23,11,34,1,7,2026-02-07,2026-03-30,2,4.25,1.0,0,0.0,0.4117647058823529
AnkiDroid/src/main/res/values-lt/03-dialogs.xml,8,23,11,34,1,7,2026-02-07,2026-03-30,2,4.25,1.0,0,0.0,0.4117647058823529
AnkiDroid/src/main/res/values-lv/03-dialogs.xml,8,23,11,34,1,7,2026-02-07,2026-03-30,2,4.25,1.0,0,0.0,0.4117647058823529
AnkiDroid/src/main/res/values-mk/03-dialogs.xml,8,23,11,34,1,7,2026-02-07,2026-03-30,2,4.25,1.0,0,0.0,0.4117647058823529
AnkiDroid/src/main/res/values-ml/03-dialogs.xml,8,23,11,34,1,7,2026-02-07,2026-03-30,2,4.25,1.0,0,0.0,0.4117647058823529
AnkiDroid/src/main/res/values-mn/03-dialogs.xml,8,23,11,34,1,7,2026-02-07,2026-03-30,2,4.25,1.0,0,0.0,0.4117647058823529
AnkiDroid/src/main/res/values-mr/03-dialogs.xml,8,23,11,34,1,7,2026-02-07,2026-03-30,2,4.25,1.0,0,0.0,0.4117647058823529
AnkiDroid/src/main/res/values-ms/03-dialogs.xml,8,23,11,34,1,7,2026-02-07,2026-03-30,2,4.25,1.0,0,0.0,0.4117647058823529
AnkiDroid/src/main/res/values-my/03-dialogs.xml,8,23,11,34,1,7,2026-02-07,2026-03-30,2,4.25,1.0,0,0.0,0.4117647058823529
AnkiDroid/src/main/res/values-nn/03-dialogs.xml,8,23,11,34,1,7,2026-02-07,2026-03-30,2,4.25,1.0,0,0.0,0.4117647058823529
AnkiDroid/src/main/res/values-no/03-dialogs.xml,8,23,11,34,1,7,2026-02-07,2026-03-30,2,4.25,1.0,0,0.0,0.4117647058823529
AnkiDroid/src/main/res/values-or/03-dialogs.xml,8,23,11,34,1,7,2026-02-07,2026-03-30,2,4.25,1.0,0,0.0,0.4117647058823529
AnkiDroid/src/main/res/values-pa/03-dialogs.xml,8,23,11,34,1,7,2026-02-07,2026-03-30,2,4.25,1.0,0,0.0,0.4117647058823529
AnkiDroid/src/main/res/values-pt-rPT/03-dialogs.xml,8,23,11,34,1,7,2026-02-07,2026-03-30,2,4.25,1.0,0,0.0,0.4117647058823529
AnkiDroid/src/main/res/values-ro/03-dialogs.xml,8,23,11,34,1,7,2026-02-07,2026-03-30,2,4.25,1.0,0,0.0,0.4117647058823529
AnkiDroid/src/main/res/values-sat/03-dialogs.xml,8,23,11,34,1,7,2026-02-07,2026-03-30,2,4.25,1.0,0,0.0,0.4117647058823529
AnkiDroid/src/main/res/values-sc/03-dialogs.xml,8,23,11,34,1,7,2026-02-07,2026-03-30,2,4.25,1.0,0,0.0,0.4117647058823529
AnkiDroid/src/main/res/values-sk/03-dialogs.xml,8,23,11,34,1,7,2026-02-07,2026-03-30,2,4.25,1.0,0,0.0,0.4117647058823529
AnkiDroid/src/main/res/values-sl/03-dialogs.xml,8,23,11,34,1,7,2026-02-07,2026-03-30,2,4.25,1.0,0,0.0,0.4117647058823529
AnkiDroid/src/main/res/values-sq/03-dialogs.xml,8,23,11,34,1,7,2026-02-07,2026-03-30,2,4.25,1.0,0,0.0,0.4117647058823529
AnkiDroid/src/main/res/values-sr/03-dialogs.xml,8,23,11,34,1,7,2026-02-07,2026-03-30,2,4.25,1.0,0,0.0,0.4117647058823529
AnkiDroid/src/main/res/values-sv/03-dialogs.xml,8,23,11,34,1,7,2026-02-07,2026-03-30,2,4.25,1.0,0,0.0,0.4117647058823529
AnkiDroid/src/main/res/values-ta/03-dialogs.xml,8,23,11,34,1,7,2026-02-07,2026-03-30,2,4.25,1.0,0,0.0,0.4117647058823529
AnkiDroid/src/main/res/values-te/03-dialogs.xml,8,23,11,34,1,7,2026-02-07,2026-03-30,2,4.25,1.0,0,0.0,0.4117647058823529
AnkiDroid/src/main/res/values-tgl/03-dialogs.xml,8,23,11,34,1,7,2026-02-07,2026-03-30,2,4.25,1.0,0,0.0,0.4117647058823529
AnkiDroid/src/main/res/values-th/03-dialogs.xml,8,23,11,34,1,7,2026-02-07,2026-03-30,2,4.25,1.0,0,0.0,0.4117647058823529
AnkiDroid/src/main/res/values-ti/03-dialogs.xml,8,23,11,34,1,7,2026-02-07,2026-03-30,2,4.25,1.0,0,0.0,0.4117647058823529
AnkiDroid/src/main/res/values-tt/03-dialogs.xml,8,23,11,34,1,7,2026-02-07,2026-03-30,2,4.25,1.0,0,0.0,0.4117647058823529
AnkiDroid/src/main/java/com/ichi2/ui/WhiteboardGesturePicker.kt,1,34,0,34,1,1,2026-01-30,2026-01-30,61,34.0,1.0,0,0.0,1.0
AnkiDroid/src/main/res/layout/dialog_new_note_type.xml,1,22,12,34,1,1,2026-03-18,2026-03-18,14,34.0,1.0,0,0.0,1.0
AnkiDroid/src/main/res/values-ur/03-dialogs.xml,7,22,11,33,1,6,2026-02-07,2026-03-30,2,4.714285714285714,1.0,0,0.0,0.42424242424242425
AnkiDroid/src/main/res/values-vi/03-dialogs.xml,7,22,11,33,1,6,2026-02-07,2026-03-30,2,4.714285714285714,1.0,0,0.0,0.42424242424242425
AnkiDroid/src/main/res/values-zh-rTW/03-dialogs.xml,7,22,11,33,1,6,2026-02-07,2026-03-30,2,4.714285714285714,1.0,0,0.0,0.42424242424242425
AnkiDroid/src/main/java/com/ichi2/anki/NoteTypeFieldEditor.kt,3,18,15,33,2,3,2026-01-28,2026-03-23,9,11.0,0.6666666666666666,0,0.0,0.696969696969697
AnkiDroid/src/main/java/com/ichi2/anki/browser/BrowserMultiColumnAdapter.kt,3,13,20,33,1,3,2025-09-12,2026-03-23,9,11.0,1.0,0,0.0,0.6363636363636364
AnkiDroid/src/main/java/com/ichi2/anki/model/SortType.kt,2,23,10,33,1,1,2026-01-27,2026-01-27,64,16.5,1.0,0,0.0,0.9393939393939394
AnkiDroid/src/main/java/com/ichi2/anki/ui/windows/permissions/PermissionsUntil29Fragment.kt,2,19,14,33,2,2,2025-09-11,2026-03-16,16,16.5,0.5,0,0.0,0.9696969696969697
gradle/libs.versions.toml,2,17,16,33,2,2,2025-11-10,2026-01-21,70,16.5,0.5,1,0.5,0.8484848484848485
AnkiDroid/src/main/res/values/filtered_deck_options.xml,1,0,33,33,1,1,2025-12-01,2025-12-01,121,33.0,1.0,0,0.0,1.0
AnkiDroid/src/main/java/com/ichi2/anki/browser/CardBrowserColumn.kt,2,31,1,32,1,1,2026-01-27,2026-01-27,64,16.0,1.0,0,0.0,0.75
AnkiDroid/src/main/java/com/ichi2/anki/analytics/AnkiDroidCrashReportDialog.kt,1,13,19,32,1,1,2025-09-10,2025-09-10,203,32.0,1.0,0,0.0,1.0
AnkiDroid/src/main/java/com/ichi2/anki/dialogs/tags/TagsDialogViewModel.kt,1,22,10,32,1,1,2025-11-16,2025-11-16,136,32.0,1.0,1,1.0,1.0
AnkiDroid/src/main/res/layout/popup_eraser_options.xml,1,7,25,32,1,1,2026-02-01,2026-02-01,59,32.0,1.0,0,0.0,1.0
AnkiDroid/src/main/res/values-it/07-cardbrowser.xml,1,16,16,32,1,1,2026-03-13,2026-03-13,19,32.0,1.0,0,0.0,1.0
AnkiDroid/src/test/java/com/ichi2/testutils/PermissionUtils.kt,1,32,0,32,1,1,2026-03-16,2026-03-16,16,32.0,1.0,0,0.0,1.0
AnkiDroid/src/test/java/com/ichi2/utils/InMemorySQLiteOpenHelperFactory.kt,1,0,32,32,1,1,2026-03-26,2026-03-26,6,32.0,1.0,0,0.0,1.0
AnkiDroid/src/main/res/values-be/01-core.xml,5,17,14,31,1,5,2026-03-10,2026-03-21,11,6.2,1.0,0,0.0,0.3870967741935484
AnkiDroid/src/main/res/values-hr/16-multimedia-editor.xml,2,17,14,31,1,2,2026-01-28,2026-03-26,6,15.5,1.0,0,0.0,0.9032258064516129
AnkiDroid/src/main/java/com/ichi2/preferences/ControlPreference.kt,4,20,10,30,2,3,2026-01-30,2026-03-23,9,7.5,0.5,0,0.0,0.43333333333333335
AnkiDroid/src/main/res/values-nl/01-core.xml,6,16,13,29,1,6,2026-01-28,2026-03-16,16,4.833333333333333,1.0,0,0.0,0.3448275862068966
AnkiDroid/src/main/res/values-ca/01-core.xml,4,16,13,29,1,4,2026-01-28,2026-03-16,16,7.25,1.0,0,0.0,0.7586206896551724
AnkiDroid/src/main/java/com/ichi2/anki/model/FieldName.kt,1,29,0,29,1,1,2026-01-01,2026-01-01,90,29.0,1.0,0,0.0,1.0
AnkiDroid/src/main/res/drawable/material_dialog_background.xml,1,29,0,29,1,1,2026-01-31,2026-01-31,60,29.0,1.0,0,0.0,1.0
AnkiDroid/src/main/res/drawable/pin_shape.xml,1,29,0,29,1,1,2025-11-10,2025-11-10,142,29.0,1.0,1,1.0,1.0
AnkiDroid/src/test/java/com/ichi2/testutils/TestChangeSubscriber.kt,1,29,0,29,1,1,2026-03-23,2026-03-23,9,29.0,1.0,1,1.0,1.0
AnkiDroid/src/main/java/com/ichi2/anki/utils/ext/BottomSheetDialogFragment.kt,1,28,0,28,1,1,2026-01-29,2026-01-29,62,28.0,1.0,1,1.0,1.0
AnkiDroid/src/main/java/com/ichi2/anki/utils/ext/FragmentActivity.kt,1,28,0,28,1,1,2026-03-09,2026-03-09,23,28.0,1.0,1,1.0,1.0
AnkiDroid/src/main/res/xml/preferences_reviewer_controls.xml,3,27,0,27,1,2,2026-01-08,2026-01-30,61,9.0,1.0,0,0.0,0.8148148148148148
AnkiDroid/src/main/java/com/ichi2/anki/pages/ImageOcclusion.kt,2,2,25,27,1,2,2026-01-22,2026-03-23,9,13.5,1.0,0,0.0,0.9259259259259259
AnkiDroid/src/main/java/com/ichi2/anki/multimedia/audio/AudioRecordingController.kt,1,12,15,27,1,1,2025-12-23,2025-12-23,99,27.0,1.0,0,0.0,1.0
common/src/main/java/com/ichi2/anki/common/utils/ext/MutableList.kt,1,27,0,27,1,1,2025-09-12,2025-09-12,201,27.0,1.0,0,0.0,1.0
AnkiDroid/src/main/java/com/ichi2/anki/cardviewer/ViewerCommand.kt,2,13,13,26,1,1,2026-01-08,2026-01-08,83,13.0,1.0,1,0.5,0.6153846153846154
AnkiDroid/src/main/java/com/ichi2/anki/pages/DeckOptionsDestination.kt,2,21,5,26,1,2,2025-12-01,2025-12-29,93,13.0,1.0,0,0.0,0.8461538461538461
docs/marketing/localized_description/marketdescription-pl.txt,2,13,13,26,1,2,2026-01-28,2026-02-11,49,13.0,1.0,0,0.0,0.5384615384615384
AnkiDroid/src/main/java/com/ichi2/anki/browser/search/StandardSearchFragment.kt,1,26,0,26,1,1,2026-01-11,2026-01-11,80,26.0,1.0,0,0.0,1.0
AnkiDroid/src/main/res/values-et/08-widget.xml,1,13,13,26,1,1,2026-03-09,2026-03-09,23,26.0,1.0,0,0.0,1.0
AnkiDroid/src/main/res/values-uk/01-core.xml,5,14,11,25,1,5,2026-01-28,2026-03-21,11,5.0,1.0,0,0.0,0.4
AnkiDroid/src/main/java/com/ichi2/anki/utils/ext/Double.kt,1,25,0,25,1,1,2026-01-29,2026-01-29,62,25.0,1.0,1,1.0,1.0
AnkiDroid/src/main/res/layout/alert_dialog_title_with_help.xml,1,19,6,25,1,1,2026-01-18,2026-01-18,73,25.0,1.0,0,0.0,1.0
AnkiDroid/src/main/java/com/ichi2/anki/export/ExportDialogFragment.kt,2,9,15,24,2,2,2026-02-22,2026-03-21,11,12.0,0.5,1,0.5,0.875
AnkiDroid/src/main/java/com/ichi2/anki/previewer/PreviewerFragment.kt,2,20,4,24,2,2,2026-03-08,2026-03-23,9,12.0,0.5,1,0.5,0.75
AnkiDroid/src/main/java/com/ichi2/anki/ui/windows/permissions/PermissionsStartingAt30Fragment.kt,2,15,9,24,2,2,2025-09-11,2026-03-16,16,12.0,0.5,0,0.0,0.9166666666666666
AnkiDroid/src/test/java/com/ichi2/anki/CardTemplateEditorTest.kt,2,23,1,24,2,2,2025-12-20,2026-01-01,90,12.0,0.5,0,0.0,0.9166666666666666
libanki/testutils/src/main/java/com/ichi2/anki/libanki/testutils/AnkiTest.kt,2,21,3,24,2,2,2026-02-11,2026-03-11,21,12.0,0.5,0,0.0,0.75
AnkiDroid/src/main/res/layout/fragment_standard_search.xml,1,24,0,24,1,1,2026-01-11,2026-01-11,80,24.0,1.0,0,0.0,1.0
AnkiDroid/src/main/res/values-hr/08-widget.xml,1,12,12,24,1,1,2026-01-28,2026-01-28,63,24.0,1.0,0,0.0,1.0
AnkiDroid/src/main/java/com/ichi2/anki/exception/InvalidSearchException.kt,1,23,0,23,1,1,2025-12-02,2025-12-02,120,23.0,1.0,0,0.0,1.0
AnkiDroid/src/main/java/com/ichi2/anki/preferences/AboutFragment.kt,2,11,11,22,1,2,2026-01-31,2026-03-23,9,11.0,1.0,0,0.0,0.7272727272727273
AnkiDroid/src/main/java/com/ichi2/anki/preferences/DeveloperOptionsFragment.kt,1,11,11,22,1,1,2026-01-31,2026-01-31,60,22.0,1.0,0,0.0,1.0
AnkiDroid/src/main/java/com/ichi2/anki/utils/ext/ViewPropertyAnimator.kt,1,22,0,22,1,1,2026-01-31,2026-01-31,60,22.0,1.0,0,0.0,1.0
AnkiDroid/src/main/res/values-it/08-widget.xml,1,11,11,22,1,1,2026-03-13,2026-03-13,19,22.0,1.0,0,0.0,1.0
AnkiDroid/src/main/res/values-ru/01-core.xml,4,12,9,21,1,4,2026-02-11,2026-03-16,16,5.25,1.0,0,0.0,0.6666666666666666
AnkiDroid/src/main/res/values-fr/10-preferences.xml,3,7,14,21,1,3,2026-02-05,2026-03-20,12,7.0,1.0,0,0.0,0.47619047619047616
AnkiDroid/src/main/java/com/ichi2/anki/scheduling/SetDueDateDialog.kt,3,13,7,20,2,3,2026-01-23,2026-03-23,9,6.666666666666667,0.6666666666666666,1,0.3333333333333333,0.6
AnkiDroid/src/main/res/layout/studyoptions_fragment.xml,3,10,10,20,1,2,2026-03-08,2026-03-22,10,6.666666666666667,1.0,1,0.3333333333333333,0.8
tools/localization/package.json,2,10,10,20,1,2,2026-01-21,2026-02-11,49,10.0,1.0,0,0.0,0.9
AnkiDroid/src/main/java/com/ichi2/utils/Permissions.kt,1,19,1,20,1,1,2026-03-16,2026-03-16,16,20.0,1.0,0,0.0,1.0
AnkiDroid/src/main/res/values-nl/07-cardbrowser.xml,1,10,10,20,1,1,2026-01-28,2026-01-28,63,20.0,1.0,0,0.0,1.0
api/src/main/java/com/ichi2/anki/FlashCardsContract.kt,1,20,0,20,1,1,2026-01-23,2026-01-23,68,20.0,1.0,0,0.0,1.0
AnkiDroid/src/main/java/com/ichi2/anki/deckpicker/DeckPickerViewModel.kt,5,8,11,19,4,4,2026-02-08,2026-03-23,9,3.8,0.4,0,0.0,0.3684210526315789
AnkiDroid/src/main/res/values-eo/01-core.xml,5,11,8,19,1,5,2026-03-10,2026-03-21,11,3.8,1.0,0,0.0,0.42105263157894735
AnkiDroid/src/main/res/values-gl/10-preferences.xml,4,6,13,19,1,4,2026-01-28,2026-03-20,12,4.75,1.0,0,0.0,0.47368421052631576
AnkiDroid/src/main/res/values-got/10-preferences.xml,3,6,13,19,1,3,2026-01-28,2026-03-20,12,6.333333333333333,1.0,0,0.0,0.47368421052631576
AnkiDroid/src/main/java/com/ichi2/anki/browser/CardOrNoteId.kt,2,17,2,19,2,2,2026-01-05,2026-03-23,9,9.5,0.5,2,1.0,0.5789473684210527
AnkiDroid/src/main/java/com/ichi2/anki/Whiteboard.kt,1,2,17,19,1,1,2025-11-10,2025-11-10,142,19.0,1.0,1,1.0,1.0
AnkiDroid/src/main/java/com/ichi2/anki/previewer/TemplatePreviewerPage.kt,1,10,9,19,1,1,2025-09-11,2025-09-11,202,19.0,1.0,0,0.0,1.0
AnkiDroid/src/main/res/layout/internet_permission_fragment.xml,1,19,0,19,1,1,2026-03-16,2026-03-16,16,19.0,1.0,0,0.0,1.0
libanki/src/main/java/com/ichi2/anki/libanki/DB.kt,1,13,6,19,1,1,2026-01-28,2026-01-28,63,19.0,1.0,0,0.0,1.0
AnkiDroid/src/main/res/values-pl/17-model-manager.xml,4,9,9,18,1,4,2026-01-28,2026-03-30,2,4.5,1.0,0,0.0,0.3333333333333333
AnkiDroid/src/main/res/values/preferences.xml,4,12,6,18,3,4,2026-01-08,2026-03-16,16,4.5,0.5,0,0.0,0.4444444444444444
AnkiDroid/src/test/java/com/ichi2/anki/utils/ext/ViewerCommand.kt,2,13,5,18,2,2,2026-01-08,2026-03-23,9,9.0,0.5,0,0.0,0.8888888888888888
AnkiDroid/src/main/java/com/ichi2/anki/ui/windows/permissions/AllPermissionsExplanationFragment.kt,1,9,9,18,1,1,2025-09-12,2025-09-12,201,18.0,1.0,0,0.0,1.0
AnkiDroid/src/main/res/values-et/05-feedback.xml,1,9,9,18,1,1,2026-03-09,2026-03-09,23,18.0,1.0,0,0.0,1.0
AnkiDroid/src/main/res/values-et/09-backup.xml,1,9,9,18,1,1,2026-03-09,2026-03-09,23,18.0,1.0,0,0.0,1.0
AnkiDroid/src/test/java/com/ichi2/testutils/ScreenSize.kt,1,18,0,18,1,1,2026-01-24,2026-01-24,67,18.0,1.0,0,0.0,1.0
docs/marketing/localized_description/marketdescription-hr.txt,1,9,9,18,1,1,2026-01-28,2026-01-28,63,18.0,1.0,0,0.0,1.0
AnkiDroid/src/main/res/values-fr/01-core.xml,5,10,7,17,1,5,2026-02-07,2026-03-18,14,3.4,1.0,0,0.0,0.35294117647058826
AnkiDroid/src/main/res/values-be/10-preferences.xml,3,5,12,17,1,3,2026-02-05,2026-03-20,12,5.666666666666667,1.0,0,0.0,0.5294117647058824
AnkiDroid/src/main/java/com/ichi2/anki/ui/internationalization/SentenceCase.kt,2,11,6,17,2,2,2026-01-23,2026-02-08,52,8.5,0.5,0,0.0,0.8823529411764706
AnkiDroid/src/main/res/layout/include_reviewer_topbar.xml,2,8,9,17,1,1,2026-03-22,2026-03-22,10,8.5,1.0,0,0.0,1.0
AnkiDroid/src/test/java/com/ichi2/anki/RobolectricTest.kt,2,4,13,17,2,2,2026-03-16,2026-03-26,6,8.5,0.5,0,0.0,0.7647058823529411
AnkiDroid/src/main/java/com/ichi2/anki/CardUtils.kt,1,0,17,17,1,1,2026-03-04,2026-03-04,28,17.0,1.0,0,0.0,1.0
AnkiDroid/src/main/java/com/ichi2/utils/EditTextUtils.kt,1,17,0,17,1,1,2026-01-11,2026-01-11,80,17.0,1.0,0,0.0,1.0
AnkiDroid/src/main/res/values/attrs.xml,4,14,2,16,3,3,2026-01-08,2026-03-21,11,4.0,0.5,2,0.5,0.625
AnkiDroid/src/main/res/values-ro/04-network.xml,3,7,9,16,1,3,2026-03-09,2026-03-30,2,5.333333333333333,1.0,0,0.0,0.875
AnkiDroid/src/main/java/com/ichi2/widget/WidgetConfigScreenAdapter.kt,2,7,9,16,1,2,2026-01-30,2026-03-22,10,8.0,1.0,0,0.0,0.625
AnkiDroid/src/main/java/com/ichi2/anki/NoteEditorActivity.kt,1,14,2,16,1,1,2026-01-19,2026-01-19,72,16.0,1.0,1,1.0,1.0
AnkiDroid/src/main/java/com/ichi2/anki/browser/BrowserColumnSelectionAdapter.kt,1,8,8,16,1,1,2026-03-22,2026-03-22,10,16.0,1.0,0,0.0,1.0
AnkiDroid/src/main/java/com/ichi2/anki/instantnoteeditor/InstantEditorViewModel.kt,1,16,0,16,1,1,2026-03-05,2026-03-05,27,16.0,1.0,1,1.0,1.0
AnkiDroid/src/main/java/com/ichi2/anki/preferences/reviewer/ReviewerMenuSettingsAdapter.kt,1,8,8,16,1,1,2026-03-22,2026-03-22,10,16.0,1.0,0,0.0,1.0
AnkiDroid/src/main/res/values-pl/07-cardbrowser.xml,1,8,8,16,1,1,2026-02-11,2026-02-11,49,16.0,1.0,0,0.0,1.0
AnkiDroid/src/main/res/values-uz/09-backup.xml,1,8,8,16,1,1,2026-03-09,2026-03-09,23,16.0,1.0,0,0.0,1.0
AnkiDroid/src/main/res/xml/preferences_backup_limits.xml,1,12,4,16,1,1,2026-03-19,2026-03-19,13,16.0,1.0,0,0.0,1.0
build.gradle.kts,1,15,1,16,1,1,2026-03-16,2026-03-16,16,16.0,1.0,0,0.0,1.0
libanki/src/main/java/com/ichi2/anki/libanki/Decks.kt,1,8,8,16,1,1,2026-01-26,2026-01-26,65,16.0,1.0,0,0.0,1.0
AnkiDroid/src/main/res/values-gl/01-core.xml,6,9,6,15,1,6,2026-02-02,2026-03-19,13,2.5,1.0,0,0.0,0.26666666666666666
AnkiDroid/src/main/res/values-ar/01-core.xml,4,9,6,15,1,4,2026-03-10,2026-03-19,13,3.75,1.0,0,0.0,0.5333333333333333
AnkiDroid/src/main/res/values-hi/01-core.xml,4,9,6,15,1,4,2026-02-27,2026-03-16,16,3.75,1.0,0,0.0,0.5333333333333333
AnkiDroid/src/main/res/values-tr/01-core.xml,4,9,6,15,1,4,2026-03-10,2026-03-25,7,3.75,1.0,0,0.0,0.5333333333333333
AnkiDroid/src/main/res/values-zh-rCN/01-core.xml,4,9,6,15,1,4,2026-03-10,2026-03-21,11,3.75,1.0,0,0.0,0.5333333333333333
AnkiDroid/src/main/java/com/ichi2/anki/InitialActivity.kt,3,11,4,15,3,3,2025-12-21,2026-03-16,16,5.0,0.3333333333333333,1,0.3333333333333333,0.4666666666666667
AnkiDroid/src/main/res/values-ar/10-preferences.xml,3,4,11,15,1,3,2026-02-05,2026-03-20,12,5.0,1.0,0,0.0,0.6
AnkiDroid/src/main/res/values-de/10-preferences.xml,3,4,11,15,1,3,2026-02-05,2026-03-20,12,5.0,1.0,0,0.0,0.6
AnkiDroid/src/main/res/values-eo/10-preferences.xml,3,4,11,15,1,3,2026-02-05,2026-03-20,12,5.0,1.0,0,0.0,0.6
AnkiDroid/src/main/res/values-ja/10-preferences.xml,3,4,11,15,1,3,2026-02-05,2026-03-20,12,5.0,1.0,0,0.0,0.6
AnkiDroid/src/main/res/values-tr/10-preferences.xml,3,4,11,15,1,3,2026-02-05,2026-03-20,12,5.0,1.0,0,0.0,0.6
libanki/src/main/java/com/ichi2/anki/libanki/Notetypes.kt,3,10,5,15,1,3,2026-01-26,2026-03-13,19,5.0,1.0,1,0.3333333333333333,0.4
AnkiDroid/src/main/java/com/ichi2/anki/preferences/HeaderFragment.kt,2,8,7,15,1,2,2026-01-31,2026-03-26,6,7.5,1.0,1,0.5,0.9333333333333333
AnkiDroid/src/main/res/values-gl/16-multimedia-editor.xml,2,9,6,15,1,2,2026-03-26,2026-03-30,2,7.5,1.0,0,0.0,0.8
AnkiDroid/src/main/java/com/ichi2/anki/ui/windows/permissions/PermissionsActivity.kt,1,8,7,15,1,1,2025-09-10,2025-09-10,203,15.0,1.0,0,0.0,1.0
AnkiDroid/src/main/res/layout/reviewer_fullscreen_noanswers.xml,1,7,8,15,1,1,2026-03-22,2026-03-22,10,15.0,1.0,0,0.0,1.0
AnkiDroid/src/main/java/com/ichi2/anki/StudyOptionsFragment.kt,4,5,9,14,3,4,2025-12-01,2026-03-23,9,3.5,0.5,0,0.0,0.35714285714285715
AnkiDroid/src/main/java/com/ichi2/anki/dialogs/SavedBrowserSearchesDialogFragment.kt,3,8,6,14,2,3,2026-01-21,2026-03-22,10,4.666666666666667,0.6666666666666666,0,0.0,0.42857142857142855
AnkiDroid/src/main/res/values-fr/17-model-manager.xml,3,7,7,14,1,3,2026-02-07,2026-03-30,2,4.666666666666667,1.0,0,0.0,0.42857142857142855
AnkiDroid/src/main/res/values-uk/10-preferences.xml,3,8,6,14,1,3,2026-02-02,2026-03-21,11,4.666666666666667,1.0,0,0.0,0.5714285714285714
AnkiDroid/src/main/res/values-uz/17-model-manager.xml,3,7,7,14,1,3,2026-03-15,2026-03-30,2,4.666666666666667,1.0,0,0.0,0.42857142857142855
AnkiDroid/src/main/java/com/ichi2/anki/mediacheck/MediaCheckFragment.kt,1,5,9,14,1,1,2026-01-23,2026-01-23,68,14.0,1.0,0,0.0,1.0
AnkiDroid/src/main/res/layout/add_edit_reminder_dialog.xml,1,7,7,14,1,1,2026-02-16,2026-02-16,44,14.0,1.0,0,0.0,1.0
AnkiDroid/src/test/java/com/ichi2/anki/analytics/PreferencesAnalyticsTest.kt,1,7,7,14,1,1,2026-01-31,2026-01-31,60,14.0,1.0,0,0.0,1.0
libanki/src/main/java/com/ichi2/anki/libanki/Card.kt,1,7,7,14,1,1,2026-01-26,2026-01-26,65,14.0,1.0,0,0.0,1.0
AnkiDroid/src/main/res/values-pt-rPT/01-core.xml,4,8,5,13,1,4,2026-02-02,2026-03-16,16,3.25,1.0,0,0.0,0.46153846153846156
AnkiDroid/src/main/java/com/ichi2/anki/Reviewer.kt,3,6,7,13,1,2,2026-01-23,2026-03-23,9,4.333333333333333,1.0,1,0.3333333333333333,0.46153846153846156
AnkiDroid/src/main/res/values-eu/10-preferences.xml,3,3,10,13,1,3,2026-02-05,2026-03-21,11,4.333333333333333,1.0,0,0.0,0.6923076923076923
AnkiDroid/src/main/res/values-pl/16-multimedia-editor.xml,3,8,5,13,1,3,2026-02-11,2026-03-30,2,4.333333333333333,1.0,0,0.0,0.6153846153846154
AnkiDroid/src/main/java/com/ichi2/anki/ui/windows/permissions/PermissionsBottomSheet.kt,2,10,3,13,2,2,2026-01-29,2026-03-23,9,6.5,0.5,1,0.5,0.5384615384615384
AnkiDroid/src/main/res/values/10-preferences.xml,2,4,9,13,2,2,2025-12-01,2026-01-09,82,6.5,0.5,0,0.0,0.6923076923076923
AnkiDroid/src/main/java/com/ichi2/themes/Themes.kt,1,1,12,13,1,1,2025-12-01,2025-12-01,121,13.0,1.0,0,0.0,1.0
AnkiDroid/src/main/res/layout/item_deck_option_selection.xml,1,13,0,13,1,1,2025-12-29,2025-12-29,93,13.0,1.0,0,0.0,1.0
AnkiDroid/src/main/java/com/ichi2/anki/AnkiDroidJsAPI.kt,4,7,5,12,3,4,2026-01-27,2026-03-01,31,3.0,0.5,1,0.25,0.3333333333333333
AnkiDroid/src/main/java/com/ichi2/anki/AbstractFlashcardViewer.kt,3,6,6,12,3,3,2026-01-05,2026-03-23,9,4.0,0.3333333333333333,1,0.3333333333333333,0.6666666666666666
AnkiDroid/src/main/res/values-pl/04-network.xml,3,5,7,12,1,3,2026-02-11,2026-03-30,2,4.0,1.0,0,0.0,0.8333333333333334
AnkiDroid/src/main/res/color/selector_incrementer_icon.xml,2,6,6,12,2,2,2026-01-31,2026-03-21,11,6.0,0.5,2,1.0,0.5
AnkiDroid/src/main/res/menu/whiteboard.xml,2,12,0,12,1,2,2026-01-31,2026-02-01,59,6.0,1.0,0,0.0,0.5
AnkiDroid/src/main/res/values-ar/17-model-manager.xml,2,6,6,12,1,2,2026-03-27,2026-03-30,2,6.0,1.0,0,0.0,0.5
AnkiDroid/src/main/res/values-gl/17-model-manager.xml,2,6,6,12,1,2,2026-03-27,2026-03-30,2,6.0,1.0,0,0.0,0.5
AnkiDroid/src/test/java/com/ichi2/utils/ImportUtilsTest.kt,2,11,1,12,2,2,2026-02-08,2026-03-11,21,6.0,0.5,0,0.0,0.8333333333333334
AI_POLICY.md,1,12,0,12,1,1,2026-01-28,2026-01-28,63,12.0,1.0,0,0.0,1.0
AnkiDroid/src/main/res/layout/reviewer.xml,1,6,6,12,1,1,2026-03-22,2026-03-22,10,12.0,1.0,0,0.0,1.0
AnkiDroid/src/test/java/com/ichi2/anki/preferences/ControlsSettingsFragmentTest.kt,1,9,3,12,1,1,2026-01-30,2026-01-30,61,12.0,1.0,0,0.0,1.0
CONTRIBUTING.md,1,12,0,12,1,1,2026-01-28,2026-01-28,63,12.0,1.0,0,0.0,1.0
AnkiDroid/src/main/res/values-ja/01-core.xml,5,7,4,11,1,5,2026-02-11,2026-03-23,9,2.2,1.0,0,0.0,0.36363636363636365
AnkiDroid/src/main/res/values-es-rAR/01-core.xml,4,7,4,11,1,4,2026-03-10,2026-03-21,11,2.75,1.0,0,0.0,0.36363636363636365
AnkiDroid/src/main/res/values-es-rES/01-core.xml,4,7,4,11,1,4,2026-03-10,2026-03-21,11,2.75,1.0,0,0.0,0.36363636363636365
AnkiDroid/src/main/res/values-uz/04-network.xml,3,5,6,11,1,3,2026-02-27,2026-03-30,2,3.6666666666666665,1.0,0,0.0,0.5454545454545454
AnkiDroid/src/androidTest/java/com/ichi2/anki/tests/LayoutValidationTest.kt,2,6,5,11,1,2,2026-01-11,2026-03-23,9,5.5,1.0,0,0.0,0.9090909090909091
AnkiDroid/src/main/AndroidManifest.xml,2,4,7,11,1,2,2025-11-26,2025-12-01,121,5.5,1.0,0,0.0,0.6363636363636364
AnkiDroid/src/main/java/com/ichi2/anki/CardTemplateBrowserAppearanceEditor.kt,2,7,4,11,2,2,2026-03-19,2026-03-23,9,5.5,0.5,0,0.0,0.5454545454545454
AnkiDroid/src/main/java/com/ichi2/anki/dialogs/EditDeckDescriptionDialog.kt,2,11,0,11,2,2,2025-12-19,2026-02-26,34,5.5,0.5,2,1.0,0.8181818181818182
AnkiDroid/src/main/res/layout/navigation_drawer_layout.xml,2,5,6,11,1,1,2026-03-22,2026-03-22,10,5.5,1.0,0,0.0,0.8181818181818182
AnkiDroid/src/main/res/values-af/10-preferences.xml,2,2,9,11,1,2,2026-02-05,2026-03-20,12,5.5,1.0,0,0.0,0.8181818181818182
AnkiDroid/src/main/res/values-am/10-preferences.xml,2,2,9,11,1,2,2026-02-05,2026-03-20,12,5.5,1.0,0,0.0,0.8181818181818182
AnkiDroid/src/main/res/values-az/10-preferences.xml,2,2,9,11,1,2,2026-02-05,2026-03-20,12,5.5,1.0,0,0.0,0.8181818181818182
AnkiDroid/src/main/res/values-bg/10-preferences.xml,2,2,9,11,1,2,2026-02-05,2026-03-20,12,5.5,1.0,0,0.0,0.8181818181818182
AnkiDroid/src/main/res/values-bn/10-preferences.xml,2,2,9,11,1,2,2026-02-05,2026-03-20,12,5.5,1.0,0,0.0,0.8181818181818182
AnkiDroid/src/main/res/values-ca/10-preferences.xml,2,2,9,11,1,2,2026-02-05,2026-03-20,12,5.5,1.0,0,0.0,0.8181818181818182
AnkiDroid/src/main/res/values-ckb/10-preferences.xml,2,2,9,11,1,2,2026-02-05,2026-03-20,12,5.5,1.0,0,0.0,0.8181818181818182
AnkiDroid/src/main/res/values-cs/10-preferences.xml,2,2,9,11,1,2,2026-02-05,2026-03-20,12,5.5,1.0,0,0.0,0.8181818181818182
AnkiDroid/src/main/res/values-da/10-preferences.xml,2,2,9,11,1,2,2026-02-05,2026-03-20,12,5.5,1.0,0,0.0,0.8181818181818182
AnkiDroid/src/main/res/values-el/10-preferences.xml,2,2,9,11,1,2,2026-02-05,2026-03-20,12,5.5,1.0,0,0.0,0.8181818181818182
AnkiDroid/src/main/res/values-es-rAR/10-preferences.xml,2,2,9,11,1,2,2026-02-05,2026-03-20,12,5.5,1.0,0,0.0,0.8181818181818182
AnkiDroid/src/main/res/values-es-rES/10-preferences.xml,2,2,9,11,1,2,2026-02-05,2026-03-20,12,5.5,1.0,0,0.0,0.8181818181818182
AnkiDroid/src/main/res/values-fa/10-preferences.xml,2,2,9,11,1,2,2026-02-05,2026-03-20,12,5.5,1.0,0,0.0,0.8181818181818182
AnkiDroid/src/main/res/values-fi/10-preferences.xml,2,2,9,11,1,2,2026-02-05,2026-03-20,12,5.5,1.0,0,0.0,0.8181818181818182
AnkiDroid/src/main/res/values-fil/10-preferences.xml,2,2,9,11,1,2,2026-02-05,2026-03-20,12,5.5,1.0,0,0.0,0.8181818181818182
AnkiDroid/src/main/res/values-fy/10-preferences.xml,2,2,9,11,1,2,2026-02-05,2026-03-20,12,5.5,1.0,0,0.0,0.8181818181818182
AnkiDroid/src/main/res/values-ga/10-preferences.xml,2,2,9,11,1,2,2026-02-05,2026-03-20,12,5.5,1.0,0,0.0,0.8181818181818182
AnkiDroid/src/main/res/values-gu/10-preferences.xml,2,2,9,11,1,2,2026-02-05,2026-03-20,12,5.5,1.0,0,0.0,0.8181818181818182
AnkiDroid/src/main/res/values-heb/10-preferences.xml,2,2,9,11,1,2,2026-02-05,2026-03-20,12,5.5,1.0,0,0.0,0.8181818181818182
AnkiDroid/src/main/res/values-hi/10-preferences.xml,2,2,9,11,1,2,2026-02-05,2026-03-20,12,5.5,1.0,0,0.0,0.8181818181818182
AnkiDroid/src/main/res/values-hu/10-preferences.xml,2,2,9,11,1,2,2026-02-05,2026-03-20,12,5.5,1.0,0,0.0,0.8181818181818182
AnkiDroid/src/main/res/values-hy/10-preferences.xml,2,2,9,11,1,2,2026-02-05,2026-03-20,12,5.5,1.0,0,0.0,0.8181818181818182
AnkiDroid/src/main/res/values-ind/10-preferences.xml,2,2,9,11,1,2,2026-02-05,2026-03-20,12,5.5,1.0,0,0.0,0.8181818181818182
AnkiDroid/src/main/res/values-it/10-preferences.xml,2,2,9,11,1,2,2026-02-05,2026-03-20,12,5.5,1.0,0,0.0,0.8181818181818182
AnkiDroid/src/main/res/values-iw/10-preferences.xml,2,2,9,11,1,2,2026-02-05,2026-03-20,12,5.5,1.0,0,0.0,0.8181818181818182
AnkiDroid/src/main/res/values-ka/10-preferences.xml,2,2,9,11,1,2,2026-02-05,2026-03-20,12,5.5,1.0,0,0.0,0.8181818181818182
AnkiDroid/src/main/res/values-kk/10-preferences.xml,2,2,9,11,1,2,2026-02-05,2026-03-20,12,5.5,1.0,0,0.0,0.8181818181818182
AnkiDroid/src/main/res/values-km/10-preferences.xml,2,2,9,11,1,2,2026-02-05,2026-03-20,12,5.5,1.0,0,0.0,0.8181818181818182
AnkiDroid/src/main/res/values-kn/10-preferences.xml,2,2,9,11,1,2,2026-02-05,2026-03-20,12,5.5,1.0,0,0.0,0.8181818181818182
AnkiDroid/src/main/res/values-ko/10-preferences.xml,2,2,9,11,1,2,2026-02-05,2026-03-20,12,5.5,1.0,0,0.0,0.8181818181818182
AnkiDroid/src/main/res/values-ku/10-preferences.xml,2,2,9,11,1,2,2026-02-05,2026-03-20,12,5.5,1.0,0,0.0,0.8181818181818182
AnkiDroid/src/main/res/values-ky/10-preferences.xml,2,2,9,11,1,2,2026-02-05,2026-03-20,12,5.5,1.0,0,0.0,0.8181818181818182
AnkiDroid/src/main/res/values-lt/10-preferences.xml,2,2,9,11,1,2,2026-02-05,2026-03-20,12,5.5,1.0,0,0.0,0.8181818181818182
AnkiDroid/src/main/res/values-lv/10-preferences.xml,2,2,9,11,1,2,2026-02-05,2026-03-20,12,5.5,1.0,0,0.0,0.8181818181818182
AnkiDroid/src/main/res/values-mk/10-preferences.xml,2,2,9,11,1,2,2026-02-05,2026-03-20,12,5.5,1.0,0,0.0,0.8181818181818182
AnkiDroid/src/main/res/values-ml/10-preferences.xml,2,2,9,11,1,2,2026-02-05,2026-03-20,12,5.5,1.0,0,0.0,0.8181818181818182
AnkiDroid/src/main/res/values-mn/10-preferences.xml,2,2,9,11,1,2,2026-02-05,2026-03-20,12,5.5,1.0,0,0.0,0.8181818181818182
AnkiDroid/src/main/res/values-mr/10-preferences.xml,2,2,9,11,1,2,2026-02-05,2026-03-20,12,5.5,1.0,0,0.0,0.8181818181818182
AnkiDroid/src/main/res/values-ms/10-preferences.xml,2,2,9,11,1,2,2026-02-05,2026-03-20,12,5.5,1.0,0,0.0,0.8181818181818182
AnkiDroid/src/main/res/values-my/10-preferences.xml,2,2,9,11,1,2,2026-02-05,2026-03-20,12,5.5,1.0,0,0.0,0.8181818181818182
AnkiDroid/src/main/res/values-nn/10-preferences.xml,2,2,9,11,1,2,2026-02-05,2026-03-20,12,5.5,1.0,0,0.0,0.8181818181818182
AnkiDroid/src/main/res/values-no/10-preferences.xml,2,2,9,11,1,2,2026-02-05,2026-03-20,12,5.5,1.0,0,0.0,0.8181818181818182
AnkiDroid/src/main/res/values-or/10-preferences.xml,2,2,9,11,1,2,2026-02-05,2026-03-20,12,5.5,1.0,0,0.0,0.8181818181818182
AnkiDroid/src/main/res/values-pa/10-preferences.xml,2,2,9,11,1,2,2026-02-05,2026-03-20,12,5.5,1.0,0,0.0,0.8181818181818182
AnkiDroid/src/main/res/values-pt-rBR/10-preferences.xml,2,2,9,11,1,2,2026-02-05,2026-03-20,12,5.5,1.0,0,0.0,0.8181818181818182
AnkiDroid/src/main/res/values-pt-rPT/10-preferences.xml,2,2,9,11,1,2,2026-02-05,2026-03-20,12,5.5,1.0,0,0.0,0.8181818181818182
AnkiDroid/src/main/res/values-ro/10-preferences.xml,2,2,9,11,1,2,2026-02-05,2026-03-20,12,5.5,1.0,0,0.0,0.8181818181818182
AnkiDroid/src/main/res/values-sat/10-preferences.xml,2,2,9,11,1,2,2026-02-05,2026-03-20,12,5.5,1.0,0,0.0,0.8181818181818182
AnkiDroid/src/main/res/values-sc/10-preferences.xml,2,2,9,11,1,2,2026-02-05,2026-03-20,12,5.5,1.0,0,0.0,0.8181818181818182
AnkiDroid/src/main/res/values-sk/10-preferences.xml,2,2,9,11,1,2,2026-02-05,2026-03-20,12,5.5,1.0,0,0.0,0.8181818181818182
AnkiDroid/src/main/res/values-sl/10-preferences.xml,2,2,9,11,1,2,2026-02-05,2026-03-20,12,5.5,1.0,0,0.0,0.8181818181818182
AnkiDroid/src/main/res/values-sq/10-preferences.xml,2,2,9,11,1,2,2026-02-05,2026-03-20,12,5.5,1.0,0,0.0,0.8181818181818182
AnkiDroid/src/main/res/values-sr/10-preferences.xml,2,2,9,11,1,2,2026-02-05,2026-03-20,12,5.5,1.0,0,0.0,0.8181818181818182
AnkiDroid/src/main/res/values-sv/10-preferences.xml,2,2,9,11,1,2,2026-02-05,2026-03-20,12,5.5,1.0,0,0.0,0.8181818181818182
AnkiDroid/src/main/res/values-ta/10-preferences.xml,2,2,9,11,1,2,2026-02-05,2026-03-20,12,5.5,1.0,0,0.0,0.8181818181818182
AnkiDroid/src/main/res/values-te/10-preferences.xml,2,2,9,11,1,2,2026-02-05,2026-03-20,12,5.5,1.0,0,0.0,0.8181818181818182
AnkiDroid/src/main/res/values-tgl/10-preferences.xml,2,2,9,11,1,2,2026-02-05,2026-03-20,12,5.5,1.0,0,0.0,0.8181818181818182
AnkiDroid/src/main/res/values-th/10-preferences.xml,2,2,9,11,1,2,2026-02-05,2026-03-20,12,5.5,1.0,0,0.0,0.8181818181818182
AnkiDroid/src/main/res/values-ti/10-preferences.xml,2,2,9,11,1,2,2026-02-05,2026-03-20,12,5.5,1.0,0,0.0,0.8181818181818182
AnkiDroid/src/main/res/values-tt/10-preferences.xml,2,2,9,11,1,2,2026-02-05,2026-03-20,12,5.5,1.0,0,0.0,0.8181818181818182
AnkiDroid/src/main/java/com/ichi2/anki/dialogs/SaveBrowserSearchDialogFragment.kt,1,7,4,11,1,1,2026-01-21,2026-01-21,70,11.0,1.0,0,0.0,1.0
AnkiDroid/src/main/res/values/theme_dark.xml,5,6,4,10,3,3,2026-01-31,2026-03-22,10,2.0,0.6,2,0.4,0.4
AnkiDroid/src/main/res/values/theme_light.xml,4,6,4,10,3,2,2026-01-31,2026-03-21,11,2.5,0.5,2,0.5,0.4
AnkiDroid/src/main/java/com/ichi2/anki/settings/Prefs.kt,3,7,3,10,2,2,2026-01-31,2026-03-16,16,3.3333333333333335,0.6666666666666666,0,0.0,0.6
AnkiDroid/src/main/java/com/ichi2/anki/dialogs/customstudy/TagLimitFragment.kt,2,5,5,10,1,2,2026-01-23,2026-03-09,23,5.0,1.0,1,0.5,0.8
AnkiDroid/src/main/res/values-be/17-model-manager.xml,2,5,5,10,1,2,2026-03-27,2026-03-30,2,5.0,1.0,0,0.0,0.6
AnkiDroid/src/test/java/com/ichi2/compat/Test21And26.kt,2,5,5,10,2,2,2026-03-01,2026-03-08,24,5.0,0.5,2,1.0,0.8
lint-rules/src/main/java/com/ichi2/anki/lint/IssueRegistry.kt,2,2,8,10,1,1,2026-02-08,2026-02-08,52,5.0,1.0,0,0.0,0.8
AnkiDroid/src/main/res/drawable/ic_audio_wave.xml,1,10,0,10,1,1,2026-03-23,2026-03-23,9,10.0,1.0,0,0.0,1.0
AnkiDroid/src/main/res/drawable/ic_import_export.xml,1,0,10,10,1,1,2026-03-03,2026-03-03,29,10.0,1.0,0,0.0,1.0
AnkiDroid/src/main/res/drawable/ic_notes.xml,1,10,0,10,1,1,2026-03-23,2026-03-23,9,10.0,1.0,0,0.0,1.0
AnkiDroid/src/main/res/layout/dialog_deck_options_selection.xml,1,10,0,10,1,1,2025-12-29,2025-12-29,93,10.0,1.0,0,0.0,1.0
AnkiDroid/src/main/res/layout/reviewer_fullscreen.xml,1,5,5,10,1,1,2026-03-22,2026-03-22,10,10.0,1.0,0,0.0,1.0
AnkiDroid/src/main/res/menu/filtered_options.xml,1,10,0,10,1,1,2025-12-01,2025-12-01,121,10.0,1.0,0,0.0,1.0
AnkiDroid/src/test/java/com/ichi2/anki/previewer/PreviewerViewModelTest.kt,1,6,4,10,1,1,2026-01-24,2026-01-24,67,10.0,1.0,1,1.0,1.0
libanki/src/main/java/com/ichi2/anki/libanki/BackendUndo.kt,1,5,5,10,1,1,2026-01-26,2026-01-26,65,10.0,1.0,0,0.0,1.0
AnkiDroid/src/main/res/values-cs/01-core.xml,4,6,3,9,1,4,2026-01-28,2026-03-16,16,2.25,1.0,0,0.0,0.4444444444444444
AnkiDroid/src/main/res/values-got/01-core.xml,4,6,3,9,1,4,2026-01-28,2026-03-16,16,2.25,1.0,0,0.0,0.4444444444444444
AnkiDroid/src/main/res/values-ind/01-core.xml,4,6,3,9,1,4,2026-01-28,2026-03-16,16,2.25,1.0,0,0.0,0.4444444444444444
AnkiDroid/src/main/res/values-it/01-core.xml,4,6,3,9,1,4,2026-01-28,2026-03-16,16,2.25,1.0,0,0.0,0.4444444444444444
AnkiDroid/src/main/res/values-or/01-core.xml,4,6,3,9,1,4,2026-03-09,2026-03-16,16,2.25,1.0,0,0.0,0.4444444444444444
libanki/src/main/java/com/ichi2/anki/libanki/sched/Scheduler.kt,3,5,4,9,2,3,2026-01-26,2026-02-08,52,3.0,0.6666666666666666,0,0.0,0.4444444444444444
AnkiDroid/src/main/java/com/ichi2/anki/dialogs/DeckSelectionDialog.kt,2,5,4,9,1,2,2026-02-01,2026-03-22,10,4.5,1.0,1,0.5,0.6666666666666666
AnkiDroid/src/main/res/layout/fragment_permissions_starting_at_30.xml,2,9,0,9,2,2,2025-09-11,2026-03-16,16,4.5,0.5,0,0.0,1.0
AnkiDroid/src/main/res/values-fr/16-multimedia-editor.xml,2,6,3,9,1,2,2026-03-26,2026-03-30,2,4.5,1.0,0,0.0,0.6666666666666666
AnkiDroid/src/main/res/values-uz/16-multimedia-editor.xml,2,6,3,9,1,2,2026-03-26,2026-03-30,2,4.5,1.0,0,0.0,0.6666666666666666
AnkiDroid/src/main/java/com/ichi2/anki/dialogs/SyncErrorDialog.kt,1,7,2,9,1,1,2026-01-18,2026-01-18,73,9.0,1.0,0,0.0,1.0
AnkiDroid/src/main/java/com/ichi2/anki/ui/windows/reviewer/audiorecord/CheckPronunciationViewModel.kt,1,5,4,9,1,1,2025-12-23,2025-12-23,99,9.0,1.0,0,0.0,1.0
AnkiDroid/src/main/java/com/ichi2/anki/worker/SyncMediaWorker.kt,1,6,3,9,1,1,2026-02-25,2026-02-25,35,9.0,1.0,1,1.0,1.0
AnkiDroid/src/main/java/com/ichi2/preferences/NumberRangePreference.kt,1,5,4,9,1,1,2026-03-13,2026-03-13,19,9.0,1.0,1,1.0,1.0
AnkiDroid/src/main/res/drawable/ic_add_white.xml,1,0,9,9,1,1,2026-01-26,2026-01-26,65,9.0,1.0,1,1.0,1.0
AnkiDroid/src/test/java/com/ichi2/anki/ui/windows/reviewer/audiorecord/CheckPronunciationViewModelTest.kt,1,5,4,9,1,1,2025-12-23,2025-12-23,99,9.0,1.0,0,0.0,1.0
AnkiDroid/src/main/res/values/theme_black.xml,4,5,3,8,2,3,2026-01-31,2026-03-22,10,2.0,0.75,2,0.5,0.5
AnkiDroid/src/main/res/values/theme_plain.xml,4,5,3,8,3,2,2026-01-31,2026-03-21,11,2.0,0.5,2,0.5,0.375
AnkiDroid/src/main/res/values/01-core.xml,3,6,2,8,3,3,2026-03-03,2026-03-16,16,2.6666666666666665,0.3333333333333333,1,0.3333333333333333,0.625
libanki/src/main/java/com/ichi2/anki/libanki/utils/NotInPyLib.kt,3,6,2,8,1,1,2026-01-26,2026-01-26,65,2.6666666666666665,1.0,0,0.0,0.5
AnkiDroid/src/main/java/com/ichi2/anki/dialogs/customstudy/CustomStudyDialog.kt,2,4,4,8,1,2,2026-01-23,2026-03-22,10,4.0,1.0,0,0.0,0.5
AnkiDroid/src/main/res/layout/fragment_permissions_until_29.xml,2,8,0,8,2,2,2025-09-11,2026-03-16,16,4.0,0.5,0,0.0,1.0
AnkiDroid/src/main/res/values-de/17-model-manager.xml,2,4,4,8,1,2,2026-03-09,2026-03-27,5,4.0,1.0,0,0.0,0.75
AnkiDroid/src/main/res/values-got/17-model-manager.xml,2,4,4,8,1,2,2026-01-28,2026-03-27,5,4.0,1.0,0,0.0,0.75
AnkiDroid/src/main/res/values-pl/11-arrays.xml,2,4,4,8,1,2,2026-01-28,2026-02-11,49,4.0,1.0,0,0.0,0.75
AnkiDroid/src/main/res/values-ru/17-model-manager.xml,2,4,4,8,1,2,2026-02-11,2026-03-27,5,4.0,1.0,0,0.0,0.75
AnkiDroid/src/main/res/values-uk/17-model-manager.xml,2,4,4,8,1,2,2026-01-28,2026-03-27,5,4.0,1.0,0,0.0,0.75
AnkiDroid/src/main/java/com/ichi2/anki/noteeditor/NoteEditorLauncher.kt,1,4,4,8,1,1,2026-01-05,2026-01-05,86,8.0,1.0,1,1.0,1.0
AnkiDroid/src/main/java/com/ichi2/anki/reviewer/AnswerButtons.kt,1,4,4,8,1,1,2026-01-08,2026-01-08,83,8.0,1.0,0,0.0,1.0
AnkiDroid/src/main/java/com/ichi2/anki/worker/SyncWorker.kt,1,6,2,8,1,1,2026-02-25,2026-02-25,35,8.0,1.0,1,1.0,1.0
AnkiDroid/src/main/res/values-hr/05-feedback.xml,1,4,4,8,1,1,2026-01-28,2026-01-28,63,8.0,1.0,0,0.0,1.0
AnkiDroid/src/test/java/com/ichi2/anki/AbstractFlashcardViewerTest.kt,1,4,4,8,1,1,2026-01-08,2026-01-08,83,8.0,1.0,0,0.0,1.0
AnkiDroid/src/test/java/com/ichi2/anki/cardviewer/ViewerCommandTest.kt,1,4,4,8,1,1,2026-01-08,2026-01-08,83,8.0,1.0,0,0.0,1.0
AnkiDroid/src/test/java/com/ichi2/anki/reviewer/AnswerButtonsTest.kt,1,4,4,8,1,1,2026-01-08,2026-01-08,83,8.0,1.0,0,0.0,1.0
libanki/src/main/java/com/ichi2/anki/libanki/Note.kt,1,4,4,8,1,1,2026-01-26,2026-01-26,65,8.0,1.0,0,0.0,1.0
AnkiDroid/src/main/res/values-af/01-core.xml,3,5,2,7,1,3,2026-03-10,2026-03-16,16,2.3333333333333335,1.0,0,0.0,0.5714285714285714
AnkiDroid/src/main/res/values-am/01-core.xml,3,5,2,7,1,3,2026-03-10,2026-03-16,16,2.3333333333333335,1.0,0,0.0,0.5714285714285714
AnkiDroid/src/main/res/values-az/01-core.xml,3,5,2,7,1,3,2026-03-10,2026-03-16,16,2.3333333333333335,1.0,0,0.0,0.5714285714285714
AnkiDroid/src/main/res/values-bg/01-core.xml,3,5,2,7,1,3,2026-03-10,2026-03-16,16,2.3333333333333335,1.0,0,0.0,0.5714285714285714
AnkiDroid/src/main/res/values-bn/01-core.xml,3,5,2,7,1,3,2026-03-10,2026-03-16,16,2.3333333333333335,1.0,0,0.0,0.5714285714285714
AnkiDroid/src/main/res/values-ckb/01-core.xml,3,5,2,7,1,3,2026-03-10,2026-03-16,16,2.3333333333333335,1.0,0,0.0,0.5714285714285714
AnkiDroid/src/main/res/values-da/01-core.xml,3,5,2,7,1,3,2026-03-10,2026-03-16,16,2.3333333333333335,1.0,0,0.0,0.5714285714285714
AnkiDroid/src/main/res/values-de/01-core.xml,3,5,2,7,1,3,2026-03-10,2026-03-16,16,2.3333333333333335,1.0,0,0.0,0.5714285714285714
AnkiDroid/src/main/res/values-el/01-core.xml,3,5,2,7,1,3,2026-03-10,2026-03-16,16,2.3333333333333335,1.0,0,0.0,0.5714285714285714
AnkiDroid/src/main/res/values-eu/01-core.xml,3,5,2,7,1,3,2026-03-10,2026-03-16,16,2.3333333333333335,1.0,0,0.0,0.5714285714285714
AnkiDroid/src/main/res/values-fa/01-core.xml,3,5,2,7,1,3,2026-03-10,2026-03-16,16,2.3333333333333335,1.0,0,0.0,0.5714285714285714
AnkiDroid/src/main/res/values-fi/01-core.xml,3,5,2,7,1,3,2026-03-10,2026-03-16,16,2.3333333333333335,1.0,0,0.0,0.5714285714285714
AnkiDroid/src/main/res/values-fil/01-core.xml,3,5,2,7,1,3,2026-03-10,2026-03-16,16,2.3333333333333335,1.0,0,0.0,0.5714285714285714
AnkiDroid/src/main/res/values-fy/01-core.xml,3,5,2,7,1,3,2026-03-10,2026-03-16,16,2.3333333333333335,1.0,0,0.0,0.5714285714285714
AnkiDroid/src/main/res/values-ga/01-core.xml,3,5,2,7,1,3,2026-03-10,2026-03-16,16,2.3333333333333335,1.0,0,0.0,0.5714285714285714
AnkiDroid/src/main/res/values-gu/01-core.xml,3,5,2,7,1,3,2026-03-10,2026-03-16,16,2.3333333333333335,1.0,0,0.0,0.5714285714285714
AnkiDroid/src/main/res/values-heb/01-core.xml,3,5,2,7,1,3,2026-03-10,2026-03-16,16,2.3333333333333335,1.0,0,0.0,0.5714285714285714
AnkiDroid/src/main/res/values-hu/01-core.xml,3,5,2,7,1,3,2026-03-10,2026-03-16,16,2.3333333333333335,1.0,0,0.0,0.5714285714285714
AnkiDroid/src/main/res/values-hy/01-core.xml,3,5,2,7,1,3,2026-03-10,2026-03-16,16,2.3333333333333335,1.0,0,0.0,0.5714285714285714
AnkiDroid/src/main/res/values-iw/01-core.xml,3,5,2,7,1,3,2026-03-10,2026-03-16,16,2.3333333333333335,1.0,0,0.0,0.5714285714285714
AnkiDroid/src/main/res/values-ka/01-core.xml,3,5,2,7,1,3,2026-03-10,2026-03-16,16,2.3333333333333335,1.0,0,0.0,0.5714285714285714
AnkiDroid/src/main/res/values-kk/01-core.xml,3,5,2,7,1,3,2026-03-10,2026-03-16,16,2.3333333333333335,1.0,0,0.0,0.5714285714285714
AnkiDroid/src/main/res/values-km/01-core.xml,3,5,2,7,1,3,2026-03-10,2026-03-16,16,2.3333333333333335,1.0,0,0.0,0.5714285714285714
AnkiDroid/src/main/res/values-kn/01-core.xml,3,5,2,7,1,3,2026-03-10,2026-03-16,16,2.3333333333333335,1.0,0,0.0,0.5714285714285714
AnkiDroid/src/main/res/values-ko/01-core.xml,3,5,2,7,1,3,2026-03-10,2026-03-16,16,2.3333333333333335,1.0,0,0.0,0.5714285714285714
AnkiDroid/src/main/res/values-ku/01-core.xml,3,5,2,7,1,3,2026-03-10,2026-03-16,16,2.3333333333333335,1.0,0,0.0,0.5714285714285714
AnkiDroid/src/main/res/values-ky/01-core.xml,3,5,2,7,1,3,2026-03-10,2026-03-16,16,2.3333333333333335,1.0,0,0.0,0.5714285714285714
AnkiDroid/src/main/res/values-lt/01-core.xml,3,5,2,7,1,3,2026-03-10,2026-03-16,16,2.3333333333333335,1.0,0,0.0,0.5714285714285714
AnkiDroid/src/main/res/values-lv/01-core.xml,3,5,2,7,1,3,2026-03-10,2026-03-16,16,2.3333333333333335,1.0,0,0.0,0.5714285714285714
AnkiDroid/src/main/res/values-mk/01-core.xml,3,5,2,7,1,3,2026-03-10,2026-03-16,16,2.3333333333333335,1.0,0,0.0,0.5714285714285714
AnkiDroid/src/main/res/values-ml/01-core.xml,3,5,2,7,1,3,2026-03-10,2026-03-16,16,2.3333333333333335,1.0,0,0.0,0.5714285714285714
AnkiDroid/src/main/res/values-mn/01-core.xml,3,5,2,7,1,3,2026-03-10,2026-03-16,16,2.3333333333333335,1.0,0,0.0,0.5714285714285714
AnkiDroid/src/main/res/values-mr/01-core.xml,3,5,2,7,1,3,2026-03-10,2026-03-16,16,2.3333333333333335,1.0,0,0.0,0.5714285714285714
AnkiDroid/src/main/res/values-ms/01-core.xml,3,5,2,7,1,3,2026-03-10,2026-03-16,16,2.3333333333333335,1.0,0,0.0,0.5714285714285714
AnkiDroid/src/main/res/values-my/01-core.xml,3,5,2,7,1,3,2026-03-10,2026-03-16,16,2.3333333333333335,1.0,0,0.0,0.5714285714285714
AnkiDroid/src/main/res/values-no/01-core.xml,3,5,2,7,1,3,2026-03-10,2026-03-16,16,2.3333333333333335,1.0,0,0.0,0.5714285714285714
AnkiDroid/src/main/res/values-pa/01-core.xml,3,5,2,7,1,3,2026-03-10,2026-03-16,16,2.3333333333333335,1.0,0,0.0,0.5714285714285714
AnkiDroid/src/main/res/values-pt-rBR/01-core.xml,3,5,2,7,1,3,2026-03-10,2026-03-16,16,2.3333333333333335,1.0,0,0.0,0.5714285714285714
AnkiDroid/src/main/res/values-sat/01-core.xml,3,5,2,7,1,3,2026-03-10,2026-03-16,16,2.3333333333333335,1.0,0,0.0,0.5714285714285714
AnkiDroid/src/main/res/values-sc/01-core.xml,3,5,2,7,1,3,2026-03-10,2026-03-16,16,2.3333333333333335,1.0,0,0.0,0.5714285714285714
AnkiDroid/src/main/res/values-sk/01-core.xml,3,5,2,7,1,3,2026-03-10,2026-03-16,16,2.3333333333333335,1.0,0,0.0,0.5714285714285714
AnkiDroid/src/main/res/values-sl/01-core.xml,3,5,2,7,1,3,2026-03-10,2026-03-16,16,2.3333333333333335,1.0,0,0.0,0.5714285714285714
AnkiDroid/src/main/res/values-sq/01-core.xml,3,5,2,7,1,3,2026-03-10,2026-03-16,16,2.3333333333333335,1.0,0,0.0,0.5714285714285714
AnkiDroid/src/main/res/values-sr/01-core.xml,3,5,2,7,1,3,2026-03-10,2026-03-16,16,2.3333333333333335,1.0,0,0.0,0.5714285714285714
AnkiDroid/src/main/res/values-sv/01-core.xml,3,5,2,7,1,3,2026-03-10,2026-03-16,16,2.3333333333333335,1.0,0,0.0,0.5714285714285714
AnkiDroid/src/main/res/values-ta/01-core.xml,3,5,2,7,1,3,2026-03-10,2026-03-16,16,2.3333333333333335,1.0,0,0.0,0.5714285714285714
AnkiDroid/src/main/res/values-te/01-core.xml,3,5,2,7,1,3,2026-03-10,2026-03-16,16,2.3333333333333335,1.0,0,0.0,0.5714285714285714
AnkiDroid/src/main/res/values-tgl/01-core.xml,3,5,2,7,1,3,2026-03-10,2026-03-16,16,2.3333333333333335,1.0,0,0.0,0.5714285714285714
AnkiDroid/src/main/res/values-ti/01-core.xml,3,5,2,7,1,3,2026-03-10,2026-03-16,16,2.3333333333333335,1.0,0,0.0,0.5714285714285714
AnkiDroid/src/main/res/values-tt/01-core.xml,3,5,2,7,1,3,2026-03-10,2026-03-16,16,2.3333333333333335,1.0,0,0.0,0.5714285714285714
AnkiDroid/src/main/res/values-ug/01-core.xml,3,5,2,7,1,3,2026-03-10,2026-03-16,16,2.3333333333333335,1.0,0,0.0,0.5714285714285714
AnkiDroid/src/main/res/values-ur/01-core.xml,3,5,2,7,1,3,2026-03-10,2026-03-16,16,2.3333333333333335,1.0,0,0.0,0.5714285714285714
AnkiDroid/src/main/res/values-vi/01-core.xml,3,5,2,7,1,3,2026-03-10,2026-03-16,16,2.3333333333333335,1.0,0,0.0,0.5714285714285714
AnkiDroid/src/main/res/values-zh-rTW/01-core.xml,3,5,2,7,1,3,2026-03-10,2026-03-16,16,2.3333333333333335,1.0,0,0.0,0.5714285714285714
AnkiDroid/src/main/res/values-be/16-multimedia-editor.xml,2,5,2,7,1,2,2026-03-26,2026-03-30,2,3.5,1.0,0,0.0,0.5714285714285714
AnkiDroid/src/main/java/com/ichi2/anki/AnkiDroidApp.kt,1,0,7,7,1,1,2026-03-26,2026-03-26,6,7.0,1.0,0,0.0,1.0
AnkiDroid/src/main/java/com/ichi2/anki/deckpicker/DisplayDeckNode.kt,1,3,4,7,1,1,2026-03-15,2026-03-15,17,7.0,1.0,0,0.0,1.0
AnkiDroid/src/main/java/com/ichi2/anki/workarounds/SafeWebViewLayout.kt,1,7,0,7,1,1,2026-01-30,2026-01-30,61,7.0,1.0,0,0.0,1.0
AnkiDroid/src/main/java/com/ichi2/anki/dialogs/ChangeNoteTypeViewModel.kt,3,2,4,6,2,2,2026-01-28,2026-02-08,52,2.0,0.6666666666666666,1,0.3333333333333333,0.3333333333333333
AnkiDroid/src/main/java/com/ichi2/anki/DeckPickerFloatingActionMenu.kt,2,3,3,6,1,2,2026-01-26,2026-03-23,9,3.0,1.0,1,0.5,0.6666666666666666
AnkiDroid/src/main/java/com/ichi2/anki/dialogs/LocaleSelectionDialog.kt,2,3,3,6,1,2,2026-03-22,2026-03-23,9,3.0,1.0,0,0.0,0.6666666666666666
AnkiDroid/src/main/java/com/ichi2/anki/reviewreminders/AddEditReminderDialog.kt,2,3,3,6,2,2,2026-02-08,2026-03-23,9,3.0,0.5,0,0.0,0.5
AnkiDroid/src/main/java/com/ichi2/anki/workarounds/AppLoadedFromBackupWorkaround.kt,2,5,1,6,1,1,2026-03-07,2026-03-07,25,3.0,1.0,1,0.5,0.8333333333333334
AnkiDroid/src/main/res/values-ug/10-preferences.xml,2,4,2,6,1,2,2026-02-05,2026-02-27,33,3.0,1.0,0,0.0,0.6666666666666666
AnkiDroid/src/main/res/values-zh-rCN/10-preferences.xml,2,4,2,6,1,2,2026-02-05,2026-02-06,54,3.0,1.0,0,0.0,0.6666666666666666
common/src/main/java/com/ichi2/anki/common/time/TimeUtils.kt,2,1,5,6,1,1,2026-03-20,2026-03-20,12,3.0,1.0,1,0.5,0.6666666666666666
.github/workflows/tests_emulator.yml,1,3,3,6,1,1,2026-01-21,2026-01-21,70,6.0,1.0,0,0.0,1.0
AnkiDroid/src/main/java/com/ichi2/anki/DrawingFragment.kt,1,3,3,6,1,1,2026-03-23,2026-03-23,9,6.0,1.0,0,0.0,1.0
AnkiDroid/src/main/java/com/ichi2/anki/Info.kt,1,3,3,6,1,1,2026-03-23,2026-03-23,9,6.0,1.0,0,0.0,1.0
AnkiDroid/src/main/java/com/ichi2/anki/browser/BrowserColumnSelectionFragment.kt,1,3,3,6,1,1,2026-03-23,2026-03-23,9,6.0,1.0,0,0.0,1.0
AnkiDroid/src/main/java/com/ichi2/anki/dialogs/EmptyCardsDialogFragment.kt,1,1,5,6,1,1,2026-01-23,2026-01-23,68,6.0,1.0,0,0.0,1.0
AnkiDroid/src/main/java/com/ichi2/anki/dialogs/FlagAdapter.kt,1,3,3,6,1,1,2026-03-22,2026-03-22,10,6.0,1.0,0,0.0,1.0
AnkiDroid/src/main/java/com/ichi2/anki/dialogs/FlagRenameDialog.kt,1,3,3,6,1,1,2026-03-23,2026-03-23,9,6.0,1.0,0,0.0,1.0
AnkiDroid/src/main/java/com/ichi2/anki/dialogs/TtsVoicesDialogFragment.kt,1,3,3,6,1,1,2026-03-22,2026-03-22,10,6.0,1.0,0,0.0,1.0
AnkiDroid/src/main/java/com/ichi2/anki/dialogs/tags/TagsArrayAdapter.kt,1,3,3,6,1,1,2026-03-22,2026-03-22,10,6.0,1.0,0,0.0,1.0
AnkiDroid/src/main/java/com/ichi2/anki/introduction/SetupCollectionFragment.kt,1,3,3,6,1,1,2026-03-23,2026-03-23,9,6.0,1.0,0,0.0,1.0
AnkiDroid/src/main/java/com/ichi2/anki/multimedia/MultimediaBottomSheet.kt,1,3,3,6,1,1,2026-03-23,2026-03-23,9,6.0,1.0,0,0.0,1.0
AnkiDroid/src/main/java/com/ichi2/anki/pages/Statistics.kt,1,3,3,6,1,1,2026-03-23,2026-03-23,9,6.0,1.0,0,0.0,1.0
AnkiDroid/src/main/java/com/ichi2/anki/preferences/reviewer/ReviewerMenuSettingsFragment.kt,1,3,3,6,1,1,2026-03-23,2026-03-23,9,6.0,1.0,0,0.0,1.0
AnkiDroid/src/main/java/com/ichi2/anki/reviewreminders/ScheduleRemindersAdapter.kt,1,3,3,6,1,1,2026-03-22,2026-03-22,10,6.0,1.0,0,0.0,1.0
AnkiDroid/src/main/java/com/ichi2/anki/ui/windows/permissions/NotificationsPermissionFragment.kt,1,3,3,6,1,1,2026-03-23,2026-03-23,9,6.0,1.0,0,0.0,1.0
AnkiDroid/src/main/java/com/ichi2/anki/ui/windows/reviewer/audiorecord/CheckPronunciationFragment.kt,1,3,3,6,1,1,2026-03-23,2026-03-23,9,6.0,1.0,0,0.0,1.0
AnkiDroid/src/main/java/com/ichi2/anki/widgets/DeckAdapter.kt,1,3,3,6,1,1,2026-03-22,2026-03-22,10,6.0,1.0,0,0.0,1.0
AnkiDroid/src/main/java/com/ichi2/ui/GesturePicker.kt,1,3,3,6,1,1,2026-01-30,2026-01-30,61,6.0,1.0,0,0.0,1.0
AnkiDroid/src/main/res/drawable/color_picker_circle_indicator.xml,1,6,0,6,1,1,2026-03-26,2026-03-26,6,6.0,1.0,1,1.0,1.0
AnkiDroid/src/main/res/values-af/17-model-manager.xml,1,3,3,6,1,1,2026-03-27,2026-03-27,5,6.0,1.0,0,0.0,1.0
AnkiDroid/src/main/res/values-am/17-model-manager.xml,1,3,3,6,1,1,2026-03-27,2026-03-27,5,6.0,1.0,0,0.0,1.0
AnkiDroid/src/main/res/values-az/17-model-manager.xml,1,3,3,6,1,1,2026-03-27,2026-03-27,5,6.0,1.0,0,0.0,1.0
AnkiDroid/src/main/res/values-bg/17-model-manager.xml,1,3,3,6,1,1,2026-03-27,2026-03-27,5,6.0,1.0,0,0.0,1.0
AnkiDroid/src/main/res/values-bn/17-model-manager.xml,1,3,3,6,1,1,2026-03-27,2026-03-27,5,6.0,1.0,0,0.0,1.0
AnkiDroid/src/main/res/values-ca/17-model-manager.xml,1,3,3,6,1,1,2026-03-27,2026-03-27,5,6.0,1.0,0,0.0,1.0
AnkiDroid/src/main/res/values-ckb/17-model-manager.xml,1,3,3,6,1,1,2026-03-27,2026-03-27,5,6.0,1.0,0,0.0,1.0
AnkiDroid/src/main/res/values-cs/17-model-manager.xml,1,3,3,6,1,1,2026-03-27,2026-03-27,5,6.0,1.0,0,0.0,1.0
AnkiDroid/src/main/res/values-da/17-model-manager.xml,1,3,3,6,1,1,2026-03-27,2026-03-27,5,6.0,1.0,0,0.0,1.0
AnkiDroid/src/main/res/values-el/17-model-manager.xml,1,3,3,6,1,1,2026-03-27,2026-03-27,5,6.0,1.0,0,0.0,1.0
AnkiDroid/src/main/res/values-eo/17-model-manager.xml,1,3,3,6,1,1,2026-03-27,2026-03-27,5,6.0,1.0,0,0.0,1.0
AnkiDroid/src/main/res/values-es-rAR/17-model-manager.xml,1,3,3,6,1,1,2026-03-27,2026-03-27,5,6.0,1.0,0,0.0,1.0
AnkiDroid/src/main/res/values-es-rES/17-model-manager.xml,1,3,3,6,1,1,2026-03-27,2026-03-27,5,6.0,1.0,0,0.0,1.0
AnkiDroid/src/main/res/values-eu/17-model-manager.xml,1,3,3,6,1,1,2026-03-27,2026-03-27,5,6.0,1.0,0,0.0,1.0
AnkiDroid/src/main/res/values-fa/17-model-manager.xml,1,3,3,6,1,1,2026-03-27,2026-03-27,5,6.0,1.0,0,0.0,1.0
AnkiDroid/src/main/res/values-fi/17-model-manager.xml,1,3,3,6,1,1,2026-03-27,2026-03-27,5,6.0,1.0,0,0.0,1.0
AnkiDroid/src/main/res/values-fil/17-model-manager.xml,1,3,3,6,1,1,2026-03-27,2026-03-27,5,6.0,1.0,0,0.0,1.0
AnkiDroid/src/main/res/values-fy/17-model-manager.xml,1,3,3,6,1,1,2026-03-27,2026-03-27,5,6.0,1.0,0,0.0,1.0
AnkiDroid/src/main/res/values-ga/17-model-manager.xml,1,3,3,6,1,1,2026-03-27,2026-03-27,5,6.0,1.0,0,0.0,1.0
AnkiDroid/src/main/res/values-gu/17-model-manager.xml,1,3,3,6,1,1,2026-03-27,2026-03-27,5,6.0,1.0,0,0.0,1.0
AnkiDroid/src/main/res/values-heb/17-model-manager.xml,1,3,3,6,1,1,2026-03-27,2026-03-27,5,6.0,1.0,0,0.0,1.0
AnkiDroid/src/main/res/values-hi/17-model-manager.xml,1,3,3,6,1,1,2026-03-27,2026-03-27,5,6.0,1.0,0,0.0,1.0
AnkiDroid/src/main/res/values-hu/17-model-manager.xml,1,3,3,6,1,1,2026-03-27,2026-03-27,5,6.0,1.0,0,0.0,1.0
AnkiDroid/src/main/res/values-hy/17-model-manager.xml,1,3,3,6,1,1,2026-03-27,2026-03-27,5,6.0,1.0,0,0.0,1.0
AnkiDroid/src/main/res/values-ind/17-model-manager.xml,1,3,3,6,1,1,2026-03-27,2026-03-27,5,6.0,1.0,0,0.0,1.0
AnkiDroid/src/main/res/values-it/17-model-manager.xml,1,3,3,6,1,1,2026-03-27,2026-03-27,5,6.0,1.0,0,0.0,1.0
AnkiDroid/src/main/res/values-iw/17-model-manager.xml,1,3,3,6,1,1,2026-03-27,2026-03-27,5,6.0,1.0,0,0.0,1.0
AnkiDroid/src/main/res/values-ja/17-model-manager.xml,1,3,3,6,1,1,2026-03-27,2026-03-27,5,6.0,1.0,0,0.0,1.0
AnkiDroid/src/main/res/values-ka/17-model-manager.xml,1,3,3,6,1,1,2026-03-27,2026-03-27,5,6.0,1.0,0,0.0,1.0
AnkiDroid/src/main/res/values-kk/17-model-manager.xml,1,3,3,6,1,1,2026-03-27,2026-03-27,5,6.0,1.0,0,0.0,1.0
AnkiDroid/src/main/res/values-km/17-model-manager.xml,1,3,3,6,1,1,2026-03-27,2026-03-27,5,6.0,1.0,0,0.0,1.0
AnkiDroid/src/main/res/values-kn/17-model-manager.xml,1,3,3,6,1,1,2026-03-27,2026-03-27,5,6.0,1.0,0,0.0,1.0
AnkiDroid/src/main/res/values-ko/17-model-manager.xml,1,3,3,6,1,1,2026-03-27,2026-03-27,5,6.0,1.0,0,0.0,1.0
AnkiDroid/src/main/res/values-ku/17-model-manager.xml,1,3,3,6,1,1,2026-03-27,2026-03-27,5,6.0,1.0,0,0.0,1.0
AnkiDroid/src/main/res/values-ky/17-model-manager.xml,1,3,3,6,1,1,2026-03-27,2026-03-27,5,6.0,1.0,0,0.0,1.0
AnkiDroid/src/main/res/values-lt/17-model-manager.xml,1,3,3,6,1,1,2026-03-27,2026-03-27,5,6.0,1.0,0,0.0,1.0
AnkiDroid/src/main/res/values-lv/17-model-manager.xml,1,3,3,6,1,1,2026-03-27,2026-03-27,5,6.0,1.0,0,0.0,1.0
AnkiDroid/src/main/res/values-mk/17-model-manager.xml,1,3,3,6,1,1,2026-03-27,2026-03-27,5,6.0,1.0,0,0.0,1.0
AnkiDroid/src/main/res/values-ml/17-model-manager.xml,1,3,3,6,1,1,2026-03-27,2026-03-27,5,6.0,1.0,0,0.0,1.0
AnkiDroid/src/main/res/values-mn/17-model-manager.xml,1,3,3,6,1,1,2026-03-27,2026-03-27,5,6.0,1.0,0,0.0,1.0
AnkiDroid/src/main/res/values-mr/17-model-manager.xml,1,3,3,6,1,1,2026-03-27,2026-03-27,5,6.0,1.0,0,0.0,1.0
AnkiDroid/src/main/res/values-ms/17-model-manager.xml,1,3,3,6,1,1,2026-03-27,2026-03-27,5,6.0,1.0,0,0.0,1.0
AnkiDroid/src/main/res/values-my/17-model-manager.xml,1,3,3,6,1,1,2026-03-27,2026-03-27,5,6.0,1.0,0,0.0,1.0
AnkiDroid/src/main/res/values-nl/11-arrays.xml,1,3,3,6,1,1,2026-01-28,2026-01-28,63,6.0,1.0,0,0.0,1.0
AnkiDroid/src/main/res/values-nl/17-model-manager.xml,1,3,3,6,1,1,2026-03-27,2026-03-27,5,6.0,1.0,0,0.0,1.0
AnkiDroid/src/main/res/values-nn/17-model-manager.xml,1,3,3,6,1,1,2026-03-27,2026-03-27,5,6.0,1.0,0,0.0,1.0
AnkiDroid/src/main/res/values-no/17-model-manager.xml,1,3,3,6,1,1,2026-03-27,2026-03-27,5,6.0,1.0,0,0.0,1.0
AnkiDroid/src/main/res/values-or/17-model-manager.xml,1,3,3,6,1,1,2026-03-27,2026-03-27,5,6.0,1.0,0,0.0,1.0
AnkiDroid/src/main/res/values-pa/17-model-manager.xml,1,3,3,6,1,1,2026-03-27,2026-03-27,5,6.0,1.0,0,0.0,1.0
AnkiDroid/src/main/res/values-pt-rBR/17-model-manager.xml,1,3,3,6,1,1,2026-03-27,2026-03-27,5,6.0,1.0,0,0.0,1.0
AnkiDroid/src/main/res/values-pt-rPT/17-model-manager.xml,1,3,3,6,1,1,2026-03-27,2026-03-27,5,6.0,1.0,0,0.0,1.0
AnkiDroid/src/main/res/values-ro/17-model-manager.xml,1,3,3,6,1,1,2026-03-27,2026-03-27,5,6.0,1.0,0,0.0,1.0
AnkiDroid/src/main/res/values-sat/17-model-manager.xml,1,3,3,6,1,1,2026-03-27,2026-03-27,5,6.0,1.0,0,0.0,1.0
AnkiDroid/src/main/res/values-sc/17-model-manager.xml,1,3,3,6,1,1,2026-03-27,2026-03-27,5,6.0,1.0,0,0.0,1.0
AnkiDroid/src/main/res/values-sk/17-model-manager.xml,1,3,3,6,1,1,2026-03-27,2026-03-27,5,6.0,1.0,0,0.0,1.0
AnkiDroid/src/main/res/values-sl/17-model-manager.xml,1,3,3,6,1,1,2026-03-27,2026-03-27,5,6.0,1.0,0,0.0,1.0
AnkiDroid/src/main/res/values-sq/17-model-manager.xml,1,3,3,6,1,1,2026-03-27,2026-03-27,5,6.0,1.0,0,0.0,1.0
AnkiDroid/src/main/res/values-sr/17-model-manager.xml,1,3,3,6,1,1,2026-03-27,2026-03-27,5,6.0,1.0,0,0.0,1.0
AnkiDroid/src/main/res/values-sv/17-model-manager.xml,1,3,3,6,1,1,2026-03-27,2026-03-27,5,6.0,1.0,0,0.0,1.0
AnkiDroid/src/main/res/values-ta/17-model-manager.xml,1,3,3,6,1,1,2026-03-27,2026-03-27,5,6.0,1.0,0,0.0,1.0
AnkiDroid/src/main/res/values-te/17-model-manager.xml,1,3,3,6,1,1,2026-03-27,2026-03-27,5,6.0,1.0,0,0.0,1.0
AnkiDroid/src/main/res/values-tgl/17-model-manager.xml,1,3,3,6,1,1,2026-03-27,2026-03-27,5,6.0,1.0,0,0.0,1.0
AnkiDroid/src/main/res/values-ti/17-model-manager.xml,1,3,3,6,1,1,2026-03-27,2026-03-27,5,6.0,1.0,0,0.0,1.0
AnkiDroid/src/main/res/values-tr/17-model-manager.xml,1,3,3,6,1,1,2026-03-27,2026-03-27,5,6.0,1.0,0,0.0,1.0
AnkiDroid/src/main/res/values-tt/17-model-manager.xml,1,3,3,6,1,1,2026-03-27,2026-03-27,5,6.0,1.0,0,0.0,1.0
AnkiDroid/src/main/res/values-ug/17-model-manager.xml,1,3,3,6,1,1,2026-03-27,2026-03-27,5,6.0,1.0,0,0.0,1.0
AnkiDroid/src/main/res/values-ur/17-model-manager.xml,1,3,3,6,1,1,2026-03-27,2026-03-27,5,6.0,1.0,0,0.0,1.0
AnkiDroid/src/main/res/values-vi/17-model-manager.xml,1,3,3,6,1,1,2026-03-27,2026-03-27,5,6.0,1.0,0,0.0,1.0
AnkiDroid/src/main/res/values-zh-rCN/17-model-manager.xml,1,3,3,6,1,1,2026-03-27,2026-03-27,5,6.0,1.0,0,0.0,1.0
AnkiDroid/src/main/res/values-zh-rTW/17-model-manager.xml,1,3,3,6,1,1,2026-03-27,2026-03-27,5,6.0,1.0,0,0.0,1.0
AnkiDroid/src/main/res/values/17-model-manager.xml,1,3,3,6,1,1,2026-03-19,2026-03-19,13,6.0,1.0,0,0.0,1.0
AnkiDroid/src/main/res/xml/preferences_reviewing.xml,1,3,3,6,1,1,2026-03-15,2026-03-15,17,6.0,1.0,0,0.0,1.0
AnkiDroid/src/test/java/com/ichi2/anki/ScreenshotTest.kt,1,5,1,6,1,1,2026-01-30,2026-01-30,61,6.0,1.0,0,0.0,1.0
AnkiDroid/src/test/java/com/ichi2/anki/reviewer/AutomaticAnswerActionTest.kt,1,3,3,6,1,1,2026-01-08,2026-01-08,83,6.0,1.0,0,0.0,1.0
libanki/src/main/java/com/ichi2/anki/libanki/Config.kt,1,3,3,6,1,1,2026-01-26,2026-01-26,65,6.0,1.0,0,0.0,1.0
AnkiDroid/src/main/java/com/ichi2/anki/account/LoggedInFragment.kt,2,2,3,5,1,2,2026-01-23,2026-03-23,9,2.5,1.0,0,0.0,0.6
AnkiDroid/src/main/res/values-ar/16-multimedia-editor.xml,2,4,1,5,1,2,2026-03-26,2026-03-30,2,2.5,1.0,0,0.0,0.6
AnkiDroid/src/test/java/com/ichi2/anki/ui/internationalization/SentenceCaseTest.kt,2,5,0,5,2,2,2026-03-18,2026-03-19,13,2.5,0.5,0,0.0,0.8
AnkiDroid/src/main/java/com/ichi2/anki/LanguageUtils.kt,1,3,2,5,1,1,2026-01-30,2026-01-30,61,5.0,1.0,0,0.0,1.0
AnkiDroid/src/main/java/com/ichi2/anki/previewer/TemplatePreviewerViewModel.kt,1,4,1,5,1,1,2026-01-19,2026-01-19,72,5.0,1.0,1,1.0,1.0
AnkiDroid/src/main/java/com/ichi2/anki/ui/windows/reviewer/whiteboard/WhiteboardRepository.kt,1,5,0,5,1,1,2026-01-31,2026-01-31,60,5.0,1.0,0,0.0,1.0
AnkiDroid/src/main/java/com/ichi2/anki/utils/ext/Collection.kt,1,5,0,5,1,1,2026-03-23,2026-03-23,9,5.0,1.0,1,1.0,1.0
AnkiDroid/src/main/java/com/ichi2/anki/utils/ext/LinearLayoutManager.kt,1,5,0,5,1,1,2026-03-06,2026-03-06,26,5.0,1.0,1,1.0,1.0
AnkiDroid/src/main/java/com/ichi2/utils/HashUtil.kt,1,0,5,5,1,1,2026-03-25,2026-03-25,7,5.0,1.0,0,0.0,1.0
AnkiDroid/src/main/res/xml/preferences_sync.xml,1,2,3,5,1,1,2026-03-19,2026-03-19,13,5.0,1.0,0,0.0,1.0
AnkiDroid/src/test/java/com/ichi2/anki/settings/PrefsRobolectricTest.kt,1,2,3,5,1,1,2026-01-31,2026-01-31,60,5.0,1.0,0,0.0,1.0
AnkiDroid/src/main/res/values/constants.xml,4,4,0,4,4,4,2025-11-26,2026-03-16,16,1.0,0.25,0,0.0,0.25
AnkiDroid/src/main/res/values-got/04-network.xml,3,1,3,4,1,3,2026-01-28,2026-03-30,2,1.3333333333333333,1.0,0,0.0,0.5
AnkiDroid/src/main/java/com/ichi2/anki/account/LoginFragment.kt,2,2,2,4,1,2,2026-01-23,2026-03-23,9,2.0,1.0,0,0.0,0.5
AnkiDroid/src/main/java/com/ichi2/anki/noteeditor/Toolbar.kt,2,2,2,4,2,2,2026-02-20,2026-03-23,9,2.0,0.5,1,0.5,0.5
AnkiDroid/src/main/java/com/ichi2/anki/preferences/Preferences.kt,2,2,2,4,1,2,2026-01-31,2026-03-23,9,2.0,1.0,0,0.0,0.5
AnkiDroid/src/main/res/layout-sw600dp/activity_homescreen.xml,2,2,2,4,1,2,2026-03-22,2026-03-23,9,2.0,1.0,0,0.0,0.5
AnkiDroid/src/main/res/layout/activity_homescreen.xml,2,2,2,4,1,2,2026-03-22,2026-03-23,9,2.0,1.0,0,0.0,0.5
AnkiDroid/src/main/res/layout/card_browser_appearance.xml,2,3,1,4,2,2,2026-03-19,2026-03-22,10,2.0,0.5,0,0.0,0.5
AnkiDroid/src/main/res/layout/dialog_tags.xml,2,2,2,4,1,1,2026-03-22,2026-03-22,10,2.0,1.0,0,0.0,0.5
AnkiDroid/src/main/res/layout/fragment_all_permissions_explanation.xml,2,2,2,4,2,2,2025-09-12,2026-02-16,44,2.0,0.5,0,0.0,1.0
AnkiDroid/src/main/res/layout/fragment_schedule_reminders.xml,2,2,2,4,2,2,2026-02-16,2026-03-22,10,2.0,0.5,0,0.0,0.5
AnkiDroid/src/main/res/layout/note_type_field_editor.xml,2,2,2,4,1,2,2026-01-26,2026-03-22,10,2.0,1.0,1,0.5,0.5
AnkiDroid/src/main/res/menu/card_browser.xml,2,2,2,4,1,2,2026-01-24,2026-01-26,65,2.0,1.0,2,1.0,0.5
AnkiDroid/src/main/res/values-uz/07-cardbrowser.xml,2,2,2,4,1,2,2026-03-09,2026-03-15,17,2.0,1.0,0,0.0,0.5
AnkiDroid/src/test/java/com/ichi2/testutils/ActivityList.kt,2,2,2,4,1,2,2025-11-26,2025-12-01,121,2.0,1.0,0,0.0,0.5
AnkiDroid/src/androidTest/java/com/ichi2/anki/testutil/IntroductionSlide.kt,1,2,2,4,1,1,2026-01-24,2026-01-24,67,4.0,1.0,0,0.0,1.0
AnkiDroid/src/main/java/com/ichi2/anki/SingleFragmentActivity.kt,1,2,2,4,1,1,2026-03-23,2026-03-23,9,4.0,1.0,0,0.0,1.0
AnkiDroid/src/main/java/com/ichi2/anki/ui/ResizingDivider.kt,1,2,2,4,1,1,2026-03-23,2026-03-23,9,4.0,1.0,0,0.0,1.0
AnkiDroid/src/main/res/drawable/ic_hide.xml,1,4,0,4,1,1,2026-01-31,2026-01-31,60,4.0,1.0,0,0.0,1.0
AnkiDroid/src/main/res/layout-land/fragment_introduction.xml,1,1,3,4,1,1,2026-03-23,2026-03-23,9,4.0,1.0,0,0.0,1.0
AnkiDroid/src/main/res/layout-sw600dp/card_template_editor.xml,1,2,2,4,1,1,2026-03-22,2026-03-22,10,4.0,1.0,0,0.0,1.0
AnkiDroid/src/main/res/layout/card_template_editor.xml,1,2,2,4,1,1,2026-03-22,2026-03-22,10,4.0,1.0,0,0.0,1.0
AnkiDroid/src/main/res/layout/dialog_feedback.xml,1,2,2,4,1,1,2025-09-10,2025-09-10,203,4.0,1.0,0,0.0,1.0
AnkiDroid/src/main/res/layout/dialog_listview_message.xml,1,2,2,4,1,1,2025-09-12,2025-09-12,201,4.0,1.0,0,0.0,1.0
AnkiDroid/src/main/res/values-de/11-arrays.xml,1,2,2,4,1,1,2026-03-09,2026-03-09,23,4.0,1.0,0,0.0,1.0
AnkiDroid/src/main/res/values-et/18-standard-models.xml,1,2,2,4,1,1,2026-03-09,2026-03-09,23,4.0,1.0,0,0.0,1.0
AnkiDroid/src/main/res/values-et/20-search-preference.xml,1,2,2,4,1,1,2026-03-09,2026-03-09,23,4.0,1.0,0,0.0,1.0
AnkiDroid/src/main/res/values-fr/11-arrays.xml,1,2,2,4,1,1,2026-02-07,2026-02-07,53,4.0,1.0,0,0.0,1.0
AnkiDroid/src/main/res/values-hr/18-standard-models.xml,1,2,2,4,1,1,2026-01-28,2026-01-28,63,4.0,1.0,0,0.0,1.0
AnkiDroid/src/main/res/values-hr/20-search-preference.xml,1,2,2,4,1,1,2026-01-28,2026-01-28,63,4.0,1.0,0,0.0,1.0
AnkiDroid/src/main/res/values-ja/11-arrays.xml,1,2,2,4,1,1,2026-02-11,2026-02-11,49,4.0,1.0,0,0.0,1.0
AnkiDroid/src/main/res/values-ro/05-feedback.xml,1,2,2,4,1,1,2026-03-09,2026-03-09,23,4.0,1.0,0,0.0,1.0
AnkiDroid/src/main/res/values-ru/11-arrays.xml,1,2,2,4,1,1,2026-02-11,2026-02-11,49,4.0,1.0,0,0.0,1.0
AnkiDroid/src/main/res/values-tr/11-arrays.xml,1,2,2,4,1,1,2026-03-10,2026-03-10,22,4.0,1.0,0,0.0,1.0
AnkiDroid/src/main/res/values-uk/11-arrays.xml,1,2,2,4,1,1,2026-01-28,2026-01-28,63,4.0,1.0,0,0.0,1.0
AnkiDroid/src/main/res/xml/preference_headers.xml,1,2,2,4,1,1,2026-01-31,2026-01-31,60,4.0,1.0,0,0.0,1.0
AnkiDroid/src/main/res/xml/preferences_developer_options.xml,1,2,2,4,1,1,2026-01-31,2026-01-31,60,4.0,1.0,0,0.0,1.0
AnkiDroid/src/test/java/com/ichi2/anki/ActivityStartupUnderBackupTest.kt,1,0,4,4,1,1,2025-12-01,2025-12-01,121,4.0,1.0,0,0.0,1.0
AnkiDroid/src/test/java/com/ichi2/anki/MyAccountTest.kt,1,2,2,4,1,1,2026-02-08,2026-02-08,52,4.0,1.0,0,0.0,1.0
AnkiDroid/src/test/java/com/ichi2/anki/ReviewerTest.kt,1,2,2,4,1,1,2026-01-08,2026-01-08,83,4.0,1.0,0,0.0,1.0
AnkiDroid/src/test/java/com/ichi2/anki/ui/windows/reviewer/AnswerAreaViewTest.kt,1,0,4,4,1,1,2026-03-23,2026-03-23,9,4.0,1.0,0,0.0,1.0
AnkiDroid/src/test/java/com/ichi2/utils/BundleUtilsTest.kt,1,2,2,4,1,1,2026-01-24,2026-01-24,67,4.0,1.0,0,0.0,1.0
api/src/main/java/com/ichi2/anki/api/Utils.kt,1,2,2,4,1,1,2026-02-08,2026-02-08,52,4.0,1.0,0,0.0,1.0
libanki/src/main/java/com/ichi2/anki/libanki/CardTemplates.kt,1,2,2,4,1,1,2026-01-26,2026-01-26,65,4.0,1.0,0,0.0,1.0
libanki/src/main/java/com/ichi2/anki/libanki/CollectionFiles.kt,1,2,2,4,1,1,2026-01-26,2026-01-26,65,4.0,1.0,0,0.0,1.0
libanki/src/main/java/com/ichi2/anki/libanki/Deck.kt,1,2,2,4,1,1,2026-01-26,2026-01-26,65,4.0,1.0,0,0.0,1.0
libanki/src/main/java/com/ichi2/anki/libanki/Media.kt,1,2,2,4,1,1,2026-01-26,2026-01-26,65,4.0,1.0,0,0.0,1.0
libanki/src/main/java/com/ichi2/anki/libanki/Sound.kt,1,2,2,4,1,1,2026-01-26,2026-01-26,65,4.0,1.0,0,0.0,1.0
AnkiDroid/src/main/java/com/ichi2/utils/ImportUtils.kt,2,1,2,3,2,2,2026-02-01,2026-03-11,21,1.5,0.5,1,0.5,0.6666666666666666
AnkiDroid/src/main/res/values/04-network.xml,2,1,2,3,2,2,2025-12-01,2026-03-26,6,1.5,0.5,0,0.0,0.6666666666666666
AnkiDroid/src/androidTest/java/com/ichi2/anki/ReviewerFragmentTest.kt,1,0,3,3,1,1,2026-03-23,2026-03-23,9,3.0,1.0,0,0.0,1.0
AnkiDroid/src/main/java/com/ichi2/anki/dialogs/DialogHandler.kt,1,0,3,3,1,1,2026-03-26,2026-03-26,6,3.0,1.0,0,0.0,1.0
AnkiDroid/src/main/java/com/ichi2/anki/dialogs/tags/TagsList.kt,1,2,1,3,1,1,2025-11-16,2025-11-16,136,3.0,1.0,1,1.0,1.0
AnkiDroid/src/main/res/layout/include_reviewer_answer_buttons.xml,1,1,2,3,1,1,2026-03-22,2026-03-22,10,3.0,1.0,0,0.0,1.0
AnkiDroid/src/main/res/values-af/16-multimedia-editor.xml,1,3,0,3,1,1,2026-03-26,2026-03-26,6,3.0,1.0,0,0.0,1.0
AnkiDroid/src/main/res/values-am/16-multimedia-editor.xml,1,3,0,3,1,1,2026-03-26,2026-03-26,6,3.0,1.0,0,0.0,1.0
AnkiDroid/src/main/res/values-az/16-multimedia-editor.xml,1,3,0,3,1,1,2026-03-26,2026-03-26,6,3.0,1.0,0,0.0,1.0
AnkiDroid/src/main/res/values-bg/16-multimedia-editor.xml,1,3,0,3,1,1,2026-03-26,2026-03-26,6,3.0,1.0,0,0.0,1.0
AnkiDroid/src/main/res/values-bn/16-multimedia-editor.xml,1,3,0,3,1,1,2026-03-26,2026-03-26,6,3.0,1.0,0,0.0,1.0
AnkiDroid/src/main/res/values-ca/16-multimedia-editor.xml,1,3,0,3,1,1,2026-03-26,2026-03-26,6,3.0,1.0,0,0.0,1.0
AnkiDroid/src/main/res/values-ckb/16-multimedia-editor.xml,1,3,0,3,1,1,2026-03-26,2026-03-26,6,3.0,1.0,0,0.0,1.0
AnkiDroid/src/main/res/values-cs/16-multimedia-editor.xml,1,3,0,3,1,1,2026-03-26,2026-03-26,6,3.0,1.0,0,0.0,1.0
AnkiDroid/src/main/res/values-da/16-multimedia-editor.xml,1,3,0,3,1,1,2026-03-26,2026-03-26,6,3.0,1.0,0,0.0,1.0
AnkiDroid/src/main/res/values-de/16-multimedia-editor.xml,1,3,0,3,1,1,2026-03-26,2026-03-26,6,3.0,1.0,0,0.0,1.0
AnkiDroid/src/main/res/values-el/16-multimedia-editor.xml,1,3,0,3,1,1,2026-03-26,2026-03-26,6,3.0,1.0,0,0.0,1.0
AnkiDroid/src/main/res/values-eo/16-multimedia-editor.xml,1,3,0,3,1,1,2026-03-26,2026-03-26,6,3.0,1.0,0,0.0,1.0
AnkiDroid/src/main/res/values-es-rAR/16-multimedia-editor.xml,1,3,0,3,1,1,2026-03-26,2026-03-26,6,3.0,1.0,0,0.0,1.0
AnkiDroid/src/main/res/values-es-rES/16-multimedia-editor.xml,1,3,0,3,1,1,2026-03-26,2026-03-26,6,3.0,1.0,0,0.0,1.0
AnkiDroid/src/main/res/values-eu/16-multimedia-editor.xml,1,3,0,3,1,1,2026-03-26,2026-03-26,6,3.0,1.0,0,0.0,1.0
AnkiDroid/src/main/res/values-fa/16-multimedia-editor.xml,1,3,0,3,1,1,2026-03-26,2026-03-26,6,3.0,1.0,0,0.0,1.0
AnkiDroid/src/main/res/values-fi/16-multimedia-editor.xml,1,3,0,3,1,1,2026-03-26,2026-03-26,6,3.0,1.0,0,0.0,1.0
AnkiDroid/src/main/res/values-fil/16-multimedia-editor.xml,1,3,0,3,1,1,2026-03-26,2026-03-26,6,3.0,1.0,0,0.0,1.0
AnkiDroid/src/main/res/values-fy/16-multimedia-editor.xml,1,3,0,3,1,1,2026-03-26,2026-03-26,6,3.0,1.0,0,0.0,1.0
AnkiDroid/src/main/res/values-ga/16-multimedia-editor.xml,1,3,0,3,1,1,2026-03-26,2026-03-26,6,3.0,1.0,0,0.0,1.0
AnkiDroid/src/main/res/values-got/16-multimedia-editor.xml,1,3,0,3,1,1,2026-03-26,2026-03-26,6,3.0,1.0,0,0.0,1.0
AnkiDroid/src/main/res/values-gu/16-multimedia-editor.xml,1,3,0,3,1,1,2026-03-26,2026-03-26,6,3.0,1.0,0,0.0,1.0
AnkiDroid/src/main/res/values-heb/16-multimedia-editor.xml,1,3,0,3,1,1,2026-03-26,2026-03-26,6,3.0,1.0,0,0.0,1.0
AnkiDroid/src/main/res/values-hi/16-multimedia-editor.xml,1,3,0,3,1,1,2026-03-26,2026-03-26,6,3.0,1.0,0,0.0,1.0
AnkiDroid/src/main/res/values-hu/16-multimedia-editor.xml,1,3,0,3,1,1,2026-03-26,2026-03-26,6,3.0,1.0,0,0.0,1.0
AnkiDroid/src/main/res/values-hy/16-multimedia-editor.xml,1,3,0,3,1,1,2026-03-26,2026-03-26,6,3.0,1.0,0,0.0,1.0
AnkiDroid/src/main/res/values-ind/16-multimedia-editor.xml,1,3,0,3,1,1,2026-03-26,2026-03-26,6,3.0,1.0,0,0.0,1.0
AnkiDroid/src/main/res/values-it/16-multimedia-editor.xml,1,3,0,3,1,1,2026-03-26,2026-03-26,6,3.0,1.0,0,0.0,1.0
AnkiDroid/src/main/res/values-iw/16-multimedia-editor.xml,1,3,0,3,1,1,2026-03-26,2026-03-26,6,3.0,1.0,0,0.0,1.0
AnkiDroid/src/main/res/values-ja/16-multimedia-editor.xml,1,3,0,3,1,1,2026-03-26,2026-03-26,6,3.0,1.0,0,0.0,1.0
AnkiDroid/src/main/res/values-ka/16-multimedia-editor.xml,1,3,0,3,1,1,2026-03-26,2026-03-26,6,3.0,1.0,0,0.0,1.0
AnkiDroid/src/main/res/values-kk/16-multimedia-editor.xml,1,3,0,3,1,1,2026-03-26,2026-03-26,6,3.0,1.0,0,0.0,1.0
AnkiDroid/src/main/res/values-km/16-multimedia-editor.xml,1,3,0,3,1,1,2026-03-26,2026-03-26,6,3.0,1.0,0,0.0,1.0
AnkiDroid/src/main/res/values-kn/16-multimedia-editor.xml,1,3,0,3,1,1,2026-03-26,2026-03-26,6,3.0,1.0,0,0.0,1.0
AnkiDroid/src/main/res/values-ko/16-multimedia-editor.xml,1,3,0,3,1,1,2026-03-26,2026-03-26,6,3.0,1.0,0,0.0,1.0
AnkiDroid/src/main/res/values-ku/16-multimedia-editor.xml,1,3,0,3,1,1,2026-03-26,2026-03-26,6,3.0,1.0,0,0.0,1.0
AnkiDroid/src/main/res/values-ky/16-multimedia-editor.xml,1,3,0,3,1,1,2026-03-26,2026-03-26,6,3.0,1.0,0,0.0,1.0
AnkiDroid/src/main/res/values-lt/16-multimedia-editor.xml,1,3,0,3,1,1,2026-03-26,2026-03-26,6,3.0,1.0,0,0.0,1.0
AnkiDroid/src/main/res/values-lv/16-multimedia-editor.xml,1,3,0,3,1,1,2026-03-26,2026-03-26,6,3.0,1.0,0,0.0,1.0
AnkiDroid/src/main/res/values-mk/16-multimedia-editor.xml,1,3,0,3,1,1,2026-03-26,2026-03-26,6,3.0,1.0,0,0.0,1.0
AnkiDroid/src/main/res/values-ml/16-multimedia-editor.xml,1,3,0,3,1,1,2026-03-26,2026-03-26,6,3.0,1.0,0,0.0,1.0
AnkiDroid/src/main/res/values-mn/16-multimedia-editor.xml,1,3,0,3,1,1,2026-03-26,2026-03-26,6,3.0,1.0,0,0.0,1.0
AnkiDroid/src/main/res/values-mr/16-multimedia-editor.xml,1,3,0,3,1,1,2026-03-26,2026-03-26,6,3.0,1.0,0,0.0,1.0
AnkiDroid/src/main/res/values-ms/16-multimedia-editor.xml,1,3,0,3,1,1,2026-03-26,2026-03-26,6,3.0,1.0,0,0.0,1.0
AnkiDroid/src/main/res/values-my/16-multimedia-editor.xml,1,3,0,3,1,1,2026-03-26,2026-03-26,6,3.0,1.0,0,0.0,1.0
AnkiDroid/src/main/res/values-nl/16-multimedia-editor.xml,1,3,0,3,1,1,2026-03-26,2026-03-26,6,3.0,1.0,0,0.0,1.0
AnkiDroid/src/main/res/values-nn/16-multimedia-editor.xml,1,3,0,3,1,1,2026-03-26,2026-03-26,6,3.0,1.0,0,0.0,1.0
AnkiDroid/src/main/res/values-no/16-multimedia-editor.xml,1,3,0,3,1,1,2026-03-26,2026-03-26,6,3.0,1.0,0,0.0,1.0
AnkiDroid/src/main/res/values-or/16-multimedia-editor.xml,1,3,0,3,1,1,2026-03-26,2026-03-26,6,3.0,1.0,0,0.0,1.0
AnkiDroid/src/main/res/values-pa/16-multimedia-editor.xml,1,3,0,3,1,1,2026-03-26,2026-03-26,6,3.0,1.0,0,0.0,1.0
AnkiDroid/src/main/res/values-pt-rBR/16-multimedia-editor.xml,1,3,0,3,1,1,2026-03-26,2026-03-26,6,3.0,1.0,0,0.0,1.0
AnkiDroid/src/main/res/values-pt-rPT/16-multimedia-editor.xml,1,3,0,3,1,1,2026-03-26,2026-03-26,6,3.0,1.0,0,0.0,1.0
AnkiDroid/src/main/res/values-ro/16-multimedia-editor.xml,1,3,0,3,1,1,2026-03-26,2026-03-26,6,3.0,1.0,0,0.0,1.0
AnkiDroid/src/main/res/values-ru/16-multimedia-editor.xml,1,3,0,3,1,1,2026-03-26,2026-03-26,6,3.0,1.0,0,0.0,1.0
AnkiDroid/src/main/res/values-sat/16-multimedia-editor.xml,1,3,0,3,1,1,2026-03-26,2026-03-26,6,3.0,1.0,0,0.0,1.0
AnkiDroid/src/main/res/values-sc/16-multimedia-editor.xml,1,3,0,3,1,1,2026-03-26,2026-03-26,6,3.0,1.0,0,0.0,1.0
AnkiDroid/src/main/res/values-sk/16-multimedia-editor.xml,1,3,0,3,1,1,2026-03-26,2026-03-26,6,3.0,1.0,0,0.0,1.0
AnkiDroid/src/main/res/values-sl/16-multimedia-editor.xml,1,3,0,3,1,1,2026-03-26,2026-03-26,6,3.0,1.0,0,0.0,1.0
AnkiDroid/src/main/res/values-sq/16-multimedia-editor.xml,1,3,0,3,1,1,2026-03-26,2026-03-26,6,3.0,1.0,0,0.0,1.0
AnkiDroid/src/main/res/values-sr/16-multimedia-editor.xml,1,3,0,3,1,1,2026-03-26,2026-03-26,6,3.0,1.0,0,0.0,1.0
AnkiDroid/src/main/res/values-sv/16-multimedia-editor.xml,1,3,0,3,1,1,2026-03-26,2026-03-26,6,3.0,1.0,0,0.0,1.0
AnkiDroid/src/main/res/values-ta/16-multimedia-editor.xml,1,3,0,3,1,1,2026-03-26,2026-03-26,6,3.0,1.0,0,0.0,1.0
AnkiDroid/src/main/res/values-te/16-multimedia-editor.xml,1,3,0,3,1,1,2026-03-26,2026-03-26,6,3.0,1.0,0,0.0,1.0
AnkiDroid/src/main/res/values-tgl/16-multimedia-editor.xml,1,3,0,3,1,1,2026-03-26,2026-03-26,6,3.0,1.0,0,0.0,1.0
AnkiDroid/src/main/res/values-th/16-multimedia-editor.xml,1,3,0,3,1,1,2026-03-26,2026-03-26,6,3.0,1.0,0,0.0,1.0
AnkiDroid/src/main/res/values-ti/16-multimedia-editor.xml,1,3,0,3,1,1,2026-03-26,2026-03-26,6,3.0,1.0,0,0.0,1.0
AnkiDroid/src/main/res/values-tr/16-multimedia-editor.xml,1,3,0,3,1,1,2026-03-26,2026-03-26,6,3.0,1.0,0,0.0,1.0
AnkiDroid/src/main/res/values-tt/16-multimedia-editor.xml,1,3,0,3,1,1,2026-03-26,2026-03-26,6,3.0,1.0,0,0.0,1.0
AnkiDroid/src/main/res/values-ug/16-multimedia-editor.xml,1,3,0,3,1,1,2026-03-26,2026-03-26,6,3.0,1.0,0,0.0,1.0
AnkiDroid/src/main/res/values-uk/16-multimedia-editor.xml,1,3,0,3,1,1,2026-03-26,2026-03-26,6,3.0,1.0,0,0.0,1.0
AnkiDroid/src/main/res/values-ur/16-multimedia-editor.xml,1,3,0,3,1,1,2026-03-26,2026-03-26,6,3.0,1.0,0,0.0,1.0
AnkiDroid/src/main/res/values-vi/16-multimedia-editor.xml,1,3,0,3,1,1,2026-03-26,2026-03-26,6,3.0,1.0,0,0.0,1.0
AnkiDroid/src/main/res/values-zh-rCN/16-multimedia-editor.xml,1,3,0,3,1,1,2026-03-26,2026-03-26,6,3.0,1.0,0,0.0,1.0
AnkiDroid/src/main/res/values-zh-rTW/16-multimedia-editor.xml,1,3,0,3,1,1,2026-03-26,2026-03-26,6,3.0,1.0,0,0.0,1.0
AnkiDroid/src/main/res/values/16-multimedia-editor.xml,1,3,0,3,1,1,2026-03-23,2026-03-23,9,3.0,1.0,0,0.0,1.0
AnkiDroid/src/test/java/com/ichi2/anki/previewer/TemplatePreviewerViewModelTest.kt,1,3,0,3,1,1,2026-01-24,2026-01-24,67,3.0,1.0,1,1.0,1.0
libanki/src/main/java/com/ichi2/anki/libanki/DeckConfig.kt,1,3,0,3,1,1,2026-03-19,2026-03-19,13,3.0,1.0,0,0.0,1.0
AnkiDroid/src/main/res/layout/include_navigation_drawer.xml,2,1,1,2,1,2,2026-03-22,2026-03-23,9,1.0,1.0,0,0.0,1.0
AnkiDroid/src/main/res/values-af/04-network.xml,2,0,2,2,1,2,2026-03-20,2026-03-30,2,1.0,1.0,0,0.0,0.5
AnkiDroid/src/main/res/values-am/04-network.xml,2,0,2,2,1,2,2026-03-20,2026-03-30,2,1.0,1.0,0,0.0,0.5
AnkiDroid/src/main/res/values-ar/04-network.xml,2,0,2,2,1,2,2026-03-20,2026-03-30,2,1.0,1.0,0,0.0,0.5
AnkiDroid/src/main/res/values-az/04-network.xml,2,0,2,2,1,2,2026-03-20,2026-03-30,2,1.0,1.0,0,0.0,0.5
AnkiDroid/src/main/res/values-be/04-network.xml,2,0,2,2,1,2,2026-03-20,2026-03-30,2,1.0,1.0,0,0.0,0.5
AnkiDroid/src/main/res/values-bg/04-network.xml,2,0,2,2,1,2,2026-03-20,2026-03-30,2,1.0,1.0,0,0.0,0.5
AnkiDroid/src/main/res/values-bn/04-network.xml,2,0,2,2,1,2,2026-03-20,2026-03-30,2,1.0,1.0,0,0.0,0.5
AnkiDroid/src/main/res/values-ca/04-network.xml,2,0,2,2,1,2,2026-03-20,2026-03-30,2,1.0,1.0,0,0.0,0.5
AnkiDroid/src/main/res/values-ckb/04-network.xml,2,0,2,2,1,2,2026-03-20,2026-03-30,2,1.0,1.0,0,0.0,0.5
AnkiDroid/src/main/res/values-cs/04-network.xml,2,0,2,2,1,2,2026-03-20,2026-03-30,2,1.0,1.0,0,0.0,0.5
AnkiDroid/src/main/res/values-da/04-network.xml,2,0,2,2,1,2,2026-03-20,2026-03-30,2,1.0,1.0,0,0.0,0.5
AnkiDroid/src/main/res/values-de/04-network.xml,2,0,2,2,1,2,2026-03-20,2026-03-30,2,1.0,1.0,0,0.0,0.5
AnkiDroid/src/main/res/values-el/04-network.xml,2,0,2,2,1,2,2026-03-20,2026-03-30,2,1.0,1.0,0,0.0,0.5
AnkiDroid/src/main/res/values-eo/04-network.xml,2,0,2,2,1,2,2026-03-20,2026-03-30,2,1.0,1.0,0,0.0,0.5
AnkiDroid/src/main/res/values-es-rAR/04-network.xml,2,0,2,2,1,2,2026-03-20,2026-03-30,2,1.0,1.0,0,0.0,0.5
AnkiDroid/src/main/res/values-es-rES/04-network.xml,2,0,2,2,1,2,2026-03-20,2026-03-30,2,1.0,1.0,0,0.0,0.5
AnkiDroid/src/main/res/values-eu/04-network.xml,2,0,2,2,1,2,2026-03-20,2026-03-30,2,1.0,1.0,0,0.0,0.5
AnkiDroid/src/main/res/values-fa/04-network.xml,2,0,2,2,1,2,2026-03-20,2026-03-30,2,1.0,1.0,0,0.0,0.5
AnkiDroid/src/main/res/values-fi/04-network.xml,2,0,2,2,1,2,2026-03-20,2026-03-30,2,1.0,1.0,0,0.0,0.5
AnkiDroid/src/main/res/values-fil/04-network.xml,2,0,2,2,1,2,2026-03-20,2026-03-30,2,1.0,1.0,0,0.0,0.5
AnkiDroid/src/main/res/values-fr/04-network.xml,2,0,2,2,1,2,2026-03-20,2026-03-30,2,1.0,1.0,0,0.0,0.5
AnkiDroid/src/main/res/values-fy/04-network.xml,2,0,2,2,1,2,2026-03-20,2026-03-30,2,1.0,1.0,0,0.0,0.5
AnkiDroid/src/main/res/values-ga/04-network.xml,2,0,2,2,1,2,2026-03-20,2026-03-30,2,1.0,1.0,0,0.0,0.5
AnkiDroid/src/main/res/values-gl/04-network.xml,2,0,2,2,1,2,2026-03-20,2026-03-30,2,1.0,1.0,0,0.0,0.5
AnkiDroid/src/main/res/values-gu/04-network.xml,2,0,2,2,1,2,2026-03-20,2026-03-30,2,1.0,1.0,0,0.0,0.5
AnkiDroid/src/main/res/values-heb/04-network.xml,2,0,2,2,1,2,2026-03-20,2026-03-30,2,1.0,1.0,0,0.0,0.5
AnkiDroid/src/main/res/values-hi/04-network.xml,2,0,2,2,1,2,2026-03-20,2026-03-30,2,1.0,1.0,0,0.0,0.5
AnkiDroid/src/main/res/values-hu/04-network.xml,2,0,2,2,1,2,2026-03-20,2026-03-30,2,1.0,1.0,0,0.0,0.5
AnkiDroid/src/main/res/values-hy/04-network.xml,2,0,2,2,1,2,2026-03-20,2026-03-30,2,1.0,1.0,0,0.0,0.5
AnkiDroid/src/main/res/values-ind/04-network.xml,2,0,2,2,1,2,2026-03-20,2026-03-30,2,1.0,1.0,0,0.0,0.5
AnkiDroid/src/main/res/values-it/04-network.xml,2,0,2,2,1,2,2026-03-20,2026-03-30,2,1.0,1.0,0,0.0,0.5
AnkiDroid/src/main/res/values-iw/04-network.xml,2,0,2,2,1,2,2026-03-20,2026-03-30,2,1.0,1.0,0,0.0,0.5
AnkiDroid/src/main/res/values-ja/04-network.xml,2,0,2,2,1,2,2026-03-20,2026-03-30,2,1.0,1.0,0,0.0,0.5
AnkiDroid/src/main/res/values-ka/04-network.xml,2,0,2,2,1,2,2026-03-20,2026-03-30,2,1.0,1.0,0,0.0,0.5
AnkiDroid/src/main/res/values-kk/04-network.xml,2,0,2,2,1,2,2026-03-20,2026-03-30,2,1.0,1.0,0,0.0,0.5
AnkiDroid/src/main/res/values-km/04-network.xml,2,0,2,2,1,2,2026-03-20,2026-03-30,2,1.0,1.0,0,0.0,0.5
AnkiDroid/src/main/res/values-kn/04-network.xml,2,0,2,2,1,2,2026-03-20,2026-03-30,2,1.0,1.0,0,0.0,0.5
AnkiDroid/src/main/res/values-ko/04-network.xml,2,0,2,2,1,2,2026-03-20,2026-03-30,2,1.0,1.0,0,0.0,0.5
AnkiDroid/src/main/res/values-ku/04-network.xml,2,0,2,2,1,2,2026-03-20,2026-03-30,2,1.0,1.0,0,0.0,0.5
AnkiDroid/src/main/res/values-ky/04-network.xml,2,0,2,2,1,2,2026-03-20,2026-03-30,2,1.0,1.0,0,0.0,0.5
AnkiDroid/src/main/res/values-lt/04-network.xml,2,0,2,2,1,2,2026-03-20,2026-03-30,2,1.0,1.0,0,0.0,0.5
AnkiDroid/src/main/res/values-lv/04-network.xml,2,0,2,2,1,2,2026-03-20,2026-03-30,2,1.0,1.0,0,0.0,0.5
AnkiDroid/src/main/res/values-mk/04-network.xml,2,0,2,2,1,2,2026-03-20,2026-03-30,2,1.0,1.0,0,0.0,0.5
AnkiDroid/src/main/res/values-ml/04-network.xml,2,0,2,2,1,2,2026-03-20,2026-03-30,2,1.0,1.0,0,0.0,0.5
AnkiDroid/src/main/res/values-mn/04-network.xml,2,0,2,2,1,2,2026-03-20,2026-03-30,2,1.0,1.0,0,0.0,0.5
AnkiDroid/src/main/res/values-mr/04-network.xml,2,0,2,2,1,2,2026-03-20,2026-03-30,2,1.0,1.0,0,0.0,0.5
AnkiDroid/src/main/res/values-ms/04-network.xml,2,0,2,2,1,2,2026-03-20,2026-03-30,2,1.0,1.0,0,0.0,0.5
AnkiDroid/src/main/res/values-my/04-network.xml,2,0,2,2,1,2,2026-03-20,2026-03-30,2,1.0,1.0,0,0.0,0.5
AnkiDroid/src/main/res/values-nl/04-network.xml,2,0,2,2,1,2,2026-03-20,2026-03-30,2,1.0,1.0,0,0.0,0.5
AnkiDroid/src/main/res/values-nn/04-network.xml,2,0,2,2,1,2,2026-03-20,2026-03-30,2,1.0,1.0,0,0.0,0.5
AnkiDroid/src/main/res/values-no/04-network.xml,2,0,2,2,1,2,2026-03-20,2026-03-30,2,1.0,1.0,0,0.0,0.5
AnkiDroid/src/main/res/values-or/04-network.xml,2,0,2,2,1,2,2026-03-20,2026-03-30,2,1.0,1.0,0,0.0,0.5
AnkiDroid/src/main/res/values-pa/04-network.xml,2,0,2,2,1,2,2026-03-20,2026-03-30,2,1.0,1.0,0,0.0,0.5
AnkiDroid/src/main/res/values-pt-rBR/04-network.xml,2,0,2,2,1,2,2026-03-20,2026-03-30,2,1.0,1.0,0,0.0,0.5
AnkiDroid/src/main/res/values-pt-rPT/04-network.xml,2,0,2,2,1,2,2026-03-20,2026-03-30,2,1.0,1.0,0,0.0,0.5
AnkiDroid/src/main/res/values-ru/04-network.xml,2,0,2,2,1,2,2026-03-20,2026-03-30,2,1.0,1.0,0,0.0,0.5
AnkiDroid/src/main/res/values-sat/04-network.xml,2,0,2,2,1,2,2026-03-20,2026-03-30,2,1.0,1.0,0,0.0,0.5
AnkiDroid/src/main/res/values-sc/04-network.xml,2,0,2,2,1,2,2026-03-20,2026-03-30,2,1.0,1.0,0,0.0,0.5
AnkiDroid/src/main/res/values-sk/04-network.xml,2,0,2,2,1,2,2026-03-20,2026-03-30,2,1.0,1.0,0,0.0,0.5
AnkiDroid/src/main/res/values-sl/04-network.xml,2,0,2,2,1,2,2026-03-20,2026-03-30,2,1.0,1.0,0,0.0,0.5
AnkiDroid/src/main/res/values-sq/04-network.xml,2,0,2,2,1,2,2026-03-20,2026-03-30,2,1.0,1.0,0,0.0,0.5
AnkiDroid/src/main/res/values-sr/04-network.xml,2,0,2,2,1,2,2026-03-20,2026-03-30,2,1.0,1.0,0,0.0,0.5
AnkiDroid/src/main/res/values-sv/04-network.xml,2,0,2,2,1,2,2026-03-20,2026-03-30,2,1.0,1.0,0,0.0,0.5
AnkiDroid/src/main/res/values-ta/04-network.xml,2,0,2,2,1,2,2026-03-20,2026-03-30,2,1.0,1.0,0,0.0,0.5
AnkiDroid/src/main/res/values-te/04-network.xml,2,0,2,2,1,2,2026-03-20,2026-03-30,2,1.0,1.0,0,0.0,0.5
AnkiDroid/src/main/res/values-tgl/04-network.xml,2,0,2,2,1,2,2026-03-20,2026-03-30,2,1.0,1.0,0,0.0,0.5
AnkiDroid/src/main/res/values-th/04-network.xml,2,0,2,2,1,2,2026-03-20,2026-03-30,2,1.0,1.0,0,0.0,0.5
AnkiDroid/src/main/res/values-ti/04-network.xml,2,0,2,2,1,2,2026-03-20,2026-03-30,2,1.0,1.0,0,0.0,0.5
AnkiDroid/src/main/res/values-tr/04-network.xml,2,0,2,2,1,2,2026-03-20,2026-03-30,2,1.0,1.0,0,0.0,0.5
AnkiDroid/src/main/res/values-tt/04-network.xml,2,0,2,2,1,2,2026-03-20,2026-03-30,2,1.0,1.0,0,0.0,0.5
AnkiDroid/src/main/res/values/sentence-case.xml,2,2,0,2,2,2,2026-03-18,2026-03-19,13,1.0,0.5,0,0.0,0.5
AnkiDroid/src/test/java/com/ichi2/anki/DeckPickerOnDiskTest.kt,2,1,1,2,2,2,2026-03-16,2026-03-23,9,1.0,0.5,0,0.0,0.5
.github/workflows/tests_unit.yml,1,1,1,2,1,1,2026-01-21,2026-01-21,70,2.0,1.0,0,0.0,1.0
AnkiDroid/src/androidTest/java/com/ichi2/anki/reviewer/PeripheralKeymapTest.kt,1,1,1,2,1,1,2026-01-08,2026-01-08,83,2.0,1.0,0,0.0,1.0
AnkiDroid/src/main/assets/scripts/ankidroid-reviewer.js,1,1,1,2,1,1,2026-01-31,2026-01-31,60,2.0,1.0,1,1.0,1.0
AnkiDroid/src/main/java/com/ichi2/anki/AbstractIntentHandler.kt,1,1,1,2,1,1,2026-03-23,2026-03-23,9,2.0,1.0,0,0.0,1.0
AnkiDroid/src/main/java/com/ichi2/anki/IntroductionActivity.kt,1,1,1,2,1,1,2026-03-23,2026-03-23,9,2.0,1.0,0,0.0,1.0
AnkiDroid/src/main/java/com/ichi2/anki/NavigationDrawerActivity.kt,1,1,1,2,1,1,2026-03-23,2026-03-23,9,2.0,1.0,0,0.0,1.0
AnkiDroid/src/main/java/com/ichi2/anki/StudyOptionsActivity.kt,1,1,1,2,1,1,2026-03-23,2026-03-23,9,2.0,1.0,0,0.0,1.0
AnkiDroid/src/main/java/com/ichi2/anki/Sync.kt,1,2,0,2,1,1,2026-03-08,2026-03-08,24,2.0,1.0,1,1.0,1.0
AnkiDroid/src/main/java/com/ichi2/anki/SyncActionProvider.kt,1,1,1,2,1,1,2026-03-23,2026-03-23,9,2.0,1.0,0,0.0,1.0
AnkiDroid/src/main/java/com/ichi2/anki/cardviewer/CardMediaPlayer.kt,1,1,1,2,1,1,2026-01-19,2026-01-19,72,2.0,1.0,1,1.0,1.0
AnkiDroid/src/main/java/com/ichi2/anki/cardviewer/CardTemplate.kt,1,1,1,2,1,1,2026-02-08,2026-02-08,52,2.0,1.0,0,0.0,1.0
AnkiDroid/src/main/java/com/ichi2/anki/cardviewer/Gesture.kt,1,0,2,2,1,1,2026-03-23,2026-03-23,9,2.0,1.0,0,0.0,1.0
AnkiDroid/src/main/java/com/ichi2/anki/cardviewer/TypeAnswer.kt,1,1,1,2,1,1,2026-02-08,2026-02-08,52,2.0,1.0,0,0.0,1.0
AnkiDroid/src/main/java/com/ichi2/anki/dialogs/BrowserOptionsDialog.kt,1,1,1,2,1,1,2026-03-19,2026-03-19,13,2.0,1.0,0,0.0,1.0
AnkiDroid/src/main/java/com/ichi2/anki/model/SelectableDeck.kt,1,2,0,2,1,1,2026-02-01,2026-02-01,59,2.0,1.0,0,0.0,1.0
AnkiDroid/src/main/java/com/ichi2/anki/notetype/RenameCardTemplateDialog.kt,1,1,1,2,1,1,2026-01-30,2026-01-30,61,2.0,1.0,0,0.0,1.0
AnkiDroid/src/main/java/com/ichi2/anki/pages/PageFragment.kt,1,1,1,2,1,1,2026-03-23,2026-03-23,9,2.0,1.0,0,0.0,1.0
AnkiDroid/src/main/java/com/ichi2/anki/pages/RemoveAccountFragment.kt,1,1,1,2,1,1,2026-03-23,2026-03-23,9,2.0,1.0,0,0.0,1.0
AnkiDroid/src/main/java/com/ichi2/anki/preferences/ControlsTabPreference.kt,1,1,1,2,1,1,2026-03-23,2026-03-23,9,2.0,1.0,0,0.0,1.0
AnkiDroid/src/main/java/com/ichi2/anki/preferences/ExtendedPreferenceCategory.kt,1,1,1,2,1,1,2026-03-23,2026-03-23,9,2.0,1.0,0,0.0,1.0
AnkiDroid/src/main/java/com/ichi2/anki/preferences/SyncSettingsFragment.kt,1,1,1,2,1,1,2026-01-28,2026-01-28,63,2.0,1.0,0,0.0,1.0
AnkiDroid/src/main/java/com/ichi2/anki/preferences/reviewer/ReviewerMenuView.kt,1,1,1,2,1,1,2026-03-22,2026-03-22,10,2.0,1.0,0,0.0,1.0
AnkiDroid/src/main/java/com/ichi2/anki/previewer/PreviewerViewModel.kt,1,0,2,2,1,1,2026-02-23,2026-02-23,37,2.0,1.0,1,1.0,1.0
AnkiDroid/src/main/java/com/ichi2/anki/previewer/TypeAnswer.kt,1,1,1,2,1,1,2026-03-24,2026-03-24,8,2.0,1.0,1,1.0,1.0
AnkiDroid/src/main/java/com/ichi2/anki/reviewer/Binding.kt,1,1,1,2,1,1,2026-02-08,2026-02-08,52,2.0,1.0,0,0.0,1.0
AnkiDroid/src/main/java/com/ichi2/anki/scheduling/ForgetCardsDialog.kt,1,1,1,2,1,1,2026-03-19,2026-03-19,13,2.0,1.0,0,0.0,1.0
AnkiDroid/src/main/java/com/ichi2/anki/ui/NoteTypeSpinnerUtils.kt,1,1,1,2,1,1,2026-03-23,2026-03-23,9,2.0,1.0,0,0.0,1.0
AnkiDroid/src/main/java/com/ichi2/anki/ui/windows/permissions/AllPermissionsExplanationActivity.kt,1,1,1,2,1,1,2025-09-12,2025-09-12,201,2.0,1.0,0,0.0,1.0
AnkiDroid/src/main/java/com/ichi2/anki/ui/windows/reviewer/StudyCountsView.kt,1,0,2,2,1,1,2026-03-23,2026-03-23,9,2.0,1.0,0,0.0,1.0
AnkiDroid/src/main/java/com/ichi2/anki/ui/windows/reviewer/whiteboard/BrushAdapter.kt,1,1,1,2,1,1,2026-03-22,2026-03-22,10,2.0,1.0,0,0.0,1.0
AnkiDroid/src/main/java/com/ichi2/preferences/SliderPreference.kt,1,1,1,2,1,1,2026-02-01,2026-02-01,59,2.0,1.0,1,1.0,1.0
AnkiDroid/src/main/java/com/ichi2/ui/AxisPicker.kt,1,1,1,2,1,1,2026-02-01,2026-02-01,59,2.0,1.0,1,1.0,1.0
AnkiDroid/src/main/java/com/ichi2/ui/GestureDisplay.kt,1,1,1,2,1,1,2026-01-30,2026-01-30,61,2.0,1.0,0,0.0,1.0
AnkiDroid/src/main/java/com/ichi2/utils/FileUtil.kt,1,1,1,2,1,1,2026-02-01,2026-02-01,59,2.0,1.0,1,1.0,1.0
AnkiDroid/src/main/java/com/ichi2/widget/deckpicker/DeckPickerWidgetConfig.kt,1,1,1,2,1,1,2026-02-09,2026-02-09,51,2.0,1.0,1,1.0,1.0
AnkiDroid/src/main/res/layout-sw600dp/activity_card_browser.xml,1,1,1,2,1,1,2026-03-22,2026-03-22,10,2.0,1.0,0,0.0,1.0
AnkiDroid/src/main/res/layout-sw600dp/activity_note_editor.xml,1,1,1,2,1,1,2026-03-22,2026-03-22,10,2.0,1.0,0,0.0,1.0
AnkiDroid/src/main/res/layout/activity_card_browser.xml,1,1,1,2,1,1,2026-03-22,2026-03-22,10,2.0,1.0,0,0.0,1.0
AnkiDroid/src/main/res/layout/activity_manage_note_types.xml,1,1,1,2,1,1,2026-01-26,2026-01-26,65,2.0,1.0,1,1.0,1.0
AnkiDroid/src/main/res/layout/activity_note_editor.xml,1,1,1,2,1,1,2026-03-22,2026-03-22,10,2.0,1.0,0,0.0,1.0
AnkiDroid/src/main/res/layout/activity_reviewer_fullscreen.xml,1,1,1,2,1,1,2026-03-23,2026-03-23,9,2.0,1.0,0,0.0,1.0
AnkiDroid/src/main/res/layout/browser_columns_selection.xml,1,1,1,2,1,1,2026-03-22,2026-03-22,10,2.0,1.0,0,0.0,1.0
AnkiDroid/src/main/res/layout/card_browser_fragment.xml,1,1,1,2,1,1,2026-03-22,2026-03-22,10,2.0,1.0,0,0.0,1.0
AnkiDroid/src/main/res/layout/control_preference.xml,1,1,1,2,1,1,2026-03-22,2026-03-22,10,2.0,1.0,0,0.0,1.0
AnkiDroid/src/main/res/layout/deck_picker.xml,1,1,1,2,1,1,2026-03-22,2026-03-22,10,2.0,1.0,0,0.0,1.0
AnkiDroid/src/main/res/layout/dialog_deck_picker.xml,1,1,1,2,1,1,2026-03-22,2026-03-22,10,2.0,1.0,0,0.0,1.0
AnkiDroid/src/main/res/layout/dialog_tts_voices.xml,1,1,1,2,1,1,2026-03-22,2026-03-22,10,2.0,1.0,0,0.0,1.0
AnkiDroid/src/main/res/layout/floating_add_button.xml,1,1,1,2,1,1,2026-01-26,2026-01-26,65,2.0,1.0,1,1.0,1.0
AnkiDroid/src/main/res/layout/fragment_reviewer.xml,1,1,1,2,1,1,2026-03-23,2026-03-23,9,2.0,1.0,0,0.0,1.0
AnkiDroid/src/main/res/layout/include_deck_picker.xml,1,1,1,2,1,1,2026-03-23,2026-03-23,9,2.0,1.0,0,0.0,1.0
AnkiDroid/src/main/res/layout/info.xml,1,1,1,2,1,1,2026-03-22,2026-03-22,10,2.0,1.0,0,0.0,1.0
AnkiDroid/src/main/res/layout/navigation_drawer_layout_fullscreen.xml,1,1,1,2,1,1,2026-03-22,2026-03-22,10,2.0,1.0,0,0.0,1.0
AnkiDroid/src/main/res/layout/preferences_reviewer_menu.xml,1,1,1,2,1,1,2026-03-22,2026-03-22,10,2.0,1.0,0,0.0,1.0
AnkiDroid/src/main/res/layout/schedule_reminders_list_item.xml,1,1,1,2,1,1,2026-02-16,2026-02-16,44,2.0,1.0,0,0.0,1.0
AnkiDroid/src/main/res/layout/studyoptions.xml,1,1,1,2,1,1,2026-03-22,2026-03-22,10,2.0,1.0,0,0.0,1.0
AnkiDroid/src/main/res/layout/widget_deck_picker_config.xml,1,1,1,2,1,1,2026-01-26,2026-01-26,65,2.0,1.0,1,1.0,1.0
AnkiDroid/src/main/res/menu/card_browser_multiselect.xml,1,1,1,2,1,1,2026-01-24,2026-01-24,67,2.0,1.0,1,1.0,1.0
AnkiDroid/src/main/res/menu/deck_picker_dialog_menu.xml,1,1,1,2,1,1,2026-01-26,2026-01-26,65,2.0,1.0,1,1.0,1.0
AnkiDroid/src/main/res/menu/reviewer.xml,1,1,1,2,1,1,2026-01-26,2026-01-26,65,2.0,1.0,1,1.0,1.0
AnkiDroid/src/main/res/menu/tags_dialog_menu.xml,1,1,1,2,1,1,2026-01-26,2026-01-26,65,2.0,1.0,1,1.0,1.0
AnkiDroid/src/main/res/values-be/05-feedback.xml,1,1,1,2,1,1,2026-03-19,2026-03-19,13,2.0,1.0,0,0.0,1.0
AnkiDroid/src/main/res/values-be/09-backup.xml,1,1,1,2,1,1,2026-03-19,2026-03-19,13,2.0,1.0,0,0.0,1.0
AnkiDroid/src/main/res/values-et/06-statistics.xml,1,1,1,2,1,1,2026-03-09,2026-03-09,23,2.0,1.0,0,0.0,1.0
AnkiDroid/src/main/res/values-hr/06-statistics.xml,1,1,1,2,1,1,2026-01-28,2026-01-28,63,2.0,1.0,0,0.0,1.0
AnkiDroid/src/main/res/values-nl/06-statistics.xml,1,1,1,2,1,1,2026-01-28,2026-01-28,63,2.0,1.0,0,0.0,1.0
AnkiDroid/src/main/res/values-pl/08-widget.xml,1,1,1,2,1,1,2026-01-28,2026-01-28,63,2.0,1.0,0,0.0,1.0
AnkiDroid/src/main/res/values-pl/09-backup.xml,1,1,1,2,1,1,2026-02-11,2026-02-11,49,2.0,1.0,0,0.0,1.0
AnkiDroid/src/main/res/values-ru/07-cardbrowser.xml,1,1,1,2,1,1,2026-02-27,2026-02-27,33,2.0,1.0,0,0.0,1.0
AnkiDroid/src/main/res/values-ur/10-preferences.xml,1,2,0,2,1,1,2026-02-05,2026-02-05,55,2.0,1.0,0,0.0,1.0
AnkiDroid/src/main/res/values-uz/08-widget.xml,1,1,1,2,1,1,2026-03-09,2026-03-09,23,2.0,1.0,0,0.0,1.0
AnkiDroid/src/main/res/values-vi/10-preferences.xml,1,2,0,2,1,1,2026-02-05,2026-02-05,55,2.0,1.0,0,0.0,1.0
AnkiDroid/src/main/res/values-zh-rTW/10-preferences.xml,1,2,0,2,1,1,2026-02-05,2026-02-05,55,2.0,1.0,0,0.0,1.0
AnkiDroid/src/main/res/xml/widget_provider_card_analysis.xml,1,0,2,2,1,1,2026-03-15,2026-03-15,17,2.0,1.0,0,0.0,1.0
AnkiDroid/src/test/java/com/ichi2/anki/AnalyticsTest.kt,1,1,1,2,1,1,2026-01-21,2026-01-21,70,2.0,1.0,0,0.0,1.0
AnkiDroid/src/test/java/com/ichi2/anki/InitialActivityTest.kt,1,2,0,2,1,1,2026-03-16,2026-03-16,16,2.0,1.0,0,0.0,1.0
AnkiDroid/src/test/java/com/ichi2/anki/ReviewerNoParamTest.kt,1,1,1,2,1,1,2026-01-08,2026-01-08,83,2.0,1.0,0,0.0,1.0
AnkiDroid/src/test/java/com/ichi2/anki/dialogs/utils/AlertDialogUtils.kt,1,1,1,2,1,1,2025-09-12,2025-09-12,201,2.0,1.0,0,0.0,1.0
AnkiDroid/src/test/java/com/ichi2/anki/preferences/PreferenceTestUtils.kt,1,1,1,2,1,1,2026-01-31,2026-01-31,60,2.0,1.0,0,0.0,1.0
AnkiDroid/src/test/java/com/ichi2/anki/ui/windows/reviewer/StudyScreenScreenshotTest.kt,1,0,2,2,1,1,2026-01-30,2026-01-30,61,2.0,1.0,0,0.0,1.0
AnkiDroid/src/test/java/com/ichi2/utils/PermissionsTest.kt,1,1,1,2,1,1,2026-03-16,2026-03-16,16,2.0,1.0,0,0.0,1.0
common/src/main/java/com/ichi2/anki/common/time/SystemTime.kt,1,0,2,2,1,1,2026-03-23,2026-03-23,9,2.0,1.0,0,0.0,1.0
docs/marketing/localized_description/marketdescription-nl.txt,1,1,1,2,1,1,2026-02-19,2026-02-19,41,2.0,1.0,0,0.0,1.0
docs/marketing/localized_description/marketdescription-uz.txt,1,1,1,2,1,1,2026-03-09,2026-03-09,23,2.0,1.0,0,0.0,1.0
gradle/wrapper/gradle-wrapper.properties,1,1,1,2,1,1,2026-01-21,2026-01-21,70,2.0,1.0,0,0.0,1.0
libanki/src/main/java/com/ichi2/anki/libanki/Utils.kt,1,1,1,2,1,1,2026-02-08,2026-02-08,52,2.0,1.0,0,0.0,1.0
libanki/src/main/java/com/ichi2/anki/libanki/utils/LibAnkiAlias.kt,1,1,1,2,1,1,2026-01-26,2026-01-26,65,2.0,1.0,0,0.0,1.0
libanki/src/main/java/com/ichi2/anki/libanki/utils/PythonExtensions.kt,1,1,1,2,1,1,2026-02-08,2026-02-08,52,2.0,1.0,0,0.0,1.0
tools/localization/src/constants.ts,1,1,1,2,1,1,2026-03-23,2026-03-23,9,2.0,1.0,1,1.0,1.0
tools/localization/src/update.ts,1,1,1,2,1,1,2026-03-04,2026-03-04,28,2.0,1.0,1,1.0,1.0
.idea/dictionaries/anki.xml,1,1,0,1,1,1,2026-01-27,2026-01-27,64,1.0,1.0,0,0.0,1.0
AnkiDroid/proguard-rules.pro,1,1,0,1,1,1,2026-03-02,2026-03-02,30,1.0,1.0,0,0.0,1.0
AnkiDroid/src/main/java/com/ichi2/anki/cardviewer/VideoPlayer.kt,1,1,0,1,1,1,2026-02-04,2026-02-04,56,1.0,1.0,1,1.0,1.0
AnkiDroid/src/main/java/com/ichi2/anki/dialogs/Utils.kt,1,1,0,1,1,1,2026-03-08,2026-03-08,24,1.0,1.0,1,1.0,1.0
AnkiDroid/src/main/java/com/ichi2/anki/preferences/profiles/ProfileAdapter.kt,1,0,1,1,1,1,2026-03-23,2026-03-23,9,1.0,1.0,0,0.0,1.0
AnkiDroid/src/main/java/com/ichi2/anki/previewer/CardViewerViewModel.kt,1,1,0,1,1,1,2026-02-24,2026-02-24,36,1.0,1.0,1,1.0,1.0
AnkiDroid/src/main/java/com/ichi2/anki/reviewer/MappableBinding.kt,1,0,1,1,1,1,2026-03-23,2026-03-23,9,1.0,1.0,0,0.0,1.0
AnkiDroid/src/main/java/com/ichi2/anki/ui/windows/reviewer/AnswerFeedbackView.kt,1,0,1,1,1,1,2026-03-09,2026-03-09,23,1.0,1.0,0,0.0,1.0
AnkiDroid/src/main/java/com/ichi2/anki/utils/Reflection.kt,1,0,1,1,1,1,2026-03-23,2026-03-23,9,1.0,1.0,0,0.0,1.0
AnkiDroid/src/main/java/com/ichi2/ui/CheckBoxTriStates.kt,1,0,1,1,1,1,2026-02-01,2026-02-01,59,1.0,1.0,1,1.0,1.0
AnkiDroid/src/main/res/layout/instant_editor_field_layout.xml,1,0,1,1,1,1,2025-09-10,2025-09-10,203,1.0,1.0,0,0.0,1.0
AnkiDroid/src/main/res/layout/view_gesture_picker.xml,1,1,0,1,1,1,2026-01-30,2026-01-30,61,1.0,1.0,0,0.0,1.0
AnkiDroid/src/main/res/values-ug/04-network.xml,1,0,1,1,1,1,2026-03-30,2026-03-30,2,1.0,1.0,0,0.0,1.0
AnkiDroid/src/main/res/values-uk/04-network.xml,1,0,1,1,1,1,2026-03-30,2026-03-30,2,1.0,1.0,0,0.0,1.0
AnkiDroid/src/main/res/values-ur/04-network.xml,1,0,1,1,1,1,2026-03-30,2026-03-30,2,1.0,1.0,0,0.0,1.0
AnkiDroid/src/main/res/values-vi/04-network.xml,1,0,1,1,1,1,2026-03-30,2026-03-30,2,1.0,1.0,0,0.0,1.0
AnkiDroid/src/main/res/values-zh-rCN/04-network.xml,1,0,1,1,1,1,2026-03-30,2026-03-30,2,1.0,1.0,0,0.0,1.0
AnkiDroid/src/main/res/values-zh-rTW/04-network.xml,1,0,1,1,1,1,2026-03-30,2026-03-30,2,1.0,1.0,0,0.0,1.0
AnkiDroid/src/main/res/values/browser.xml,1,1,0,1,1,1,2026-01-27,2026-01-27,64,1.0,1.0,0,0.0,1.0
AnkiDroid/src/main/res/values/styles.xml,1,1,0,1,1,1,2026-01-31,2026-01-31,60,1.0,1.0,0,0.0,1.0
AnkiDroid/src/main/res/xml/widget_provider_deck_picker.xml,1,0,1,1,1,1,2026-03-15,2026-03-15,17,1.0,1.0,0,0.0,1.0
AnkiDroid/src/test/java/com/ichi2/anki/browser/CardBrowserColumnNonParamTest.kt,1,0,1,1,1,1,2026-03-23,2026-03-23,9,1.0,1.0,0,0.0,1.0
common/build.gradle.kts,1,1,0,1,1,1,2026-01-07,2026-01-07,84,1.0,1.0,0,0.0,1.0
AnkiDroid/src/androidTest/assets/initial_version_2_12_1_corrupt_regular.anki2,1,0,0,0,1,1,2025-12-30,2025-12-30,92,0.0,1.0,0,0.0,0.0
AnkiDroid/src/main/res/layout-sw600dp/activity_card_template_editor.xml,1,0,0,0,1,1,2026-03-23,2026-03-23,9,0.0,1.0,0,0.0,0.0
AnkiDroid/src/main/res/layout-sw600dp/fragment_preferences.xml,1,0,0,0,1,1,2026-03-23,2026-03-23,9,0.0,1.0,0,0.0,0.0
AnkiDroid/src/main/res/layout-w340dp/fragment_set_due_date_range.xml,1,0,0,0,1,1,2026-03-23,2026-03-23,9,0.0,1.0,0,0.0,0.0
AnkiDroid/src/main/res/layout/activity_all_permissions_explanation.xml,1,0,0,0,1,1,2025-09-12,2025-09-12,201,0.0,1.0,0,0.0,0.0
AnkiDroid/src/main/res/layout/activity_card_browser_appearance.xml,1,0,0,0,1,1,2026-03-23,2026-03-23,9,0.0,1.0,0,0.0,0.0
AnkiDroid/src/main/res/layout/activity_card_template_editor.xml,1,0,0,0,1,1,2026-03-23,2026-03-23,9,0.0,1.0,0,0.0,0.0
AnkiDroid/src/main/res/layout/activity_info.xml,1,0,0,0,1,1,2026-03-23,2026-03-23,9,0.0,1.0,0,0.0,0.0
AnkiDroid/src/main/res/layout/activity_introduction.xml,1,0,0,0,1,1,2026-03-23,2026-03-23,9,0.0,1.0,0,0.0,0.0
AnkiDroid/src/main/res/layout/activity_navigation_drawer.xml,1,0,0,0,1,1,2026-03-23,2026-03-23,9,0.0,1.0,0,0.0,0.0
AnkiDroid/src/main/res/layout/activity_navigation_drawer_fullscreen.xml,1,0,0,0,1,1,2026-03-23,2026-03-23,9,0.0,1.0,0,0.0,0.0
AnkiDroid/src/main/res/layout/activity_note_type_field_editor.xml,1,0,0,0,1,1,2026-03-23,2026-03-23,9,0.0,1.0,0,0.0,0.0
AnkiDroid/src/main/res/layout/activity_permissions.xml,1,0,0,0,1,1,2025-09-10,2025-09-10,203,0.0,1.0,0,0.0,0.0
AnkiDroid/src/main/res/layout/activity_progress_bar.xml,1,0,0,0,1,1,2026-03-23,2026-03-23,9,0.0,1.0,0,0.0,0.0
AnkiDroid/src/main/res/layout/activity_reviewer.xml,1,0,0,0,1,1,2026-03-23,2026-03-23,9,0.0,1.0,0,0.0,0.0
AnkiDroid/src/main/res/layout/activity_reviewer_fullscreen_noanswers.xml,1,0,0,0,1,1,2026-03-23,2026-03-23,9,0.0,1.0,0,0.0,0.0
AnkiDroid/src/main/res/layout/activity_single_fragment.xml,1,0,0,0,1,1,2026-03-23,2026-03-23,9,0.0,1.0,0,0.0,0.0
AnkiDroid/src/main/res/layout/activity_study_options.xml,1,0,0,0,1,1,2026-03-23,2026-03-23,9,0.0,1.0,0,0.0,0.0
AnkiDroid/src/main/res/layout/dialog_add_edit_reminder.xml,1,0,0,0,1,1,2026-03-23,2026-03-23,9,0.0,1.0,0,0.0,0.0
AnkiDroid/src/main/res/layout/dialog_alert_dialog_checkbox.xml,1,0,0,0,1,1,2026-03-23,2026-03-23,9,0.0,1.0,0,0.0,0.0
AnkiDroid/src/main/res/layout/dialog_alert_dialog_title_with_help.xml,1,0,0,0,1,1,2026-03-23,2026-03-23,9,0.0,1.0,0,0.0,0.0
AnkiDroid/src/main/res/layout/dialog_browser_columns_selection.xml,1,0,0,0,1,1,2026-03-23,2026-03-23,9,0.0,1.0,0,0.0,0.0
AnkiDroid/src/main/res/layout/dialog_change_note_type.xml,1,0,0,0,1,1,2026-03-23,2026-03-23,9,0.0,1.0,0,0.0,0.0
AnkiDroid/src/main/res/layout/dialog_control_preference.xml,1,0,0,0,1,1,2026-03-23,2026-03-23,9,0.0,1.0,0,0.0,0.0
AnkiDroid/src/main/res/layout/dialog_instant_editor.xml,1,0,0,0,1,1,2025-09-10,2025-09-10,203,0.0,1.0,0,0.0,0.0
AnkiDroid/src/main/res/layout/dialog_locale_selection.xml,1,0,0,0,1,1,2026-03-23,2026-03-23,9,0.0,1.0,0,0.0,0.0
AnkiDroid/src/main/res/layout/dialog_note_editor_toolbar_add_custom_item.xml,1,0,0,0,1,1,2026-03-23,2026-03-23,9,0.0,1.0,0,0.0,0.0
AnkiDroid/src/main/res/layout/dialog_note_editor_toolbar_edit_custom_item.xml,1,0,0,0,1,1,2026-03-23,2026-03-23,9,0.0,1.0,0,0.0,0.0
AnkiDroid/src/main/res/layout/dialog_rename_flag.xml,1,0,0,0,1,1,2026-03-23,2026-03-23,9,0.0,1.0,0,0.0,0.0
AnkiDroid/src/main/res/layout/fragment_about.xml,1,0,0,0,1,1,2026-03-23,2026-03-23,9,0.0,1.0,0,0.0,0.0
AnkiDroid/src/main/res/layout/fragment_bottomsheet_multimedia.xml,1,0,0,0,1,1,2026-03-23,2026-03-23,9,0.0,1.0,0,0.0,0.0
AnkiDroid/src/main/res/layout/fragment_card_browser.xml,1,0,0,0,1,1,2026-03-23,2026-03-23,9,0.0,1.0,0,0.0,0.0
AnkiDroid/src/main/res/layout/fragment_card_browser_searchview.xml,1,0,0,0,1,1,2026-03-23,2026-03-23,9,0.0,1.0,0,0.0,0.0
AnkiDroid/src/main/res/layout/fragment_card_template_editor_template.xml,1,0,0,0,1,1,2026-03-23,2026-03-23,9,0.0,1.0,0,0.0,0.0
AnkiDroid/src/main/res/layout/fragment_check_pronunciation.xml,1,0,0,0,1,1,2026-03-23,2026-03-23,9,0.0,1.0,0,0.0,0.0
AnkiDroid/src/main/res/layout/fragment_drawing.xml,1,0,0,0,1,1,2026-03-23,2026-03-23,9,0.0,1.0,0,0.0,0.0
AnkiDroid/src/main/res/layout/fragment_internet_permission.xml,1,0,0,0,1,1,2026-03-23,2026-03-23,9,0.0,1.0,0,0.0,0.0
AnkiDroid/src/main/res/layout/fragment_introduction.xml,1,0,0,0,1,1,2026-03-23,2026-03-23,9,0.0,1.0,0,0.0,0.0
AnkiDroid/src/main/res/layout/fragment_my_account.xml,1,0,0,0,1,1,2026-03-23,2026-03-23,9,0.0,1.0,0,0.0,0.0
AnkiDroid/src/main/res/layout/fragment_my_account_logged_in.xml,1,0,0,0,1,1,2026-03-23,2026-03-23,9,0.0,1.0,0,0.0,0.0
AnkiDroid/src/main/res/layout/fragment_note_editor.xml,1,0,0,0,1,1,2026-03-23,2026-03-23,9,0.0,1.0,0,0.0,0.0
AnkiDroid/src/main/res/layout/fragment_notifications_permission.xml,1,0,0,0,1,1,2026-03-23,2026-03-23,9,0.0,1.0,0,0.0,0.0
AnkiDroid/src/main/res/layout/fragment_page.xml,1,0,0,0,1,1,2026-03-23,2026-03-23,9,0.0,1.0,0,0.0,0.0
AnkiDroid/src/main/res/layout/fragment_permissions_bottom_sheet.xml,1,0,0,0,1,1,2026-03-23,2026-03-23,9,0.0,1.0,0,0.0,0.0
AnkiDroid/src/main/res/layout/fragment_preferences.xml,1,0,0,0,1,1,2026-03-23,2026-03-23,9,0.0,1.0,0,0.0,0.0
AnkiDroid/src/main/res/layout/fragment_preferences_reviewer_menu.xml,1,0,0,0,1,1,2026-03-23,2026-03-23,9,0.0,1.0,0,0.0,0.0
AnkiDroid/src/main/res/layout/fragment_previewer.xml,1,0,0,0,1,1,2026-03-23,2026-03-23,9,0.0,1.0,0,0.0,0.0
AnkiDroid/src/main/res/layout/fragment_set_due_date_range.xml,1,0,0,0,1,1,2026-03-23,2026-03-23,9,0.0,1.0,0,0.0,0.0
AnkiDroid/src/main/res/layout/fragment_set_due_date_single.xml,1,0,0,0,1,1,2026-03-23,2026-03-23,9,0.0,1.0,0,0.0,0.0
AnkiDroid/src/main/res/layout/fragment_study_options.xml,1,0,0,0,1,1,2026-03-23,2026-03-23,9,0.0,1.0,0,0.0,0.0
AnkiDroid/src/main/res/layout/fragment_template_previewer_container.xml,1,0,0,0,1,1,2025-09-11,2025-09-11,202,0.0,1.0,0,0.0,0.0
AnkiDroid/src/main/res/layout/include_anki_progress.xml,1,0,0,0,1,1,2026-03-22,2026-03-22,10,0.0,1.0,0,0.0,0.0
AnkiDroid/src/main/res/layout/include_browser_toolbar.xml,1,0,0,0,1,1,2026-03-22,2026-03-22,10,0.0,1.0,0,0.0,0.0
AnkiDroid/src/main/res/layout/include_card_template_editor_main.xml,1,0,0,0,1,1,2026-03-22,2026-03-22,10,0.0,1.0,0,0.0,0.0
AnkiDroid/src/main/res/layout/include_card_template_editor_top.xml,1,0,0,0,1,1,2026-03-22,2026-03-22,10,0.0,1.0,0,0.0,0.0
AnkiDroid/src/main/res/layout/include_floating_add_button.xml,1,0,0,0,1,1,2026-03-23,2026-03-23,9,0.0,1.0,0,0.0,0.0
AnkiDroid/src/main/res/layout/include_reviewer_flashcard.xml,1,0,0,0,1,1,2026-03-22,2026-03-22,10,0.0,1.0,0,0.0,0.0
AnkiDroid/src/main/res/layout/include_reviewer_flashcard_fullscreen.xml,1,0,0,0,1,1,2026-03-23,2026-03-23,9,0.0,1.0,0,0.0,0.0
AnkiDroid/src/main/res/layout/include_reviewer_flashcard_fullscreen_noanswers.xml,1,0,0,0,1,1,2026-03-22,2026-03-22,10,0.0,1.0,0,0.0,0.0
AnkiDroid/src/main/res/layout/include_reviewer_mic_tool_bar.xml,1,0,0,0,1,1,2026-03-22,2026-03-22,10,0.0,1.0,0,0.0,0.0
AnkiDroid/src/main/res/layout/include_reviewer_whiteboard_editor.xml,1,0,0,0,1,1,2026-03-22,2026-03-22,10,0.0,1.0,0,0.0,0.0
AnkiDroid/src/main/res/layout/include_tags_dialog_title.xml,1,0,0,0,1,1,2026-03-22,2026-03-22,10,0.0,1.0,0,0.0,0.0
AnkiDroid/src/main/res/layout/include_toolbar.xml,1,0,0,0,1,1,2026-03-22,2026-03-22,10,0.0,1.0,0,0.0,0.0
AnkiDroid/src/main/res/layout/item_advanced_search.xml,1,0,0,0,1,1,2026-03-22,2026-03-22,10,0.0,1.0,0,0.0,0.0
AnkiDroid/src/main/res/layout/item_browser_columns_entry.xml,1,0,0,0,1,1,2026-03-22,2026-03-22,10,0.0,1.0,0,0.0,0.0
AnkiDroid/src/main/res/layout/item_browser_columns_heading.xml,1,0,0,0,1,1,2026-03-22,2026-03-22,10,0.0,1.0,0,0.0,0.0
AnkiDroid/src/main/res/layout/item_button_color_brush.xml,1,0,0,0,1,1,2026-03-22,2026-03-22,10,0.0,1.0,0,0.0,0.0
AnkiDroid/src/main/res/layout/item_card_browser.xml,1,0,0,0,1,1,2026-03-22,2026-03-22,10,0.0,1.0,0,0.0,0.0
AnkiDroid/src/main/res/layout/item_control_preference.xml,1,0,0,0,1,1,2026-03-22,2026-03-22,10,0.0,1.0,0,0.0,0.0
AnkiDroid/src/main/res/layout/item_deck.xml,1,0,0,0,1,1,2026-03-22,2026-03-22,10,0.0,1.0,0,0.0,0.0
AnkiDroid/src/main/res/layout/item_deck_picker_dialog.xml,1,0,0,0,1,1,2026-03-22,2026-03-22,10,0.0,1.0,0,0.0,0.0
AnkiDroid/src/main/res/layout/item_edit_flag.xml,1,0,0,0,1,1,2026-03-22,2026-03-22,10,0.0,1.0,0,0.0,0.0
AnkiDroid/src/main/res/layout/item_grade_now.xml,1,0,0,0,1,1,2026-03-22,2026-03-22,10,0.0,1.0,0,0.0,0.0
AnkiDroid/src/main/res/layout/item_insert_special_field.xml,1,0,0,0,1,1,2026-03-22,2026-03-22,10,0.0,1.0,0,0.0,0.0
AnkiDroid/src/main/res/layout/item_locale.xml,1,0,0,0,1,1,2026-03-22,2026-03-22,10,0.0,1.0,0,0.0,0.0
AnkiDroid/src/main/res/layout/item_material_dialog.xml,1,0,0,0,1,1,2026-03-22,2026-03-22,10,0.0,1.0,0,0.0,0.0
AnkiDroid/src/main/res/layout/item_multiline_spinner.xml,1,0,0,0,1,1,2026-03-22,2026-03-22,10,0.0,1.0,0,0.0,0.0
AnkiDroid/src/main/res/layout/item_reviewer_menu.xml,1,0,0,0,1,1,2026-03-22,2026-03-22,10,0.0,1.0,0,0.0,0.0
AnkiDroid/src/main/res/layout/item_reviewer_menu_display_type.xml,1,0,0,0,1,1,2026-03-22,2026-03-22,10,0.0,1.0,0,0.0,0.0
AnkiDroid/src/main/res/layout/item_saved_search.xml,1,0,0,0,1,1,2026-03-22,2026-03-22,10,0.0,1.0,0,0.0,0.0
AnkiDroid/src/main/res/layout/item_schedule_reminders.xml,1,0,0,0,1,1,2026-03-22,2026-03-22,10,0.0,1.0,0,0.0,0.0
AnkiDroid/src/main/res/layout/item_spinner_dropdown_with_radio.xml,1,0,0,0,1,1,2026-03-23,2026-03-23,9,0.0,1.0,0,0.0,0.0
AnkiDroid/src/main/res/layout/item_tag.xml,1,0,0,0,1,1,2026-03-22,2026-03-22,10,0.0,1.0,0,0.0,0.0
AnkiDroid/src/main/res/layout/item_tts_voice.xml,1,0,0,0,1,1,2026-03-22,2026-03-22,10,0.0,1.0,0,0.0,0.0
AnkiDroid/src/main/res/layout/item_widget_deck_config.xml,1,0,0,0,1,1,2026-03-22,2026-03-22,10,0.0,1.0,0,0.0,0.0
AnkiDroid/src/main/res/layout/page_image_occlusion.xml,1,0,0,0,1,1,2026-03-23,2026-03-23,9,0.0,1.0,0,0.0,0.0
AnkiDroid/src/main/res/layout/page_statistics.xml,1,0,0,0,1,1,2026-03-23,2026-03-23,9,0.0,1.0,0,0.0,0.0
AnkiDroid/src/main/res/layout/preference_controls_tab.xml,1,0,0,0,1,1,2026-03-23,2026-03-23,9,0.0,1.0,0,0.0,0.0
AnkiDroid/src/main/res/layout/preference_extended_category.xml,1,0,0,0,1,1,2026-03-23,2026-03-23,9,0.0,1.0,0,0.0,0.0
AnkiDroid/src/main/res/layout/view_browser_column_cell.xml,1,0,0,0,1,1,2026-03-23,2026-03-23,9,0.0,1.0,0,0.0,0.0
AnkiDroid/src/main/res/layout/view_browser_column_heading.xml,1,0,0,0,1,1,2026-03-23,2026-03-23,9,0.0,1.0,0,0.0,0.0
AnkiDroid/src/main/res/layout/view_colorpicker_flag_bubble.xml,1,0,0,0,1,1,2026-03-23,2026-03-23,9,0.0,1.0,0,0.0,0.0
AnkiDroid/src/main/res/layout/view_instant_editor_field.xml,1,0,0,0,1,1,2026-03-23,2026-03-23,9,0.0,1.0,0,0.0,0.0
AnkiDroid/src/main/res/layout/view_navdrawer_header.xml,1,0,0,0,1,1,2026-03-23,2026-03-23,9,0.0,1.0,0,0.0,0.0
AnkiDroid/src/main/res/layout/view_note_editor_toolbar.xml,1,0,0,0,1,1,2026-03-23,2026-03-23,9,0.0,1.0,0,0.0,0.0
AnkiDroid/src/main/res/layout/view_resizing_divider_internal.xml,1,0,0,0,1,1,2026-03-23,2026-03-23,9,0.0,1.0,0,0.0,0.0
AnkiDroid/src/main/res/layout/view_sync_progress_layout.xml,1,0,0,0,1,1,2026-03-23,2026-03-23,9,0.0,1.0,0,0.0,0.0
AnkiDroid/src/main/res/layout/view_tab_layout_icon_on_end.xml,1,0,0,0,1,1,2026-03-23,2026-03-23,9,0.0,1.0,0,0.0,0.0
docs/marketing/play_store/1.png,1,0,0,0,1,1,2026-02-21,2026-02-21,39,0.0,1.0,0,0.0,0.0
