file_path,commit_count,additions,deletions,total_churn,unique_contributors,active_days,first_commit_date,last_commit_date,days_since_last_touch,avg_churn_per_commit,ownership_concentration,bugfix_commit_count,bugfix_commit_ratio,churn_burstiness
tools/localization/yarn.lock,20,2453,3362,5815,2,19,2025-10-23,2026-04-15,9,290.75,0.95,0,0.0,0.4247635425623388
AnkiDroid/src/main/java/com/ichi2/anki/CardBrowser.kt,48,791,990,1781,12,31,2025-09-10,2026-03-30,25,37.104166666666664,0.6458333333333334,15,0.3125,0.22515440763615946
tools/localization/.yarn/releases/yarn-4.10.3.cjs,2,355,1297,1652,1,2,2025-10-23,2026-03-10,45,826.0,1.0,0,0.0,0.5702179176755447
AnkiDroid/src/main/java/com/ichi2/anki/DeckPicker.kt,69,422,824,1246,15,44,2025-01-31,2026-04-18,6,18.057971014492754,0.4492753623188406,20,0.2898550724637681,0.10754414125200643
AnkiDroid/src/test/java/com/ichi2/anki/services/NotificationServiceTest.kt,5,735,363,1098,1,5,2025-11-03,2026-04-12,12,219.6,1.0,1,0.2,0.34335154826958103
AnkiDroid/src/main/java/com/ichi2/anki/NoteEditorFragment.kt,57,547,543,1090,15,39,2025-08-25,2026-04-22,2,19.12280701754386,0.5263157894736842,21,0.3684210526315789,0.22018348623853212
AnkiDroid/src/main/java/com/ichi2/anki/browser/CardBrowserFragment.kt,42,839,184,1023,7,24,2025-11-18,2026-04-12,12,24.357142857142858,0.8333333333333334,11,0.2619047619047619,0.17497556207233628
AnkiDroid/src/androidTest/java/com/ichi2/anki/tests/ContentProviderTest.kt,8,959,25,984,4,8,2025-11-22,2026-04-18,6,123.0,0.375,1,0.125,0.3617886178861789
tools/localization/.yarn/releases/yarn-4.13.0.cjs,1,940,0,940,1,1,2026-03-10,2026-03-10,45,940.0,1.0,0,0.0,1.0
AnkiDroid/src/main/java/com/ichi2/anki/ui/windows/reviewer/ReviewerFragment.kt,45,447,435,882,6,27,2025-09-11,2026-04-22,2,19.6,0.8666666666666667,18,0.4,0.2789115646258503
AnkiDroid/src/test/java/com/ichi2/anki/reviewreminders/ReviewRemindersDatabaseTest.kt,4,511,297,808,1,4,2026-01-30,2026-02-16,67,202.0,1.0,1,0.25,0.5767326732673267
AnkiDroid/src/main/java/com/ichi2/anki/dialogs/ChangeNoteTypeDialog.kt,9,683,24,707,3,7,2025-11-08,2026-04-06,18,78.55555555555556,0.6666666666666666,1,0.1111111111111111,0.917963224893918
AnkiDroid/src/main/java/com/ichi2/anki/ui/windows/reviewer/whiteboard/WhiteboardFragment.kt,16,284,366,650,4,11,2025-09-11,2026-03-25,30,40.625,0.75,3,0.1875,0.3446153846153846
AnkiDroid/src/main/java/com/ichi2/anki/CardTemplateEditor.kt,34,391,252,643,9,25,2025-09-10,2026-04-21,3,18.91176470588235,0.7058823529411765,7,0.20588235294117646,0.3965785381026439
AnkiDroid/src/test/java/com/ichi2/anki/DeckPickerTest.kt,18,347,287,634,7,17,2025-09-08,2026-04-18,6,35.22222222222222,0.5,5,0.2777777777777778,0.6498422712933754
AnkiDroid/src/main/java/com/ichi2/anki/dialogs/ChangeNoteTypeViewModel.kt,4,597,4,601,3,3,2025-11-08,2026-02-08,75,150.25,0.5,1,0.25,0.9900166389351082
AnkiDroid/src/main/java/com/ichi2/anki/ui/windows/reviewer/ReviewerViewModel.kt,31,331,244,575,3,17,2025-09-13,2026-04-23,1,18.548387096774192,0.8709677419354839,6,0.1935483870967742,0.4191304347826087
AnkiDroid/src/test/java/com/ichi2/anki/browser/CardBrowserViewModelTest.kt,17,530,39,569,5,11,2025-11-08,2026-04-19,5,33.470588235294116,0.7647058823529411,5,0.29411764705882354,0.18629173989455183
AnkiDroid/src/main/java/com/ichi2/anki/FilteredDeckOptions.kt,4,74,495,569,3,3,2025-12-01,2026-01-05,109,142.25,0.5,1,0.25,0.8295254833040422
AnkiDroid/src/main/res/values-hr/02-strings.xml,24,294,273,567,1,23,2025-10-30,2026-04-23,1,23.625,1.0,0,0.0,0.8465608465608465
AnkiDroid/src/test/java/com/ichi2/anki/dialogs/ChangeNoteTypeViewModelTest.kt,1,557,0,557,1,1,2025-11-08,2025-11-08,167,557.0,1.0,0,0.0,1.0
AnkiDroid/src/test/java/com/ichi2/anki/CardBrowserTest.kt,25,493,52,545,6,14,2025-11-28,2026-04-10,14,21.8,0.76,6,0.24,0.4018348623853211
AnkiDroid/src/main/java/com/ichi2/anki/browser/CardBrowserViewModel.kt,30,357,179,536,8,22,2025-10-19,2026-04-17,7,17.866666666666667,0.7333333333333333,7,0.23333333333333334,0.21455223880597016
AnkiDroid/src/main/java/com/ichi2/anki/reviewreminders/ReviewRemindersDatabase.kt,6,297,238,535,2,6,2026-01-30,2026-04-17,7,89.16666666666667,0.8333333333333334,1,0.16666666666666666,0.48785046728971965
AnkiDroid/src/main/java/com/ichi2/anki/services/NotificationService.kt,9,453,66,519,2,8,2025-11-03,2026-04-20,4,57.666666666666664,0.6666666666666666,5,0.5555555555555556,0.5510597302504817
AnkiDroid/src/test/java/com/ichi2/anki/services/AlarmManagerServiceTest.kt,4,443,75,518,1,4,2025-11-03,2026-02-16,67,129.5,1.0,0,0.0,0.46332046332046334
AnkiDroid/src/main/java/com/ichi2/anki/browser/search/CardBrowserSearchViewModel.kt,14,467,48,515,1,6,2026-01-11,2026-03-12,43,36.785714285714285,1.0,1,0.07142857142857142,0.2
AnkiDroid/src/main/java/com/ichi2/anki/StudyOptionsFragment.kt,16,188,321,509,6,13,2025-08-29,2026-04-17,7,31.8125,0.4375,3,0.1875,0.3968565815324165
AnkiDroid/src/main/java/com/ichi2/anki/DeckPickerFloatingActionMenu.kt,7,277,225,502,3,7,2025-09-11,2026-03-23,32,71.71428571428571,0.7142857142857143,1,0.14285714285714285,0.7370517928286853
AnkiDroid/src/main/res/layout/reviewer2.xml,14,199,287,486,2,10,2025-09-11,2026-01-23,91,34.714285714285715,0.9285714285714286,5,0.35714285714285715,0.4382716049382716
AnkiDroid/src/main/java/com/ichi2/anki/browser/search/StandardSearchFragment.kt,10,427,57,484,1,6,2026-01-11,2026-03-12,43,48.4,1.0,0,0.0,0.2334710743801653
AnkiDroid/src/test/java/com/ichi2/anki/browser/search/CardBrowserSearchViewModelTest.kt,7,427,33,460,1,4,2026-01-11,2026-03-05,50,65.71428571428571,1.0,0,0.0,0.3739130434782609
AnkiDroid/src/main/java/com/ichi2/anki/model/FieldFilters.kt,1,453,0,453,1,1,2026-03-20,2026-03-20,35,453.0,1.0,0,0.0,1.0
AnkiDroid/src/main/java/com/ichi2/anki/notetype/ManageNoteTypesViewModel.kt,6,398,50,448,3,6,2025-11-11,2026-01-03,111,74.66666666666667,0.6666666666666666,2,0.3333333333333333,0.44642857142857145
AnkiDroid/src/main/java/com/ichi2/anki/dialogs/InsertFieldDialog.kt,8,334,108,442,2,7,2025-10-28,2026-03-22,33,55.25,0.875,3,0.375,0.4751131221719457
AnkiDroid/src/main/java/com/ichi2/anki/multiprofile/ProfileManager.kt,6,418,20,438,1,5,2025-12-20,2026-04-17,7,73.0,1.0,0,0.0,0.7100456621004566
AnkiDroid/src/main/java/com/ichi2/anki/tags/ManageTagsViewModel.kt,5,401,36,437,2,3,2026-03-25,2026-04-23,1,87.4,0.8,3,0.6,0.8215102974828375
AnkiDroid/src/main/java/com/ichi2/anki/filtered/FilteredDeckOptionsFragment.kt,8,411,22,433,1,3,2025-12-01,2026-03-22,33,54.125,1.0,3,0.375,0.766743648960739
AnkiDroid/src/main/java/com/ichi2/anki/filtered/FilteredDeckOptionsViewModel.kt,6,429,2,431,1,3,2025-12-01,2026-03-22,33,71.83333333333333,1.0,1,0.16666666666666666,0.7540603248259861
AnkiDroid/src/main/res/layout-sw720dp/reviewer2.xml,8,67,362,429,1,5,2025-12-13,2026-01-07,107,53.625,1.0,3,0.375,0.4755244755244755
AnkiDroid/src/main/res/layout/fragment_filtered_deck_options.xml,5,392,29,421,1,3,2025-12-01,2026-03-22,33,84.2,1.0,2,0.4,0.8147268408551069
AnkiDroid/src/test/java/com/ichi2/anki/tags/FlattenTreeTest.kt,2,418,1,419,1,2,2026-03-25,2026-04-20,4,209.5,1.0,0,0.0,0.9952267303102625
AnkiDroid/src/main/res/values-hr/03-dialogs.xml,14,219,194,413,1,13,2025-11-30,2026-04-06,18,29.5,1.0,0,0.0,0.8329297820823245
AnkiDroid/src/main/java/com/ichi2/anki/reviewreminders/ScheduleReminders.kt,9,246,164,410,2,9,2025-09-11,2026-04-20,4,45.55555555555556,0.7777777777777778,1,0.1111111111111111,0.3073170731707317
AnkiDroid/src/main/java/com/ichi2/anki/browser/search/AdvancedSearchFragment.kt,6,388,16,404,1,3,2026-01-11,2026-03-22,33,67.33333333333333,1.0,1,0.16666666666666666,0.6732673267326733
AnkiDroid/src/main/java/com/ichi2/ui/AppCompatPreferenceActivity.kt,1,0,404,404,1,1,2025-12-01,2025-12-01,144,404.0,1.0,0,0.0,1.0
AnkiDroid/src/test/java/com/ichi2/anki/tags/ManageTagsViewModelTest.kt,2,395,8,403,1,2,2026-03-25,2026-04-20,4,201.5,1.0,0,0.0,0.9602977667493796
AnkiDroid/src/test/java/com/ichi2/anki/TranslationTest.kt,2,397,4,401,2,2,2026-03-18,2026-03-21,34,200.5,0.5,1,0.5,0.9900249376558603
AnkiDroid/src/main/java/com/ichi2/anki/MyAccount.kt,1,0,396,396,1,1,2025-01-31,2025-01-31,448,396.0,1.0,0,0.0,1.0
AnkiDroid/src/main/java/com/ichi2/anki/services/AlarmManagerService.kt,5,388,7,395,2,5,2025-11-03,2026-04-20,4,79.0,0.8,2,0.4,0.8329113924050633
AnkiDroid/src/main/java/com/ichi2/anki/NoteEditorActivity.kt,8,338,53,391,5,7,2025-08-25,2026-01-19,95,48.875,0.25,1,0.125,0.6035805626598465
AnkiDroid/src/main/java/com/ichi2/anki/notetype/ManageNotetypes.kt,10,204,184,388,6,10,2025-09-10,2026-04-17,7,38.8,0.3,3,0.3,0.5902061855670103
AnkiDroid/src/main/java/com/ichi2/anki/DeckSpinnerSelection.kt,9,96,289,385,1,6,2025-10-13,2025-11-04,171,42.77777777777778,1.0,0,0.0,0.45454545454545453
AnkiDroid/src/main/java/com/ichi2/anki/reviewreminders/ReminderTroubleshootingFragment.kt,3,383,2,385,1,1,2026-03-28,2026-03-28,27,128.33333333333334,1.0,0,0.0,0.43116883116883115
libanki/src/main/java/com/ichi2/anki/libanki/Collection.kt,13,240,138,378,4,9,2025-12-02,2026-02-01,82,29.076923076923077,0.6923076923076923,2,0.15384615384615385,0.2671957671957672
AnkiDroid/src/test/java/com/ichi2/anki/NoteEditorTest.kt,14,350,14,364,7,11,2025-11-03,2026-04-18,6,26.0,0.5714285714285714,8,0.5714285714285714,0.19505494505494506
AnkiDroid/src/main/java/com/ichi2/anki/pages/ImageOcclusion.kt,13,189,174,363,4,9,2025-09-21,2026-03-23,32,27.923076923076923,0.6153846153846154,4,0.3076923076923077,0.3856749311294766
AnkiDroid/src/main/java/com/ichi2/anki/account/LoginFragment.kt,8,341,20,361,4,5,2025-01-31,2026-03-23,32,45.125,0.25,1,0.125,0.7229916897506925
AnkiDroid/src/main/java/com/ichi2/anki/ui/windows/reviewer/whiteboard/WhiteboardToolbar.kt,3,339,13,352,2,3,2025-12-30,2026-03-19,36,117.33333333333333,0.6666666666666666,1,0.3333333333333333,0.5909090909090909
lint-rules/src/main/java/com/ichi2/anki/lint/rules/LayoutPrefixDetector.kt,8,223,128,351,2,3,2026-02-08,2026-03-23,32,43.875,0.875,0,0.0,0.5726495726495726
AnkiDroid/src/main/java/com/ichi2/utils/ImportUtils.kt,14,205,145,350,7,10,2025-11-25,2026-04-20,4,25.0,0.5714285714285714,5,0.35714285714285715,0.29714285714285715
AnkiDroid/src/main/java/com/ichi2/anki/deckpicker/DeckPickerViewModel.kt,14,296,53,349,9,11,2025-09-24,2026-04-07,17,24.928571428571427,0.2857142857142857,3,0.21428571428571427,0.31805157593123207
AnkiDroid/src/main/res/values-et/10-preferences.xml,5,169,176,345,1,5,2026-02-02,2026-04-09,15,69.0,1.0,0,0.0,0.9391304347826087
AnkiDroid/src/main/res/values-be/02-strings.xml,33,179,159,338,1,31,2025-10-30,2026-04-23,1,10.242424242424242,1.0,0,0.0,0.3254437869822485
AnkiDroid/src/main/java/com/ichi2/anki/pages/viewmodel/ImageOcclusionViewModel.kt,7,249,87,336,2,3,2025-09-21,2025-11-24,151,48.0,0.8571428571428571,2,0.2857142857142857,0.27976190476190477
.github/workflows/codeql.yml,9,222,111,333,4,7,2025-10-27,2026-04-18,6,37.0,0.3333333333333333,2,0.2222222222222222,0.3153153153153153
AnkiDroid/src/test/java/com/ichi2/anki/browser/SearchHistoryTest.kt,4,304,20,324,1,3,2026-01-18,2026-01-22,92,81.0,1.0,0,0.0,0.42901234567901236
AnkiDroid/src/test/java/com/ichi2/anki/reviewreminders/ReminderTroubleshootingViewModelTest.kt,6,298,25,323,1,1,2026-03-28,2026-03-28,27,53.833333333333336,1.0,0,0.0,0.37770897832817335
AnkiDroid/src/test/java/com/ichi2/anki/filtered/FilteredDeckOptionsViewModelTest.kt,4,323,0,323,1,3,2025-12-01,2026-03-22,33,80.75,1.0,1,0.25,0.6749226006191951
AnkiDroid/src/main/java/com/ichi2/anki/ui/windows/reviewer/whiteboard/WhiteboardView.kt,5,206,109,315,3,4,2026-01-30,2026-03-25,30,63.0,0.6,2,0.4,0.3333333333333333
AnkiDroid/src/main/res/values-et/02-strings.xml,25,163,143,306,1,23,2025-10-30,2026-04-23,1,12.24,1.0,0,0.0,0.477124183006536
AnkiDroid/src/main/java/com/ichi2/anki/export/ExportDialogFragment.kt,7,112,188,300,4,7,2025-09-11,2026-03-22,33,42.857142857142854,0.5714285714285714,2,0.2857142857142857,0.7966666666666666
AnkiDroid/src/main/java/com/ichi2/anki/analytics/UsageAnalytics.kt,4,19,281,300,3,4,2025-09-13,2026-04-08,16,75.0,0.5,1,0.25,0.89
AnkiDroid/src/test/java/com/ichi2/anki/previewer/PreviewerViewModelTest.kt,10,272,23,295,2,8,2025-11-29,2026-04-10,14,29.5,0.6,4,0.4,0.8101694915254237
AnkiDroid/src/test/java/com/ichi2/anki/CardTemplateEditorTest.kt,12,256,38,294,6,10,2025-09-10,2026-04-21,3,24.5,0.5833333333333334,7,0.5833333333333334,0.30272108843537415
AnkiDroid/src/main/java/com/ichi2/anki/analytics/AnalyticsConstants.kt,1,292,0,292,1,1,2026-04-08,2026-04-08,16,292.0,1.0,0,0.0,1.0
AnkiDroid/src/main/java/com/ichi2/anki/servicelayer/PreferenceUpgradeService.kt,7,233,57,290,2,4,2025-11-14,2026-02-20,63,41.42857142857143,0.8571428571428571,2,0.2857142857142857,0.33793103448275863
AnkiDroid/src/test/java/com/ichi2/anki/multiprofile/ProfileManagerTest.kt,4,278,12,290,1,4,2025-12-20,2026-04-09,15,72.5,1.0,0,0.0,0.603448275862069
AnkiDroid/src/main/java/com/ichi2/anki/workarounds/SafeWebViewLayout.kt,9,264,22,286,5,6,2025-11-07,2026-04-17,7,31.77777777777778,0.4444444444444444,5,0.5555555555555556,0.4020979020979021
AnkiDroid/src/main/java/com/ichi2/anki/ui/RecyclerFastScroller.kt,8,150,132,282,4,8,2025-11-24,2026-03-23,32,35.25,0.375,3,0.375,0.4397163120567376
api/src/main/java/com/ichi2/anki/FlashCardsContract.kt,4,276,0,276,2,4,2026-01-23,2026-04-18,6,69.0,0.75,0,0.0,0.37681159420289856
AnkiDroid/src/test/java/com/ichi2/anki/model/FieldFilterChainTest.kt,1,274,0,274,1,1,2026-03-20,2026-03-20,35,274.0,1.0,0,0.0,1.0
AnkiDroid/src/test/java/com/ichi2/anki/notetype/ManageNoteTypesViewModelTest.kt,3,253,15,268,3,3,2025-11-13,2026-01-03,111,89.33333333333333,0.3333333333333333,2,0.6666666666666666,0.835820895522388
AnkiDroid/src/main/java/com/ichi2/anki/CoroutineHelpers.kt,19,150,114,264,7,14,2025-11-11,2026-04-17,7,13.894736842105264,0.6842105263157895,11,0.5789473684210527,0.20075757575757575
AnkiDroid/src/main/java/com/ichi2/anki/AnkiDroidApp.kt,21,166,97,263,6,14,2025-11-03,2026-04-17,7,12.523809523809524,0.7142857142857143,9,0.42857142857142855,0.19011406844106463
AnkiDroid/src/main/java/com/ichi2/anki/reviewreminders/ReminderTroubleshootingViewModel.kt,6,252,10,262,1,1,2026-03-28,2026-03-28,27,43.666666666666664,1.0,0,0.0,0.4389312977099237
AnkiDroid/src/main/java/com/ichi2/anki/CardTemplateNotetype.kt,11,146,112,258,5,7,2025-10-20,2026-03-22,33,23.454545454545453,0.36363636363636365,3,0.2727272727272727,0.18604651162790697
AnkiDroid/src/main/res/layout/fragment_standard_search.xml,5,221,36,257,1,5,2026-01-11,2026-03-13,42,51.4,1.0,0,0.0,0.6186770428015564
AnkiDroid/build.gradle,48,146,102,248,8,38,2025-01-31,2026-04-22,2,5.166666666666667,0.6041666666666666,2,0.041666666666666664,0.1975806451612903
AnkiDroid/src/main/java/com/ichi2/anki/notetype/NoteTypesAdapter.kt,3,199,45,244,2,3,2025-11-13,2026-01-12,102,81.33333333333333,0.6666666666666666,1,0.3333333333333333,0.6639344262295082
AnkiDroid/src/main/res/values-et/03-dialogs.xml,15,134,109,243,1,14,2025-11-30,2026-04-06,18,16.2,1.0,0,0.0,0.5596707818930041
AnkiDroid/src/main/java/com/ichi2/anki/dialogs/customstudy/CustomStudyDialog.kt,14,130,106,236,3,10,2025-12-02,2026-04-06,18,16.857142857142858,0.5714285714285714,3,0.21428571428571427,0.25
AnkiDroid/src/test/java/com/ichi2/anki/dialogs/CreateDeckDialogTest.kt,4,168,68,236,3,4,2025-12-01,2026-04-07,17,59.0,0.5,1,0.25,0.614406779661017
libanki/src/main/java/com/ichi2/anki/libanki/Decks.kt,13,159,75,234,2,3,2025-09-08,2026-01-26,88,18.0,0.8461538461538461,0,0.0,0.23504273504273504
AnkiDroid/src/main/res/values-ind/02-strings.xml,26,126,107,233,1,24,2025-10-30,2026-04-23,1,8.961538461538462,1.0,0,0.0,0.575107296137339
AnkiDroid/src/test/java/com/ichi2/anki/pages/viewmodel/ImageOcclusionViewModelTest.kt,2,233,0,233,1,2,2025-11-24,2026-04-14,10,116.5,1.0,1,0.5,0.9871244635193133
AnkiDroid/src/main/java/com/ichi2/preferences/IncrementerNumberRangePreferenceCompat.kt,6,152,77,229,4,6,2025-11-22,2026-03-19,36,38.166666666666664,0.3333333333333333,3,0.5,0.44541484716157204
AnkiDroid/src/main/java/com/ichi2/anki/recorder/AudioRecorder.kt,3,221,7,228,2,3,2025-12-23,2026-03-22,33,76.0,0.6666666666666666,1,0.3333333333333333,0.8245614035087719
AnkiDroid/src/test/java/com/ichi2/anki/multiprofile/ProfileContextWrapperTest.kt,2,222,0,222,2,2,2025-12-06,2026-01-05,109,111.0,0.5,0,0.0,0.9819819819819819
common/src/test/java/com/ichi2/anki/common/utils/StringUtilsTest.kt,3,221,0,221,2,2,2026-01-07,2026-01-30,84,73.66666666666667,0.6666666666666666,0,0.0,0.7149321266968326
lint-rules/src/main/java/com/ichi2/anki/lint/utils/LayoutPrefixUtils.kt,2,110,110,220,2,2,2026-01-03,2026-02-08,75,110.0,0.5,0,0.0,0.5
AnkiDroid/src/main/res/values-pl/02-strings.xml,25,119,97,216,1,24,2025-10-30,2026-04-23,1,8.64,1.0,0,0.0,0.5740740740740741
AnkiDroid/src/main/assets/changelog.html,2,209,7,216,1,1,2025-12-12,2025-12-12,133,108.0,1.0,0,0.0,0.9953703703703703
AnkiDroid/src/test/java/com/ichi2/anki/ui/windows/reviewer/autoadvance/AutoAdvanceTest.kt,2,215,1,216,1,2,2026-01-07,2026-04-22,2,108.0,1.0,1,0.5,0.9861111111111112
AnkiDroid/src/main/res/layout/view_whiteboard_toolbar.xml,5,150,64,214,3,5,2025-12-30,2026-04-22,2,42.8,0.6,1,0.2,0.6121495327102804
CONTRIBUTING.md,4,209,5,214,3,4,2025-12-09,2026-01-28,86,53.5,0.5,0,0.0,0.883177570093458
AnkiDroid/src/test/java/com/ichi2/anki/browser/SortTypeTest.kt,1,207,0,207,1,1,2026-01-27,2026-01-27,87,207.0,1.0,0,0.0,1.0
AnkiDroid/src/main/res/values-ru/02-strings.xml,27,114,92,206,1,25,2025-10-30,2026-04-23,1,7.62962962962963,1.0,0,0.0,0.32038834951456313
AnkiDroid/src/main/java/com/ichi2/anki/previewer/TemplatePreviewerFragment.kt,15,105,101,206,4,10,2025-08-25,2026-01-17,97,13.733333333333333,0.5333333333333333,2,0.13333333333333333,0.35436893203883496
AnkiDroid/src/main/java/com/ichi2/anki/dialogs/InsertFieldDialogViewModel.kt,4,201,2,203,1,3,2026-01-01,2026-01-07,107,50.75,1.0,0,0.0,0.37438423645320196
AnkiDroid/src/test/java/com/ichi2/anki/dialogs/InsertFieldDialogTest.kt,3,203,0,203,1,3,2026-01-07,2026-04-14,10,67.66666666666667,1.0,1,0.3333333333333333,0.9211822660098522
AnkiDroid/src/test/java/com/ichi2/anki/ui/windows/reviewer/AnswerTimerTest.kt,2,202,0,202,1,2,2025-12-13,2026-04-22,2,101.0,1.0,2,1.0,0.9257425742574258
lint-rules/src/main/java/com/ichi2/anki/lint/rules/FragmentLayoutPrefixDetector.kt,2,101,101,202,2,2,2026-01-03,2026-02-08,75,101.0,0.5,0,0.0,0.5
AnkiDroid/src/main/java/com/ichi2/preferences/StepsPreference.kt,3,18,183,201,2,2,2025-12-10,2026-01-05,109,67.0,0.6666666666666666,2,0.6666666666666666,0.8208955223880597
AnkiDroid/src/main/res/values-pt-rBR/02-strings.xml,29,110,90,200,1,28,2025-10-30,2026-04-23,1,6.896551724137931,1.0,0,0.0,0.28
AnkiDroid/src/main/res/values-hr/10-preferences.xml,4,96,104,200,1,4,2026-01-28,2026-04-09,15,50.0,1.0,0,0.0,0.935
AnkiDroid/src/main/res/values-nl/02-strings.xml,27,109,89,198,1,26,2025-10-30,2026-04-23,1,7.333333333333333,1.0,0,0.0,0.2727272727272727
lint-rules/src/main/java/com/ichi2/anki/lint/rules/DialogLayoutPrefixDetector.kt,2,99,99,198,2,2,2026-01-03,2026-02-08,75,99.0,0.5,0,0.0,0.5
lint-rules/src/main/java/com/ichi2/anki/lint/rules/ViewLayoutPrefixDetector.kt,2,99,99,198,2,2,2026-01-03,2026-02-08,75,99.0,0.5,0,0.0,0.5
AnkiDroid/src/test/java/com/ichi2/anki/recorder/AudioRecorderTest.kt,4,196,1,197,2,4,2025-12-23,2026-04-14,10,49.25,0.5,1,0.25,0.7360406091370558
lint-rules/src/test/java/com/ichi2/anki/lint/rules/ActivityLayoutPrefixDetectorTest.kt,2,98,98,196,2,2,2026-01-03,2026-02-08,75,98.0,0.5,0,0.0,0.5
lint-rules/src/test/java/com/ichi2/anki/lint/rules/DialogLayoutPrefixDetectorTest.kt,2,98,98,196,2,2,2026-01-03,2026-02-08,75,98.0,0.5,0,0.0,0.5
lint-rules/src/test/java/com/ichi2/anki/lint/rules/FragmentLayoutPrefixDetectorTest.kt,2,98,98,196,2,2,2026-01-03,2026-02-08,75,98.0,0.5,0,0.0,0.5
lint-rules/src/test/java/com/ichi2/anki/lint/rules/ViewLayoutPrefixDetectorTest.kt,2,98,98,196,2,2,2026-01-03,2026-02-08,75,98.0,0.5,0,0.0,0.5
AnkiDroid/src/main/res/values-ro/02-strings.xml,24,108,87,195,1,22,2025-10-30,2026-04-23,1,8.125,1.0,0,0.0,0.5333333333333333
AnkiDroid/src/main/java/com/ichi2/anki/dialogs/CreateDeckDialog.kt,8,81,114,195,6,6,2025-12-01,2026-04-06,18,24.375,0.375,2,0.25,0.2358974358974359
AnkiDroid/src/main/res/values-uk/02-strings.xml,28,106,88,194,1,27,2025-10-26,2026-04-23,1,6.928571428571429,1.0,0,0.0,0.2268041237113402
build.gradle.kts,15,89,105,194,4,11,2025-11-02,2026-04-17,7,12.933333333333334,0.5333333333333333,3,0.2,0.34536082474226804
AnkiDroid/src/main/java/com/ichi2/anki/account/LoginViewModel.kt,6,173,20,193,2,3,2025-01-31,2026-04-05,19,32.166666666666664,0.5,1,0.16666666666666666,0.6424870466321243
AnkiDroid/src/test/java/com/ichi2/utils/PermissionsTest.kt,2,192,1,193,2,2,2025-12-28,2026-03-16,39,96.5,0.5,0,0.0,0.9896373056994818
AnkiDroid/src/test/java/com/ichi2/anki/recorder/AudioTimerTest.kt,1,193,0,193,1,1,2025-12-12,2025-12-12,133,193.0,1.0,0,0.0,1.0
common/android/src/main/java/com/ichi2/anki/CrashReportService.kt,1,192,0,192,1,1,2026-04-17,2026-04-17,7,192.0,1.0,0,0.0,1.0
AnkiDroid/src/main/java/com/ichi2/anki/browser/search/FlagsBottomSheetFragment.kt,1,190,0,190,1,1,2026-01-26,2026-01-26,88,190.0,1.0,0,0.0,1.0
AnkiDroid/src/main/java/com/ichi2/anki/deckpicker/DeckFilters.kt,1,190,0,190,1,1,2026-02-08,2026-02-08,75,190.0,1.0,0,0.0,1.0
AnkiDroid/src/main/java/com/ichi2/anki/notetype/NotetypeAdapter.kt,3,43,146,189,1,2,2025-11-12,2025-11-13,162,63.0,1.0,0,0.0,0.6084656084656085
AnkiDroid/src/test/java/com/ichi2/anki/ui/windows/reviewer/whiteboard/MultiTouchDetectorTest.kt,1,189,0,189,1,1,2026-02-06,2026-02-06,77,189.0,1.0,0,0.0,1.0
AnkiDroid/src/main/res/values-fi/02-strings.xml,28,104,84,188,1,26,2025-10-26,2026-04-23,1,6.714285714285714,1.0,0,0.0,0.3829787234042553
lint-rules/src/main/java/com/ichi2/anki/lint/rules/ActivityLayoutPrefixDetector.kt,2,94,94,188,2,2,2026-01-03,2026-02-08,75,94.0,0.5,0,0.0,0.5
AnkiDroid/src/main/java/com/ichi2/anki/multiprofile/ProfileContextWrapper.kt,1,188,0,188,1,1,2025-12-06,2025-12-06,139,188.0,1.0,0,0.0,1.0
AnkiDroid/src/main/res/values-th/02-strings.xml,24,102,83,185,1,22,2025-10-30,2026-04-23,1,7.708333333333333,1.0,0,0.0,0.5405405405405406
AnkiDroid/src/main/java/com/ichi2/utils/AlertDialogFacade.kt,9,120,64,184,5,9,2025-09-12,2026-04-19,5,20.444444444444443,0.5555555555555556,4,0.4444444444444444,0.358695652173913
AnkiDroid/src/main/java/com/ichi2/anki/reviewreminders/ReviewReminderSchema.kt,2,184,0,184,1,2,2026-02-02,2026-02-16,67,92.0,1.0,0,0.0,0.8641304347826086
AnkiDroid/src/main/java/com/ichi2/anki/browser/search/CardStateBottomSheetFragment.kt,2,164,17,181,1,1,2026-03-12,2026-03-12,43,90.5,1.0,0,0.0,0.8895027624309392
AnkiDroid/src/main/java/com/ichi2/anki/instantnoteeditor/InstantNoteEditorActivity.kt,6,85,95,180,5,6,2025-09-10,2026-03-31,24,30.0,0.3333333333333333,1,0.16666666666666666,0.7
AnkiDroid/src/main/res/values-ar/02-strings.xml,32,101,77,178,1,29,2025-10-30,2026-04-23,1,5.5625,1.0,0,0.0,0.20224719101123595
AnkiDroid/src/main/res/values-be/03-dialogs.xml,21,101,76,177,1,19,2025-11-30,2026-04-12,12,8.428571428571429,1.0,0,0.0,0.2598870056497175
AnkiDroid/src/main/java/com/ichi2/anki/settings/Prefs.kt,20,146,31,177,5,15,2025-11-08,2026-03-16,39,8.85,0.55,2,0.1,0.24293785310734464
AnkiDroid/src/main/res/values-heb/02-strings.xml,26,98,76,174,1,24,2025-10-30,2026-04-23,1,6.6923076923076925,1.0,0,0.0,0.3103448275862069
AnkiDroid/src/main/res/values-iw/02-strings.xml,26,98,76,174,1,24,2025-10-30,2026-04-23,1,6.6923076923076925,1.0,0,0.0,0.3103448275862069
AnkiDroid/src/test/java/com/ichi2/anki/sync/MeteredSyncPolicyTest.kt,2,172,2,174,1,1,2026-04-07,2026-04-07,17,87.0,1.0,1,0.5,0.8390804597701149
AnkiDroid/src/main/java/com/ichi2/anki/preferences/reviewer/ReviewerMenuView.kt,4,84,89,173,2,3,2025-09-11,2026-03-22,33,43.25,0.5,0,0.0,0.861271676300578
AnkiDroid/src/test/java/com/ichi2/anki/browser/FindAndReplaceDialogFragmentTest.kt,1,172,0,172,1,1,2025-12-28,2025-12-28,117,172.0,1.0,1,1.0,1.0
AnkiDroid/src/main/java/com/ichi2/anki/AnkiActivity.kt,11,39,131,170,7,10,2025-10-20,2026-04-17,7,15.454545454545455,0.45454545454545453,2,0.18181818181818182,0.3176470588235294
AnkiDroid/src/test/java/com/ichi2/anki/deckpicker/DeckFiltersTest.kt,1,169,0,169,1,1,2026-02-08,2026-02-08,75,169.0,1.0,0,0.0,1.0
AnkiDroid/src/main/res/values-uz/02-strings.xml,34,92,76,168,1,30,2025-10-30,2026-04-23,1,4.9411764705882355,1.0,0,0.0,0.14285714285714285
AnkiDroid/src/main/java/com/ichi2/anki/ui/windows/reviewer/audiorecord/AudioRecordView.kt,4,79,89,168,2,4,2025-09-12,2026-04-22,2,42.0,0.5,1,0.25,0.9107142857142857
AnkiDroid/src/main/java/com/ichi2/utils/Permissions.kt,7,160,7,167,4,6,2025-11-25,2026-04-19,5,23.857142857142858,0.42857142857142855,2,0.2857142857142857,0.49700598802395207
AnkiDroid/src/main/res/values-es-rES/02-strings.xml,27,93,73,166,1,24,2025-10-30,2026-04-23,1,6.148148148148148,1.0,0,0.0,0.37349397590361444
AnkiDroid/src/test/java/com/ichi2/anki/browser/search/SearchRequestTest.kt,5,152,14,166,1,4,2026-01-21,2026-04-14,10,33.2,1.0,0,0.0,0.8132530120481928
AnkiDroid/src/test/java/com/ichi2/anki/reviewreminders/ReviewReminderTest.kt,2,160,6,166,1,2,2025-12-26,2026-02-16,67,83.0,1.0,0,0.0,0.9578313253012049
AnkiDroid/src/main/java/com/ichi2/anki/browser/FindAndReplaceDialogFragment.kt,5,93,72,165,3,5,2025-12-10,2026-03-19,36,33.0,0.4,2,0.4,0.40606060606060607
AnkiDroid/src/main/res/values-gl/02-strings.xml,34,92,72,164,1,31,2025-10-30,2026-04-23,1,4.823529411764706,1.0,0,0.0,0.15853658536585366
AnkiDroid/src/main/res/values-tr/02-strings.xml,30,92,72,164,1,28,2025-10-30,2026-04-23,1,5.466666666666667,1.0,0,0.0,0.1524390243902439
.github/workflows/conflict.yaml,3,109,55,164,2,3,2025-12-12,2026-03-10,45,54.666666666666664,0.6666666666666666,2,0.6666666666666666,0.9329268292682927
AnkiDroid/src/test/java/com/ichi2/anki/dialogs/tags/TagsDialogViewModelTest.kt,1,164,0,164,1,1,2025-11-16,2025-11-16,159,164.0,1.0,0,0.0,1.0
AnkiDroid/src/test/java/com/ichi2/anki/DeckPickerNoExternalFilesDirTest.kt,5,154,8,162,1,3,2025-11-17,2025-11-30,145,32.4,1.0,4,0.8,0.3950617283950617
AnkiDroid/src/main/res/values-zh-rCN/02-strings.xml,33,88,73,161,1,29,2025-10-30,2026-04-23,1,4.878787878787879,1.0,0,0.0,0.15527950310559005
AnkiDroid/src/main/java/com/ichi2/anki/scheduling/SetDueDateDialog.kt,10,101,60,161,3,10,2025-09-11,2026-04-06,18,16.1,0.8,4,0.4,0.37267080745341613
libanki/src/test/java/com/ichi2/anki/libanki/SortOrderTest.kt,5,107,54,161,1,1,2026-01-27,2026-01-27,87,32.2,1.0,0,0.0,0.32298136645962733
AnkiDroid/src/main/res/values-fr/02-strings.xml,31,90,70,160,1,28,2025-10-29,2026-04-23,1,5.161290322580645,1.0,0,0.0,0.175
gradle/libs.versions.toml,23,88,72,160,8,20,2025-10-23,2026-04-19,5,6.956521739130435,0.34782608695652173,1,0.043478260869565216,0.175
AnkiDroid/src/main/java/com/ichi2/anki/NoteTypeFieldEditor.kt,14,74,86,160,5,11,2025-09-10,2026-03-23,32,11.428571428571429,0.42857142857142855,1,0.07142857142857142,0.2
AnkiDroid/src/main/java/com/ichi2/anki/dialogs/LoadingDialogFragment.kt,2,145,15,160,2,2,2025-01-12,2025-12-10,135,80.0,0.5,1,0.5,0.8125
AnkiDroid/src/main/res/values-es-rAR/02-strings.xml,27,89,69,158,1,24,2025-10-30,2026-04-23,1,5.851851851851852,1.0,0,0.0,0.34177215189873417
AnkiDroid/src/main/res/values-it/03-dialogs.xml,15,91,66,157,1,14,2025-11-30,2026-04-08,16,10.466666666666667,1.0,0,0.0,0.4585987261146497
libanki/src/main/java/com/ichi2/anki/libanki/SortOrder.kt,6,100,57,157,1,1,2026-01-27,2026-01-27,87,26.166666666666668,1.0,0,0.0,0.3248407643312102
AnkiDroid/src/main/java/com/ichi2/anki/reviewreminders/ScheduleRemindersAdapter.kt,5,139,18,157,3,4,2025-09-29,2026-03-22,33,31.4,0.6,1,0.2,0.802547770700637
AnkiDroid/src/test/java/com/ichi2/anki/dialogs/CustomStudyDialogTest.kt,6,146,9,155,3,5,2025-11-25,2026-03-19,36,25.833333333333332,0.5,2,0.3333333333333333,0.5290322580645161
AnkiDroid/src/main/java/com/ichi2/anki/ui/windows/reviewer/whiteboard/MultiTouchDetector.kt,3,143,11,154,1,2,2026-02-06,2026-03-12,43,51.333333333333336,1.0,1,0.3333333333333333,0.7402597402597403
AnkiDroid/src/main/java/com/ichi2/anki/recorder/AudioTimer.kt,1,154,0,154,1,1,2025-12-12,2025-12-12,133,154.0,1.0,0,0.0,1.0
AnkiDroid/src/test/java/com/ichi2/anki/dialogs/ImportFileSelectionFragmentTest.kt,1,154,0,154,1,1,2026-04-08,2026-04-08,16,154.0,1.0,0,0.0,1.0
AnkiDroid/src/main/java/com/ichi2/anki/notetype/ManageNoteTypesState.kt,5,130,23,153,2,5,2025-11-11,2026-01-08,106,30.6,0.6,1,0.2,0.6143790849673203
AnkiDroid/src/main/java/com/ichi2/anki/browser/SearchHistory.kt,3,152,1,153,1,3,2026-01-18,2026-01-22,92,51.0,1.0,0,0.0,0.6862745098039216
AnkiDroid/src/main/res/values-it/02-strings.xml,26,86,66,152,1,25,2025-10-30,2026-04-23,1,5.846153846153846,1.0,0,0.0,0.3026315789473684
AnkiDroid/src/main/java/com/ichi2/anki/ui/windows/reviewer/whiteboard/ColorPickerDialog.kt,4,142,10,152,3,4,2025-11-10,2026-03-26,29,38.0,0.5,3,0.75,0.5657894736842105
AnkiDroid/src/main/java/com/ichi2/anki/widgets/DeckDropDownAdapter.kt,2,15,137,152,1,2,2025-09-11,2025-12-10,135,76.0,1.0,1,0.5,0.8026315789473685
AnkiDroid/src/main/res/layout-land/view_audio_recorder.xml,1,151,0,151,1,1,2026-03-23,2026-03-23,32,151.0,1.0,0,0.0,1.0
AnkiDroid/src/main/res/layout/view_audio_recorder.xml,1,151,0,151,1,1,2026-03-23,2026-03-23,32,151.0,1.0,0,0.0,1.0
AnkiDroid/src/main/res/values-eo/02-strings.xml,32,85,65,150,1,29,2025-10-30,2026-04-23,1,4.6875,1.0,0,0.0,0.16
AnkiDroid/src/main/res/values-ja/02-strings.xml,28,84,65,149,1,26,2025-10-30,2026-04-23,1,5.321428571428571,1.0,0,0.0,0.3087248322147651
AnkiDroid/src/main/java/com/ichi2/anki/model/SortType.kt,4,135,14,149,1,1,2026-01-27,2026-01-27,87,37.25,1.0,0,0.0,0.6912751677852349
libanki/src/test/java/com/ichi2/anki/libanki/CardTest.kt,4,144,5,149,3,4,2025-11-19,2025-12-11,134,37.25,0.5,1,0.25,0.8322147651006712
AnkiDroid/src/test/java/com/ichi2/anki/ui/windows/reviewer/StudyScreenRepositoryTest.kt,2,148,0,148,1,2,2025-12-04,2026-01-17,97,74.0,1.0,0,0.0,0.9121621621621622
AnkiDroid/src/main/res/layout/item_manage_note_type.xml,3,66,81,147,2,2,2025-11-13,2026-01-12,102,49.0,0.6666666666666666,0,0.0,0.8571428571428571
AnkiDroid/src/test/java/com/ichi2/anki/pages/StatisticsTest.kt,3,127,18,145,3,3,2025-10-13,2025-12-11,134,48.333333333333336,0.3333333333333333,1,0.3333333333333333,0.696551724137931
AnkiDroid/src/main/java/com/ichi2/anki/dialogs/TtsVoicesDialogFragment.kt,2,58,87,145,1,2,2025-09-10,2026-03-22,33,72.5,1.0,0,0.0,0.9586206896551724
AnkiDroid/src/test/java/com/ichi2/anki/multiprofile/ProfileNameTest.kt,1,145,0,145,1,1,2026-04-09,2026-04-09,15,145.0,1.0,0,0.0,1.0
AnkiDroid/src/main/res/values-uk/03-dialogs.xml,15,84,60,144,1,14,2025-11-30,2026-04-19,5,9.6,1.0,0,0.0,0.19444444444444445
AnkiDroid/src/main/java/com/ichi2/anki/previewer/CardViewerFragment.kt,9,90,54,144,3,7,2025-10-09,2026-04-08,16,16.0,0.7777777777777778,4,0.4444444444444444,0.4513888888888889
AnkiDroid/src/main/java/com/ichi2/anki/i18n/LocaleCodes.kt,3,136,8,144,1,2,2025-12-15,2026-01-03,111,48.0,1.0,1,0.3333333333333333,0.7152777777777778
AnkiDroid/src/main/java/com/ichi2/anki/TtsVoices.kt,2,36,108,144,1,1,2025-12-15,2025-12-15,130,72.0,1.0,0,0.0,0.6111111111111112
AnkiDroid/src/main/java/com/ichi2/ui/CollectionMediaImageGetter.kt,1,144,0,144,1,1,2025-12-25,2025-12-25,120,144.0,1.0,1,1.0,1.0
AnkiDroid/src/main/res/values-pl/03-dialogs.xml,15,84,59,143,1,13,2025-11-30,2026-04-06,18,9.533333333333333,1.0,0,0.0,0.4755244755244755
AnkiDroid/src/main/java/com/ichi2/anki/deckpicker/BackgroundImage.kt,5,102,41,143,2,3,2025-11-08,2026-04-08,16,28.6,0.6,0,0.0,0.5874125874125874
AnkiDroid/src/test/java/com/ichi2/anki/browser/search/StandardSearchFragmentTest.kt,3,109,34,143,1,3,2026-01-19,2026-03-05,50,47.666666666666664,1.0,0,0.0,0.5874125874125874
AnkiDroid/src/main/java/com/ichi2/anki/browser/search/AdvancedSearchFieldsTab.kt,1,143,0,143,1,1,2026-03-16,2026-03-16,39,143.0,1.0,0,0.0,1.0
AnkiDroid/src/main/res/values-uz/03-dialogs.xml,20,83,59,142,1,17,2025-11-30,2026-04-19,5,7.1,1.0,0,0.0,0.14084507042253522
AnkiDroid/src/test/java/com/ichi2/anki/dialogs/InsertFieldDialogViewModelTest.kt,3,142,0,142,1,3,2026-01-01,2026-01-07,107,47.333333333333336,1.0,0,0.0,0.5
AnkiDroid/src/main/res/values-ind/03-dialogs.xml,16,83,58,141,1,15,2025-11-27,2026-04-06,18,8.8125,1.0,0,0.0,0.3546099290780142
AnkiDroid/src/main/java/com/ichi2/anki/SharedDecksDownloadFragment.kt,8,70,71,141,3,6,2025-09-11,2026-04-17,7,17.625,0.75,4,0.5,0.5177304964539007
AnkiDroid/src/main/assets/scripts/ankidroid.js,5,131,9,140,2,3,2025-11-02,2025-12-13,132,28.0,0.6,2,0.4,0.8214285714285714
AnkiDroid/src/test/java/com/ichi2/anki/multiprofile/ProfileSwitchGuardTest.kt,1,138,0,138,1,1,2026-04-04,2026-04-04,20,138.0,1.0,0,0.0,1.0
AnkiDroid/src/main/java/com/ichi2/anki/pages/PageFragment.kt,9,65,72,137,2,7,2025-11-07,2026-03-23,32,15.222222222222221,0.5555555555555556,3,0.3333333333333333,0.48175182481751827
AnkiDroid/src/main/java/com/ichi2/preferences/ReviewerControlPreference.kt,7,100,37,137,2,5,2026-01-08,2026-04-15,9,19.571428571428573,0.7142857142857143,2,0.2857142857142857,0.29927007299270075
AnkiDroid/src/main/java/com/ichi2/anki/filtered/FilteredDeckOptionsState.kt,4,137,0,137,1,3,2025-12-01,2026-03-22,33,34.25,1.0,0,0.0,0.8248175182481752
AnkiDroid/src/test/java/com/ichi2/anki/ui/windows/reviewer/StudyScreenScreenshotTest.kt,4,131,6,137,1,4,2025-12-21,2026-01-30,84,34.25,1.0,1,0.25,0.9343065693430657
AnkiDroid/src/test/java/com/ichi2/anki/browser/search/SavedSearchesTest.kt,3,137,0,137,1,3,2026-01-21,2026-01-31,83,45.666666666666664,1.0,1,0.3333333333333333,0.7591240875912408
AnkiDroid/src/main/res/layout/fragment_advanced_search.xml,2,134,3,137,1,1,2026-01-11,2026-01-11,103,68.5,1.0,0,0.0,0.8321167883211679
AnkiDroid/src/main/res/values-or/02-strings.xml,26,78,58,136,1,23,2025-10-30,2026-04-23,1,5.230769230769231,1.0,0,0.0,0.3382352941176471
AnkiDroid/src/main/java/com/ichi2/anki/account/LoggedInFragment.kt,3,133,3,136,2,3,2025-01-31,2026-03-23,32,45.333333333333336,0.6666666666666666,0,0.0,0.9632352941176471
AnkiDroid/src/main/java/com/ichi2/anki/dialogs/FieldSelectionDialog.kt,1,136,0,136,1,1,2026-03-16,2026-03-16,39,136.0,1.0,0,0.0,1.0
AnkiDroid/src/main/res/values-hr/07-cardbrowser.xml,2,68,67,135,1,2,2026-01-28,2026-04-19,5,67.5,1.0,0,0.0,0.9925925925925926
AnkiDroid/src/main/res/values-gl/03-dialogs.xml,22,79,54,133,1,20,2025-11-30,2026-04-12,12,6.045454545454546,1.0,0,0.0,0.16541353383458646
AnkiDroid/src/main/java/com/ichi2/anki/provider/CardContentProvider.kt,11,110,23,133,7,11,2025-11-23,2026-04-18,6,12.090909090909092,0.2727272727272727,3,0.2727272727272727,0.44360902255639095
AnkiDroid/src/main/java/com/ichi2/anki/DrawingActivity.kt,2,7,126,133,2,2,2025-09-10,2025-11-03,172,66.5,0.5,0,0.0,0.8571428571428571
AnkiDroid/src/test/java/com/ichi2/anki/cardviewer/MediaErrorHandlerJvmTest.kt,1,133,0,133,1,1,2025-12-27,2025-12-27,118,133.0,1.0,0,0.0,1.0
AnkiDroid/src/androidTest/java/com/ichi2/anki/ReviewerFragmentTest.kt,6,63,69,132,4,6,2025-09-11,2026-03-23,32,22.0,0.5,1,0.16666666666666666,0.45454545454545453
AnkiDroid/src/main/java/com/ichi2/anki/servicelayer/NoteService.kt,5,52,80,132,2,3,2025-11-23,2026-03-29,26,26.4,0.8,1,0.2,0.3712121212121212
AnkiDroid/src/main/res/layout/fragment_whiteboard.xml,2,13,119,132,1,1,2025-12-30,2025-12-30,115,66.0,1.0,0,0.0,0.9621212121212122
AnkiDroid/src/main/res/layout/card_browser_searchview_fragment.xml,6,81,50,131,1,4,2026-01-11,2026-03-22,33,21.833333333333332,1.0,1,0.16666666666666666,0.5038167938931297
AnkiDroid/src/main/java/com/ichi2/anki/multimediacard/AudioRecorder.kt,1,0,131,131,1,1,2025-12-23,2025-12-23,122,131.0,1.0,0,0.0,1.0
AnkiDroid/src/test/java/com/ichi2/preferences/NumberRangePreferenceCompatTest.kt,1,130,0,130,1,1,2025-12-28,2025-12-28,117,130.0,1.0,0,0.0,1.0
AnkiDroid/src/main/res/values-zh-rCN/03-dialogs.xml,20,76,52,128,1,18,2025-11-30,2026-04-08,16,6.4,1.0,0,0.0,0.171875
tools/localization/package.json,10,64,64,128,2,10,2025-10-23,2026-04-12,12,12.8,0.9,0,0.0,0.21875
AnkiDroid/src/main/java/com/ichi2/anki/widgets/DeckAdapter.kt,5,63,65,128,3,5,2025-09-11,2026-04-10,14,25.6,0.6,1,0.2,0.59375
AnkiDroid/src/main/res/values-ar/03-dialogs.xml,20,76,51,127,1,17,2025-11-30,2026-04-12,12,6.35,1.0,0,0.0,0.1732283464566929
AnkiDroid/src/main/res/values-ru/03-dialogs.xml,18,76,51,127,1,16,2025-11-21,2026-04-06,18,7.055555555555555,1.0,0,0.0,0.2677165354330709
AnkiDroid/src/main/res/values-hr/01-core.xml,8,66,60,126,1,8,2025-10-30,2026-04-04,20,15.75,1.0,0,0.0,0.9047619047619048
AnkiDroid/src/main/java/com/ichi2/anki/pages/RemoveAccountFragment.kt,4,69,57,126,3,4,2025-11-07,2026-03-23,32,31.5,0.5,2,0.5,0.8253968253968254
AnkiDroid/src/main/java/com/ichi2/anki/browser/search/CardState.kt,1,126,0,126,1,1,2026-01-23,2026-01-23,91,126.0,1.0,0,0.0,1.0
AnkiDroid/src/main/java/com/ichi2/anki/browser/search/SavedSearches.kt,3,123,2,125,1,3,2026-01-21,2026-01-31,83,41.666666666666664,1.0,1,0.3333333333333333,0.912
AnkiDroid/src/main/java/com/ichi2/anki/dialogs/tags/TagsDialog.kt,9,81,43,124,6,9,2025-09-11,2026-03-19,36,13.777777777777779,0.4444444444444444,4,0.4444444444444444,0.47580645161290325
AnkiDroid/src/main/java/com/ichi2/anki/FieldEditLine.kt,5,52,72,124,4,5,2025-09-11,2026-03-22,33,24.8,0.4,1,0.2,0.8467741935483871
AnkiDroid/src/main/java/com/ichi2/anki/browser/RepositionCardFragment.kt,5,74,50,124,3,5,2025-09-12,2026-03-16,39,24.8,0.6,2,0.4,0.3951612903225806
AnkiDroid/src/main/java/com/ichi2/anki/dialogs/DeckPickerContextMenu.kt,3,83,41,124,1,2,2025-12-10,2026-04-07,17,41.333333333333336,1.0,1,0.3333333333333333,0.47580645161290325
AnkiDroid/src/main/java/com/ichi2/anki/dialogs/ConfirmationDialog.kt,5,80,43,123,1,2,2025-12-10,2026-03-24,31,24.6,1.0,2,0.4,0.43089430894308944
AnkiDroid/src/main/java/com/ichi2/anki/ui/windows/permissions/PermissionsBottomSheet.kt,3,120,3,123,2,3,2025-11-25,2026-03-23,32,41.0,0.6666666666666666,1,0.3333333333333333,0.8943089430894309
AnkiDroid/src/main/res/values-nn/01-core.xml,8,64,58,122,1,8,2025-10-30,2026-04-04,20,15.25,1.0,0,0.0,0.9016393442622951
AnkiDroid/src/main/java/com/ichi2/anki/DrawingFragment.kt,5,114,8,122,2,5,2025-11-03,2026-03-23,32,24.4,0.6,0,0.0,0.7868852459016393
AnkiDroid/src/main/res/values-nl/03-dialogs.xml,15,73,48,121,1,14,2025-11-30,2026-04-15,9,8.066666666666666,1.0,0,0.0,0.36363636363636365
AnkiDroid/src/main/res/drawable/ic_widget_small.xml,1,121,0,121,1,1,2025-03-09,2025-03-09,411,121.0,1.0,0,0.0,1.0
AnkiDroid/src/main/java/com/ichi2/anki/utils/ext/BundleUtils.kt,4,75,45,120,1,2,2025-12-28,2026-03-16,39,30.0,1.0,0,0.0,0.6583333333333333
AnkiDroid/src/main/res/values-fi/03-dialogs.xml,18,72,47,119,1,16,2025-10-26,2026-04-19,5,6.611111111111111,1.0,0,0.0,0.25210084033613445
AnkiDroid/src/main/res/values-fr/03-dialogs.xml,17,72,47,119,1,14,2025-11-30,2026-04-19,5,7.0,1.0,0,0.0,0.16806722689075632
AnkiDroid/src/main/java/com/ichi2/anki/reviewreminders/ReviewReminderGroup.kt,1,119,0,119,1,1,2026-02-02,2026-02-02,81,119.0,1.0,0,0.0,1.0
AnkiDroid/src/test/java/com/ichi2/anki/ui/windows/reviewer/StudyCountsViewTest.kt,1,119,0,119,1,1,2025-12-29,2025-12-29,116,119.0,1.0,0,0.0,1.0
AnkiDroid/src/main/java/com/ichi2/anki/Reviewer.kt,14,79,39,118,7,12,2025-09-13,2026-04-17,7,8.428571428571429,0.5,3,0.21428571428571427,0.3050847457627119
AnkiDroid/src/main/res/values-th/01-core.xml,9,62,56,118,1,9,2025-10-30,2026-04-04,20,13.11111111111111,1.0,0,0.0,0.8813559322033898
AnkiDroid/src/main/java/com/ichi2/anki/dialogs/SavedBrowserSearchesDialogFragment.kt,8,81,37,118,2,6,2025-09-11,2026-03-22,33,14.75,0.875,1,0.125,0.3813559322033898
AnkiDroid/src/main/java/com/ichi2/anki/ui/windows/reviewer/AnswerFeedbackView.kt,6,66,52,118,2,4,2025-12-13,2026-03-09,46,19.666666666666668,0.8333333333333334,1,0.16666666666666666,0.6610169491525424
AnkiDroid/src/main/java/com/ichi2/anki/sync/SchemaChanges.kt,4,115,3,118,1,1,2026-01-28,2026-01-28,86,29.5,1.0,1,0.25,0.7033898305084746
AnkiDroid/src/main/java/com/ichi2/anki/model/SpecialField.kt,2,117,0,117,1,2,2026-01-06,2026-03-19,36,58.5,1.0,1,0.5,0.9829059829059829
AnkiDroid/src/main/res/layout/dialog_templates.xml,1,117,0,117,1,1,2025-11-08,2025-11-08,167,117.0,1.0,0,0.0,1.0
AnkiDroid/src/main/res/values-nn/02-strings.xml,24,68,48,116,1,23,2025-10-30,2026-04-23,1,4.833333333333333,1.0,0,0.0,0.25862068965517243
AnkiDroid/src/main/java/com/ichi2/anki/ui/windows/reviewer/whiteboard/WhiteboardViewModel.kt,4,91,25,116,3,3,2026-01-30,2026-03-25,30,29.0,0.5,1,0.25,0.5517241379310345
AnkiDroid/src/test/java/com/ichi2/anki/DeckPickerFloatingActionMenuTest.kt,3,9,107,116,1,3,2025-09-11,2026-04-14,10,38.666666666666664,1.0,0,0.0,0.9310344827586207
AnkiDroid/src/main/java/com/ichi2/anki/AcraCrashReporter.kt,2,51,65,116,1,1,2026-04-17,2026-04-17,7,58.0,1.0,0,0.0,0.9137931034482759
AnkiDroid/src/main/res/values-eo/03-dialogs.xml,18,70,45,115,1,16,2025-11-30,2026-04-06,18,6.388888888888889,1.0,0,0.0,0.12173913043478261
AnkiDroid/src/main/java/com/ichi2/anki/pages/Statistics.kt,6,31,84,115,3,4,2025-10-13,2026-03-23,32,19.166666666666668,0.5,1,0.16666666666666666,0.6608695652173913
AnkiDroid/src/main/res/values-de/02-strings.xml,26,67,47,114,1,24,2025-10-30,2026-04-23,1,4.384615384615385,1.0,0,0.0,0.21052631578947367
AnkiDroid/src/main/res/values-got/02-strings.xml,24,67,47,114,1,23,2025-10-30,2026-04-23,1,4.75,1.0,0,0.0,0.24561403508771928
AnkiDroid/src/test/java/com/ichi2/anki/instanteditor/InstantEditorViewModelTest.kt,4,108,6,114,2,4,2026-03-05,2026-04-05,19,28.5,0.5,3,0.75,0.40350877192982454
AnkiDroid/src/main/java/com/ichi2/anki/browser/search/SearchString.kt,2,114,0,114,1,2,2026-01-21,2026-02-01,82,57.0,1.0,0,0.0,0.9649122807017544
AnkiDroid/src/test/java/com/ichi2/anki/servicemodel/PreferenceUpgradeServiceTest.kt,2,114,0,114,1,2,2025-12-06,2026-01-08,106,57.0,1.0,0,0.0,0.5175438596491229
common/src/test/java/com/ichi2/anki/common/time/TimeUtilsTest.kt,3,111,1,112,2,2,2026-03-20,2026-04-13,11,37.333333333333336,0.6666666666666666,1,0.3333333333333333,0.6696428571428571
AnkiDroid/src/test/java/com/ichi2/anki/dialogs/GradeNowDialogTest.kt,1,112,0,112,1,1,2026-03-12,2026-03-12,43,112.0,1.0,0,0.0,1.0
AnkiDroid/src/main/java/com/ichi2/anki/ui/windows/reviewer/whiteboard/BrushAdapter.kt,2,110,1,111,2,2,2025-12-30,2026-03-22,33,55.5,0.5,0,0.0,0.9819819819819819
AnkiDroid/src/main/res/layout/fragment_reminder_troubleshooting.xml,2,109,2,111,1,1,2026-03-28,2026-03-28,27,55.5,1.0,0,0.0,0.8918918918918919
AnkiDroid/src/test/java/com/ichi2/anki/FilteredDeckOptionsTest.kt,2,16,95,111,2,2,2025-12-01,2026-01-05,109,55.5,0.5,0,0.0,0.7387387387387387
AnkiDroid/src/main/java/com/ichi2/anki/notetype/AddNewNotesType.kt,7,67,43,110,4,7,2025-09-11,2026-04-06,18,15.714285714285714,0.5714285714285714,1,0.14285714285714285,0.2818181818181818
AnkiDroid/src/main/res/values-es-rES/03-dialogs.xml,16,67,42,109,1,14,2025-11-27,2026-04-06,18,6.8125,1.0,0,0.0,0.23853211009174313
AnkiDroid/src/main/res/values-ja/03-dialogs.xml,16,67,42,109,1,14,2025-11-30,2026-04-19,5,6.8125,1.0,0,0.0,0.23853211009174313
AnkiDroid/src/main/java/com/ichi2/anki/reviewreminders/AddEditReminderDialog.kt,6,69,40,109,4,6,2025-10-15,2026-03-23,32,18.166666666666668,0.3333333333333333,0,0.0,0.6330275229357798
AnkiDroid/src/main/java/com/ichi2/anki/multimedia/audio/AudioRecordingController.kt,4,61,48,109,2,3,2025-12-12,2026-03-22,33,27.25,0.75,1,0.25,0.6788990825688074
AnkiDroid/src/main/java/com/ichi2/anki/ui/windows/reviewer/AnswerTimer.kt,2,108,1,109,1,2,2025-12-13,2026-04-22,2,54.5,1.0,2,1.0,0.9724770642201835
AnkiDroid/src/main/res/values-cs/02-strings.xml,27,65,43,108,1,26,2025-10-30,2026-04-23,1,4.0,1.0,0,0.0,0.2222222222222222
AnkiDroid/src/main/res/values-fa/02-strings.xml,25,65,43,108,1,24,2025-10-30,2026-04-23,1,4.32,1.0,0,0.0,0.2222222222222222
AnkiDroid/src/main/res/values-ug/02-strings.xml,25,62,46,108,1,24,2025-10-29,2026-04-23,1,4.32,1.0,0,0.0,0.2222222222222222
AnkiDroid/src/main/java/com/ichi2/anki/dialogs/DatabaseErrorDialog.kt,6,76,32,108,3,6,2025-11-21,2026-04-10,14,18.0,0.6666666666666666,3,0.5,0.3148148148148148
AnkiDroid/src/main/java/com/ichi2/anki/dialogs/DeckSelectionDialog.kt,6,66,42,108,4,6,2025-09-12,2026-03-22,33,18.0,0.5,2,0.3333333333333333,0.4722222222222222
AnkiDroid/src/main/res/values-pl/10-preferences.xml,5,50,57,107,1,5,2026-01-28,2026-04-09,15,21.4,1.0,0,0.0,0.7476635514018691
AnkiDroid/src/main/java/com/ichi2/anki/account/AccountActivity.kt,2,81,26,107,2,2,2025-01-31,2025-12-28,117,53.5,0.5,0,0.0,0.7570093457943925
AnkiDroid/src/main/java/com/ichi2/anki/preferences/ControlsSettingsFragment.kt,7,99,7,106,4,7,2025-11-14,2026-04-06,18,15.142857142857142,0.42857142857142855,2,0.2857142857142857,0.46226415094339623
AnkiDroid/src/main/java/com/ichi2/anki/ui/internationalization/SentenceCase.kt,5,100,6,106,3,5,2026-01-23,2026-04-06,18,21.2,0.6,1,0.2,0.37735849056603776
AnkiDroid/src/main/res/values-pt-rBR/03-dialogs.xml,16,65,40,105,1,15,2025-11-30,2026-04-19,5,6.5625,1.0,0,0.0,0.1523809523809524
AnkiDroid/src/main/res/values-be/10-preferences.xml,8,49,56,105,1,8,2026-01-03,2026-04-12,12,13.125,1.0,0,0.0,0.49523809523809526
AnkiDroid/src/main/java/com/ichi2/anki/browser/search/SearchFilters.kt,3,86,19,105,1,2,2026-02-01,2026-03-13,42,35.0,1.0,0,0.0,0.5142857142857142
AnkiDroid/src/main/java/com/ichi2/anki/preferences/AppearanceSettingsFragment.kt,2,52,53,105,2,2,2025-12-06,2025-12-13,132,52.5,0.5,1,0.5,0.9619047619047619
AnkiDroid/src/main/res/values-mr/02-strings.xml,25,62,42,104,1,24,2025-10-30,2026-04-23,1,4.16,1.0,0,0.0,0.23076923076923078
AnkiDroid/src/main/res/values-hy/02-strings.xml,24,62,42,104,1,23,2025-10-30,2026-04-23,1,4.333333333333333,1.0,0,0.0,0.23076923076923078
AnkiDroid/src/main/java/com/ichi2/anki/CrashReportService.kt,7,66,38,104,2,6,2025-11-25,2026-04-17,7,14.857142857142858,0.8571428571428571,4,0.5714285714285714,0.3269230769230769
AnkiDroid/src/main/java/com/ichi2/anki/ui/windows/reviewer/AnswerTimerView.kt,2,47,57,104,1,2,2025-12-12,2025-12-13,132,52.0,1.0,1,0.5,0.9807692307692307
AnkiDroid/src/main/java/com/ichi2/anki/android/menu/SearchBarMenuHost.kt,1,103,0,103,1,1,2026-01-25,2026-01-25,89,103.0,1.0,0,0.0,1.0
AnkiDroid/src/main/java/com/ichi2/anki/instantnoteeditor/InstantEditorViewModel.kt,6,58,44,102,5,6,2025-11-03,2026-04-05,19,17.0,0.3333333333333333,4,0.6666666666666666,0.5980392156862745
lint-rules/src/test/java/com/ichi2/anki/lint/rules/OpenInputStreamSafeDetectorTest.kt,1,102,0,102,1,1,2025-12-04,2025-12-04,141,102.0,1.0,0,0.0,1.0
AnkiDroid/src/main/res/values-tr/03-dialogs.xml,18,63,38,101,1,16,2025-11-30,2026-04-15,9,5.611111111111111,1.0,0,0.0,0.13861386138613863
AnkiDroid/src/main/java/com/ichi2/anki/pages/PostRequestHandler.kt,4,78,23,101,2,3,2025-11-08,2026-04-22,2,25.25,0.75,3,0.75,0.49504950495049505
AnkiDroid/src/main/java/com/ichi2/anki/preferences/profiles/ProfileAdapter.kt,2,99,1,100,2,2,2025-08-26,2026-03-23,32,50.0,0.5,0,0.0,0.99
AnkiDroid/src/test/java/com/ichi2/anki/ui/windows/reviewer/AnswerAreaViewTest.kt,2,96,4,100,2,2,2025-12-20,2026-03-23,32,50.0,0.5,0,0.0,0.96
AnkiDroid/src/androidTest/java/com/ichi2/anki/dialogs/CollectionPathMismatchRecoveryTest.kt,1,100,0,100,1,1,2026-02-25,2026-02-25,58,100.0,1.0,0,0.0,1.0
AnkiDroid/src/main/java/com/ichi2/anki/previewer/TemplatePreviewerViewModel.kt,7,65,34,99,4,7,2025-08-25,2026-01-19,95,14.142857142857142,0.42857142857142855,3,0.42857142857142855,0.3333333333333333
AnkiDroid/src/test/java/com/ichi2/anki/settings/PrefsDelegatesTest.kt,4,59,40,99,1,2,2025-12-04,2025-12-05,140,24.75,1.0,0,0.0,0.4444444444444444
AnkiDroid/src/main/res/values-et/07-cardbrowser.xml,3,50,49,99,1,3,2026-02-02,2026-04-19,5,33.0,1.0,0,0.0,0.8484848484848485
AnkiDroid/src/main/res/layout/dialog_fields.xml,1,99,0,99,1,1,2025-11-08,2025-11-08,167,99.0,1.0,0,0.0,1.0
AnkiDroid/src/main/res/values-et/01-core.xml,10,52,46,98,1,10,2025-10-30,2026-04-04,20,9.8,1.0,0,0.0,0.673469387755102
AnkiDroid/src/main/java/com/ichi2/anki/browser/BrowserMultiColumnAdapter.kt,8,49,49,98,3,7,2025-09-12,2026-04-13,11,12.25,0.625,1,0.125,0.30612244897959184
AnkiDroid/src/main/java/com/ichi2/widget/deckpicker/DeckPickerWidgetConfig.kt,5,48,50,98,4,5,2025-08-23,2026-04-17,7,19.6,0.4,4,0.8,0.41836734693877553
AnkiDroid/src/main/java/com/ichi2/anki/multimedia/MultimediaResult.kt,1,98,0,98,1,1,2026-04-22,2026-04-22,2,98.0,1.0,0,0.0,1.0
AnkiDroid/src/main/res/values-es-rAR/03-dialogs.xml,16,61,36,97,1,14,2025-11-27,2026-04-06,18,6.0625,1.0,0,0.0,0.18556701030927836
libanki/testutils/src/main/java/com/ichi2/anki/libanki/testutils/AnkiTest.kt,7,79,18,97,5,7,2025-11-08,2026-03-11,44,13.857142857142858,0.42857142857142855,0,0.0,0.4020618556701031
AnkiDroid/src/main/java/com/ichi2/anki/tags/TagName.kt,2,95,2,97,1,2,2026-03-25,2026-04-20,4,48.5,1.0,1,0.5,0.865979381443299
AnkiDroid/src/main/java/com/ichi2/anki/ui/windows/reviewer/audiorecord/AudioRecorder.kt,1,0,97,97,1,1,2025-12-23,2025-12-23,122,97.0,1.0,0,0.0,1.0
AnkiDroid/src/main/res/layout/dialog_incrementer_preference.xml,3,90,6,96,2,2,2026-01-31,2026-03-21,34,32.0,0.6666666666666666,2,0.6666666666666666,0.90625
AnkiDroid/src/main/java/com/ichi2/anki/Undo.kt,2,51,45,96,2,2,2025-11-29,2025-12-10,135,48.0,0.5,1,0.5,0.6875
AnkiDroid/src/main/java/com/ichi2/anki/multimedia/audio/AudioTimer.kt,1,0,96,96,1,1,2025-12-12,2025-12-12,133,96.0,1.0,0,0.0,1.0
AnkiDroid/src/main/res/values/02-strings.xml,25,60,35,95,17,21,2025-01-31,2026-04-22,2,3.8,0.16,7,0.28,0.25263157894736843
AnkiDroid/src/androidTest/java/com/ichi2/anki/dialogs/DatabaseCorruptDialogTest.kt,1,95,0,95,1,1,2025-12-30,2025-12-30,115,95.0,1.0,0,0.0,1.0
AnkiDroid/src/main/java/com/ichi2/anki/previewer/PreviewerFragment.kt,6,48,46,94,3,5,2025-09-11,2026-03-23,32,15.666666666666666,0.5,3,0.5,0.5851063829787234
AnkiDroid/src/main/java/com/ichi2/anki/SharedDecksActivity.kt,4,38,56,94,3,4,2025-09-10,2026-01-14,100,23.5,0.5,2,0.5,0.40425531914893614
libanki/testutils/build.gradle.kts,3,11,83,94,2,3,2025-11-29,2026-04-10,14,31.333333333333332,0.6666666666666666,2,0.6666666666666666,0.8617021276595744
AnkiDroid/src/main/res/values-de/03-dialogs.xml,16,59,34,93,1,15,2025-11-30,2026-04-06,18,5.8125,1.0,0,0.0,0.15053763440860216
AnkiDroid/src/test/java/com/ichi2/anki/previewer/TemplatePreviewerViewModelTest.kt,4,60,33,93,2,4,2025-11-29,2026-01-24,90,23.25,0.75,2,0.5,0.6451612903225806
AnkiDroid/src/test/java/com/ichi2/anki/MyAccountTest.kt,3,44,49,93,3,3,2025-01-31,2026-02-08,75,31.0,0.3333333333333333,1,0.3333333333333333,0.6129032258064516
AnkiDroid/src/main/res/xml/cram_deck_options.xml,2,1,92,93,2,2,2025-12-01,2026-01-05,109,46.5,0.5,1,0.5,0.978494623655914
AnkiDroid/src/main/res/values-ug/03-dialogs.xml,14,58,34,92,1,12,2025-11-30,2026-04-06,18,6.571428571428571,1.0,0,0.0,0.15217391304347827
AnkiDroid/src/main/res/layout/item_troubleshooting_check.xml,2,92,0,92,1,1,2026-03-28,2026-03-28,27,46.0,1.0,0,0.0,0.8152173913043478
AnkiDroid/src/main/res/layout/change_note_type_dialog.xml,1,91,0,91,1,1,2025-11-08,2025-11-08,167,91.0,1.0,0,0.0,1.0
AnkiDroid/src/test/java/com/ichi2/testutils/TranslationUtils.kt,1,91,0,91,1,1,2026-03-21,2026-03-21,34,91.0,1.0,0,0.0,1.0
AnkiDroid/src/main/res/values-lt/02-strings.xml,24,56,34,90,1,23,2025-10-30,2026-04-23,1,3.75,1.0,0,0.0,0.26666666666666666
AnkiDroid/src/main/res/values-lv/02-strings.xml,24,55,34,89,1,23,2025-10-30,2026-04-23,1,3.7083333333333335,1.0,0,0.0,0.2696629213483146
AnkiDroid/src/main/res/values-ga/02-strings.xml,23,56,33,89,1,22,2025-10-30,2026-04-23,1,3.869565217391304,1.0,0,0.0,0.2696629213483146
AnkiDroid/src/androidTest/java/com/ichi2/anki/tests/InstrumentedTest.kt,6,53,36,89,3,4,2025-09-17,2025-12-11,134,14.833333333333334,0.6666666666666666,1,0.16666666666666666,0.34831460674157305
AnkiDroid/src/main/res/values-af/02-strings.xml,24,54,34,88,1,23,2025-10-30,2026-04-23,1,3.6666666666666665,1.0,0,0.0,0.2727272727272727
AnkiDroid/src/main/res/values-bg/02-strings.xml,24,54,34,88,1,23,2025-10-30,2026-04-23,1,3.6666666666666665,1.0,0,0.0,0.2727272727272727
AnkiDroid/src/main/res/values-bn/02-strings.xml,24,54,34,88,1,23,2025-10-30,2026-04-23,1,3.6666666666666665,1.0,0,0.0,0.2727272727272727
AnkiDroid/src/main/res/values-ca/02-strings.xml,24,54,34,88,1,23,2025-10-30,2026-04-23,1,3.6666666666666665,1.0,0,0.0,0.2727272727272727
AnkiDroid/src/main/res/values-el/02-strings.xml,24,54,34,88,1,23,2025-10-30,2026-04-23,1,3.6666666666666665,1.0,0,0.0,0.2727272727272727
AnkiDroid/src/main/res/values-fil/02-strings.xml,24,54,34,88,1,23,2025-10-30,2026-04-23,1,3.6666666666666665,1.0,0,0.0,0.2727272727272727
AnkiDroid/src/main/res/values-gu/02-strings.xml,24,54,34,88,1,23,2025-10-30,2026-04-23,1,3.6666666666666665,1.0,0,0.0,0.2727272727272727
AnkiDroid/src/main/res/values-hi/02-strings.xml,24,54,34,88,1,23,2025-10-30,2026-04-23,1,3.6666666666666665,1.0,0,0.0,0.2727272727272727
AnkiDroid/src/main/res/values-hu/02-strings.xml,24,54,34,88,1,23,2025-10-30,2026-04-23,1,3.6666666666666665,1.0,0,0.0,0.2727272727272727
AnkiDroid/src/main/res/values-ka/02-strings.xml,24,54,34,88,1,23,2025-10-30,2026-04-23,1,3.6666666666666665,1.0,0,0.0,0.2727272727272727
AnkiDroid/src/main/res/values-kn/02-strings.xml,24,54,34,88,1,23,2025-10-30,2026-04-23,1,3.6666666666666665,1.0,0,0.0,0.2727272727272727
AnkiDroid/src/main/res/values-ml/02-strings.xml,24,54,34,88,1,23,2025-10-30,2026-04-23,1,3.6666666666666665,1.0,0,0.0,0.2727272727272727
AnkiDroid/src/main/res/values-pa/02-strings.xml,24,54,34,88,1,23,2025-10-30,2026-04-23,1,3.6666666666666665,1.0,0,0.0,0.2727272727272727
AnkiDroid/src/main/res/values-pt-rPT/02-strings.xml,24,54,34,88,1,23,2025-10-30,2026-04-23,1,3.6666666666666665,1.0,0,0.0,0.2727272727272727
AnkiDroid/src/main/res/values-sat/02-strings.xml,24,54,34,88,1,23,2025-10-30,2026-04-23,1,3.6666666666666665,1.0,0,0.0,0.2727272727272727
AnkiDroid/src/main/res/values-sc/02-strings.xml,24,54,34,88,1,23,2025-10-30,2026-04-23,1,3.6666666666666665,1.0,0,0.0,0.2727272727272727
AnkiDroid/src/main/res/values-sv/02-strings.xml,24,54,34,88,1,23,2025-10-30,2026-04-23,1,3.6666666666666665,1.0,0,0.0,0.2727272727272727
AnkiDroid/src/main/res/values-ta/02-strings.xml,24,54,34,88,1,23,2025-10-30,2026-04-23,1,3.6666666666666665,1.0,0,0.0,0.2727272727272727
AnkiDroid/src/main/res/values-te/02-strings.xml,24,54,34,88,1,23,2025-10-30,2026-04-23,1,3.6666666666666665,1.0,0,0.0,0.2727272727272727
AnkiDroid/src/main/res/values-sk/02-strings.xml,23,55,33,88,1,22,2025-10-30,2026-04-23,1,3.8260869565217392,1.0,0,0.0,0.2727272727272727
AnkiDroid/src/main/res/values-sl/02-strings.xml,23,55,33,88,1,22,2025-10-30,2026-04-23,1,3.8260869565217392,1.0,0,0.0,0.2727272727272727
AnkiDroid/src/main/java/com/ichi2/anki/browser/search/SearchRequest.kt,3,87,1,88,1,3,2026-01-22,2026-03-13,42,29.333333333333332,1.0,0,0.0,0.9545454545454546
AnkiDroid/src/test/java/com/ichi2/anki/CardTemplateNotetypeTest.kt,3,49,39,88,2,3,2025-10-25,2026-03-22,33,29.333333333333332,0.6666666666666666,1,0.3333333333333333,0.6363636363636364
AnkiDroid/src/main/res/values-ko/02-strings.xml,24,53,34,87,1,23,2025-10-30,2026-04-23,1,3.625,1.0,0,0.0,0.27586206896551724
AnkiDroid/src/main/res/values-ms/02-strings.xml,24,53,34,87,1,23,2025-10-30,2026-04-23,1,3.625,1.0,0,0.0,0.27586206896551724
AnkiDroid/src/main/res/values-sr/02-strings.xml,23,54,33,87,1,22,2025-10-30,2026-04-23,1,3.782608695652174,1.0,0,0.0,0.27586206896551724
AnkiDroid/jacoco.gradle,6,39,48,87,2,4,2025-11-04,2026-04-17,7,14.5,0.8333333333333334,0,0.0,0.41379310344827586
AnkiDroid/src/main/res/values-fi/10-preferences.xml,5,40,47,87,1,5,2025-10-26,2026-04-09,15,17.4,1.0,0,0.0,0.8045977011494253
AnkiDroid/src/main/java/com/ichi2/utils/BitmapUtil.kt,3,68,19,87,3,3,2025-12-10,2026-04-17,7,29.0,0.3333333333333333,2,0.6666666666666666,0.5632183908045977
AnkiDroid/src/test/java/com/ichi2/anki/libanki/DeckNodeTest.kt,2,68,19,87,2,2,2025-12-10,2026-02-08,75,43.5,0.5,1,0.5,0.632183908045977
AnkiDroid/src/main/res/values-am/02-strings.xml,23,53,33,86,1,22,2025-10-30,2026-04-23,1,3.739130434782609,1.0,0,0.0,0.27906976744186046
AnkiDroid/src/main/res/values-az/02-strings.xml,23,53,33,86,1,22,2025-10-30,2026-04-23,1,3.739130434782609,1.0,0,0.0,0.27906976744186046
AnkiDroid/src/main/res/values-ckb/02-strings.xml,23,53,33,86,1,22,2025-10-30,2026-04-23,1,3.739130434782609,1.0,0,0.0,0.27906976744186046
AnkiDroid/src/main/res/values-da/02-strings.xml,23,53,33,86,1,22,2025-10-30,2026-04-23,1,3.739130434782609,1.0,0,0.0,0.27906976744186046
AnkiDroid/src/main/res/values-eu/02-strings.xml,23,53,33,86,1,22,2025-10-30,2026-04-23,1,3.739130434782609,1.0,0,0.0,0.27906976744186046
AnkiDroid/src/main/res/values-fy/02-strings.xml,23,53,33,86,1,22,2025-10-30,2026-04-23,1,3.739130434782609,1.0,0,0.0,0.27906976744186046
AnkiDroid/src/main/res/values-kk/02-strings.xml,23,53,33,86,1,22,2025-10-30,2026-04-23,1,3.739130434782609,1.0,0,0.0,0.27906976744186046
AnkiDroid/src/main/res/values-ku/02-strings.xml,23,53,33,86,1,22,2025-10-30,2026-04-23,1,3.739130434782609,1.0,0,0.0,0.27906976744186046
AnkiDroid/src/main/res/values-ky/02-strings.xml,23,53,33,86,1,22,2025-10-30,2026-04-23,1,3.739130434782609,1.0,0,0.0,0.27906976744186046
AnkiDroid/src/main/res/values-mk/02-strings.xml,23,53,33,86,1,22,2025-10-30,2026-04-23,1,3.739130434782609,1.0,0,0.0,0.27906976744186046
AnkiDroid/src/main/res/values-mn/02-strings.xml,23,53,33,86,1,22,2025-10-30,2026-04-23,1,3.739130434782609,1.0,0,0.0,0.27906976744186046
AnkiDroid/src/main/res/values-no/02-strings.xml,23,53,33,86,1,22,2025-10-30,2026-04-23,1,3.739130434782609,1.0,0,0.0,0.27906976744186046
AnkiDroid/src/main/res/values-sq/02-strings.xml,23,53,33,86,1,22,2025-10-30,2026-04-23,1,3.739130434782609,1.0,0,0.0,0.27906976744186046
AnkiDroid/src/main/res/values-tgl/02-strings.xml,23,53,33,86,1,22,2025-10-30,2026-04-23,1,3.739130434782609,1.0,0,0.0,0.27906976744186046
AnkiDroid/src/main/res/values-ti/02-strings.xml,23,53,33,86,1,22,2025-10-30,2026-04-23,1,3.739130434782609,1.0,0,0.0,0.27906976744186046
AnkiDroid/src/main/java/com/ichi2/anki/reviewreminders/ReminderTroubleshootingRepository.kt,5,86,0,86,1,1,2026-03-28,2026-03-28,27,17.2,1.0,0,0.0,0.4418604651162791
AnkiDroid/src/test/java/com/ichi2/anki/browser/CardBrowserFragmentTest.kt,2,84,2,86,1,2,2026-03-05,2026-03-12,43,43.0,1.0,0,0.0,0.9534883720930233
compat/src/main/java/com/ichi2/anki/compat/PackageManagerCompat.kt,2,67,19,86,1,2,2026-03-22,2026-04-19,5,43.0,1.0,1,0.5,0.9767441860465116
AnkiDroid/src/main/res/values-km/02-strings.xml,23,52,33,85,1,22,2025-10-30,2026-04-23,1,3.6956521739130435,1.0,0,0.0,0.2823529411764706
AnkiDroid/src/main/res/values-my/02-strings.xml,23,52,33,85,1,22,2025-10-30,2026-04-23,1,3.6956521739130435,1.0,0,0.0,0.2823529411764706
AnkiDroid/src/main/res/values-tt/02-strings.xml,23,52,33,85,1,22,2025-10-30,2026-04-23,1,3.6956521739130435,1.0,0,0.0,0.2823529411764706
AnkiDroid/src/main/res/values-zh-rTW/02-strings.xml,23,50,35,85,1,22,2025-10-30,2026-04-23,1,3.6956521739130435,1.0,0,0.0,0.2823529411764706
AnkiDroid/src/main/java/com/ichi2/anki/Info.kt,4,42,43,85,1,4,2025-09-10,2026-03-23,32,21.25,1.0,1,0.25,0.5058823529411764
AnkiDroid/src/main/java/com/ichi2/anki/ui/windows/permissions/NotificationsPermissionFragment.kt,2,82,3,85,2,2,2025-11-25,2026-03-23,32,42.5,0.5,0,0.0,0.9294117647058824
AnkiDroid/src/test/java/com/ichi2/anki/export/ExportDialogFragmentTest.kt,2,75,10,85,2,2,2025-09-11,2026-02-22,61,42.5,0.5,0,0.0,0.7647058823529411
AnkiDroid/src/main/java/com/ichi2/anki/dialogs/DeckOptionsSelectionDialog.kt,1,85,0,85,1,1,2025-12-29,2025-12-29,116,85.0,1.0,0,0.0,1.0
buildSrc/src/main/kotlin/com/ichi2/anki/gradle/TestSummaryService.kt,1,85,0,85,1,1,2026-04-17,2026-04-17,7,85.0,1.0,0,0.0,1.0
AnkiDroid/src/main/res/values-ur/02-strings.xml,23,50,34,84,1,22,2025-10-30,2026-04-23,1,3.652173913043478,1.0,0,0.0,0.2857142857142857
AnkiDroid/src/main/java/com/ichi2/async/CollectionOperations.kt,3,0,84,84,1,1,2025-10-20,2025-10-20,186,28.0,1.0,0,0.0,0.6904761904761905
AnkiDroid/src/main/res/values-vi/02-strings.xml,23,49,34,83,1,22,2025-10-30,2026-04-23,1,3.608695652173913,1.0,0,0.0,0.2891566265060241
AnkiDroid/src/main/res/values-fa/03-dialogs.xml,14,54,29,83,1,13,2025-11-30,2026-04-06,18,5.928571428571429,1.0,0,0.0,0.1686746987951807
AnkiDroid/src/main/java/com/ichi2/anki/Sync.kt,9,48,35,83,3,6,2025-12-10,2026-04-06,18,9.222222222222221,0.7777777777777778,5,0.5555555555555556,0.37349397590361444
AnkiDroid/src/main/java/com/ichi2/anki/previewer/CardViewerViewModel.kt,5,25,58,83,3,5,2025-11-08,2026-02-24,59,16.6,0.6,3,0.6,0.6144578313253012
lint-rules/src/main/java/com/ichi2/anki/lint/rules/OpenInputStreamSafeDetector.kt,1,83,0,83,1,1,2025-12-04,2025-12-04,141,83.0,1.0,0,0.0,1.0
common/build.gradle.kts,6,26,56,82,2,4,2025-11-04,2026-04-13,11,13.666666666666666,0.8333333333333334,0,0.0,0.7195121951219512
AnkiDroid/src/main/res/layout/activity_manage_note_types.xml,3,73,9,82,2,3,2025-09-10,2026-01-26,88,27.333333333333332,0.6666666666666666,1,0.3333333333333333,0.9512195121951219
AnkiDroid/src/main/res/layout/view_saved_search_item.xml,1,82,0,82,1,1,2026-01-19,2026-01-19,95,82.0,1.0,0,0.0,1.0
AnkiDroid/src/main/res/values-got/03-dialogs.xml,15,53,28,81,1,13,2025-11-30,2026-04-06,18,5.4,1.0,0,0.0,0.1728395061728395
libanki/src/main/java/com/ichi2/anki/libanki/Media.kt,5,54,27,81,1,3,2025-11-23,2026-01-26,88,16.2,1.0,1,0.2,0.43209876543209874
AnkiDroid/src/main/java/com/ichi2/anki/multiprofile/ProfileSwitchGuard.kt,1,81,0,81,1,1,2026-04-04,2026-04-04,20,81.0,1.0,0,0.0,1.0
AnkiDroid/src/main/java/com/ichi2/anki/previewer/PreviewerViewModel.kt,8,43,37,80,3,5,2025-11-29,2026-04-06,18,10.0,0.75,4,0.5,0.35
AnkiDroid/src/main/java/com/ichi2/anki/pages/DeckOptionsDestination.kt,3,75,5,80,2,3,2025-12-01,2025-12-29,116,26.666666666666668,0.6666666666666666,0,0.0,0.675
AnkiDroid/src/main/java/com/ichi2/anki/LoginActivity.kt,1,0,80,80,1,1,2025-01-31,2025-01-31,448,80.0,1.0,0,0.0,1.0
AnkiDroid/src/main/res/values-cs/03-dialogs.xml,14,52,27,79,1,13,2025-11-30,2026-04-06,18,5.642857142857143,1.0,0,0.0,0.17721518987341772
AnkiDroid/src/main/res/values-th/17-model-manager.xml,5,43,36,79,1,5,2025-10-30,2026-04-19,5,15.8,1.0,0,0.0,0.759493670886076
AnkiDroid/src/main/java/com/ichi2/anki/sync/MeteredSyncPolicy.kt,3,76,3,79,1,1,2026-04-07,2026-04-07,17,26.333333333333332,1.0,1,0.3333333333333333,0.4430379746835443
AnkiDroid/src/main/java/com/ichi2/anki/ui/windows/permissions/PermissionsFragment.kt,2,47,32,79,2,2,2025-11-25,2026-03-16,39,39.5,0.5,0,0.0,0.5316455696202531
AnkiDroid/src/main/java/com/ichi2/anki/multiprofile/ProfileName.kt,1,79,0,79,1,1,2026-04-09,2026-04-09,15,79.0,1.0,0,0.0,1.0
AnkiDroid/src/main/res/values-ro/01-core.xml,8,42,36,78,1,8,2025-10-30,2026-04-04,20,9.75,1.0,0,0.0,0.8461538461538461
AnkiDroid/src/main/java/com/ichi2/preferences/NumberRangePreferenceCompat.kt,4,56,22,78,4,4,2025-12-10,2026-03-19,36,19.5,0.25,2,0.5,0.44871794871794873
AnkiDroid/src/main/res/values/03-dialogs.xml,16,53,24,77,9,12,2025-11-08,2026-03-26,29,4.8125,0.4375,4,0.25,0.18181818181818182
AnkiDroid/src/main/res/values-heb/03-dialogs.xml,15,51,26,77,1,14,2025-11-27,2026-04-06,18,5.133333333333334,1.0,0,0.0,0.18181818181818182
AnkiDroid/src/main/res/values-iw/03-dialogs.xml,15,51,26,77,1,14,2025-11-27,2026-04-06,18,5.133333333333334,1.0,0,0.0,0.18181818181818182
AnkiDroid/src/main/java/com/ichi2/anki/analytics/AnkiDroidCrashReportDialog.kt,4,36,41,77,2,3,2025-09-10,2026-04-17,7,19.25,0.5,1,0.25,0.4155844155844156
AnkiDroid/src/main/res/layout/item_browser_filter_bottom_sheet.xml,1,77,0,77,1,1,2026-03-12,2026-03-12,43,77.0,1.0,0,0.0,1.0
AnkiDroid/src/test/java/com/ichi2/anki/browser/search/SearchStringTest.kt,1,77,0,77,1,1,2026-02-01,2026-02-01,82,77.0,1.0,0,0.0,1.0
AnkiDroid/src/main/res/values-be/01-core.xml,14,41,35,76,1,14,2025-10-30,2026-04-12,12,5.428571428571429,1.0,0,0.0,0.18421052631578946
AnkiDroid/src/test/java/com/ichi2/anki/ui/internationalization/SentenceCaseTest.kt,7,46,30,76,5,6,2025-11-08,2026-04-14,10,10.857142857142858,0.42857142857142855,1,0.14285714285714285,0.7631578947368421
AnkiDroid/src/main/java/com/ichi2/utils/FileUtil.kt,6,58,18,76,4,6,2025-11-25,2026-03-22,33,12.666666666666666,0.5,1,0.16666666666666666,0.4473684210526316
AnkiDroid/src/test/java/com/ichi2/anki/browser/search/CardStateTest.kt,2,76,0,76,1,2,2026-01-23,2026-04-14,10,38.0,1.0,0,0.0,0.9605263157894737
AnkiDroid/src/main/java/com/ichi2/anki/utils/ViewModelUtils.kt,1,76,0,76,1,1,2025-11-08,2025-11-08,167,76.0,1.0,0,0.0,1.0
AnkiDroid/src/test/java/com/ichi2/anki/utils/ext/StateFlowLifecycleCollectionTest.kt,1,76,0,76,1,1,2026-03-09,2026-03-09,46,76.0,1.0,0,0.0,1.0
AnkiDroid/src/main/java/com/ichi2/anki/dialogs/customstudy/TagLimitFragment.kt,4,35,40,75,1,4,2025-09-11,2026-03-09,46,18.75,1.0,2,0.5,0.4666666666666667
compat/build.gradle.kts,4,66,8,74,2,3,2025-11-04,2026-04-07,17,18.5,0.75,0,0.0,0.6486486486486487
AnkiDroid/src/test/java/com/ichi2/anki/ui/windows/reviewer/StudyScreenRepositoryCollectionTest.kt,3,74,0,74,2,2,2026-01-17,2026-04-14,10,24.666666666666668,0.6666666666666666,0,0.0,0.7432432432432432
AnkiDroid/src/androidTest/java/com/ichi2/anki/DrawingActivityTest.kt,2,37,37,74,2,2,2025-10-12,2025-11-03,172,37.0,0.5,0,0.0,0.5
AnkiDroid/src/main/java/com/ichi2/anki/ui/windows/reviewer/AnswerAreaView.kt,1,74,0,74,1,1,2025-12-20,2025-12-20,125,74.0,1.0,0,0.0,1.0
AnkiDroid/src/main/res/values-or/03-dialogs.xml,14,49,24,73,1,12,2025-11-30,2026-04-06,18,5.214285714285714,1.0,0,0.0,0.1917808219178082
common/src/main/java/com/ichi2/anki/common/utils/StringUtils.kt,5,68,5,73,4,3,2026-01-07,2026-02-08,75,14.6,0.4,0,0.0,0.5616438356164384
AnkiDroid/src/androidTest/java/com/ichi2/anki/tests/ACRATest.kt,3,38,35,73,2,2,2025-12-10,2026-04-17,7,24.333333333333332,0.6666666666666666,1,0.3333333333333333,0.4657534246575342
AnkiDroid/src/main/res/layout/image_occlusion_options_layout.xml,1,0,73,73,1,1,2025-10-29,2025-10-29,177,73.0,1.0,0,0.0,1.0
AnkiDroid/src/main/java/com/ichi2/anki/dialogs/BrowserOptionsDialog.kt,4,31,41,72,3,4,2025-09-11,2026-03-19,36,18.0,0.5,0,0.0,0.5833333333333334
AnkiDroid/src/main/java/com/ichi2/anki/dialogs/SaveBrowserSearchDialogFragment.kt,3,53,19,72,1,2,2025-12-10,2026-01-21,93,24.0,1.0,1,0.3333333333333333,0.4305555555555556
AnkiDroid/src/main/res/layout/view_answer_area.xml,1,72,0,72,1,1,2025-12-20,2025-12-20,125,72.0,1.0,0,0.0,1.0
AnkiDroid/src/main/java/com/ichi2/anki/preferences/AboutFragment.kt,3,27,44,71,1,3,2025-09-12,2026-03-23,32,23.666666666666668,1.0,0,0.0,0.6901408450704225
AnkiDroid/src/main/java/com/ichi2/anki/utils/ext/Flow.kt,3,66,5,71,2,2,2026-01-22,2026-03-09,46,23.666666666666668,0.6666666666666666,2,0.6666666666666666,0.8591549295774648
AnkiDroid/src/main/res/layout/note_editor_fragment.xml,3,55,16,71,2,3,2025-10-19,2025-11-30,145,23.666666666666668,0.6666666666666666,0,0.0,0.7746478873239436
AnkiDroid/src/test/java/com/ichi2/anki/multimediacard/AudioRecorderAndroidTest.kt,1,0,71,71,1,1,2025-12-23,2025-12-23,122,71.0,1.0,0,0.0,1.0
AnkiDroid/src/main/res/values-pl/01-core.xml,12,38,32,70,1,12,2025-10-26,2026-04-22,2,5.833333333333333,1.0,0,0.0,0.5142857142857142
AI_POLICY.md,2,70,0,70,2,2,2026-01-04,2026-01-28,86,35.0,0.5,0,0.0,0.8285714285714286
AnkiDroid/src/main/java/com/ichi2/themes/Themes.kt,2,26,44,70,2,2,2025-12-01,2025-12-06,139,35.0,0.5,0,0.0,0.8142857142857143
common/android/build.gradle.kts,2,70,0,70,1,1,2026-04-13,2026-04-13,11,35.0,1.0,0,0.0,0.9
AnkiDroid/src/main/res/values-af/03-dialogs.xml,13,47,22,69,1,12,2025-11-30,2026-04-06,18,5.3076923076923075,1.0,0,0.0,0.2028985507246377
AnkiDroid/src/main/res/values-am/03-dialogs.xml,13,47,22,69,1,12,2025-11-30,2026-04-06,18,5.3076923076923075,1.0,0,0.0,0.2028985507246377
AnkiDroid/src/main/res/values-az/03-dialogs.xml,13,47,22,69,1,12,2025-11-30,2026-04-06,18,5.3076923076923075,1.0,0,0.0,0.2028985507246377
AnkiDroid/src/main/res/values-bg/03-dialogs.xml,13,47,22,69,1,12,2025-11-30,2026-04-06,18,5.3076923076923075,1.0,0,0.0,0.2028985507246377
AnkiDroid/src/main/res/values-bn/03-dialogs.xml,13,47,22,69,1,12,2025-11-30,2026-04-06,18,5.3076923076923075,1.0,0,0.0,0.2028985507246377
AnkiDroid/src/main/res/values-ca/03-dialogs.xml,13,47,22,69,1,12,2025-11-30,2026-04-06,18,5.3076923076923075,1.0,0,0.0,0.2028985507246377
AnkiDroid/src/main/res/values-ckb/03-dialogs.xml,13,47,22,69,1,12,2025-11-30,2026-04-06,18,5.3076923076923075,1.0,0,0.0,0.2028985507246377
AnkiDroid/src/main/res/values-da/03-dialogs.xml,13,47,22,69,1,12,2025-11-30,2026-04-06,18,5.3076923076923075,1.0,0,0.0,0.2028985507246377
AnkiDroid/src/main/res/values-el/03-dialogs.xml,13,47,22,69,1,12,2025-11-30,2026-04-06,18,5.3076923076923075,1.0,0,0.0,0.2028985507246377
AnkiDroid/src/main/res/values-eu/03-dialogs.xml,13,47,22,69,1,12,2025-11-30,2026-04-06,18,5.3076923076923075,1.0,0,0.0,0.2028985507246377
AnkiDroid/src/main/res/values-fil/03-dialogs.xml,13,47,22,69,1,12,2025-11-30,2026-04-06,18,5.3076923076923075,1.0,0,0.0,0.2028985507246377
AnkiDroid/src/main/res/values-fy/03-dialogs.xml,13,47,22,69,1,12,2025-11-30,2026-04-06,18,5.3076923076923075,1.0,0,0.0,0.2028985507246377
AnkiDroid/src/main/res/values-ga/03-dialogs.xml,13,47,22,69,1,12,2025-11-30,2026-04-06,18,5.3076923076923075,1.0,0,0.0,0.2028985507246377
AnkiDroid/src/main/res/values-gu/03-dialogs.xml,13,47,22,69,1,12,2025-11-30,2026-04-06,18,5.3076923076923075,1.0,0,0.0,0.2028985507246377
AnkiDroid/src/main/res/values-hi/03-dialogs.xml,13,47,22,69,1,12,2025-11-30,2026-04-06,18,5.3076923076923075,1.0,0,0.0,0.2028985507246377
AnkiDroid/src/main/res/values-hu/03-dialogs.xml,13,47,22,69,1,12,2025-11-30,2026-04-06,18,5.3076923076923075,1.0,0,0.0,0.2028985507246377
AnkiDroid/src/main/res/values-hy/03-dialogs.xml,13,47,22,69,1,12,2025-11-30,2026-04-06,18,5.3076923076923075,1.0,0,0.0,0.2028985507246377
AnkiDroid/src/main/res/values-ka/03-dialogs.xml,13,47,22,69,1,12,2025-11-30,2026-04-06,18,5.3076923076923075,1.0,0,0.0,0.2028985507246377
AnkiDroid/src/main/res/values-kk/03-dialogs.xml,13,47,22,69,1,12,2025-11-30,2026-04-06,18,5.3076923076923075,1.0,0,0.0,0.2028985507246377
AnkiDroid/src/main/res/values-km/03-dialogs.xml,13,47,22,69,1,12,2025-11-30,2026-04-06,18,5.3076923076923075,1.0,0,0.0,0.2028985507246377
AnkiDroid/src/main/res/values-kn/03-dialogs.xml,13,47,22,69,1,12,2025-11-30,2026-04-06,18,5.3076923076923075,1.0,0,0.0,0.2028985507246377
AnkiDroid/src/main/res/values-ko/03-dialogs.xml,13,47,22,69,1,12,2025-11-30,2026-04-06,18,5.3076923076923075,1.0,0,0.0,0.2028985507246377
AnkiDroid/src/main/res/values-ku/03-dialogs.xml,13,47,22,69,1,12,2025-11-30,2026-04-06,18,5.3076923076923075,1.0,0,0.0,0.2028985507246377
AnkiDroid/src/main/res/values-ky/03-dialogs.xml,13,47,22,69,1,12,2025-11-30,2026-04-06,18,5.3076923076923075,1.0,0,0.0,0.2028985507246377
AnkiDroid/src/main/res/values-lt/03-dialogs.xml,13,47,22,69,1,12,2025-11-30,2026-04-06,18,5.3076923076923075,1.0,0,0.0,0.2028985507246377
AnkiDroid/src/main/res/values-lv/03-dialogs.xml,13,47,22,69,1,12,2025-11-30,2026-04-06,18,5.3076923076923075,1.0,0,0.0,0.2028985507246377
AnkiDroid/src/main/res/values-mk/03-dialogs.xml,13,47,22,69,1,12,2025-11-30,2026-04-06,18,5.3076923076923075,1.0,0,0.0,0.2028985507246377
AnkiDroid/src/main/res/values-ml/03-dialogs.xml,13,47,22,69,1,12,2025-11-30,2026-04-06,18,5.3076923076923075,1.0,0,0.0,0.2028985507246377
AnkiDroid/src/main/res/values-mn/03-dialogs.xml,13,47,22,69,1,12,2025-11-30,2026-04-06,18,5.3076923076923075,1.0,0,0.0,0.2028985507246377
AnkiDroid/src/main/res/values-mr/03-dialogs.xml,13,47,22,69,1,12,2025-11-30,2026-04-06,18,5.3076923076923075,1.0,0,0.0,0.2028985507246377
AnkiDroid/src/main/res/values-ms/03-dialogs.xml,13,47,22,69,1,12,2025-11-30,2026-04-06,18,5.3076923076923075,1.0,0,0.0,0.2028985507246377
AnkiDroid/src/main/res/values-my/03-dialogs.xml,13,47,22,69,1,12,2025-11-30,2026-04-06,18,5.3076923076923075,1.0,0,0.0,0.2028985507246377
AnkiDroid/src/main/res/values-nn/03-dialogs.xml,13,47,22,69,1,12,2025-11-30,2026-04-06,18,5.3076923076923075,1.0,0,0.0,0.2028985507246377
AnkiDroid/src/main/res/values-no/03-dialogs.xml,13,47,22,69,1,12,2025-11-30,2026-04-06,18,5.3076923076923075,1.0,0,0.0,0.2028985507246377
AnkiDroid/src/main/res/values-pa/03-dialogs.xml,13,47,22,69,1,12,2025-11-30,2026-04-06,18,5.3076923076923075,1.0,0,0.0,0.2028985507246377
AnkiDroid/src/main/res/values-pt-rPT/03-dialogs.xml,13,47,22,69,1,12,2025-11-30,2026-04-06,18,5.3076923076923075,1.0,0,0.0,0.2028985507246377
AnkiDroid/src/main/res/values-ro/03-dialogs.xml,13,47,22,69,1,12,2025-11-30,2026-04-06,18,5.3076923076923075,1.0,0,0.0,0.2028985507246377
AnkiDroid/src/main/res/values-sat/03-dialogs.xml,13,47,22,69,1,12,2025-11-30,2026-04-06,18,5.3076923076923075,1.0,0,0.0,0.2028985507246377
AnkiDroid/src/main/res/values-sc/03-dialogs.xml,13,47,22,69,1,12,2025-11-30,2026-04-06,18,5.3076923076923075,1.0,0,0.0,0.2028985507246377
AnkiDroid/src/main/res/values-sk/03-dialogs.xml,13,47,22,69,1,12,2025-11-30,2026-04-06,18,5.3076923076923075,1.0,0,0.0,0.2028985507246377
AnkiDroid/src/main/res/values-sl/03-dialogs.xml,13,47,22,69,1,12,2025-11-30,2026-04-06,18,5.3076923076923075,1.0,0,0.0,0.2028985507246377
AnkiDroid/src/main/res/values-sq/03-dialogs.xml,13,47,22,69,1,12,2025-11-30,2026-04-06,18,5.3076923076923075,1.0,0,0.0,0.2028985507246377
AnkiDroid/src/main/res/values-sr/03-dialogs.xml,13,47,22,69,1,12,2025-11-30,2026-04-06,18,5.3076923076923075,1.0,0,0.0,0.2028985507246377
AnkiDroid/src/main/res/values-sv/03-dialogs.xml,13,47,22,69,1,12,2025-11-30,2026-04-06,18,5.3076923076923075,1.0,0,0.0,0.2028985507246377
AnkiDroid/src/main/res/values-ta/03-dialogs.xml,13,47,22,69,1,12,2025-11-30,2026-04-06,18,5.3076923076923075,1.0,0,0.0,0.2028985507246377
AnkiDroid/src/main/res/values-te/03-dialogs.xml,13,47,22,69,1,12,2025-11-30,2026-04-06,18,5.3076923076923075,1.0,0,0.0,0.2028985507246377
AnkiDroid/src/main/res/values-tgl/03-dialogs.xml,13,47,22,69,1,12,2025-11-30,2026-04-06,18,5.3076923076923075,1.0,0,0.0,0.2028985507246377
AnkiDroid/src/main/res/values-th/03-dialogs.xml,13,47,22,69,1,12,2025-11-30,2026-04-06,18,5.3076923076923075,1.0,0,0.0,0.2028985507246377
AnkiDroid/src/main/res/values-ti/03-dialogs.xml,13,47,22,69,1,12,2025-11-30,2026-04-06,18,5.3076923076923075,1.0,0,0.0,0.2028985507246377
AnkiDroid/src/main/res/values-tt/03-dialogs.xml,13,47,22,69,1,12,2025-11-30,2026-04-06,18,5.3076923076923075,1.0,0,0.0,0.2028985507246377
AnkiDroid/src/main/res/values-et/17-model-manager.xml,5,38,31,69,1,5,2025-10-30,2026-04-19,5,13.8,1.0,0,0.0,0.7246376811594203
AnkiDroid/src/main/res/values-hr/17-model-manager.xml,5,38,31,69,1,5,2025-10-30,2026-04-19,5,13.8,1.0,0,0.0,0.7246376811594203
AnkiDroid/src/main/java/com/ichi2/anki/ui/windows/reviewer/StudyCountsView.kt,3,64,5,69,2,3,2025-12-29,2026-03-23,32,23.0,0.6666666666666666,0,0.0,0.8985507246376812
AnkiDroid/src/main/java/com/ichi2/anki/dialogs/tags/TagsArrayAdapter.kt,2,32,37,69,1,2,2025-09-11,2026-03-22,33,34.5,1.0,0,0.0,0.9130434782608695
AnkiDroid/src/main/java/com/ichi2/anki/jsaddons/TgzPackageExtract.kt,2,34,35,69,1,2,2025-12-10,2026-03-22,33,34.5,1.0,1,0.5,0.9710144927536232
AnkiDroid/src/test/java/com/ichi2/anki/widget/DeckAdapterTest.kt,2,60,9,69,2,2,2026-02-08,2026-04-10,14,34.5,0.5,0,0.0,0.8405797101449275
AnkiDroid/src/main/res/values-ur/03-dialogs.xml,12,46,22,68,1,11,2025-11-30,2026-04-06,18,5.666666666666667,1.0,0,0.0,0.20588235294117646
AnkiDroid/src/main/res/values-vi/03-dialogs.xml,12,46,22,68,1,11,2025-11-30,2026-04-06,18,5.666666666666667,1.0,0,0.0,0.20588235294117646
AnkiDroid/src/main/res/values-zh-rTW/03-dialogs.xml,12,46,22,68,1,11,2025-11-30,2026-04-06,18,5.666666666666667,1.0,0,0.0,0.20588235294117646
libanki/src/main/java/com/ichi2/anki/libanki/Notetypes.kt,10,26,42,68,4,8,2025-11-08,2026-03-13,42,6.8,0.4,1,0.1,0.19117647058823528
AnkiDroid/src/main/java/com/ichi2/anki/dialogs/EditDeckDescriptionDialog.kt,5,36,32,68,4,5,2025-09-11,2026-02-26,57,13.6,0.4,3,0.6,0.6911764705882353
.github/workflows/update_js_libs.yml,3,5,63,68,2,3,2025-11-14,2026-01-18,96,22.666666666666668,0.6666666666666666,0,0.0,0.9117647058823529
AnkiDroid/src/main/java/com/ichi2/anki/contextmenu/DeckPickerMenuContentProvider.kt,3,44,24,68,1,1,2026-04-07,2026-04-07,17,22.666666666666668,1.0,0,0.0,0.5147058823529411
AnkiDroid/src/main/java/com/ichi2/anki/utils/ext/Translations.kt,3,53,15,68,3,3,2025-09-13,2025-12-11,134,22.666666666666668,0.3333333333333333,1,0.3333333333333333,0.4411764705882353
buildSrc/src/main/kotlin/com/ichi2/anki/gradle/ReportOpener.kt,2,65,3,68,1,1,2026-04-17,2026-04-17,7,34.0,1.0,1,0.5,0.9117647058823529
AnkiDroid/src/test/java/com/ichi2/anki/utils/ext/ConfigTest.kt,1,68,0,68,1,1,2026-03-19,2026-03-19,36,68.0,1.0,0,0.0,1.0
testlib/build.gradle.kts,1,0,68,68,1,1,2026-03-22,2026-03-22,33,68.0,1.0,0,0.0,1.0
AnkiDroid/src/main/java/com/ichi2/ui/GesturePicker.kt,4,45,22,67,3,4,2025-09-12,2026-01-30,84,16.75,0.5,1,0.25,0.4626865671641791
docs/marketing/localized_description/marketdescription-ro.txt,1,16,51,67,1,1,2026-03-09,2026-03-09,46,67.0,1.0,0,0.0,1.0
AnkiDroid/src/main/res/layout/note_type_field_editor.xml,6,52,14,66,2,4,2025-09-10,2026-03-22,33,11.0,0.5,1,0.16666666666666666,0.6515151515151515
AnkiDroid/src/main/java/com/ichi2/preferences/NumberRangePreference.kt,4,32,34,66,2,3,2025-12-10,2026-03-13,42,16.5,0.75,3,0.75,0.45454545454545453
AnkiDroid/src/main/res/values-hr/04-network.xml,3,32,34,66,1,3,2026-01-28,2026-03-30,25,22.0,1.0,0,0.0,0.9696969696969697
AnkiDroid/src/test/java/com/ichi2/anki/tags/ManageTagsTestUtils.kt,3,57,9,66,1,2,2026-03-25,2026-04-20,4,22.0,1.0,1,0.3333333333333333,0.696969696969697
AnkiDroid/src/test/java/com/ichi2/anki/notetype/ManageNotetypesTest.kt,1,66,0,66,1,1,2026-03-23,2026-03-23,32,66.0,1.0,0,0.0,1.0
AnkiDroid/src/main/res/values-ru/10-preferences.xml,6,29,36,65,1,6,2025-11-21,2026-04-09,15,10.833333333333334,1.0,0,0.0,0.4307692307692308
AnkiDroid/src/test/java/com/ichi2/anki/libanki/NoteTypeTest.kt,6,36,29,65,4,4,2025-11-08,2025-12-11,134,10.833333333333334,0.5,0,0.0,0.3384615384615385
AnkiDroid/src/main/res/values-it/10-preferences.xml,4,29,36,65,1,4,2026-02-05,2026-04-09,15,16.25,1.0,0,0.0,0.8
AnkiDroid/src/main/java/com/ichi2/anki/dialogs/EmptyCardsDialogFragment.kt,3,24,41,65,1,3,2025-09-11,2026-04-06,18,21.666666666666668,1.0,0,0.0,0.8461538461538461
AnkiDroid/src/main/java/com/ichi2/ui/AxisPicker.kt,3,24,41,65,3,3,2025-09-11,2026-02-01,82,21.666666666666668,0.3333333333333333,1,0.3333333333333333,0.5846153846153846
AnkiDroid/src/main/java/com/ichi2/anki/Flag.kt,2,65,0,65,1,1,2026-01-23,2026-01-23,91,32.5,1.0,0,0.0,0.5846153846153846
AnkiDroid/src/test/java/com/ichi2/anki/CardUtilsTest.kt,1,65,0,65,1,1,2026-03-04,2026-03-04,51,65.0,1.0,0,0.0,1.0
AnkiDroid/src/test/java/com/ichi2/anki/FlagSerializerTest.kt,1,65,0,65,1,1,2026-01-23,2026-01-23,91,65.0,1.0,0,0.0,1.0
AnkiDroid/src/main/java/com/ichi2/anki/IntentHandler.kt,6,35,29,64,2,5,2025-11-17,2025-12-10,135,10.666666666666666,0.8333333333333334,2,0.3333333333333333,0.46875
AnkiDroid/src/main/java/com/ichi2/anki/multimedia/MultimediaImageFragment.kt,6,20,44,64,3,5,2025-09-12,2026-04-22,2,10.666666666666666,0.5,0,0.0,0.515625
AnkiDroid/src/test/java/com/ichi2/anki/settings/PrefsRobolectricTest.kt,3,27,37,64,2,3,2025-12-04,2026-04-14,10,21.333333333333332,0.6666666666666666,0,0.0,0.875
AnkiDroid/src/test/java/com/ichi2/anki/ui/windows/reviewer/audiorecord/CheckPronunciationViewModelTest.kt,3,50,14,64,2,2,2025-12-23,2026-04-22,2,21.333333333333332,0.6666666666666666,1,0.3333333333333333,0.53125
AnkiDroid/src/main/java/com/ichi2/utils/ExifUtil.kt,2,28,36,64,2,2,2025-12-09,2025-12-10,135,32.0,0.5,2,1.0,0.5625
AnkiDroid/src/main/res/layout/item_profiles.xml,1,64,0,64,1,1,2025-08-26,2025-08-26,241,64.0,1.0,0,0.0,1.0
AnkiDroid/src/test/java/com/ichi2/utils/ImportUtilsTest.kt,5,59,4,63,4,4,2025-11-25,2026-04-20,4,12.6,0.4,0,0.0,0.7142857142857143
vbpd/build.gradle.kts,3,55,8,63,2,2,2025-10-27,2025-11-04,171,21.0,0.6666666666666666,0,0.0,0.746031746031746
AnkiDroid/src/test/java/com/ichi2/anki/FlagTest.kt,2,63,0,63,1,2,2026-01-23,2026-04-14,10,31.5,1.0,0,0.0,0.9682539682539683
AnkiDroid/src/test/java/com/ichi2/preferences/IncrementerNumberRangePreferenceCompatTest.kt,1,63,0,63,1,1,2026-01-05,2026-01-05,109,63.0,1.0,1,1.0,1.0
lint-rules/src/test/java/com/ichi2/anki/lint/rules/LayoutPrefixDetectorTest.kt,1,63,0,63,1,1,2026-02-08,2026-02-08,75,63.0,1.0,0,0.0,1.0
AnkiDroid/src/main/res/values-uz/10-preferences.xml,8,32,30,62,1,8,2025-11-09,2026-04-19,5,7.75,1.0,0,0.0,0.6451612903225806
AnkiDroid/src/main/java/com/ichi2/preferences/ControlPreference.kt,7,35,27,62,3,6,2025-09-12,2026-04-09,15,8.857142857142858,0.42857142857142855,1,0.14285714285714285,0.41935483870967744
AnkiDroid/src/main/java/com/ichi2/anki/mediacheck/MediaCheckFragment.kt,6,27,35,62,2,6,2025-09-11,2026-04-06,18,10.333333333333334,0.8333333333333334,1,0.16666666666666666,0.5806451612903226
AnkiDroid/src/main/java/com/ichi2/anki/observability/ChangeManager.kt,5,57,5,62,3,5,2025-11-21,2026-04-17,7,12.4,0.4,3,0.6,0.8064516129032258
AnkiDroid/src/main/res/layout/add_edit_reminder_dialog.xml,4,45,17,62,2,3,2025-10-15,2026-02-16,67,15.5,0.75,0,0.0,0.3387096774193548
AnkiDroid/src/main/res/values-hr/11-arrays.xml,2,32,30,62,1,2,2026-01-03,2026-01-28,86,31.0,1.0,0,0.0,0.967741935483871
AnkiDroid/src/main/java/com/ichi2/anki/utils/AnimationUtils.kt,1,62,0,62,1,1,2025-11-18,2025-11-18,157,62.0,1.0,0,0.0,1.0
AnkiDroid/src/main/java/com/ichi2/anki/StudyOptionsActivity.kt,8,23,38,61,3,8,2025-08-29,2026-03-23,32,7.625,0.5,1,0.125,0.4918032786885246
libanki/src/main/java/com/ichi2/anki/libanki/DB.kt,4,35,26,61,2,4,2025-11-04,2026-01-28,86,15.25,0.75,1,0.25,0.5901639344262295
AnkiDroid/src/main/java/com/ichi2/anki/bottomsheet/ImageOcclusionBottomSheetFragment.kt,1,0,61,61,1,1,2025-10-29,2025-10-29,177,61.0,1.0,0,0.0,1.0
AnkiDroid/src/main/java/com/ichi2/preferences/VersatileTextPreference.kt,1,45,16,61,1,1,2026-04-06,2026-04-06,18,61.0,1.0,0,0.0,1.0
AnkiDroid/src/main/java/com/ichi2/anki/dialogs/GradeNowDialog.kt,6,33,27,60,3,6,2025-09-11,2026-03-22,33,10.0,0.6666666666666666,3,0.5,0.4166666666666667
AnkiDroid/src/main/java/com/ichi2/anki/cardviewer/CardMediaPlayer.kt,4,43,17,60,3,4,2025-11-24,2026-01-19,95,15.0,0.5,3,0.75,0.4666666666666667
AnkiDroid/src/main/java/com/ichi2/anki/preferences/reviewer/ReviewerMenuSettingsAdapter.kt,3,35,25,60,1,3,2025-09-11,2026-03-22,33,20.0,1.0,0,0.0,0.5166666666666667
AnkiDroid/src/test/java/com/ichi2/testutils/ScreenSize.kt,3,58,2,60,1,3,2025-11-24,2026-01-24,90,20.0,1.0,1,0.3333333333333333,0.6333333333333333
AnkiDroid/src/main/java/com/ichi2/anki/preferences/profiles/SwitchProfilesFragment.kt,2,59,1,60,1,2,2025-08-26,2026-04-05,19,30.0,1.0,0,0.0,0.6333333333333333
AnkiDroid/src/main/java/com/ichi2/anki/ui/windows/reviewer/autoadvance/AutoAdvance.kt,2,26,34,60,1,1,2025-12-27,2025-12-27,118,30.0,1.0,0,0.0,0.8333333333333334
AnkiDroid/src/test/java/com/ichi2/anki/multiprofile/ProfileIdTest.kt,1,60,0,60,1,1,2026-03-21,2026-03-21,34,60.0,1.0,0,0.0,1.0
AnkiDroid/src/test/java/com/ichi2/anki/notetype/AddNewNotesTypeTest.kt,1,60,0,60,1,1,2026-03-23,2026-03-23,32,60.0,1.0,0,0.0,1.0
AnkiDroid/src/test/java/com/ichi2/anki/previewer/TypeAnswerTest.kt,1,60,0,60,1,1,2026-03-24,2026-03-24,31,60.0,1.0,1,1.0,1.0
AnkiDroid/src/main/java/com/ichi2/anki/utils/AndroidUtils.kt,2,59,0,59,2,2,2025-01-31,2025-12-24,121,29.5,0.5,1,0.5,0.6440677966101694
AnkiDroid/src/main/java/com/ichi2/anki/exception/SystemStorageException.kt,1,59,0,59,1,1,2025-11-17,2025-11-17,158,59.0,1.0,0,0.0,1.0
AnkiDroid/src/main/java/com/ichi2/async/CollectionLoader.kt,1,0,59,59,1,1,2025-10-20,2025-10-20,186,59.0,1.0,0,0.0,1.0
buildSrc/src/main/kotlin/com/ichi2/anki/gradle/GitHubActionsTestListener.kt,1,59,0,59,1,1,2026-04-17,2026-04-17,7,59.0,1.0,0,0.0,1.0
AnkiDroid/src/main/res/values-ru/01-core.xml,10,32,26,58,1,10,2025-10-30,2026-04-06,18,5.8,1.0,0,0.0,0.3793103448275862
AnkiDroid/src/main/java/com/ichi2/anki/ui/windows/reviewer/StudyScreenRepository.kt,8,37,21,58,1,4,2025-12-04,2026-04-23,1,7.25,1.0,0,0.0,0.5517241379310345
AnkiDroid/src/main/java/com/ichi2/ui/GestureDisplay.kt,3,23,35,58,3,3,2025-09-11,2026-01-30,84,19.333333333333332,0.3333333333333333,0,0.0,0.8620689655172413
AnkiDroid/src/main/java/com/ichi2/anki/utils/ShortcutUtils.kt,2,57,1,58,2,2,2025-12-14,2026-04-17,7,29.0,0.5,1,0.5,0.9655172413793104
AnkiDroid/src/test/java/com/ichi2/anki/LoginActivityTest.kt,1,0,58,58,1,1,2025-01-31,2025-01-31,448,58.0,1.0,0,0.0,1.0
AnkiDroid/src/test/java/com/ichi2/anki/dialogs/DeckSelectionDialogTest.kt,1,58,0,58,1,1,2026-02-22,2026-02-22,61,58.0,1.0,1,1.0,1.0
docs/marketing/localized_description/marketdescription-et.txt,1,29,29,58,1,1,2026-03-09,2026-03-09,46,58.0,1.0,0,0.0,1.0
AnkiDroid/src/main/java/com/ichi2/anki/preferences/DevOptionsFragment.kt,6,36,21,57,2,5,2025-09-08,2025-12-11,134,9.5,0.8333333333333334,0,0.0,0.631578947368421
AnkiDroid/src/main/java/com/ichi2/anki/CollectionHelper.kt,3,33,24,57,1,3,2025-11-17,2025-12-10,135,19.0,1.0,2,0.6666666666666666,0.5263157894736842
AnkiDroid/src/main/res/values-uz/01-core.xml,15,31,25,56,1,15,2025-10-30,2026-04-19,5,3.7333333333333334,1.0,0,0.0,0.4642857142857143
AnkiDroid/src/main/res/values-et/11-arrays.xml,2,29,27,56,1,2,2026-01-03,2026-03-09,46,28.0,1.0,0,0.0,0.9642857142857143
AnkiDroid/src/main/res/layout/fragment_card_browser_searchview.xml,7,43,12,55,1,5,2026-01-19,2026-03-23,32,7.857142857142857,1.0,0,0.0,0.23636363636363636
AnkiDroid/src/main/java/com/ichi2/anki/pages/DeckOptions.kt,5,33,22,55,3,4,2025-11-07,2026-04-17,7,11.0,0.6,2,0.4,0.4
AnkiDroid/src/main/res/layout/dialog_insert_field.xml,1,55,0,55,1,1,2026-01-06,2026-01-06,108,55.0,1.0,0,0.0,1.0
AnkiDroid/src/main/res/values-heb/01-core.xml,9,30,24,54,1,9,2025-10-30,2026-04-04,20,6.0,1.0,0,0.0,0.4444444444444444
AnkiDroid/src/main/res/values-iw/01-core.xml,9,30,24,54,1,9,2025-10-30,2026-04-04,20,6.0,1.0,0,0.0,0.4444444444444444
AnkiDroid/src/main/res/values/constants.xml,7,36,18,54,5,7,2025-11-26,2026-03-16,39,7.714285714285714,0.2857142857142857,0,0.0,0.48148148148148145
AnkiDroid/src/main/assets/scripts/ankidroid-reviewer.js,4,44,10,54,1,3,2025-12-14,2026-04-22,2,13.5,1.0,3,0.75,0.6851851851851852
AnkiDroid/src/main/java/com/ichi2/anki/previewer/TemplatePreviewerPage.kt,3,24,30,54,3,3,2025-09-11,2025-12-17,128,18.0,0.3333333333333333,1,0.3333333333333333,0.4074074074074074
AnkiDroid/src/main/java/com/ichi2/anki/ui/windows/permissions/AllPermissionsExplanationFragment.kt,3,32,22,54,3,3,2025-09-12,2025-12-13,132,18.0,0.3333333333333333,1,0.3333333333333333,0.6296296296296297
AnkiDroid/src/main/java/com/ichi2/anki/cardviewer/MediaErrorHandler.kt,1,53,1,54,1,1,2025-12-27,2025-12-27,118,54.0,1.0,1,1.0,1.0
AnkiDroid/src/main/res/layout/toolbar.xml,1,26,28,54,1,1,2026-02-01,2026-02-01,82,54.0,1.0,0,0.0,1.0
AnkiDroid/src/test/java/com/ichi2/utils/HtmlUtilsTest.kt,1,0,54,54,1,1,2025-10-03,2025-10-03,203,54.0,1.0,0,0.0,1.0
AnkiDroid/src/main/java/com/ichi2/anki/InitialActivity.kt,9,44,9,53,6,7,2025-11-17,2026-04-17,7,5.888888888888889,0.4444444444444444,4,0.4444444444444444,0.39622641509433965
AnkiDroid/src/main/java/com/ichi2/anki/preferences/Preferences.kt,5,30,23,53,3,5,2025-09-29,2026-03-23,32,10.6,0.6,1,0.2,0.7169811320754716
AnkiDroid/src/main/res/layout/fragment_custom_study.xml,4,37,16,53,1,2,2025-12-15,2025-12-18,127,13.25,1.0,0,0.0,0.4716981132075472
AnkiDroid/src/main/res/layout/statistics.xml,3,23,30,53,2,2,2025-10-13,2025-11-07,168,17.666666666666668,0.6666666666666666,1,0.3333333333333333,0.5660377358490566
compat/src/main/java/com/ichi2/anki/compat/ResolveInfoCompat.kt,2,40,13,53,1,2,2026-03-22,2026-04-19,5,26.5,1.0,1,0.5,0.9622641509433962
AnkiDroid/src/main/java/com/ichi2/anki/dialogs/FatalErrorDialog.kt,1,53,0,53,1,1,2025-11-21,2025-11-21,154,53.0,1.0,1,1.0,1.0
AnkiDroid/src/main/java/com/ichi2/anki/exception/CombinedException.kt,1,53,0,53,1,1,2025-11-24,2025-11-24,151,53.0,1.0,0,0.0,1.0
AnkiDroid/src/main/java/com/ichi2/async/AsyncOperation.kt,1,0,53,53,1,1,2025-10-20,2025-10-20,186,53.0,1.0,0,0.0,1.0
AnkiDroid/src/test/java/com/ichi2/anki/RobolectricTest.kt,5,23,29,52,2,5,2025-12-10,2026-03-26,29,10.4,0.8,2,0.4,0.5769230769230769
AnkiDroid/src/main/java/com/ichi2/anki/ReadText.kt,4,29,23,52,2,4,2025-12-10,2026-04-08,16,13.0,0.75,3,0.75,0.5769230769230769
AnkiDroid/src/main/java/com/ichi2/anki/browser/BrowserColumnSelectionAdapter.kt,2,23,29,52,1,2,2025-09-11,2026-03-22,33,26.0,1.0,0,0.0,0.6923076923076923
AnkiDroid/src/main/java/com/ichi2/anki/dialogs/customstudy/CustomStudyViewModel.kt,1,52,0,52,1,1,2025-12-18,2025-12-18,127,52.0,1.0,0,0.0,1.0
AnkiDroid/src/main/java/com/ichi2/anki/ui/windows/reviewer/AnswerButton.kt,1,25,27,52,1,1,2026-01-17,2026-01-17,97,52.0,1.0,0,0.0,1.0
AnkiDroid/src/main/java/com/ichi2/anki/dialogs/SyncErrorDialog.kt,4,29,22,51,3,4,2025-12-10,2026-03-20,35,12.75,0.5,2,0.5,0.5882352941176471
AnkiDroid/src/main/java/com/ichi2/anki/NotificationChannels.kt,3,30,21,51,2,3,2025-11-21,2026-04-21,3,17.0,0.6666666666666666,3,1.0,0.6274509803921569
AnkiDroid/src/main/java/com/ichi2/compat/CompatV26.kt,3,34,17,51,2,3,2025-11-08,2026-03-22,33,17.0,0.6666666666666666,1,0.3333333333333333,0.6274509803921569
AnkiDroid/src/main/res/layout/dialog_insert_special_field_recycler_item.xml,1,51,0,51,1,1,2026-01-07,2026-01-07,107,51.0,1.0,0,0.0,1.0
AnkiDroid/src/main/res/layout/permissions_bottom_sheet.xml,1,51,0,51,1,1,2025-11-25,2025-11-25,150,51.0,1.0,0,0.0,1.0
AnkiDroid/src/main/res/layout/view_search_history_item.xml,1,51,0,51,1,1,2026-01-19,2026-01-19,95,51.0,1.0,0,0.0,1.0
AnkiDroid/src/main/res/values-es-rES/01-core.xml,10,28,22,50,1,10,2025-10-30,2026-04-04,20,5.0,1.0,0,0.0,0.36
AnkiDroid/src/main/java/com/ichi2/anki/reviewreminders/ReviewReminder.kt,5,44,6,50,2,5,2025-09-29,2026-02-16,67,10.0,0.8,2,0.4,0.72
lint-rules/src/main/java/com/ichi2/anki/lint/IssueRegistry.kt,5,27,23,50,4,4,2025-12-04,2026-02-08,75,10.0,0.4,1,0.2,0.6
AnkiDroid/src/main/java/com/ichi2/ui/AxisSelector.kt,2,20,30,50,2,2,2025-09-11,2026-01-03,111,25.0,0.5,0,0.0,0.8
AnkiDroid/src/test/java/com/ichi2/anki/preferences/ControlsSettingsFragmentTest.kt,2,47,3,50,1,2,2025-11-14,2026-01-30,84,25.0,1.0,0,0.0,0.76
AnkiDroid/src/main/java/com/ichi2/utils/TimeUtil.kt,1,37,13,50,1,1,2026-03-26,2026-03-26,29,50.0,1.0,0,0.0,1.0
AnkiDroid/src/main/java/com/ichi2/widget/WidgetAlarm.kt,1,50,0,50,1,1,2026-03-23,2026-03-23,32,50.0,1.0,1,1.0,1.0
AnkiDroid/src/main/res/layout/view_browser_toolbar.xml,1,50,0,50,1,1,2025-10-17,2025-10-17,189,50.0,1.0,0,0.0,1.0
AnkiDroid/src/test/java/com/ichi2/anki/multimediacard/AudioRecorderTest.kt,1,0,50,50,1,1,2025-12-23,2025-12-23,122,50.0,1.0,0,0.0,1.0
AnkiDroid/src/main/java/com/ichi2/anki/AbstractFlashcardViewer.kt,13,25,24,49,7,13,2025-09-13,2026-03-26,29,3.769230769230769,0.3076923076923077,3,0.23076923076923078,0.22448979591836735
AnkiDroid/src/main/java/com/ichi2/anki/pages/CongratsPage.kt,6,8,41,49,3,5,2025-08-29,2025-12-11,134,8.166666666666666,0.5,2,0.3333333333333333,0.6938775510204082
AnkiDroid/src/main/java/com/ichi2/anki/multimedia/AudioVideoFragment.kt,5,15,34,49,2,5,2025-09-11,2026-04-22,2,9.8,0.6,0,0.0,0.40816326530612246
AnkiDroid/src/main/res/values-es-rAR/10-preferences.xml,4,21,28,49,1,4,2026-01-12,2026-04-09,15,12.25,1.0,0,0.0,0.7346938775510204
AnkiDroid/src/main/res/values-es-rES/10-preferences.xml,4,21,28,49,1,4,2026-01-12,2026-04-09,15,12.25,1.0,0,0.0,0.7346938775510204
AnkiDroid/robolectricDownloader.gradle,3,20,29,49,2,3,2025-11-19,2026-04-17,7,16.333333333333332,0.6666666666666666,0,0.0,0.6530612244897959
AnkiDroid/src/main/java/com/ichi2/anki/ui/windows/permissions/InternetPermissionFragment.kt,3,41,8,49,3,2,2026-03-16,2026-03-23,32,16.333333333333332,0.3333333333333333,0,0.0,0.7755102040816326
AnkiDroid/src/main/java/com/ichi2/anki/multiprofile/ProfileId.kt,2,49,0,49,1,2,2025-12-06,2025-12-20,125,24.5,1.0,0,0.0,0.6530612244897959
AnkiDroid/src/main/java/com/ichi2/anki/pages/AnkiPackageImporterFragment.kt,2,34,15,49,2,2,2025-12-10,2025-12-11,134,24.5,0.5,1,0.5,0.5306122448979592
AnkiDroid/src/main/java/com/ichi2/anki/model/ResultType.kt,1,49,0,49,1,1,2026-03-16,2026-03-16,39,49.0,1.0,0,0.0,1.0
AnkiDroid/src/main/res/layout/view_advanced_search_list_item.xml,1,49,0,49,1,1,2026-01-11,2026-01-11,103,49.0,1.0,0,0.0,1.0
AnkiDroid/src/test/java/com/ichi2/anki/observability/ChangeManagerTest.kt,1,49,0,49,1,1,2025-11-21,2025-11-21,154,49.0,1.0,1,1.0,1.0
AnkiDroid/src/main/res/values-es-rAR/01-core.xml,10,27,21,48,1,10,2025-10-30,2026-04-04,20,4.8,1.0,0,0.0,0.375
AnkiDroid/src/main/java/com/ichi2/anki/ui/windows/managespace/ManageSpaceFragment.kt,5,23,25,48,2,3,2025-09-11,2025-12-10,135,9.6,0.8,1,0.2,0.6458333333333334
AnkiDroid/src/main/java/com/ichi2/anki/workarounds/SafeWebViewClient.kt,2,47,1,48,1,1,2025-11-07,2025-11-07,168,24.0,1.0,2,1.0,0.9583333333333334
AnkiDroid/src/main/java/com/ichi2/anki/utils/ConfigAwareSingleFragmentActivity.kt,1,48,0,48,1,1,2025-11-26,2025-11-26,149,48.0,1.0,0,0.0,1.0
common/src/test/java/com/ichi2/anki/common/utils/ext/MutableListTest.kt,1,48,0,48,1,1,2025-09-12,2025-09-12,224,48.0,1.0,0,0.0,1.0
AnkiDroid/src/main/res/values-nl/10-preferences.xml,5,20,27,47,1,5,2026-01-28,2026-04-09,15,9.4,1.0,0,0.0,0.425531914893617
libanki/src/main/java/com/ichi2/anki/libanki/Card.kt,4,33,14,47,3,4,2025-12-08,2026-04-18,6,11.75,0.5,0,0.0,0.40425531914893614
AnkiDroid/src/main/java/com/ichi2/anki/dialogs/ImportFileSelectionFragment.kt,3,28,19,47,1,1,2026-04-08,2026-04-08,16,15.666666666666666,1.0,0,0.0,0.6808510638297872
AnkiDroid/src/main/java/com/ichi2/preferences/WhiteboardControlPreference.kt,2,47,0,47,1,1,2026-01-30,2026-01-30,84,23.5,1.0,0,0.0,0.9148936170212766
AnkiDroid/src/main/java/com/ichi2/anki/utils/ext/MutableStateFlow.kt,1,47,0,47,1,1,2026-01-06,2026-01-06,108,47.0,1.0,0,0.0,1.0
libanki/src/test/java/com/ichi2/anki/libanki/PythonTypesTest.kt,1,47,0,47,1,1,2025-10-23,2025-10-23,183,47.0,1.0,0,0.0,1.0
AnkiDroid/src/main/res/values-uk/01-core.xml,11,26,20,46,1,11,2025-10-26,2026-04-19,5,4.181818181818182,1.0,0,0.0,0.21739130434782608
AnkiDroid/src/main/res/values/attrs.xml,10,43,3,46,8,9,2025-10-24,2026-04-06,18,4.6,0.2,3,0.3,0.3695652173913043
AnkiDroid/src/main/java/com/ichi2/anki/preferences/reviewer/ViewerAction.kt,6,30,16,46,3,4,2025-09-13,2026-04-06,18,7.666666666666667,0.6666666666666666,1,0.16666666666666666,0.34782608695652173
AnkiDroid/src/main/java/com/ichi2/anki/AnkiDroidJsAPI.kt,5,23,23,46,3,5,2025-12-10,2026-03-01,54,9.2,0.6,2,0.4,0.7391304347826086
AnkiDroid/src/main/java/com/ichi2/anki/ui/windows/reviewer/audiorecord/CheckPronunciationFragment.kt,4,24,22,46,2,3,2025-09-11,2026-04-22,2,11.5,0.5,1,0.25,0.6739130434782609
libanki/src/main/java/com/ichi2/anki/libanki/Deck.kt,3,28,18,46,1,3,2025-09-08,2026-01-26,88,15.333333333333334,1.0,1,0.3333333333333333,0.6521739130434783
AnkiDroid/src/main/java/com/ichi2/anki/dialogs/customstudy/IncludedExcludedTagsAdapter.kt,2,20,26,46,1,2,2025-09-11,2025-12-10,135,23.0,1.0,1,0.5,0.6521739130434783
AnkiDroid/src/main/java/com/ichi2/anki/notetype/NotetypeUiModel.kt,2,15,31,46,2,2,2025-11-12,2025-12-10,135,23.0,0.5,1,0.5,0.6521739130434783
AnkiDroid/src/main/java/com/ichi2/anki/pages/CardInfoFragment.kt,2,45,1,46,1,1,2025-12-11,2025-12-11,134,23.0,1.0,0,0.0,0.6086956521739131
AnkiDroid/src/main/java/com/ichi2/anki/utils/ext/ImageView.kt,2,42,4,46,1,1,2026-04-08,2026-04-08,16,23.0,1.0,1,0.5,0.6956521739130435
AnkiDroid/src/main/res/layout/fragment_switch_profiles.xml,2,44,2,46,1,2,2025-08-26,2025-12-06,139,23.0,1.0,0,0.0,0.7391304347826086
libanki/src/main/java/com/ichi2/anki/libanki/Tags.kt,2,27,19,46,1,2,2025-12-10,2026-03-25,30,23.0,1.0,1,0.5,0.7391304347826086
AnkiDroid/src/main/res/layout-xlarge/note_editor.xml,1,46,0,46,1,1,2025-08-25,2025-08-25,242,46.0,1.0,0,0.0,1.0
AnkiDroid/src/test/java/com/ichi2/widget/WidgetAlarmTest.kt,1,46,0,46,1,1,2026-03-23,2026-03-23,32,46.0,1.0,1,1.0,1.0
docs/ankidroid/sdk-version-history.md,1,46,0,46,1,1,2026-03-26,2026-03-26,29,46.0,1.0,0,0.0,1.0
AnkiDroid/src/main/res/values-ar/10-preferences.xml,6,19,26,45,1,6,2025-11-27,2026-04-12,12,7.5,1.0,0,0.0,0.5777777777777777
AnkiDroid/src/main/java/com/ichi2/anki/DatabaseCheck.kt,2,24,21,45,1,2,2025-12-10,2026-03-02,53,22.5,1.0,1,0.5,0.6666666666666666
AnkiDroid/src/test/java/com/ichi2/testutils/PermissionUtils.kt,2,45,0,45,2,2,2025-11-18,2026-03-16,39,22.5,0.5,0,0.0,0.7111111111111111
AnkiDroid/src/test/java/com/ichi2/anki/utils/ext/WholeAndFractionTest.kt,1,45,0,45,1,1,2026-01-29,2026-01-29,85,45.0,1.0,1,1.0,1.0
common/android/src/test/java/com/ichi2/anki/common/utils/android/ColorUtilsTest.kt,1,45,0,45,1,1,2026-04-13,2026-04-13,11,45.0,1.0,0,0.0,1.0
AnkiDroid/src/main/res/values-nl/01-core.xml,12,25,19,44,1,12,2025-10-30,2026-04-15,9,3.6666666666666665,1.0,0,0.0,0.22727272727272727
AnkiDroid/src/main/res/values-hy/01-core.xml,8,25,19,44,1,8,2025-10-30,2026-04-15,9,5.5,1.0,0,0.0,0.7272727272727273
AnkiDroid/src/main/java/com/ichi2/anki/NavigationDrawerActivity.kt,5,23,21,44,2,5,2025-11-04,2026-03-23,32,8.8,0.8,2,0.4,0.6818181818181818
AnkiDroid/src/main/java/com/ichi2/utils/WebViewUtils.kt,4,41,3,44,4,4,2025-11-04,2026-04-17,7,11.0,0.25,1,0.25,0.6818181818181818
AnkiDroid/src/main/java/com/ichi2/utils/AdaptionUtil.kt,3,22,22,44,1,3,2025-12-10,2026-04-19,5,14.666666666666666,1.0,2,0.6666666666666666,0.6818181818181818
AnkiDroid/src/main/java/com/ichi2/anki/multimedia/MultimediaBottomSheet.kt,2,21,23,44,1,2,2025-09-11,2026-03-23,32,22.0,1.0,0,0.0,0.8636363636363636
AnkiDroid/src/androidTest/java/com/ichi2/anki/dialogs/BrowserOptionsDialogTest.kt,1,44,0,44,1,1,2025-11-23,2025-11-23,152,44.0,1.0,0,0.0,1.0
AnkiDroid/src/main/java/com/ichi2/anki/android/AnkiBroadcastReceiver.kt,1,44,0,44,1,1,2026-04-17,2026-04-17,7,44.0,1.0,1,1.0,1.0
AnkiDroid/src/main/java/com/ichi2/anki/browser/BrowserColumnKey.kt,1,44,0,44,1,1,2026-01-27,2026-01-27,87,44.0,1.0,0,0.0,1.0
AnkiDroid/src/main/java/com/ichi2/anki/utils/ext/MenuHost.kt,1,44,0,44,1,1,2026-01-24,2026-01-24,90,44.0,1.0,0,0.0,1.0
AnkiDroid/src/test/java/com/ichi2/anki/previewer/TemplatePreviewerViewModelFileSystemTest.kt,1,0,44,44,1,1,2025-11-29,2025-11-29,146,44.0,1.0,0,0.0,1.0
AnkiDroid/src/main/java/com/ichi2/anki/CardTemplateBrowserAppearanceEditor.kt,4,21,22,43,2,4,2025-09-10,2026-04-06,18,10.75,0.75,0,0.0,0.6511627906976745
AnkiDroid/src/main/java/com/ichi2/anki/reviewreminders/AddEditReminderDialogViewModel.kt,4,32,11,43,2,3,2025-10-19,2025-12-26,119,10.75,0.75,1,0.25,0.5116279069767442
AnkiDroid/src/main/java/com/ichi2/compat/Compat.kt,3,26,17,43,2,3,2025-11-08,2026-03-22,33,14.333333333333334,0.6666666666666666,1,0.3333333333333333,0.7441860465116279
AnkiDroid/src/test/java/com/ichi2/anki/deckpicker/DeckPickerViewModelTest.kt,3,34,9,43,2,2,2026-02-25,2026-03-04,51,14.333333333333334,0.6666666666666666,0,0.0,0.5813953488372093
AnkiDroid/src/main/java/com/ichi2/anki/notetype/CardTypeName.kt,1,43,0,43,1,1,2026-03-15,2026-03-15,40,43.0,1.0,0,0.0,1.0
AnkiDroid/src/main/java/com/ichi2/anki/ui/windows/reviewer/StudyCounts.kt,1,43,0,43,1,1,2025-12-27,2025-12-27,118,43.0,1.0,1,1.0,1.0
libanki/src/main/java/com/ichi2/anki/libanki/backend/model/SortOrderUtil.kt,1,0,43,43,1,1,2026-01-27,2026-01-27,87,43.0,1.0,0,0.0,1.0
AnkiDroid/src/main/res/values-pt-rBR/01-core.xml,12,24,18,42,1,12,2025-10-30,2026-04-19,5,3.5,1.0,0,0.0,0.3333333333333333
AnkiDroid/src/test/java/com/ichi2/anki/browser/search/SearchFiltersTest.kt,2,40,2,42,1,2,2026-02-01,2026-03-13,42,21.0,1.0,0,0.0,0.9047619047619048
AnkiDroid/src/main/java/com/ichi2/anki/noteeditor/NoteEditorFragmentDelegate.kt,1,42,0,42,1,1,2025-08-25,2025-08-25,242,42.0,1.0,0,0.0,1.0
AnkiDroid/src/test/java/com/ichi2/anki/browser/search/CardStateSerializerTest.kt,1,42,0,42,1,1,2026-01-23,2026-01-23,91,42.0,1.0,0,0.0,1.0
.github/workflows/update-gradle-wrapper.yml,5,7,34,41,2,5,2025-11-14,2026-03-10,45,8.2,0.6,0,0.0,0.7804878048780488
AnkiDroid/src/main/java/com/ichi2/anki/utils/ext/Fragment.kt,2,40,1,41,2,2,2025-01-31,2026-03-28,27,20.5,0.5,0,0.0,0.5609756097560976
AnkiDroid/src/main/res/values-hr/09-backup.xml,2,21,20,41,1,2,2026-01-28,2026-04-06,18,20.5,1.0,0,0.0,0.975609756097561
AnkiDroid/src/main/java/com/ichi2/anki/account/LoggedInViewModel.kt,1,41,0,41,1,1,2025-01-31,2025-01-31,448,41.0,1.0,0,0.0,1.0
AnkiDroid/src/main/res/layout/tab_layout_icon_on_end.xml,1,41,0,41,1,1,2025-11-08,2025-11-08,167,41.0,1.0,0,0.0,1.0
AnkiDroid/src/test/java/com/ichi2/anki/MetaTest.kt,1,41,0,41,1,1,2026-03-11,2026-03-11,44,41.0,1.0,0,0.0,1.0
AnkiDroid/src/main/res/values-ind/01-core.xml,9,23,17,40,1,9,2025-10-30,2026-04-04,20,4.444444444444445,1.0,0,0.0,0.65
AnkiDroid/src/main/java/com/ichi2/anki/preferences/HeaderFragment.kt,7,23,17,40,2,7,2025-09-11,2026-04-06,18,5.714285714285714,0.8571428571428571,1,0.14285714285714285,0.35
AnkiDroid/src/main/java/com/ichi2/anki/dialogs/FlagAdapter.kt,4,20,20,40,1,4,2025-09-12,2026-03-22,33,10.0,1.0,0,0.0,0.725
libanki/src/test/java/com/ichi2/anki/libanki/FinderTest.kt,4,19,21,40,2,3,2025-12-05,2026-01-27,87,10.0,0.75,0,0.0,0.5
AnkiDroid/src/main/java/com/ichi2/anki/BackupManager.kt,3,19,21,40,3,3,2025-12-10,2026-01-03,111,13.333333333333334,0.3333333333333333,3,1.0,0.75
AnkiDroid/src/main/java/com/ichi2/compat/BaseCompat.kt,3,23,17,40,2,3,2025-11-08,2026-03-22,33,13.333333333333334,0.6666666666666666,1,0.3333333333333333,0.75
AnkiDroid/src/main/java/com/ichi2/widget/WidgetConfigScreenAdapter.kt,3,14,26,40,1,3,2025-09-11,2026-03-22,33,13.333333333333334,1.0,0,0.0,0.6
AnkiDroid/src/main/res/values-es-rES/11-arrays.xml,3,21,19,40,1,3,2025-11-27,2026-01-12,102,13.333333333333334,1.0,0,0.0,0.75
AnkiDroid/src/main/java/com/ichi2/anki/multimediacard/impl/MultimediaEditableNote.kt,2,20,20,40,1,2,2025-12-10,2026-03-22,33,20.0,1.0,1,0.5,0.9
AnkiDroid/src/main/java/com/ichi2/anki/web/HttpFetcher.kt,2,20,20,40,1,2,2025-12-10,2025-12-16,129,20.0,1.0,1,0.5,0.95
AnkiDroid/src/test/java/com/ichi2/anki/ReviewerKeyboardInputTest.kt,2,1,39,40,2,2,2026-01-08,2026-03-23,32,20.0,0.5,1,0.5,0.875
libanki/src/main/java/com/ichi2/anki/libanki/BackendUndo.kt,2,20,20,40,1,2,2025-12-10,2026-01-26,88,20.0,1.0,1,0.5,0.75
libanki/src/main/java/com/ichi2/anki/libanki/Note.kt,2,20,20,40,1,2,2025-12-10,2026-01-26,88,20.0,1.0,1,0.5,0.8
AnkiDroid/src/main/java/com/ichi2/anki/AppLifecycleObserver.kt,1,40,0,40,1,1,2025-11-14,2025-11-14,161,40.0,1.0,0,0.0,1.0
AnkiDroid/src/main/java/com/ichi2/anki/browser/ColumnWithSample.kt,1,14,26,40,1,1,2026-04-19,2026-04-19,5,40.0,1.0,1,1.0,1.0
AnkiDroid/src/main/java/com/ichi2/themes/Theme.kt,1,0,40,40,1,1,2025-12-06,2025-12-06,139,40.0,1.0,0,0.0,1.0
AnkiDroid/src/test/java/com/ichi2/anki/browser/BrowserColumnKeyTest.kt,1,40,0,40,1,1,2026-01-27,2026-01-27,87,40.0,1.0,0,0.0,1.0
AnkiDroid/src/test/java/com/ichi2/testutils/ext/ReviewRemindersDatabase.kt,1,40,0,40,1,1,2026-02-16,2026-02-16,67,40.0,1.0,0,0.0,1.0
common/README.md,1,10,30,40,1,1,2026-04-13,2026-04-13,11,40.0,1.0,0,0.0,1.0
AnkiDroid/src/main/java/com/ichi2/utils/LanguageUtil.kt,4,37,2,39,2,3,2025-11-08,2026-04-15,9,9.75,0.75,1,0.25,0.6666666666666666
libanki/src/main/java/com/ichi2/anki/libanki/sched/Scheduler.kt,4,20,19,39,2,4,2025-12-10,2026-02-08,75,9.75,0.75,1,0.25,0.7692307692307693
AnkiDroid/src/main/java/com/ichi2/anki/introduction/SetupCollectionFragment.kt,3,11,28,39,1,3,2025-09-11,2026-03-23,32,13.0,1.0,1,0.3333333333333333,0.5128205128205128
AnkiDroid/src/test/java/com/ichi2/anki/preferences/PreferenceTestUtils.kt,3,29,10,39,2,2,2025-11-14,2026-01-31,83,13.0,0.6666666666666666,0,0.0,0.8205128205128205
AnkiDroid/src/main/java/com/ichi2/anki/FieldEditText.kt,2,24,15,39,2,2,2025-10-24,2025-12-10,135,19.5,0.5,1,0.5,0.7692307692307693
AnkiDroid/src/main/java/com/ichi2/anki/ui/windows/reviewer/autoadvance/AnswerAction.kt,2,38,1,39,1,1,2025-12-27,2025-12-27,118,19.5,1.0,0,0.0,0.9487179487179487
AnkiDroid/src/main/java/com/ichi2/imagecropper/ImageCropper.kt,2,21,18,39,1,2,2025-09-11,2025-11-25,150,19.5,1.0,0,0.0,0.9230769230769231
AnkiDroid/src/main/res/values-it/01-core.xml,10,22,16,38,1,10,2025-10-30,2026-04-08,16,3.8,1.0,0,0.0,0.42105263157894735
AnkiDroid/src/androidTest/java/com/ichi2/anki/tests/libanki/MediaTest.kt,3,19,19,38,2,3,2025-12-05,2025-12-11,134,12.666666666666666,0.6666666666666666,1,0.3333333333333333,0.7894736842105263
AnkiDroid/src/main/res/values-es-rAR/11-arrays.xml,3,20,18,38,1,3,2025-11-27,2026-01-12,102,12.666666666666666,1.0,0,0.0,0.7368421052631579
AnkiDroid/src/main/res/values-et/04-network.xml,3,18,20,38,1,3,2026-03-09,2026-03-30,25,12.666666666666666,1.0,0,0.0,0.9473684210526315
AnkiDroid/src/main/java/com/ichi2/anki/scheduling/ForgetCardsDialog.kt,2,19,19,38,2,2,2025-09-11,2026-03-19,36,19.0,0.5,0,0.0,0.9473684210526315
AnkiDroid/src/main/java/com/ichi2/utils/Colour.kt,2,23,15,38,1,2,2025-11-09,2025-12-10,135,19.0,1.0,1,0.5,0.7894736842105263
libanki/src/main/java/com/ichi2/anki/libanki/Utils.kt,2,19,19,38,2,2,2025-12-10,2026-02-08,75,19.0,0.5,1,0.5,0.9473684210526315
AnkiDroid/src/test/java/com/ichi2/anki/servicemodel/UpgradeGesturesToControlsTest.kt,1,19,19,38,1,1,2026-01-08,2026-01-08,106,38.0,1.0,0,0.0,1.0
common/src/test/java/com/ichi2/anki/common/utils/ext/ListTest.kt,1,38,0,38,1,1,2026-01-30,2026-01-30,84,38.0,1.0,0,0.0,1.0
AnkiDroid/src/main/res/values-gl/17-model-manager.xml,8,22,15,37,1,8,2025-10-30,2026-04-22,2,4.625,1.0,0,0.0,0.1891891891891892
AnkiDroid/src/main/res/values-zh-rCN/17-model-manager.xml,7,22,15,37,1,7,2025-10-30,2026-04-22,2,5.285714285714286,1.0,0,0.0,0.21621621621621623
AnkiDroid/src/main/java/com/ichi2/anki/previewer/PreviewerHelpers.kt,5,29,8,37,2,4,2025-12-06,2026-01-08,106,7.4,0.8,1,0.2,0.4594594594594595
AnkiDroid/src/main/java/com/ichi2/anki/ui/windows/reviewer/audiorecord/AudioPlayView.kt,3,15,22,37,3,3,2025-09-11,2026-01-17,97,12.333333333333334,0.3333333333333333,0,0.0,0.8378378378378378
AnkiDroid/src/main/java/com/ichi2/utils/UiUtil.kt,3,37,0,37,3,3,2025-11-08,2026-04-16,8,12.333333333333334,0.3333333333333333,1,0.3333333333333333,0.7297297297297297
AnkiDroid/src/main/java/com/ichi2/utils/VersionUtils.kt,3,18,19,37,2,3,2025-12-10,2026-04-17,7,12.333333333333334,0.6666666666666666,1,0.3333333333333333,0.8108108108108109
AnkiDroid/src/main/java/com/ichi2/anki/multimediacard/fields/AudioField.kt,2,18,19,37,2,2,2025-12-10,2025-12-13,132,18.5,0.5,2,1.0,0.972972972972973
AnkiDroid/src/main/res/values-et/16-multimedia-editor.xml,2,20,17,37,1,2,2026-03-09,2026-03-26,29,18.5,1.0,0,0.0,0.918918918918919
libanki/src/testFixtures/java/com/ichi2/anki/libanki/testutils/AnkiTest.kt,2,37,0,37,2,2,2026-02-16,2026-04-10,14,18.5,0.5,0,0.0,1.0
.github/workflows/tests_unit.yml,10,26,10,36,3,9,2025-10-23,2026-04-14,10,3.6,0.6,0,0.0,0.2777777777777778
.github/workflows/tests_emulator.yml,7,21,15,36,3,6,2025-10-23,2026-03-10,45,5.142857142857143,0.7142857142857143,0,0.0,0.2777777777777778
AnkiDroid/src/androidTest/java/com/ichi2/anki/tests/NotificationChannelTest.kt,3,18,18,36,2,3,2025-11-03,2026-03-22,33,12.0,0.6666666666666666,1,0.3333333333333333,0.8333333333333334
AnkiDroid/src/main/java/com/ichi2/anki/preferences/SettingsFragment.kt,3,18,18,36,2,3,2025-09-11,2026-04-08,16,12.0,0.6666666666666666,1,0.3333333333333333,0.6388888888888888
AnkiDroid/src/test/java/com/ichi2/anki/scheduling/SetDueDateDialogTest.kt,3,34,2,36,2,3,2025-09-11,2026-04-09,15,12.0,0.6666666666666666,0,0.0,0.6666666666666666
AnkiDroid/src/main/java/com/ichi2/anki/receiver/SdCardReceiver.kt,2,18,18,36,1,2,2025-12-10,2026-04-17,7,18.0,1.0,2,1.0,0.8333333333333334
AnkiDroid/src/main/java/com/ichi2/anki/utils/ext/Chip.kt,2,36,0,36,1,2,2026-01-22,2026-03-13,42,18.0,1.0,0,0.0,0.9166666666666666
AnkiDroid/src/main/res/layout/colorpicker_flag_bubble.xml,2,34,2,36,2,2,2025-11-10,2026-03-26,29,18.0,0.5,2,1.0,0.8611111111111112
AnkiDroid/src/main/res/layout/popup_eraser_options.xml,2,9,27,36,2,2,2025-09-11,2026-02-01,82,18.0,0.5,0,0.0,0.8888888888888888
AnkiDroid/src/test/java/com/ichi2/testutils/JvmTest.kt,2,21,15,36,1,2,2025-12-10,2026-01-05,109,18.0,1.0,2,1.0,0.8333333333333334
AnkiDroid/src/main/java/com/ichi2/anki/backend/HtmlUtils.kt,1,18,18,36,1,1,2025-12-10,2025-12-10,135,36.0,1.0,1,1.0,1.0
AnkiDroid/src/main/java/com/ichi2/anki/multimediacard/IMultimediaEditableNote.kt,1,18,18,36,1,1,2025-12-10,2025-12-10,135,36.0,1.0,1,1.0,1.0
AnkiDroid/src/main/java/com/ichi2/anki/multimediacard/fields/EFieldType.kt,1,18,18,36,1,1,2025-12-10,2025-12-10,135,36.0,1.0,1,1.0,1.0
AnkiDroid/src/main/java/com/ichi2/anki/multimediacard/fields/FieldBase.kt,1,18,18,36,1,1,2025-12-10,2025-12-10,135,36.0,1.0,1,1.0,1.0
AnkiDroid/src/main/java/com/ichi2/anki/multimediacard/fields/IField.kt,1,18,18,36,1,1,2025-12-10,2025-12-10,135,36.0,1.0,1,1.0,1.0
AnkiDroid/src/main/java/com/ichi2/anki/multimediacard/fields/ImageField.kt,1,18,18,36,1,1,2025-12-10,2025-12-10,135,36.0,1.0,1,1.0,1.0
AnkiDroid/src/main/java/com/ichi2/anki/multimediacard/fields/TextField.kt,1,18,18,36,1,1,2025-12-10,2025-12-10,135,36.0,1.0,1,1.0,1.0
AnkiDroid/src/main/java/com/ichi2/anki/ui/NonLeadingZeroInputFilter.kt,1,36,0,36,1,1,2026-03-19,2026-03-19,36,36.0,1.0,0,0.0,1.0
AnkiDroid/src/main/res/layout/item_notetype_field.xml,1,36,0,36,1,1,2025-10-21,2025-10-21,185,36.0,1.0,0,0.0,1.0
AnkiDroid/src/test/java/com/ichi2/anki/EmptyApplicationCategory.kt,1,36,0,36,1,1,2026-04-14,2026-04-14,10,36.0,1.0,0,0.0,1.0
compat/src/main/java/com/ichi2/anki/compat/DirectoryCompat.kt,1,36,0,36,1,1,2026-03-22,2026-03-22,33,36.0,1.0,0,0.0,1.0
AnkiDroid/src/main/AndroidManifest.xml,8,15,20,35,5,6,2025-01-31,2025-12-07,138,4.375,0.25,2,0.25,0.2
AnkiDroid/src/main/res/values-be/17-model-manager.xml,8,21,14,35,1,8,2025-10-30,2026-04-19,5,4.375,1.0,0,0.0,0.22857142857142856
AnkiDroid/src/main/res/values-or/10-preferences.xml,4,14,21,35,1,4,2026-01-19,2026-04-09,15,8.75,1.0,0,0.0,0.6285714285714286
AnkiDroid/src/androidTest/java/com/ichi2/anki/testutil/IntroductionSlide.kt,2,17,18,35,2,2,2025-12-10,2026-01-24,90,17.5,0.5,1,0.5,0.8857142857142857
AnkiDroid/src/main/java/com/ichi2/anki/browser/BrowserDestination.kt,2,29,6,35,1,1,2025-12-04,2025-12-04,141,17.5,1.0,0,0.0,0.6
AnkiDroid/src/main/java/com/ichi2/anki/exception/StorageAccessException.kt,2,20,15,35,1,2,2025-11-17,2025-12-10,135,17.5,1.0,1,0.5,0.8571428571428571
AnkiDroid/src/main/java/com/ichi2/utils/HashUtil.kt,2,15,20,35,1,2,2025-12-10,2026-03-25,30,17.5,1.0,1,0.5,0.8571428571428571
api/src/main/java/com/ichi2/anki/api/Utils.kt,2,17,18,35,2,2,2025-12-10,2026-02-08,75,17.5,0.5,1,0.5,0.8857142857142857
AnkiDroid/src/main/java/com/ichi2/anki/multiprofile/ProfileRestrictedDirectory.kt,1,35,0,35,1,1,2025-12-20,2025-12-20,125,35.0,1.0,0,0.0,1.0
AnkiDroid/src/main/java/com/ichi2/anki/preferences/reviewer/WhiteboardAction.kt,1,35,0,35,1,1,2026-01-30,2026-01-30,84,35.0,1.0,0,0.0,1.0
AnkiDroid/src/main/java/com/ichi2/anki/utils/ext/Config.kt,1,35,0,35,1,1,2026-03-19,2026-03-19,36,35.0,1.0,0,0.0,1.0
AnkiDroid/src/main/res/layout/fragment_loading.xml,1,35,0,35,1,1,2025-01-12,2025-01-12,467,35.0,1.0,0,0.0,1.0
AnkiDroid/src/test/java/com/ichi2/themes/ThemeTest.kt,1,0,35,35,1,1,2025-12-06,2025-12-06,139,35.0,1.0,0,0.0,1.0
common/src/main/java/com/ichi2/anki/common/utils/ext/List.kt,1,35,0,35,1,1,2026-01-30,2026-01-30,84,35.0,1.0,0,0.0,1.0
AnkiDroid/src/main/res/values-fi/01-core.xml,9,20,14,34,1,9,2025-10-26,2026-04-04,20,3.7777777777777777,1.0,0,0.0,0.47058823529411764
AnkiDroid/src/main/res/values-ca/01-core.xml,8,20,14,34,1,8,2025-10-30,2026-04-04,20,4.25,1.0,0,0.0,0.6470588235294118
tools/release.sh,5,23,11,34,3,5,2025-12-12,2026-04-22,2,6.8,0.6,1,0.2,0.3235294117647059
AnkiDroid/src/main/java/com/ichi2/anki/ui/windows/permissions/PermissionsUntil29Fragment.kt,3,20,14,34,3,3,2025-09-11,2026-03-16,39,11.333333333333334,0.3333333333333333,0,0.0,0.9411764705882353
AnkiDroid/src/main/java/com/ichi2/anki/ui/windows/reviewer/audiorecord/CheckPronunciationViewModel.kt,3,24,10,34,2,2,2025-12-23,2026-04-22,2,11.333333333333334,0.6666666666666666,1,0.3333333333333333,0.4117647058823529
AnkiDroid/src/main/java/com/ichi2/anki/BackendBackups.kt,2,17,17,34,2,2,2025-12-10,2026-04-01,23,17.0,0.5,1,0.5,0.8823529411764706
AnkiDroid/src/main/java/com/ichi2/anki/dialogs/CardBrowserOrderDialog.kt,2,17,17,34,1,2,2025-12-10,2026-01-27,87,17.0,1.0,1,0.5,0.8823529411764706
AnkiDroid/src/test/java/com/ichi2/anki/NoteTypeFieldEditorTest.kt,2,17,17,34,2,2,2025-11-12,2025-12-10,135,17.0,0.5,1,0.5,0.8823529411764706
AnkiDroid/src/main/java/com/ichi2/anki/android/back/ExitViaDoubleTapBackBackPressCallback.kt,1,32,2,34,1,1,2026-04-22,2026-04-22,2,34.0,1.0,1,1.0,1.0
AnkiDroid/src/main/java/com/ichi2/ui/WhiteboardGesturePicker.kt,1,34,0,34,1,1,2026-01-30,2026-01-30,84,34.0,1.0,0,0.0,1.0
AnkiDroid/src/main/res/layout/dialog_new_note_type.xml,1,22,12,34,1,1,2026-03-18,2026-03-18,37,34.0,1.0,0,0.0,1.0
api/src/main/java/com/ichi2/anki/api/AddContentApi.kt,1,16,18,34,1,1,2025-12-10,2025-12-10,135,34.0,1.0,1,1.0,1.0
libanki/src/main/java/com/ichi2/anki/libanki/LaTeX.kt,1,17,17,34,1,1,2025-12-10,2025-12-10,135,34.0,1.0,1,1.0,1.0
libanki/src/main/java/com/ichi2/anki/libanki/sched/DummyScheduler.kt,1,17,17,34,1,1,2025-12-10,2025-12-10,135,34.0,1.0,1,1.0,1.0
AnkiDroid/src/main/res/values-uz/17-model-manager.xml,8,20,13,33,1,8,2025-10-30,2026-04-22,2,4.125,1.0,0,0.0,0.21212121212121213
AnkiDroid/src/androidTest/java/com/ichi2/anki/testutil/DeckPicker.kt,2,16,17,33,1,2,2025-12-10,2026-01-12,102,16.5,1.0,1,0.5,0.9393939393939394
AnkiDroid/src/main/java/com/ichi2/anki/LanguageUtils.kt,2,17,16,33,1,2,2025-12-10,2026-01-30,84,16.5,1.0,1,0.5,0.8484848484848485
AnkiDroid/src/main/java/com/ichi2/anki/deckpicker/DisplayDeckNode.kt,2,8,25,33,2,2,2026-02-08,2026-03-15,40,16.5,0.5,0,0.0,0.7878787878787878
AnkiDroid/src/main/java/com/ichi2/anki/dialogs/DialogHandler.kt,2,15,18,33,1,2,2025-12-10,2026-03-26,29,16.5,1.0,1,0.5,0.9090909090909091
AnkiDroid/src/main/java/com/ichi2/anki/ui/windows/permissions/PermissionsItem.kt,2,14,19,33,2,2,2025-09-11,2026-01-03,111,16.5,0.5,0,0.0,0.8787878787878788
AnkiDroid/src/main/java/com/ichi2/preferences/IncrementerNumberRangePreference.kt,2,17,16,33,1,2,2025-11-22,2025-12-10,135,16.5,1.0,1,0.5,0.9090909090909091
AnkiDroid/src/main/java/com/ichi2/widget/cardanalysis/CardAnalysisWidgetConfig.kt,2,16,17,33,1,2,2025-11-18,2026-04-17,7,16.5,1.0,1,0.5,0.6363636363636364
AnkiDroid/src/main/res/values-it/07-cardbrowser.xml,2,17,16,33,1,2,2026-03-13,2026-04-19,5,16.5,1.0,0,0.0,0.9696969696969697
AnkiDroid/src/test/java/com/ichi2/anki/HandlerUtilsTest.kt,2,17,16,33,1,2,2025-12-10,2026-04-14,10,16.5,1.0,1,0.5,0.9393939393939394
AnkiDroid/src/androidTest/java/com/ichi2/anki/tests/libanki/RetryRule.kt,1,16,17,33,1,1,2025-12-10,2025-12-10,135,33.0,1.0,1,1.0,1.0
AnkiDroid/src/main/java/com/ichi2/anki/AnkiDroidJsAPIConstants.kt,1,16,17,33,1,1,2025-12-10,2025-12-10,135,33.0,1.0,1,1.0,1.0
AnkiDroid/src/main/java/com/ichi2/anki/settings/enums/DayTheme.kt,1,33,0,33,1,1,2025-12-06,2025-12-06,139,33.0,1.0,0,0.0,1.0
AnkiDroid/src/main/res/values/filtered_deck_options.xml,1,0,33,33,1,1,2025-12-01,2025-12-01,144,33.0,1.0,0,0.0,1.0
AnkiDroid/src/test/java/com/ichi2/anki/AnkiDroidJsAPITest.kt,1,16,17,33,1,1,2025-12-10,2025-12-10,135,33.0,1.0,1,1.0,1.0
AnkiDroid/src/main/res/values-ar/01-core.xml,12,19,13,32,1,12,2025-10-30,2026-04-12,12,2.6666666666666665,1.0,0,0.0,0.25
AnkiDroid/src/main/java/com/ichi2/widget/deckpicker/DeckPickerWidget.kt,4,25,7,32,3,4,2025-08-23,2026-04-17,7,8.0,0.5,1,0.25,0.6875
AnkiDroid/src/main/res/xml/preferences_reviewer_controls.xml,4,32,0,32,2,3,2025-09-13,2026-01-30,84,8.0,0.75,0,0.0,0.6875
.github/workflows/sync_translations.yml,3,29,3,32,2,3,2025-11-14,2026-04-16,8,10.666666666666666,0.6666666666666666,0,0.0,0.875
AnkiDroid/src/main/java/com/ichi2/anki/snackbar/Snackbars.kt,3,26,6,32,3,3,2025-11-28,2026-04-17,7,10.666666666666666,0.3333333333333333,0,0.0,0.5625
AnkiDroid/src/androidTest/java/com/ichi2/anki/tests/Shared.kt,2,16,16,32,1,2,2025-12-10,2026-03-22,33,16.0,1.0,1,0.5,0.9375
AnkiDroid/src/main/java/com/ichi2/anki/BackendImporting.kt,2,16,16,32,2,2,2025-12-02,2025-12-10,135,16.0,0.5,1,0.5,0.9375
AnkiDroid/src/main/java/com/ichi2/anki/browser/CardBrowserColumn.kt,2,31,1,32,1,1,2026-01-27,2026-01-27,87,16.0,1.0,0,0.0,0.75
AnkiDroid/src/main/java/com/ichi2/anki/dialogs/DeckPickerAnalyticsOptInDialog.kt,2,16,16,32,2,2,2025-12-10,2026-04-20,4,16.0,0.5,2,1.0,0.9375
AnkiDroid/src/main/java/com/ichi2/anki/dialogs/DeckPickerConfirmDeleteDeckDialog.kt,2,16,16,32,1,2,2025-12-10,2025-12-28,117,16.0,1.0,1,0.5,0.9375
AnkiDroid/src/main/java/com/ichi2/compat/CompatHelper.kt,2,17,15,32,1,2,2025-12-07,2025-12-10,135,16.0,1.0,1,0.5,0.9375
AnkiDroid/src/test/java/com/ichi2/compat/CompatCopyFileTest.kt,2,16,16,32,1,2,2025-12-10,2026-03-22,33,16.0,1.0,1,0.5,0.96875
libanki/src/main/java/com/ichi2/anki/libanki/Consts.kt,2,16,16,32,2,2,2025-12-10,2025-12-13,132,16.0,0.5,2,1.0,0.9375
libanki/src/main/java/com/ichi2/anki/libanki/NotetypeJson.kt,2,16,16,32,2,2,2025-11-08,2025-12-10,135,16.0,0.5,1,0.5,0.9375
AnkiDroid/src/androidTest/java/com/ichi2/anki/tests/libanki/NotetypeTest.kt,1,16,16,32,1,1,2025-12-10,2025-12-10,135,32.0,1.0,1,1.0,1.0
AnkiDroid/src/main/java/com/ichi2/anki/dialogs/tags/TagsDialogViewModel.kt,1,22,10,32,1,1,2025-11-16,2025-11-16,159,32.0,1.0,1,1.0,1.0
AnkiDroid/src/main/java/com/ichi2/anki/utils/ext/TabLayout.kt,1,32,0,32,1,1,2025-12-17,2025-12-17,128,32.0,1.0,0,0.0,1.0
AnkiDroid/src/main/res/layout/dropdown_deck_selected_item.xml,1,0,32,32,1,1,2025-09-11,2025-09-11,225,32.0,1.0,0,0.0,1.0
AnkiDroid/src/main/res/layout/view_study_counts.xml,1,32,0,32,1,1,2025-12-29,2025-12-29,116,32.0,1.0,0,0.0,1.0
AnkiDroid/src/test/java/com/ichi2/utils/InMemorySQLiteOpenHelperFactory.kt,1,0,32,32,1,1,2026-03-26,2026-03-26,29,32.0,1.0,0,0.0,1.0
AnkiDroid/src/main/res/values-pl/17-model-manager.xml,7,19,12,31,1,7,2025-10-30,2026-04-19,5,4.428571428571429,1.0,0,0.0,0.22580645161290322
AnkiDroid/src/main/res/values-uk/17-model-manager.xml,7,19,12,31,1,6,2025-10-26,2026-04-19,5,4.428571428571429,1.0,0,0.0,0.25806451612903225
AnkiDroid/src/main/res/values-gl/10-preferences.xml,6,12,19,31,1,6,2026-01-28,2026-04-12,12,5.166666666666667,1.0,0,0.0,0.3225806451612903
AnkiDroid/src/main/res/values-heb/10-preferences.xml,5,12,19,31,1,5,2025-11-27,2026-04-09,15,6.2,1.0,0,0.0,0.3225806451612903
AnkiDroid/src/main/res/values-iw/10-preferences.xml,5,12,19,31,1,5,2025-11-27,2026-04-09,15,6.2,1.0,0,0.0,0.3225806451612903
AnkiDroid/src/main/java/com/ichi2/anki/cardviewer/ViewerCommand.kt,3,18,13,31,2,2,2025-09-13,2026-01-08,106,10.333333333333334,0.6666666666666666,1,0.3333333333333333,0.5161290322580645
AnkiDroid/src/main/res/layout/image_occlusion.xml,3,21,10,31,3,3,2025-09-21,2025-11-07,168,10.333333333333334,0.3333333333333333,1,0.3333333333333333,0.5161290322580645
AnkiDroid/src/main/java/com/ichi2/anki/dialogs/Utils.kt,2,16,15,31,2,2,2025-12-10,2026-03-08,47,15.5,0.5,2,1.0,0.967741935483871
AnkiDroid/src/main/res/values-hr/16-multimedia-editor.xml,2,17,14,31,1,2,2026-01-28,2026-03-26,29,15.5,1.0,0,0.0,0.9032258064516129
AnkiDroid/src/androidTest/java/com/ichi2/anki/DeckPickerTest.kt,1,15,16,31,1,1,2025-12-10,2025-12-10,135,31.0,1.0,1,1.0,1.0
AnkiDroid/src/androidTest/java/com/ichi2/anki/TestUtils.kt,1,15,16,31,1,1,2025-12-10,2025-12-10,135,31.0,1.0,1,1.0,1.0
AnkiDroid/src/androidTest/java/com/ichi2/anki/tests/CollectionTest.kt,1,15,16,31,1,1,2025-12-10,2025-12-10,135,31.0,1.0,1,1.0,1.0
AnkiDroid/src/androidTest/java/com/ichi2/anki/tests/libanki/DBTest.kt,1,15,16,31,1,1,2025-12-10,2025-12-10,135,31.0,1.0,1,1.0,1.0
AnkiDroid/src/androidTest/java/com/ichi2/anki/testutil/StudyOptionsFragment.kt,1,15,16,31,1,1,2025-12-10,2025-12-10,135,31.0,1.0,1,1.0,1.0
AnkiDroid/src/main/java/com/ichi2/anki/ImageOcclusionIntentBuilder.kt,1,0,31,31,1,1,2025-11-27,2025-11-27,148,31.0,1.0,0,0.0,1.0
AnkiDroid/src/main/java/com/ichi2/anki/OnContextAndLongClickListener.kt,1,15,16,31,1,1,2025-12-10,2025-12-10,135,31.0,1.0,1,1.0,1.0
AnkiDroid/src/main/java/com/ichi2/utils/HandlerUtils.kt,1,15,16,31,1,1,2025-12-10,2025-12-10,135,31.0,1.0,1,1.0,1.0
api/src/main/java/com/ichi2/anki/api/NoteInfo.kt,1,15,16,31,1,1,2025-12-10,2025-12-10,135,31.0,1.0,1,1.0,1.0
common/src/test/java/com/ichi2/anki/common/json/NamedJSONComparatorTest.kt,1,15,16,31,1,1,2025-12-10,2025-12-10,135,31.0,1.0,1,1.0,1.0
AnkiDroid/src/main/res/values-eo/01-core.xml,12,18,12,30,1,12,2025-10-30,2026-04-04,20,2.5,1.0,0,0.0,0.26666666666666666
AnkiDroid/src/main/res/values/preferences.xml,10,23,7,30,5,9,2025-09-13,2026-03-16,39,3.0,0.3,2,0.2,0.26666666666666666
AnkiDroid/src/main/res/values-hi/01-core.xml,9,18,12,30,1,9,2025-10-30,2026-04-04,20,3.3333333333333335,1.0,0,0.0,0.3333333333333333
AnkiDroid/src/main/res/values-or/01-core.xml,9,18,12,30,1,9,2025-10-30,2026-04-04,20,3.3333333333333335,1.0,0,0.0,0.5333333333333333
AnkiDroid/src/main/res/menu/card_browser_multiselect.xml,4,18,12,30,2,4,2025-11-08,2026-04-10,14,7.5,0.75,2,0.5,0.7333333333333333
AnkiDroid/src/test/java/com/ichi2/anki/ScreenshotTest.kt,2,29,1,30,1,2,2025-12-23,2026-01-30,84,15.0,1.0,0,0.0,0.8
AnkiDroid/src/androidTest/java/com/ichi2/anki/dialogs/NoteTypeFieldEditorContextMenuTest.kt,1,15,15,30,1,1,2025-12-10,2025-12-10,135,30.0,1.0,1,1.0,1.0
AnkiDroid/src/main/java/com/ichi2/anki/ActionProviderCompat.kt,1,15,15,30,1,1,2025-12-10,2025-12-10,135,30.0,1.0,1,1.0,1.0
AnkiDroid/src/main/java/com/ichi2/anki/CollectionManager.kt,1,15,15,30,1,1,2025-12-10,2025-12-10,135,30.0,1.0,1,1.0,1.0
AnkiDroid/src/main/java/com/ichi2/anki/FlagToDisplay.kt,1,15,15,30,1,1,2025-12-10,2025-12-10,135,30.0,1.0,1,1.0,1.0
AnkiDroid/src/main/java/com/ichi2/anki/IntentHandler2.kt,1,15,15,30,1,1,2025-12-10,2025-12-10,135,30.0,1.0,1,1.0,1.0
AnkiDroid/src/main/java/com/ichi2/anki/JavaScriptSTT.kt,1,15,15,30,1,1,2025-12-10,2025-12-10,135,30.0,1.0,1,1.0,1.0
AnkiDroid/src/main/java/com/ichi2/anki/LeakCanaryConfiguration.kt,1,15,15,30,1,1,2025-12-10,2025-12-10,135,30.0,1.0,1,1.0,1.0
AnkiDroid/src/main/java/com/ichi2/anki/analytics/AcraAnalyticsInteraction.kt,1,15,15,30,1,1,2025-12-10,2025-12-10,135,30.0,1.0,1,1.0,1.0
AnkiDroid/src/main/java/com/ichi2/anki/analytics/AnalyticsDialogFragment.kt,1,15,15,30,1,1,2025-12-10,2025-12-10,135,30.0,1.0,1,1.0,1.0
AnkiDroid/src/main/java/com/ichi2/anki/dialogs/AsyncDialogFragment.kt,1,15,15,30,1,1,2025-12-10,2025-12-10,135,30.0,1.0,1,1.0,1.0
AnkiDroid/src/main/java/com/ichi2/anki/dialogs/DeckPickerBackupNoSpaceLeftDialog.kt,1,15,15,30,1,1,2025-12-10,2025-12-10,135,30.0,1.0,1,1.0,1.0
AnkiDroid/src/main/java/com/ichi2/anki/dialogs/DeckPickerNoSpaceLeftDialog.kt,1,15,15,30,1,1,2025-12-10,2025-12-10,135,30.0,1.0,1,1.0,1.0
AnkiDroid/src/main/java/com/ichi2/anki/dialogs/EmptyCardsViewModel.kt,1,15,15,30,1,1,2025-12-10,2025-12-10,135,30.0,1.0,1,1.0,1.0
AnkiDroid/src/main/java/com/ichi2/anki/dialogs/ExportReadyDialog.kt,1,15,15,30,1,1,2025-12-10,2025-12-10,135,30.0,1.0,1,1.0,1.0
AnkiDroid/src/main/java/com/ichi2/anki/dialogs/ImportDialog.kt,1,15,15,30,1,1,2025-12-10,2025-12-10,135,30.0,1.0,1,1.0,1.0
AnkiDroid/src/main/java/com/ichi2/anki/dialogs/IntegerDialog.kt,1,15,15,30,1,1,2025-12-10,2025-12-10,135,30.0,1.0,1,1.0,1.0
AnkiDroid/src/main/java/com/ichi2/anki/dialogs/SimpleMessageDialog.kt,1,15,15,30,1,1,2025-12-10,2025-12-10,135,30.0,1.0,1,1.0,1.0
AnkiDroid/src/main/java/com/ichi2/anki/dialogs/WhiteBoardWidthDialog.kt,1,15,15,30,1,1,2025-12-10,2025-12-10,135,30.0,1.0,1,1.0,1.0
AnkiDroid/src/main/java/com/ichi2/anki/jsaddons/AddonData.kt,1,15,15,30,1,1,2025-12-10,2025-12-10,135,30.0,1.0,1,1.0,1.0
AnkiDroid/src/main/java/com/ichi2/anki/jsaddons/AddonModel.kt,1,15,15,30,1,1,2025-12-10,2025-12-10,135,30.0,1.0,1,1.0,1.0
AnkiDroid/src/main/java/com/ichi2/anki/jsaddons/AddonsConst.kt,1,15,15,30,1,1,2025-12-10,2025-12-10,135,30.0,1.0,1,1.0,1.0
AnkiDroid/src/main/java/com/ichi2/anki/jsaddons/NpmUtils.kt,1,15,15,30,1,1,2025-12-10,2025-12-10,135,30.0,1.0,1,1.0,1.0
AnkiDroid/src/main/java/com/ichi2/anki/preferences/BackupLimitsSettingsFragment.kt,1,15,15,30,1,1,2025-12-10,2025-12-10,135,30.0,1.0,1,1.0,1.0
AnkiDroid/src/main/java/com/ichi2/anki/reviewer/ReviewerCustomFonts.kt,1,15,15,30,1,1,2025-12-10,2025-12-10,135,30.0,1.0,1,1.0,1.0
AnkiDroid/src/main/java/com/ichi2/anki/servicelayer/ThrowableFilterService.kt,1,15,15,30,1,1,2025-12-10,2025-12-10,135,30.0,1.0,1,1.0,1.0
AnkiDroid/src/main/java/com/ichi2/anki/utils/ext/FragmentResult.kt,1,15,15,30,1,1,2025-12-10,2025-12-10,135,30.0,1.0,1,1.0,1.0
AnkiDroid/src/main/java/com/ichi2/utils/NoteFieldDecorator.kt,1,15,15,30,1,1,2025-12-10,2025-12-10,135,30.0,1.0,1,1.0,1.0
AnkiDroid/src/main/java/com/ichi2/utils/Threads.kt,1,15,15,30,1,1,2025-12-10,2025-12-10,135,30.0,1.0,1,1.0,1.0
AnkiDroid/src/test/java/com/ichi2/anki/DeckAdapterFilterTest.kt,1,15,15,30,1,1,2025-12-10,2025-12-10,135,30.0,1.0,1,1.0,1.0
AnkiDroid/src/test/java/com/ichi2/anki/ProductionCrashReportingTreeTest.kt,1,15,15,30,1,1,2025-12-10,2025-12-10,135,30.0,1.0,1,1.0,1.0
AnkiDroid/src/test/java/com/ichi2/anki/TestUtils.kt,1,15,15,30,1,1,2025-12-10,2025-12-10,135,30.0,1.0,1,1.0,1.0
AnkiDroid/src/test/java/com/ichi2/anki/backend/HtmlUtilsTest.kt,1,15,15,30,1,1,2025-12-10,2025-12-10,135,30.0,1.0,1,1.0,1.0
AnkiDroid/src/test/java/com/ichi2/anki/dialogs/EmptyCardsReportTest.kt,1,15,15,30,1,1,2025-12-10,2025-12-10,135,30.0,1.0,1,1.0,1.0
AnkiDroid/src/test/java/com/ichi2/anki/jsaddons/AddonModelTest.kt,1,15,15,30,1,1,2025-12-10,2025-12-10,135,30.0,1.0,1,1.0,1.0
AnkiDroid/src/test/java/com/ichi2/anki/jsaddons/NpmUtilsTest.kt,1,15,15,30,1,1,2025-12-10,2025-12-10,135,30.0,1.0,1,1.0,1.0
AnkiDroid/src/test/java/com/ichi2/anki/jsaddons/TgzPackageExtractTest.kt,1,15,15,30,1,1,2025-12-10,2025-12-10,135,30.0,1.0,1,1.0,1.0
AnkiDroid/src/test/java/com/ichi2/misc/LintReleaseFileTest.kt,1,15,15,30,1,1,2025-12-10,2025-12-10,135,30.0,1.0,1,1.0,1.0
AnkiDroid/src/test/java/com/ichi2/utils/FileOperation.kt,1,15,15,30,1,1,2025-12-10,2025-12-10,135,30.0,1.0,1,1.0,1.0
AnkiDroid/src/test/java/com/ichi2/utils/ListUtil.kt,1,15,15,30,1,1,2025-12-10,2025-12-10,135,30.0,1.0,1,1.0,1.0
common/src/main/java/com/ichi2/anki/common/json/NamedJSONComparator.kt,1,15,15,30,1,1,2025-12-10,2025-12-10,135,30.0,1.0,1,1.0,1.0
libanki/src/main/java/com/ichi2/anki/libanki/BackendDeckOptions.kt,1,15,15,30,1,1,2025-12-10,2025-12-10,135,30.0,1.0,1,1.0,1.0
libanki/src/main/java/com/ichi2/anki/libanki/BackendImportExport.kt,1,15,15,30,1,1,2025-12-10,2025-12-10,135,30.0,1.0,1,1.0,1.0
libanki/src/main/java/com/ichi2/anki/libanki/Sync.kt,1,15,15,30,1,1,2025-12-10,2025-12-10,135,30.0,1.0,1,1.0,1.0
libanki/src/main/java/com/ichi2/anki/libanki/exception/ConfirmModSchemaException.kt,1,15,15,30,1,1,2025-12-10,2025-12-10,135,30.0,1.0,1,1.0,1.0
libanki/src/main/java/com/ichi2/anki/libanki/stats/BackendStats.kt,1,15,15,30,1,1,2025-12-10,2025-12-10,135,30.0,1.0,1,1.0,1.0
libanki/src/main/java/com/ichi2/anki/libanki/template/TemplateFilters.kt,1,15,15,30,1,1,2025-12-10,2025-12-10,135,30.0,1.0,1,1.0,1.0
libanki/src/test/java/com/ichi2/anki/libanki/UtilsTest.kt,1,15,15,30,1,1,2025-12-10,2025-12-10,135,30.0,1.0,1,1.0,1.0
libanki/testutils/src/main/java/com/ichi2/anki/libanki/testutils/InMemoryAnkiTest.kt,1,15,15,30,1,1,2025-12-10,2025-12-10,135,30.0,1.0,1,1.0,1.0
lint-rules/src/main/java/com/ichi2/anki/lint/rules/DirectCalendarInstanceUsage.kt,1,15,15,30,1,1,2025-12-10,2025-12-10,135,30.0,1.0,1,1.0,1.0
lint-rules/src/main/java/com/ichi2/anki/lint/rules/DirectDateInstantiation.kt,1,15,15,30,1,1,2025-12-10,2025-12-10,135,30.0,1.0,1,1.0,1.0
lint-rules/src/main/java/com/ichi2/anki/lint/rules/DirectGregorianInstantiation.kt,1,15,15,30,1,1,2025-12-10,2025-12-10,135,30.0,1.0,1,1.0,1.0
lint-rules/src/main/java/com/ichi2/anki/lint/rules/DirectSystemCurrentTimeMillisUsage.kt,1,15,15,30,1,1,2025-12-10,2025-12-10,135,30.0,1.0,1,1.0,1.0
lint-rules/src/main/java/com/ichi2/anki/lint/rules/DirectSystemTimeInstantiation.kt,1,15,15,30,1,1,2025-12-10,2025-12-10,135,30.0,1.0,1,1.0,1.0
lint-rules/src/main/java/com/ichi2/anki/lint/utils/Constants.kt,1,15,15,30,1,1,2025-12-10,2025-12-10,135,30.0,1.0,1,1.0,1.0
lint-rules/src/main/java/com/ichi2/anki/lint/utils/LintUtils.kt,1,15,15,30,1,1,2025-12-10,2025-12-10,135,30.0,1.0,1,1.0,1.0
lint-rules/src/test/java/com/ichi2/anki/lint/rules/DirectCalendarInstanceUsageTest.kt,1,15,15,30,1,1,2025-12-10,2025-12-10,135,30.0,1.0,1,1.0,1.0
lint-rules/src/test/java/com/ichi2/anki/lint/rules/DirectDateInstantiationTest.kt,1,15,15,30,1,1,2025-12-10,2025-12-10,135,30.0,1.0,1,1.0,1.0
lint-rules/src/test/java/com/ichi2/anki/lint/rules/DirectGregorianInstantiationTest.kt,1,15,15,30,1,1,2025-12-10,2025-12-10,135,30.0,1.0,1,1.0,1.0
lint-rules/src/test/java/com/ichi2/anki/lint/rules/DirectSystemCurrentTimeMillisUsageTest.kt,1,15,15,30,1,1,2025-12-10,2025-12-10,135,30.0,1.0,1,1.0,1.0
lint-rules/src/test/java/com/ichi2/anki/lint/rules/DirectSystemTimeInstantiationTest.kt,1,15,15,30,1,1,2025-12-10,2025-12-10,135,30.0,1.0,1,1.0,1.0
lint-rules/src/test/java/com/ichi2/anki/lint/rules/LocaleRootDetectorTest.kt,1,15,15,30,1,1,2025-12-10,2025-12-10,135,30.0,1.0,1,1.0,1.0
AnkiDroid/src/main/res/values-ja/10-preferences.xml,7,11,18,29,1,7,2025-11-27,2026-04-22,2,4.142857142857143,1.0,0,0.0,0.3103448275862069
AnkiDroid/src/main/res/values-ja/17-model-manager.xml,7,18,11,29,1,6,2025-10-30,2026-04-22,2,4.142857142857143,1.0,0,0.0,0.2413793103448276
AnkiDroid/src/main/java/com/ichi2/anki/MediaRegistration.kt,6,26,3,29,2,4,2025-11-23,2026-04-17,7,4.833333333333333,0.8333333333333334,1,0.16666666666666666,0.3793103448275862
AnkiDroid/src/main/res/values-it/17-model-manager.xml,5,18,11,29,1,5,2025-10-30,2026-04-19,5,5.8,1.0,0,0.0,0.3448275862068966
AnkiDroid/src/main/java/com/ichi2/anki/preferences/SyncSettingsFragment.kt,4,27,2,29,2,4,2025-01-31,2026-04-17,7,7.25,0.5,0,0.0,0.5172413793103449
libanki/build.gradle.kts,3,17,12,29,2,3,2025-11-04,2026-04-10,14,9.666666666666666,0.6666666666666666,1,0.3333333333333333,0.4827586206896552
AnkiDroid/src/main/java/com/ichi2/anki/utils/Time.kt,2,19,10,29,2,2,2025-12-13,2026-01-09,105,14.5,0.5,1,0.5,0.6896551724137931
AnkiDroid/src/main/java/com/ichi2/anki/model/FieldName.kt,1,29,0,29,1,1,2026-01-01,2026-01-01,113,29.0,1.0,0,0.0,1.0
AnkiDroid/src/main/java/com/ichi2/anki/utils/ext/Context.kt,1,29,0,29,1,1,2025-11-08,2025-11-08,167,29.0,1.0,0,0.0,1.0
AnkiDroid/src/main/res/drawable/ic_rounded_draw.xml,1,0,29,29,1,1,2025-11-30,2025-11-30,145,29.0,1.0,0,0.0,1.0
AnkiDroid/src/main/res/drawable/material_dialog_background.xml,1,29,0,29,1,1,2026-01-31,2026-01-31,83,29.0,1.0,0,0.0,1.0
AnkiDroid/src/main/res/drawable/pin_shape.xml,1,29,0,29,1,1,2025-11-10,2025-11-10,165,29.0,1.0,1,1.0,1.0
AnkiDroid/src/main/res/layout/drawing_fragment.xml,1,29,0,29,1,1,2025-11-03,2025-11-03,172,29.0,1.0,0,0.0,1.0
AnkiDroid/src/test/java/com/ichi2/testutils/TestChangeSubscriber.kt,1,29,0,29,1,1,2026-03-23,2026-03-23,32,29.0,1.0,1,1.0,1.0
AnkiDroid/src/main/res/values-gl/01-core.xml,14,17,11,28,1,14,2025-10-30,2026-04-12,12,2.0,1.0,0,0.0,0.14285714285714285
AnkiDroid/src/main/res/values-mr/01-core.xml,9,17,11,28,1,9,2025-10-30,2026-04-04,20,3.111111111111111,1.0,0,0.0,0.35714285714285715
AnkiDroid/src/main/java/com/ichi2/anki/notetype/RenameCardTypeDialog.kt,4,22,6,28,1,2,2026-03-15,2026-03-24,31,7.0,1.0,2,0.5,0.7857142857142857
AnkiDroid/src/main/java/com/ichi2/anki/dialogs/help/HelpItemActionsDispatcher.kt,2,14,14,28,2,2,2025-12-10,2026-04-17,7,14.0,0.5,1,0.5,0.9285714285714286
AnkiDroid/src/main/java/com/ichi2/widget/AnkiDroidWidgetSmall.kt,2,14,14,28,1,2,2025-12-10,2026-03-22,33,14.0,1.0,1,0.5,0.9285714285714286
AnkiDroid/src/main/res/layout/activity_drawing.xml,2,1,27,28,2,2,2025-09-10,2025-11-03,172,14.0,0.5,0,0.0,0.9285714285714286
AnkiDroid/src/test/java/com/ichi2/anki/utils/ext/JSONObjectTest.kt,2,27,1,28,1,2,2025-09-08,2026-04-14,10,14.0,1.0,0,0.0,0.8928571428571429
AnkiDroid/src/main/java/com/ichi2/anki/JavaScriptTTS.kt,1,14,14,28,1,1,2025-12-10,2025-12-10,135,28.0,1.0,1,1.0,1.0
AnkiDroid/src/main/java/com/ichi2/anki/exception/MediaSizeLimitExceededException.kt,1,28,0,28,1,1,2026-03-29,2026-03-29,26,28.0,1.0,0,0.0,1.0
AnkiDroid/src/main/java/com/ichi2/anki/utils/ext/BottomSheetDialogFragment.kt,1,28,0,28,1,1,2026-01-29,2026-01-29,85,28.0,1.0,1,1.0,1.0
AnkiDroid/src/main/java/com/ichi2/anki/utils/ext/FragmentActivity.kt,1,28,0,28,1,1,2026-03-09,2026-03-09,46,28.0,1.0,1,1.0,1.0
AnkiDroid/src/test/java/com/ichi2/testutils/JsonUtils.kt,1,26,2,28,1,1,2025-11-25,2025-11-25,150,28.0,1.0,1,1.0,1.0
AnkiDroid/src/main/res/values-ar/17-model-manager.xml,6,17,10,27,1,6,2025-10-30,2026-04-19,5,4.5,1.0,0,0.0,0.25925925925925924
AnkiDroid/src/main/res/values-fi/17-model-manager.xml,6,17,10,27,1,6,2025-10-26,2026-04-19,5,4.5,1.0,0,0.0,0.25925925925925924
AnkiDroid/src/main/res/values-fr/17-model-manager.xml,6,17,10,27,1,6,2025-10-30,2026-04-19,5,4.5,1.0,0,0.0,0.25925925925925924
AnkiDroid/src/main/res/values-ru/17-model-manager.xml,6,17,10,27,1,6,2025-10-30,2026-04-19,5,4.5,1.0,0,0.0,0.25925925925925924
AnkiDroid/src/main/res/values-heb/17-model-manager.xml,5,17,10,27,1,5,2025-10-30,2026-04-19,5,5.4,1.0,0,0.0,0.2962962962962963
AnkiDroid/src/main/res/values-iw/17-model-manager.xml,5,17,10,27,1,5,2025-10-30,2026-04-19,5,5.4,1.0,0,0.0,0.2962962962962963
AnkiDroid/src/main/res/values-pt-rBR/10-preferences.xml,5,10,17,27,1,5,2025-11-14,2026-04-09,15,5.4,1.0,0,0.0,0.4444444444444444
AnkiDroid/src/main/res/values-be/07-cardbrowser.xml,3,14,13,27,1,3,2026-01-03,2026-04-19,5,9.0,1.0,0,0.0,0.8888888888888888
AnkiDroid/src/main/res/xml/preferences_sync.xml,3,18,9,27,3,3,2025-01-31,2026-03-19,36,9.0,0.3333333333333333,0,0.0,0.6666666666666666
AnkiDroid/src/main/java/com/ichi2/anki/previewer/TypeAnswer.kt,2,16,11,27,2,2,2025-12-14,2026-03-24,31,13.5,0.5,2,1.0,0.9259259259259259
AnkiDroid/src/main/res/layout/instant_editor_dialog.xml,2,18,9,27,2,2,2025-10-09,2025-10-19,187,13.5,0.5,1,0.5,0.8888888888888888
AnkiDroid/src/main/java/com/ichi2/anki/settings/enums/AppTheme.kt,1,27,0,27,1,1,2025-12-06,2025-12-06,139,27.0,1.0,0,0.0,1.0
AnkiDroid/src/main/java/com/ichi2/anki/settings/enums/NightTheme.kt,1,27,0,27,1,1,2025-12-06,2025-12-06,139,27.0,1.0,0,0.0,1.0
AnkiDroid/src/main/res/layout/fragment_bottom_sheet_list.xml,1,27,0,27,1,1,2026-03-12,2026-03-12,43,27.0,1.0,0,0.0,1.0
AnkiDroid/src/test/java/com/ichi2/anki/worker/SyncMediaWorkerTest.kt,1,27,0,27,1,1,2025-11-21,2025-11-21,154,27.0,1.0,1,1.0,1.0
common/src/main/java/com/ichi2/anki/common/utils/ext/MutableList.kt,1,27,0,27,1,1,2025-09-12,2025-09-12,224,27.0,1.0,0,0.0,1.0
AnkiDroid/src/main/res/values-tr/01-core.xml,11,16,10,26,1,11,2025-10-30,2026-04-15,9,2.3636363636363638,1.0,0,0.0,0.3076923076923077
AnkiDroid/src/main/res/values-zh-rCN/01-core.xml,11,16,10,26,1,11,2025-10-30,2026-04-08,16,2.3636363636363638,1.0,0,0.0,0.3076923076923077
AnkiDroid/src/main/res/values/theme_light.xml,11,22,4,26,6,9,2025-10-24,2026-03-28,27,2.3636363636363638,0.36363636363636365,4,0.36363636363636365,0.15384615384615385
AnkiDroid/src/main/res/values-fa/01-core.xml,8,16,10,26,1,8,2025-10-30,2026-04-04,20,3.25,1.0,0,0.0,0.5384615384615384
AnkiDroid/src/main/res/values-sat/01-core.xml,8,16,10,26,1,8,2025-10-30,2026-04-04,20,3.25,1.0,0,0.0,0.5384615384615384
AnkiDroid/src/main/java/com/ichi2/anki/preferences/DeveloperOptionsFragment.kt,3,13,13,26,2,2,2026-01-31,2026-04-17,7,8.666666666666666,0.6666666666666666,0,0.0,0.8461538461538461
AnkiDroid/src/main/res/values-be/11-arrays.xml,3,14,12,26,1,3,2026-01-03,2026-04-12,12,8.666666666666666,1.0,0,0.0,0.6153846153846154
.github/workflows/README.md,2,25,1,26,1,2,2025-12-08,2026-03-22,33,13.0,1.0,1,0.5,0.9230769230769231
.github/workflows/label.yml,2,22,4,26,2,2,2026-01-05,2026-03-10,45,13.0,0.5,0,0.0,0.6923076923076923
AnkiDroid/src/main/java/com/ichi2/anki/dialogs/FlagRenameDialog.kt,2,11,15,26,1,2,2025-09-11,2026-03-23,32,13.0,1.0,0,0.0,0.7692307692307693
AnkiDroid/src/main/java/com/ichi2/anki/dialogs/help/HelpDialog.kt,2,12,14,26,2,2,2025-09-11,2026-04-08,16,13.0,0.5,0,0.0,0.8461538461538461
AnkiDroid/src/main/java/com/ichi2/anki/preferences/reviewer/ReviewerMenuSettingsFragment.kt,2,13,13,26,1,2,2025-09-11,2026-03-23,32,13.0,1.0,0,0.0,0.7692307692307693
docs/marketing/localized_description/marketdescription-pl.txt,2,13,13,26,1,2,2026-01-28,2026-02-11,72,13.0,1.0,0,0.0,0.5384615384615384
AnkiDroid/src/main/java/com/ichi2/anki/BackendExporting.kt,1,13,13,26,1,1,2025-12-10,2025-12-10,135,26.0,1.0,1,1.0,1.0
AnkiDroid/src/main/java/com/ichi2/anki/dialogs/help/HelpItem.kt,1,13,13,26,1,1,2025-12-10,2025-12-10,135,26.0,1.0,1,1.0,1.0
AnkiDroid/src/main/java/com/ichi2/anki/ui/windows/reviewer/audiorecord/AudioPlayer.kt,1,25,1,26,1,1,2026-04-22,2026-04-22,2,26.0,1.0,1,1.0,1.0
AnkiDroid/src/main/java/com/ichi2/widget/AddNoteWidget.kt,1,13,13,26,1,1,2025-12-10,2025-12-10,135,26.0,1.0,1,1.0,1.0
AnkiDroid/src/main/java/com/ichi2/widget/WidgetStatus.kt,1,13,13,26,1,1,2025-12-10,2025-12-10,135,26.0,1.0,1,1.0,1.0
AnkiDroid/src/main/res/layout/card_multimedia_editline.xml,1,13,13,26,1,1,2025-09-11,2025-09-11,225,26.0,1.0,0,0.0,1.0
AnkiDroid/src/main/res/values-et/08-widget.xml,1,13,13,26,1,1,2026-03-09,2026-03-09,46,26.0,1.0,0,0.0,1.0
AnkiDroid/src/test/java/com/ichi2/anki/dialogs/help/HelpDialogTest.kt,1,13,13,26,1,1,2025-12-10,2025-12-10,135,26.0,1.0,1,1.0,1.0
vbpd/proguard-rules.pro,1,26,0,26,1,1,2025-10-27,2025-10-27,179,26.0,1.0,0,0.0,1.0
AnkiDroid/src/main/res/values-eo/17-model-manager.xml,6,16,9,25,1,6,2025-10-30,2026-04-19,5,4.166666666666667,1.0,0,0.0,0.28
AnkiDroid/src/main/res/values-tr/17-model-manager.xml,6,16,9,25,1,6,2025-10-30,2026-04-19,5,4.166666666666667,1.0,0,0.0,0.28
AnkiDroid/src/main/res/values-fr/10-preferences.xml,5,9,16,25,1,5,2026-02-05,2026-04-15,9,5.0,1.0,0,0.0,0.4
AnkiDroid/src/main/res/values-nl/17-model-manager.xml,5,16,9,25,1,5,2025-10-30,2026-04-19,5,5.0,1.0,0,0.0,0.28
AnkiDroid/src/main/java/com/ichi2/anki/Whiteboard.kt,4,5,20,25,4,4,2025-11-10,2026-03-22,33,6.25,0.25,1,0.25,0.76
AnkiDroid/src/main/res/layout/floating_add_button.xml,4,21,4,25,3,4,2025-11-11,2026-01-26,88,6.25,0.5,2,0.5,0.64
AnkiDroid/src/main/java/com/ichi2/anki/browser/BrowserColumnSelectionFragment.kt,3,11,14,25,1,3,2025-09-12,2026-03-23,32,8.333333333333334,1.0,0,0.0,0.68
AnkiDroid/src/main/java/com/ichi2/anki/multimedia/AudioRecordingFragment.kt,3,9,16,25,2,3,2025-09-11,2026-04-22,2,8.333333333333334,0.6666666666666666,0,0.0,0.48
AnkiDroid/src/main/java/com/ichi2/anki/browser/ColumnSelectionDialogFragment.kt,2,15,10,25,2,2,2025-09-12,2025-12-13,132,12.5,0.5,1,0.5,0.6
common/android/README.md,2,20,5,25,1,1,2026-04-13,2026-04-13,11,12.5,1.0,0,0.0,0.76
AnkiDroid/src/main/java/com/ichi2/anki/utils/ext/Double.kt,1,25,0,25,1,1,2026-01-29,2026-01-29,85,25.0,1.0,1,1.0,1.0
AnkiDroid/src/main/res/layout/alert_dialog_title_with_help.xml,1,19,6,25,1,1,2026-01-18,2026-01-18,96,25.0,1.0,0,0.0,1.0
buildSrc/settings.gradle.kts,1,25,0,25,1,1,2026-04-17,2026-04-17,7,25.0,1.0,0,0.0,1.0
AnkiDroid/src/main/res/values-fr/01-core.xml,10,15,9,24,1,10,2025-10-30,2026-04-06,18,2.4,1.0,0,0.0,0.25
AnkiDroid/src/main/java/com/ichi2/compat/customtabs/CustomTabsHelper.kt,5,14,10,24,2,5,2025-12-07,2026-04-19,5,4.8,0.8,3,0.6,0.4166666666666667
AnkiDroid/src/main/java/com/ichi2/anki/DayRolloverHandler.kt,4,16,8,24,2,3,2025-11-16,2026-04-17,7,6.0,0.75,1,0.25,0.5
AnkiDroid/src/main/java/com/ichi2/anki/dialogs/LocaleSelectionDialog.kt,4,13,11,24,2,4,2025-09-11,2026-03-23,32,6.0,0.75,1,0.25,0.5833333333333334
.github/workflows/compare_apk_size.yml,3,13,11,24,2,3,2025-11-14,2026-04-19,5,8.0,0.6666666666666666,1,0.3333333333333333,0.5
AnkiDroid/src/main/java/com/ichi2/anki/browser/CardOrNoteId.kt,3,21,3,24,2,3,2025-12-16,2026-03-23,32,8.0,0.6666666666666666,2,0.6666666666666666,0.4583333333333333
AnkiDroid/src/main/java/com/ichi2/anki/ui/windows/permissions/PermissionsStartingAt30Fragment.kt,2,15,9,24,2,2,2025-09-11,2026-03-16,39,12.0,0.5,0,0.0,0.9166666666666666
AnkiDroid/src/main/res/layout/dialog_versatile_text_preference.xml,1,24,0,24,1,1,2026-04-06,2026-04-06,18,24.0,1.0,0,0.0,1.0
AnkiDroid/src/main/res/values-hr/08-widget.xml,1,12,12,24,1,1,2026-01-28,2026-01-28,86,24.0,1.0,0,0.0,1.0
common/src/main/java/com/ichi2/anki/common/utils/ext/Intent.kt,1,24,0,24,1,1,2025-12-04,2025-12-04,141,24.0,1.0,0,0.0,1.0
AnkiDroid/src/main/res/values-es-rAR/17-model-manager.xml,6,15,8,23,1,5,2025-10-30,2026-04-19,5,3.8333333333333335,1.0,0,0.0,0.30434782608695654
AnkiDroid/src/main/res/values-es-rES/17-model-manager.xml,6,15,8,23,1,5,2025-10-30,2026-04-19,5,3.8333333333333335,1.0,0,0.0,0.30434782608695654
AnkiDroid/src/main/res/values-de/10-preferences.xml,5,8,15,23,1,5,2025-10-26,2026-04-09,15,4.6,1.0,0,0.0,0.391304347826087
AnkiDroid/src/main/res/values-got/10-preferences.xml,5,8,15,23,1,5,2026-01-12,2026-04-09,15,4.6,1.0,0,0.0,0.391304347826087
AnkiDroid/src/main/java/com/ichi2/anki/utils/ext/Collection.kt,3,23,0,23,2,3,2025-12-04,2026-03-23,32,7.666666666666667,0.6666666666666666,1,0.3333333333333333,0.43478260869565216
AnkiDroid/src/main/java/com/ichi2/anki/exception/InvalidSearchException.kt,1,23,0,23,1,1,2025-12-02,2025-12-02,143,23.0,1.0,0,0.0,1.0
AnkiDroid/src/main/java/com/ichi2/ui/KeyPicker.kt,1,11,12,23,1,1,2025-09-11,2025-09-11,225,23.0,1.0,0,0.0,1.0
AnkiDroid/src/main/res/layout/item_stats_deck.xml,1,0,23,23,1,1,2025-10-30,2025-10-30,176,23.0,1.0,0,0.0,1.0
AnkiDroid/src/main/res/values/theme_dark.xml,10,18,4,22,5,8,2025-10-24,2026-03-28,27,2.2,0.4,3,0.3,0.18181818181818182
AnkiDroid/src/main/res/values-got/01-core.xml,9,14,8,22,1,9,2025-10-30,2026-04-04,20,2.4444444444444446,1.0,0,0.0,0.36363636363636365
AnkiDroid/src/main/res/values-pt-rPT/01-core.xml,9,14,8,22,1,9,2025-10-30,2026-04-04,20,2.4444444444444446,1.0,0,0.0,0.2727272727272727
AnkiDroid/src/main/res/values-de/01-core.xml,8,14,8,22,1,8,2025-10-30,2026-04-04,20,2.75,1.0,0,0.0,0.45454545454545453
AnkiDroid/src/main/res/values-my/01-core.xml,8,14,8,22,1,8,2025-10-30,2026-04-04,20,2.75,1.0,0,0.0,0.45454545454545453
AnkiDroid/src/main/res/layout/info.xml,3,17,5,22,1,3,2025-09-10,2026-03-22,33,7.333333333333333,1.0,0,0.0,0.6363636363636364
AnkiDroid/src/main/java/com/ichi2/anki/Import.kt,2,12,10,22,1,2,2025-11-25,2025-11-26,149,11.0,1.0,0,0.0,0.9090909090909091
api/build.gradle.kts,2,9,13,22,2,2,2025-11-04,2026-04-19,5,11.0,0.5,0,0.0,0.8636363636363636
AnkiDroid/src/main/java/com/ichi2/anki/pages/CsvImporter.kt,1,20,2,22,1,1,2025-12-11,2025-12-11,134,22.0,1.0,0,0.0,1.0
AnkiDroid/src/main/java/com/ichi2/anki/ui/windows/reviewer/AnswerTimerState.kt,1,13,9,22,1,1,2025-12-13,2025-12-13,132,22.0,1.0,1,1.0,1.0
AnkiDroid/src/main/java/com/ichi2/anki/ui/windows/reviewer/autoadvance/AutoAdvanceAction.kt,1,22,0,22,1,1,2025-12-27,2025-12-27,118,22.0,1.0,0,0.0,1.0
AnkiDroid/src/main/java/com/ichi2/anki/utils/ext/Decks.kt,1,22,0,22,1,1,2025-09-08,2025-09-08,228,22.0,1.0,0,0.0,1.0
AnkiDroid/src/main/java/com/ichi2/anki/utils/ext/ViewPropertyAnimator.kt,1,22,0,22,1,1,2026-01-31,2026-01-31,83,22.0,1.0,0,0.0,1.0
AnkiDroid/src/main/res/layout/about_layout.xml,1,11,11,22,1,1,2025-09-12,2025-09-12,224,22.0,1.0,0,0.0,1.0
AnkiDroid/src/main/res/values-it/08-widget.xml,1,11,11,22,1,1,2026-03-13,2026-03-13,42,22.0,1.0,0,0.0,1.0
libanki/src/main/java/com/ichi2/anki/libanki/Storage.kt,1,11,11,22,1,1,2025-12-10,2025-12-10,135,22.0,1.0,1,1.0,1.0
AnkiDroid/src/main/res/values-cs/17-model-manager.xml,5,14,7,21,1,5,2025-10-30,2026-04-19,5,4.2,1.0,0,0.0,0.3333333333333333
AnkiDroid/src/main/res/values-de/17-model-manager.xml,5,14,7,21,1,5,2025-10-30,2026-04-19,5,4.2,1.0,0,0.0,0.3333333333333333
AnkiDroid/src/main/res/values-fa/17-model-manager.xml,5,14,7,21,1,5,2025-10-30,2026-04-19,5,4.2,1.0,0,0.0,0.3333333333333333
AnkiDroid/src/main/res/values-got/17-model-manager.xml,5,14,7,21,1,5,2025-10-30,2026-04-19,5,4.2,1.0,0,0.0,0.3333333333333333
AnkiDroid/src/main/res/values-or/17-model-manager.xml,5,14,7,21,1,5,2025-10-30,2026-04-19,5,4.2,1.0,0,0.0,0.3333333333333333
AnkiDroid/src/main/res/values-pt-rBR/17-model-manager.xml,5,14,7,21,1,5,2025-10-30,2026-04-19,5,4.2,1.0,0,0.0,0.3333333333333333
AnkiDroid/src/main/res/values-ug/17-model-manager.xml,5,14,7,21,1,5,2025-10-30,2026-04-19,5,4.2,1.0,0,0.0,0.3333333333333333
AnkiDroid/src/main/res/layout-sw600dp/reviewer2.xml,4,10,11,21,2,3,2025-09-11,2025-12-12,133,5.25,0.75,1,0.25,0.6666666666666666
AnkiDroid/src/main/java/com/ichi2/anki/multimedia/MultimediaActivity.kt,3,9,12,21,2,3,2025-09-10,2026-04-22,2,7.0,0.6666666666666666,0,0.0,0.6666666666666666
AnkiDroid/src/main/java/com/ichi2/anki/noteeditor/NoteEditorLauncher.kt,3,12,9,21,2,3,2025-12-20,2026-03-26,29,7.0,0.6666666666666666,3,1.0,0.47619047619047616
AnkiDroid/src/main/res/values-heb/07-cardbrowser.xml,3,11,10,21,1,3,2025-11-27,2026-04-19,5,7.0,1.0,0,0.0,0.8571428571428571
AnkiDroid/src/main/res/values-iw/07-cardbrowser.xml,3,11,10,21,1,3,2025-11-27,2026-04-19,5,7.0,1.0,0,0.0,0.8571428571428571
AnkiDroid/src/main/res/layout/page_fragment.xml,2,7,14,21,1,1,2025-11-07,2025-11-07,168,10.5,1.0,1,0.5,0.8095238095238095
AnkiDroid/src/main/res/values-nl/07-cardbrowser.xml,2,11,10,21,1,2,2026-01-28,2026-04-19,5,10.5,1.0,0,0.0,0.9523809523809523
AnkiDroid/src/test/java/com/ichi2/anki/dialogs/tags/TagsDialogTest.kt,2,12,9,21,1,1,2025-09-11,2025-09-11,225,10.5,1.0,0,0.0,0.8571428571428571
AnkiDroid/src/main/java/com/ichi2/anki/utils/OnlyOnce.kt,1,21,0,21,1,1,2026-01-17,2026-01-17,97,21.0,1.0,1,1.0,1.0
AnkiDroid/src/main/res/drawable/profile_bg_circle.xml,1,21,0,21,1,1,2025-08-26,2025-08-26,241,21.0,1.0,0,0.0,1.0
AnkiDroid/src/test/java/com/ichi2/anki/ui/windows/reviewer/GestureParserTest.kt,1,20,1,21,1,1,2025-12-12,2025-12-12,133,21.0,1.0,1,1.0,1.0
AnkiDroid/src/main/res/values-cs/01-core.xml,11,13,7,20,1,11,2025-10-30,2026-04-04,20,1.8181818181818181,1.0,0,0.0,0.2
AnkiDroid/src/main/res/values-ja/01-core.xml,11,13,7,20,1,11,2025-10-30,2026-04-19,5,1.8181818181818181,1.0,0,0.0,0.2
AnkiDroid/src/main/res/values-uk/10-preferences.xml,5,11,9,20,1,5,2026-02-02,2026-04-19,5,4.0,1.0,0,0.0,0.4
AnkiDroid/src/main/res/layout/studyoptions_fragment.xml,3,10,10,20,1,2,2026-03-08,2026-03-22,33,6.666666666666667,1.0,1,0.3333333333333333,0.8
AnkiDroid/src/main/res/values/browser.xml,2,20,0,20,1,2,2026-01-18,2026-01-27,87,10.0,1.0,0,0.0,0.95
AnkiDroid/src/main/res/layout/notifications_permission.xml,1,20,0,20,1,1,2025-11-25,2025-11-25,150,20.0,1.0,0,0.0,1.0
AnkiDroid/src/main/res/values-ind/08-widget.xml,1,10,10,20,1,1,2026-04-04,2026-04-04,20,20.0,1.0,0,0.0,1.0
AnkiDroid/src/test/java/com/ichi2/anki/settings/PrefsTest.kt,1,7,13,20,1,1,2025-12-04,2025-12-04,141,20.0,1.0,0,0.0,1.0
vbpd/src/main/AndroidManifest.xml,1,20,0,20,1,1,2025-10-27,2025-10-27,179,20.0,1.0,0,0.0,1.0
AnkiDroid/src/main/res/values-be/16-multimedia-editor.xml,6,11,8,19,1,6,2026-01-12,2026-04-12,12,3.1666666666666665,1.0,0,0.0,0.3157894736842105
AnkiDroid/src/main/res/values-eo/10-preferences.xml,5,6,13,19,1,5,2025-11-09,2026-04-09,15,3.8,1.0,0,0.0,0.47368421052631576
AnkiDroid/src/main/res/values-tr/10-preferences.xml,5,6,13,19,1,5,2026-02-05,2026-04-15,9,3.8,1.0,0,0.0,0.47368421052631576
AnkiDroid/src/main/res/values/17-model-manager.xml,5,13,6,19,3,4,2025-10-21,2026-03-19,36,3.8,0.6,0,0.0,0.3157894736842105
AnkiDroid/src/main/res/values-af/17-model-manager.xml,4,13,6,19,1,4,2025-10-30,2026-04-19,5,4.75,1.0,0,0.0,0.3684210526315789
AnkiDroid/src/main/res/values-am/17-model-manager.xml,4,13,6,19,1,4,2025-10-30,2026-04-19,5,4.75,1.0,0,0.0,0.3684210526315789
AnkiDroid/src/main/res/values-az/17-model-manager.xml,4,13,6,19,1,4,2025-10-30,2026-04-19,5,4.75,1.0,0,0.0,0.3684210526315789
AnkiDroid/src/main/res/values-bg/17-model-manager.xml,4,13,6,19,1,4,2025-10-30,2026-04-19,5,4.75,1.0,0,0.0,0.3684210526315789
AnkiDroid/src/main/res/values-bn/17-model-manager.xml,4,13,6,19,1,4,2025-10-30,2026-04-19,5,4.75,1.0,0,0.0,0.3684210526315789
AnkiDroid/src/main/res/values-ca/17-model-manager.xml,4,13,6,19,1,4,2025-10-30,2026-04-19,5,4.75,1.0,0,0.0,0.3684210526315789
AnkiDroid/src/main/res/values-ckb/17-model-manager.xml,4,13,6,19,1,4,2025-10-30,2026-04-19,5,4.75,1.0,0,0.0,0.3684210526315789
AnkiDroid/src/main/res/values-cs/10-preferences.xml,4,6,13,19,1,4,2025-10-29,2026-04-09,15,4.75,1.0,0,0.0,0.47368421052631576
AnkiDroid/src/main/res/values-da/17-model-manager.xml,4,13,6,19,1,4,2025-10-30,2026-04-19,5,4.75,1.0,0,0.0,0.3684210526315789
AnkiDroid/src/main/res/values-el/17-model-manager.xml,4,13,6,19,1,4,2025-10-30,2026-04-19,5,4.75,1.0,0,0.0,0.3684210526315789
AnkiDroid/src/main/res/values-eu/17-model-manager.xml,4,13,6,19,1,4,2025-10-30,2026-04-19,5,4.75,1.0,0,0.0,0.3684210526315789
AnkiDroid/src/main/res/values-fil/17-model-manager.xml,4,13,6,19,1,4,2025-10-30,2026-04-19,5,4.75,1.0,0,0.0,0.3684210526315789
AnkiDroid/src/main/res/values-fy/17-model-manager.xml,4,13,6,19,1,4,2025-10-30,2026-04-19,5,4.75,1.0,0,0.0,0.3684210526315789
AnkiDroid/src/main/res/values-ga/17-model-manager.xml,4,13,6,19,1,4,2025-10-30,2026-04-19,5,4.75,1.0,0,0.0,0.3684210526315789
AnkiDroid/src/main/res/values-gu/17-model-manager.xml,4,13,6,19,1,4,2025-10-30,2026-04-19,5,4.75,1.0,0,0.0,0.3684210526315789
AnkiDroid/src/main/res/values-hi/17-model-manager.xml,4,13,6,19,1,4,2025-10-30,2026-04-19,5,4.75,1.0,0,0.0,0.3684210526315789
AnkiDroid/src/main/res/values-hu/17-model-manager.xml,4,13,6,19,1,4,2025-10-30,2026-04-19,5,4.75,1.0,0,0.0,0.3684210526315789
AnkiDroid/src/main/res/values-hy/17-model-manager.xml,4,13,6,19,1,4,2025-10-30,2026-04-19,5,4.75,1.0,0,0.0,0.3684210526315789
AnkiDroid/src/main/res/values-ind/17-model-manager.xml,4,13,6,19,1,4,2025-10-30,2026-04-19,5,4.75,1.0,0,0.0,0.3684210526315789
AnkiDroid/src/main/res/values-ka/17-model-manager.xml,4,13,6,19,1,4,2025-10-30,2026-04-19,5,4.75,1.0,0,0.0,0.3684210526315789
AnkiDroid/src/main/res/values-kk/17-model-manager.xml,4,13,6,19,1,4,2025-10-30,2026-04-19,5,4.75,1.0,0,0.0,0.3684210526315789
AnkiDroid/src/main/res/values-km/17-model-manager.xml,4,13,6,19,1,4,2025-10-30,2026-04-19,5,4.75,1.0,0,0.0,0.3684210526315789
AnkiDroid/src/main/res/values-kn/17-model-manager.xml,4,13,6,19,1,4,2025-10-30,2026-04-19,5,4.75,1.0,0,0.0,0.3684210526315789
AnkiDroid/src/main/res/values-ko/17-model-manager.xml,4,13,6,19,1,4,2025-10-30,2026-04-19,5,4.75,1.0,0,0.0,0.3684210526315789
AnkiDroid/src/main/res/values-ku/17-model-manager.xml,4,13,6,19,1,4,2025-10-30,2026-04-19,5,4.75,1.0,0,0.0,0.3684210526315789
AnkiDroid/src/main/res/values-ky/17-model-manager.xml,4,13,6,19,1,4,2025-10-30,2026-04-19,5,4.75,1.0,0,0.0,0.3684210526315789
AnkiDroid/src/main/res/values-lt/17-model-manager.xml,4,13,6,19,1,4,2025-10-30,2026-04-19,5,4.75,1.0,0,0.0,0.3684210526315789
AnkiDroid/src/main/res/values-lv/17-model-manager.xml,4,13,6,19,1,4,2025-10-30,2026-04-19,5,4.75,1.0,0,0.0,0.3684210526315789
AnkiDroid/src/main/res/values-mk/17-model-manager.xml,4,13,6,19,1,4,2025-10-30,2026-04-19,5,4.75,1.0,0,0.0,0.3684210526315789
AnkiDroid/src/main/res/values-ml/17-model-manager.xml,4,13,6,19,1,4,2025-10-30,2026-04-19,5,4.75,1.0,0,0.0,0.3684210526315789
AnkiDroid/src/main/res/values-mn/17-model-manager.xml,4,13,6,19,1,4,2025-10-30,2026-04-19,5,4.75,1.0,0,0.0,0.3684210526315789
AnkiDroid/src/main/res/values-mr/17-model-manager.xml,4,13,6,19,1,4,2025-10-30,2026-04-19,5,4.75,1.0,0,0.0,0.3684210526315789
AnkiDroid/src/main/res/values-ms/17-model-manager.xml,4,13,6,19,1,4,2025-10-30,2026-04-19,5,4.75,1.0,0,0.0,0.3684210526315789
AnkiDroid/src/main/res/values-my/17-model-manager.xml,4,13,6,19,1,4,2025-10-30,2026-04-19,5,4.75,1.0,0,0.0,0.3684210526315789
AnkiDroid/src/main/res/values-nn/17-model-manager.xml,4,13,6,19,1,4,2025-10-30,2026-04-19,5,4.75,1.0,0,0.0,0.3684210526315789
AnkiDroid/src/main/res/values-no/17-model-manager.xml,4,13,6,19,1,4,2025-10-30,2026-04-19,5,4.75,1.0,0,0.0,0.3684210526315789
AnkiDroid/src/main/res/values-pa/17-model-manager.xml,4,13,6,19,1,4,2025-10-30,2026-04-19,5,4.75,1.0,0,0.0,0.3684210526315789
AnkiDroid/src/main/res/values-pt-rPT/17-model-manager.xml,4,13,6,19,1,4,2025-10-30,2026-04-19,5,4.75,1.0,0,0.0,0.3684210526315789
AnkiDroid/src/main/res/values-ro/17-model-manager.xml,4,13,6,19,1,4,2025-10-30,2026-04-19,5,4.75,1.0,0,0.0,0.3684210526315789
AnkiDroid/src/main/res/values-sat/17-model-manager.xml,4,13,6,19,1,4,2025-10-30,2026-04-19,5,4.75,1.0,0,0.0,0.3684210526315789
AnkiDroid/src/main/res/values-sc/17-model-manager.xml,4,13,6,19,1,4,2025-10-30,2026-04-19,5,4.75,1.0,0,0.0,0.3684210526315789
AnkiDroid/src/main/res/values-sk/17-model-manager.xml,4,13,6,19,1,4,2025-10-30,2026-04-19,5,4.75,1.0,0,0.0,0.3684210526315789
AnkiDroid/src/main/res/values-sl/17-model-manager.xml,4,13,6,19,1,4,2025-10-30,2026-04-19,5,4.75,1.0,0,0.0,0.3684210526315789
AnkiDroid/src/main/res/values-sq/17-model-manager.xml,4,13,6,19,1,4,2025-10-30,2026-04-19,5,4.75,1.0,0,0.0,0.3684210526315789
AnkiDroid/src/main/res/values-sr/17-model-manager.xml,4,13,6,19,1,4,2025-10-30,2026-04-19,5,4.75,1.0,0,0.0,0.3684210526315789
AnkiDroid/src/main/res/values-sv/17-model-manager.xml,4,13,6,19,1,4,2025-10-30,2026-04-19,5,4.75,1.0,0,0.0,0.3684210526315789
AnkiDroid/src/main/res/values-ta/17-model-manager.xml,4,13,6,19,1,4,2025-10-30,2026-04-19,5,4.75,1.0,0,0.0,0.3684210526315789
AnkiDroid/src/main/res/values-te/17-model-manager.xml,4,13,6,19,1,4,2025-10-30,2026-04-19,5,4.75,1.0,0,0.0,0.3684210526315789
AnkiDroid/src/main/res/values-tgl/17-model-manager.xml,4,13,6,19,1,4,2025-10-30,2026-04-19,5,4.75,1.0,0,0.0,0.3684210526315789
AnkiDroid/src/main/res/values-ti/17-model-manager.xml,4,13,6,19,1,4,2025-10-30,2026-04-19,5,4.75,1.0,0,0.0,0.3684210526315789
AnkiDroid/src/main/res/values-tt/17-model-manager.xml,4,13,6,19,1,4,2025-10-30,2026-04-19,5,4.75,1.0,0,0.0,0.3684210526315789
AnkiDroid/src/main/res/values-ur/17-model-manager.xml,4,13,6,19,1,4,2025-10-30,2026-04-19,5,4.75,1.0,0,0.0,0.3684210526315789
AnkiDroid/src/main/res/values-vi/17-model-manager.xml,4,13,6,19,1,4,2025-10-30,2026-04-19,5,4.75,1.0,0,0.0,0.3684210526315789
AnkiDroid/src/main/res/values-zh-rTW/17-model-manager.xml,4,13,6,19,1,4,2025-10-30,2026-04-19,5,4.75,1.0,0,0.0,0.3684210526315789
AnkiDroid/src/main/res/values-uz/09-backup.xml,3,10,9,19,1,3,2026-03-09,2026-04-19,5,6.333333333333333,1.0,0,0.0,0.8421052631578947
AnkiDroid/src/test/java/com/ichi2/anki/analytics/PreferencesAnalyticsTest.kt,3,11,8,19,2,3,2026-01-31,2026-04-14,10,6.333333333333333,0.6666666666666666,0,0.0,0.7368421052631579
AnkiDroid/src/main/java/com/ichi2/ui/FixedEditText.kt,2,17,2,19,2,2,2025-11-22,2025-12-24,121,9.5,0.5,2,1.0,0.6842105263157895
AnkiDroid/src/main/java/com/ichi2/utils/HtmlUtils.kt,2,4,15,19,2,2,2025-09-17,2025-10-03,203,9.5,0.5,0,0.0,0.7894736842105263
AnkiDroid/src/main/res/values-et/09-backup.xml,2,10,9,19,1,2,2026-03-09,2026-04-06,18,9.5,1.0,0,0.0,0.9473684210526315
AnkiDroid/src/main/res/values-it/16-multimedia-editor.xml,2,11,8,19,1,2,2026-03-26,2026-04-08,16,9.5,1.0,0,0.0,0.8421052631578947
AnkiDroid/src/main/java/com/ichi2/anki/multimedia/audio/AudioWaveform.kt,1,14,5,19,1,1,2025-11-06,2025-11-06,169,19.0,1.0,0,0.0,1.0
AnkiDroid/src/main/res/layout/internet_permission_fragment.xml,1,19,0,19,1,1,2026-03-16,2026-03-16,39,19.0,1.0,0,0.0,1.0
AnkiDroid/src/main/res/menu/drawing_menu.xml,1,0,19,19,1,1,2025-11-03,2025-11-03,172,19.0,1.0,0,0.0,1.0
AnkiDroid/src/main/java/com/ichi2/anki/workarounds/AppLoadedFromBackupWorkaround.kt,5,16,2,18,2,4,2025-12-07,2026-04-17,7,3.6,0.8,3,0.6,0.5
settings.gradle.kts,5,14,4,18,1,4,2025-10-27,2026-04-13,11,3.6,1.0,0,0.0,0.6666666666666666
AnkiDroid/src/main/java/com/ichi2/anki/SingleFragmentActivity.kt,3,13,5,18,1,3,2025-09-10,2026-03-23,32,6.0,1.0,1,0.3333333333333333,0.5555555555555556
AnkiDroid/src/main/res/menu/whiteboard.xml,3,18,0,18,1,3,2025-12-30,2026-02-01,82,6.0,1.0,0,0.0,0.3333333333333333
AnkiDroid/src/main/java/com/ichi2/anki/ui/windows/permissions/PermissionsActivity.kt,2,10,8,18,2,2,2025-09-10,2025-11-25,150,9.0,0.5,0,0.0,0.8333333333333334
AnkiDroid/src/main/res/xml/preferences_backup_limits.xml,2,13,5,18,2,2,2026-01-05,2026-03-19,36,9.0,0.5,1,0.5,0.8888888888888888
AnkiDroid/src/test/java/com/ichi2/anki/utils/ext/ViewerCommand.kt,2,13,5,18,2,2,2026-01-08,2026-03-23,32,9.0,0.5,0,0.0,0.8888888888888888
.editorconfig,1,17,1,18,1,1,2025-12-16,2025-12-16,129,18.0,1.0,0,0.0,1.0
AnkiDroid/src/main/res/values-et/05-feedback.xml,1,9,9,18,1,1,2026-03-09,2026-03-09,46,18.0,1.0,0,0.0,1.0
common/src/main/java/com/ichi2/anki/model/Directory.kt,1,0,18,18,1,1,2026-03-22,2026-03-22,33,18.0,1.0,0,0.0,1.0
docs/marketing/localized_description/marketdescription-hr.txt,1,9,9,18,1,1,2026-01-28,2026-01-28,86,18.0,1.0,0,0.0,1.0
gradle.properties,3,14,3,17,2,3,2025-11-04,2026-04-17,7,5.666666666666667,0.6666666666666666,0,0.0,0.5294117647058824
AnkiDroid/src/main/res/layout/include_reviewer_topbar.xml,2,8,9,17,1,1,2026-03-22,2026-03-22,33,8.5,1.0,0,0.0,1.0
AnkiDroid/src/main/res/layout/previewer.xml,2,8,9,17,2,2,2025-09-11,2025-11-07,168,8.5,0.5,1,0.5,0.5882352941176471
AnkiDroid/src/main/res/values-pl/07-cardbrowser.xml,2,9,8,17,1,2,2026-02-11,2026-04-19,5,8.5,1.0,0,0.0,0.9411764705882353
AnkiDroid/src/main/res/xml/preferences_reviewing.xml,2,8,9,17,2,2,2026-01-05,2026-03-15,40,8.5,0.5,1,0.5,0.6470588235294118
compat/src/main/java/com/ichi2/anki/compat/Compat.kt,2,16,1,17,2,2,2026-03-22,2026-04-22,2,8.5,0.5,1,0.5,0.8823529411764706
AnkiDroid/src/main/java/com/ichi2/anki/CardUtils.kt,1,0,17,17,1,1,2026-03-04,2026-03-04,51,17.0,1.0,0,0.0,1.0
AnkiDroid/src/main/java/com/ichi2/utils/EditTextUtils.kt,1,17,0,17,1,1,2026-01-11,2026-01-11,103,17.0,1.0,0,0.0,1.0
AnkiDroid/src/main/res/layout/note_type_field_editor_list_item.xml,1,0,17,17,1,1,2025-10-21,2025-10-21,185,17.0,1.0,0,0.0,1.0
AnkiDroid/src/main/res/values-ug/01-core.xml,9,11,5,16,1,9,2025-10-30,2026-04-04,20,1.7777777777777777,1.0,0,0.0,0.25
AnkiDroid/src/main/res/values/theme_black.xml,8,12,4,16,5,7,2025-10-24,2026-03-22,33,2.0,0.5,3,0.375,0.25
.github/workflows/lint.yml,4,12,4,16,3,4,2025-11-14,2026-03-10,45,4.0,0.5,0,0.0,0.375
AnkiDroid/src/test/java/com/ichi2/compat/Test21And26.kt,4,10,6,16,3,4,2025-12-10,2026-03-22,33,4.0,0.5,2,0.5,0.5
AnkiDroid/src/main/res/values-ro/04-network.xml,3,7,9,16,1,3,2026-03-09,2026-03-30,25,5.333333333333333,1.0,0,0.0,0.875
AnkiDroid/src/main/java/com/ichi2/anki/ui/ResizingDivider.kt,2,5,11,16,1,2,2025-09-12,2026-03-23,32,8.0,1.0,0,0.0,0.75
AnkiDroid/src/main/java/com/ichi2/utils/UniqueArrayList.kt,2,10,6,16,2,2,2025-12-09,2025-12-10,135,8.0,0.5,1,0.5,0.625
AnkiDroid/src/test/java/com/ichi2/anki/preferences/PrefsSearchBarTest.kt,2,13,3,16,2,2,2025-11-18,2025-12-24,121,8.0,0.5,1,0.5,0.75
AnkiDroid/src/main/java/com/ichi2/anki/multimedia/MultimediaViewModel.kt,1,8,8,16,1,1,2026-04-05,2026-04-05,19,16.0,1.0,0,0.0,1.0
AnkiDroid/src/main/java/com/ichi2/anki/utils/Exceptions.kt,1,16,0,16,1,1,2025-11-08,2025-11-08,167,16.0,1.0,0,0.0,1.0
AnkiDroid/src/main/res/layout/deck_item.xml,1,8,8,16,1,1,2025-09-11,2025-09-11,225,16.0,1.0,0,0.0,1.0
AnkiDroid/src/main/res/layout/fragment_shared_decks_download.xml,1,8,8,16,1,1,2025-09-11,2025-09-11,225,16.0,1.0,0,0.0,1.0
AnkiDroid/src/test/java/com/ichi2/testutils/EmptyApplication.kt,1,16,0,16,1,1,2026-04-14,2026-04-14,10,16.0,1.0,0,0.0,1.0
.idea/dictionaries/davidallison.xml,5,4,11,15,1,5,2025-11-22,2026-03-28,27,3.0,1.0,0,0.0,0.7333333333333333
AnkiDroid/src/main/res/values-eu/10-preferences.xml,4,4,11,15,1,4,2026-02-05,2026-04-09,15,3.75,1.0,0,0.0,0.6
AnkiDroid/src/main/res/values/10-preferences.xml,3,5,10,15,3,3,2025-12-01,2026-04-06,18,5.0,0.3333333333333333,0,0.0,0.6
AnkiDroid/src/test/java/com/ichi2/utils/BundleUtilsTest.kt,3,8,7,15,2,2,2025-12-28,2026-01-24,90,5.0,0.6666666666666666,0,0.0,0.4
AnkiDroid/src/main/res/values-gl/16-multimedia-editor.xml,2,9,6,15,1,2,2026-03-26,2026-03-30,25,7.5,1.0,0,0.0,0.8
AnkiDroid/src/main/res/layout/reviewer_fullscreen_noanswers.xml,1,7,8,15,1,1,2026-03-22,2026-03-22,33,15.0,1.0,0,0.0,1.0
buildSrc/build.gradle.kts,1,15,0,15,1,1,2026-04-17,2026-04-17,7,15.0,1.0,0,0.0,1.0
AnkiDroid/src/main/res/values/01-core.xml,7,11,3,14,5,7,2025-09-13,2026-04-01,23,2.0,0.2857142857142857,1,0.14285714285714285,0.35714285714285715
AnkiDroid/src/main/res/values/theme_plain.xml,7,11,3,14,5,5,2025-10-24,2026-03-21,34,2.0,0.2857142857142857,2,0.2857142857142857,0.2857142857142857
AnkiDroid/src/main/java/com/ichi2/anki/IntroductionActivity.kt,5,8,6,14,2,5,2025-01-31,2026-03-23,32,2.8,0.6,2,0.4,0.2857142857142857
AnkiDroid/src/androidTest/java/com/ichi2/anki/tests/LayoutValidationTest.kt,4,8,6,14,3,4,2025-11-03,2026-04-10,14,3.5,0.5,1,0.25,0.7142857142857143
AnkiDroid/src/main/res/values-ug/10-preferences.xml,4,8,6,14,1,4,2025-10-29,2026-04-09,15,3.5,1.0,0,0.0,0.42857142857142855
AnkiDroid/src/main/res/values-eo/11-arrays.xml,3,8,6,14,1,3,2025-11-09,2026-01-12,102,4.666666666666667,1.0,0,0.0,0.5714285714285714
AnkiDroid/src/androidTest/java/com/ichi2/testutils/common/DO_NOT_EDIT_HERE.txt,1,0,14,14,1,1,2026-03-22,2026-03-22,33,14.0,1.0,0,0.0,1.0
AnkiDroid/src/main/java/com/ichi2/anki/utils/ext/View.kt,1,14,0,14,1,1,2026-03-28,2026-03-28,27,14.0,1.0,0,0.0,1.0
AnkiDroid/src/main/java/com/ichi2/widget/WidgetUtils.kt,1,14,0,14,1,1,2026-03-23,2026-03-23,32,14.0,1.0,1,1.0,1.0
AnkiDroid/src/main/res/drawable/ic_cancel_24.xml,1,14,0,14,1,1,2026-03-28,2026-03-28,27,14.0,1.0,0,0.0,1.0
AnkiDroid/src/main/res/drawable/ic_card_state_default.xml,1,14,0,14,1,1,2026-03-12,2026-03-12,43,14.0,1.0,0,0.0,1.0
AnkiDroid/src/main/res/drawable/ic_check_circle_24.xml,1,14,0,14,1,1,2026-03-28,2026-03-28,27,14.0,1.0,0,0.0,1.0
AnkiDroid/src/main/res/layout/card_browser_item_my_searches_dialog.xml,1,7,7,14,1,1,2025-09-11,2025-09-11,225,14.0,1.0,0,0.0,1.0
AnkiDroid/src/main/res/layout/dialog_export_options.xml,1,7,7,14,1,1,2025-09-11,2025-09-11,225,14.0,1.0,0,0.0,1.0
AnkiDroid/src/main/res/layout/tags_dialog.xml,1,7,7,14,1,1,2025-09-11,2025-09-11,225,14.0,1.0,0,0.0,1.0
buildSrc/README.md,1,14,0,14,1,1,2026-04-17,2026-04-17,7,14.0,1.0,0,0.0,1.0
AnkiDroid/src/main/java/com/ichi2/anki/services/BootService.kt,4,8,5,13,3,4,2025-11-03,2026-04-17,7,3.25,0.5,3,0.75,0.46153846153846156
AnkiDroid/src/main/java/com/ichi2/anki/pages/CardInfoDestination.kt,3,9,4,13,2,2,2025-09-13,2025-12-11,134,4.333333333333333,0.6666666666666666,0,0.0,0.8461538461538461
AnkiDroid/src/main/res/values-af/10-preferences.xml,3,3,10,13,1,3,2026-02-05,2026-04-09,15,4.333333333333333,1.0,0,0.0,0.6923076923076923
AnkiDroid/src/main/res/values-am/10-preferences.xml,3,3,10,13,1,3,2026-02-05,2026-04-09,15,4.333333333333333,1.0,0,0.0,0.6923076923076923
AnkiDroid/src/main/res/values-az/10-preferences.xml,3,3,10,13,1,3,2026-02-05,2026-04-09,15,4.333333333333333,1.0,0,0.0,0.6923076923076923
AnkiDroid/src/main/res/values-bg/10-preferences.xml,3,3,10,13,1,3,2026-02-05,2026-04-09,15,4.333333333333333,1.0,0,0.0,0.6923076923076923
AnkiDroid/src/main/res/values-bn/10-preferences.xml,3,3,10,13,1,3,2026-02-05,2026-04-09,15,4.333333333333333,1.0,0,0.0,0.6923076923076923
AnkiDroid/src/main/res/values-ca/10-preferences.xml,3,3,10,13,1,3,2026-02-05,2026-04-09,15,4.333333333333333,1.0,0,0.0,0.6923076923076923
AnkiDroid/src/main/res/values-ckb/10-preferences.xml,3,3,10,13,1,3,2026-02-05,2026-04-09,15,4.333333333333333,1.0,0,0.0,0.6923076923076923
AnkiDroid/src/main/res/values-da/10-preferences.xml,3,3,10,13,1,3,2026-02-05,2026-04-09,15,4.333333333333333,1.0,0,0.0,0.6923076923076923
AnkiDroid/src/main/res/values-el/10-preferences.xml,3,3,10,13,1,3,2026-02-05,2026-04-09,15,4.333333333333333,1.0,0,0.0,0.6923076923076923
AnkiDroid/src/main/res/values-fa/10-preferences.xml,3,3,10,13,1,3,2026-02-05,2026-04-09,15,4.333333333333333,1.0,0,0.0,0.6923076923076923
AnkiDroid/src/main/res/values-fil/10-preferences.xml,3,3,10,13,1,3,2026-02-05,2026-04-09,15,4.333333333333333,1.0,0,0.0,0.6923076923076923
AnkiDroid/src/main/res/values-fy/10-preferences.xml,3,3,10,13,1,3,2026-02-05,2026-04-09,15,4.333333333333333,1.0,0,0.0,0.6923076923076923
AnkiDroid/src/main/res/values-ga/10-preferences.xml,3,3,10,13,1,3,2026-02-05,2026-04-09,15,4.333333333333333,1.0,0,0.0,0.6923076923076923
AnkiDroid/src/main/res/values-gu/10-preferences.xml,3,3,10,13,1,3,2026-02-05,2026-04-09,15,4.333333333333333,1.0,0,0.0,0.6923076923076923
AnkiDroid/src/main/res/values-hi/10-preferences.xml,3,3,10,13,1,3,2026-02-05,2026-04-09,15,4.333333333333333,1.0,0,0.0,0.6923076923076923
AnkiDroid/src/main/res/values-hu/10-preferences.xml,3,3,10,13,1,3,2026-02-05,2026-04-09,15,4.333333333333333,1.0,0,0.0,0.6923076923076923
AnkiDroid/src/main/res/values-hy/10-preferences.xml,3,3,10,13,1,3,2026-02-05,2026-04-09,15,4.333333333333333,1.0,0,0.0,0.6923076923076923
AnkiDroid/src/main/res/values-ind/10-preferences.xml,3,3,10,13,1,3,2026-02-05,2026-04-09,15,4.333333333333333,1.0,0,0.0,0.6923076923076923
AnkiDroid/src/main/res/values-ka/10-preferences.xml,3,3,10,13,1,3,2026-02-05,2026-04-09,15,4.333333333333333,1.0,0,0.0,0.6923076923076923
AnkiDroid/src/main/res/values-kk/10-preferences.xml,3,3,10,13,1,3,2026-02-05,2026-04-09,15,4.333333333333333,1.0,0,0.0,0.6923076923076923
AnkiDroid/src/main/res/values-km/10-preferences.xml,3,3,10,13,1,3,2026-02-05,2026-04-09,15,4.333333333333333,1.0,0,0.0,0.6923076923076923
AnkiDroid/src/main/res/values-kn/10-preferences.xml,3,3,10,13,1,3,2026-02-05,2026-04-09,15,4.333333333333333,1.0,0,0.0,0.6923076923076923
AnkiDroid/src/main/res/values-ko/10-preferences.xml,3,3,10,13,1,3,2026-02-05,2026-04-09,15,4.333333333333333,1.0,0,0.0,0.6923076923076923
AnkiDroid/src/main/res/values-ku/10-preferences.xml,3,3,10,13,1,3,2026-02-05,2026-04-09,15,4.333333333333333,1.0,0,0.0,0.6923076923076923
AnkiDroid/src/main/res/values-ky/10-preferences.xml,3,3,10,13,1,3,2026-02-05,2026-04-09,15,4.333333333333333,1.0,0,0.0,0.6923076923076923
AnkiDroid/src/main/res/values-lt/10-preferences.xml,3,3,10,13,1,3,2026-02-05,2026-04-09,15,4.333333333333333,1.0,0,0.0,0.6923076923076923
AnkiDroid/src/main/res/values-lv/10-preferences.xml,3,3,10,13,1,3,2026-02-05,2026-04-09,15,4.333333333333333,1.0,0,0.0,0.6923076923076923
AnkiDroid/src/main/res/values-mk/10-preferences.xml,3,3,10,13,1,3,2026-02-05,2026-04-09,15,4.333333333333333,1.0,0,0.0,0.6923076923076923
AnkiDroid/src/main/res/values-ml/10-preferences.xml,3,3,10,13,1,3,2026-02-05,2026-04-09,15,4.333333333333333,1.0,0,0.0,0.6923076923076923
AnkiDroid/src/main/res/values-mn/10-preferences.xml,3,3,10,13,1,3,2026-02-05,2026-04-09,15,4.333333333333333,1.0,0,0.0,0.6923076923076923
AnkiDroid/src/main/res/values-mr/10-preferences.xml,3,3,10,13,1,3,2026-02-05,2026-04-09,15,4.333333333333333,1.0,0,0.0,0.6923076923076923
AnkiDroid/src/main/res/values-ms/10-preferences.xml,3,3,10,13,1,3,2026-02-05,2026-04-09,15,4.333333333333333,1.0,0,0.0,0.6923076923076923
AnkiDroid/src/main/res/values-my/10-preferences.xml,3,3,10,13,1,3,2026-02-05,2026-04-09,15,4.333333333333333,1.0,0,0.0,0.6923076923076923
AnkiDroid/src/main/res/values-nn/10-preferences.xml,3,3,10,13,1,3,2026-02-05,2026-04-09,15,4.333333333333333,1.0,0,0.0,0.6923076923076923
AnkiDroid/src/main/res/values-no/10-preferences.xml,3,3,10,13,1,3,2026-02-05,2026-04-09,15,4.333333333333333,1.0,0,0.0,0.6923076923076923
AnkiDroid/src/main/res/values-pa/10-preferences.xml,3,3,10,13,1,3,2026-02-05,2026-04-09,15,4.333333333333333,1.0,0,0.0,0.6923076923076923
AnkiDroid/src/main/res/values-pl/16-multimedia-editor.xml,3,8,5,13,1,3,2026-02-11,2026-03-30,25,4.333333333333333,1.0,0,0.0,0.6153846153846154
AnkiDroid/src/main/res/values-pt-rPT/10-preferences.xml,3,3,10,13,1,3,2026-02-05,2026-04-09,15,4.333333333333333,1.0,0,0.0,0.6923076923076923
AnkiDroid/src/main/res/values-ro/10-preferences.xml,3,3,10,13,1,3,2026-02-05,2026-04-09,15,4.333333333333333,1.0,0,0.0,0.6923076923076923
AnkiDroid/src/main/res/values-sat/10-preferences.xml,3,3,10,13,1,3,2026-02-05,2026-04-09,15,4.333333333333333,1.0,0,0.0,0.6923076923076923
AnkiDroid/src/main/res/values-sc/10-preferences.xml,3,3,10,13,1,3,2026-02-05,2026-04-09,15,4.333333333333333,1.0,0,0.0,0.6923076923076923
AnkiDroid/src/main/res/values-sk/10-preferences.xml,3,3,10,13,1,3,2026-02-05,2026-04-09,15,4.333333333333333,1.0,0,0.0,0.6923076923076923
AnkiDroid/src/main/res/values-sl/10-preferences.xml,3,3,10,13,1,3,2026-02-05,2026-04-09,15,4.333333333333333,1.0,0,0.0,0.6923076923076923
AnkiDroid/src/main/res/values-sq/10-preferences.xml,3,3,10,13,1,3,2026-02-05,2026-04-09,15,4.333333333333333,1.0,0,0.0,0.6923076923076923
AnkiDroid/src/main/res/values-sr/10-preferences.xml,3,3,10,13,1,3,2026-02-05,2026-04-09,15,4.333333333333333,1.0,0,0.0,0.6923076923076923
AnkiDroid/src/main/res/values-sv/10-preferences.xml,3,3,10,13,1,3,2026-02-05,2026-04-09,15,4.333333333333333,1.0,0,0.0,0.6923076923076923
AnkiDroid/src/main/res/values-ta/10-preferences.xml,3,3,10,13,1,3,2026-02-05,2026-04-09,15,4.333333333333333,1.0,0,0.0,0.6923076923076923
AnkiDroid/src/main/res/values-te/10-preferences.xml,3,3,10,13,1,3,2026-02-05,2026-04-09,15,4.333333333333333,1.0,0,0.0,0.6923076923076923
AnkiDroid/src/main/res/values-tgl/10-preferences.xml,3,3,10,13,1,3,2026-02-05,2026-04-09,15,4.333333333333333,1.0,0,0.0,0.6923076923076923
AnkiDroid/src/main/res/values-th/10-preferences.xml,3,3,10,13,1,3,2026-02-05,2026-04-09,15,4.333333333333333,1.0,0,0.0,0.6923076923076923
AnkiDroid/src/main/res/values-ti/10-preferences.xml,3,3,10,13,1,3,2026-02-05,2026-04-09,15,4.333333333333333,1.0,0,0.0,0.6923076923076923
AnkiDroid/src/main/res/values-tt/10-preferences.xml,3,3,10,13,1,3,2026-02-05,2026-04-09,15,4.333333333333333,1.0,0,0.0,0.6923076923076923
AnkiDroid/src/test/java/com/ichi2/anki/ActivityStartupUnderBackupTest.kt,3,3,10,13,2,2,2025-12-01,2026-04-14,10,4.333333333333333,0.6666666666666666,1,0.3333333333333333,0.38461538461538464
AnkiDroid/src/test/java/com/ichi2/anki/dialogs/utils/AlertDialogUtils.kt,3,12,1,13,1,3,2025-09-12,2025-11-21,154,4.333333333333333,1.0,1,0.3333333333333333,0.46153846153846156
AnkiDroid/src/main/res/values-fi/07-cardbrowser.xml,2,7,6,13,1,2,2025-10-26,2026-04-19,5,6.5,1.0,0,0.0,0.9230769230769231
AnkiDroid/src/main/res/xml/preferences_dev_options.xml,2,8,5,13,2,2,2025-11-14,2026-01-05,109,6.5,0.5,1,0.5,0.6923076923076923
common/src/testFixtures/java/com/ichi2/testutils/FileSystemUtils.kt,2,7,6,13,1,2,2026-04-07,2026-04-13,11,6.5,1.0,0,0.0,0.7692307692307693
AnkiDroid/src/main/java/com/ichi2/anki/utils/ext/SavedStateHandle.kt,1,13,0,13,1,1,2025-09-14,2025-09-14,222,13.0,1.0,0,0.0,1.0
AnkiDroid/src/main/res/layout/item_deck_option_selection.xml,1,13,0,13,1,1,2025-12-29,2025-12-29,116,13.0,1.0,0,0.0,1.0
AnkiDroid/src/main/res/values-af/01-core.xml,7,9,3,12,1,7,2025-10-30,2026-04-04,20,1.7142857142857142,1.0,0,0.0,0.3333333333333333
AnkiDroid/src/main/res/values-am/01-core.xml,7,9,3,12,1,7,2025-10-30,2026-04-04,20,1.7142857142857142,1.0,0,0.0,0.3333333333333333
AnkiDroid/src/main/res/values-az/01-core.xml,7,9,3,12,1,7,2025-10-30,2026-04-04,20,1.7142857142857142,1.0,0,0.0,0.3333333333333333
AnkiDroid/src/main/res/values-bg/01-core.xml,7,9,3,12,1,7,2025-10-30,2026-04-04,20,1.7142857142857142,1.0,0,0.0,0.3333333333333333
AnkiDroid/src/main/res/values-bn/01-core.xml,7,9,3,12,1,7,2025-10-30,2026-04-04,20,1.7142857142857142,1.0,0,0.0,0.3333333333333333
AnkiDroid/src/main/res/values-ckb/01-core.xml,7,9,3,12,1,7,2025-10-30,2026-04-04,20,1.7142857142857142,1.0,0,0.0,0.3333333333333333
AnkiDroid/src/main/res/values-da/01-core.xml,7,9,3,12,1,7,2025-10-30,2026-04-04,20,1.7142857142857142,1.0,0,0.0,0.3333333333333333
AnkiDroid/src/main/res/values-el/01-core.xml,7,9,3,12,1,7,2025-10-30,2026-04-04,20,1.7142857142857142,1.0,0,0.0,0.3333333333333333
AnkiDroid/src/main/res/values-eu/01-core.xml,7,9,3,12,1,7,2025-10-30,2026-04-04,20,1.7142857142857142,1.0,0,0.0,0.3333333333333333
AnkiDroid/src/main/res/values-fil/01-core.xml,7,9,3,12,1,7,2025-10-30,2026-04-04,20,1.7142857142857142,1.0,0,0.0,0.3333333333333333
AnkiDroid/src/main/res/values-fy/01-core.xml,7,9,3,12,1,7,2025-10-30,2026-04-04,20,1.7142857142857142,1.0,0,0.0,0.3333333333333333
AnkiDroid/src/main/res/values-ga/01-core.xml,7,9,3,12,1,7,2025-10-30,2026-04-04,20,1.7142857142857142,1.0,0,0.0,0.3333333333333333
AnkiDroid/src/main/res/values-gu/01-core.xml,7,9,3,12,1,7,2025-10-30,2026-04-04,20,1.7142857142857142,1.0,0,0.0,0.3333333333333333
AnkiDroid/src/main/res/values-hu/01-core.xml,7,9,3,12,1,7,2025-10-30,2026-04-04,20,1.7142857142857142,1.0,0,0.0,0.3333333333333333
AnkiDroid/src/main/res/values-ka/01-core.xml,7,9,3,12,1,7,2025-10-30,2026-04-04,20,1.7142857142857142,1.0,0,0.0,0.3333333333333333
AnkiDroid/src/main/res/values-kk/01-core.xml,7,9,3,12,1,7,2025-10-30,2026-04-04,20,1.7142857142857142,1.0,0,0.0,0.3333333333333333
AnkiDroid/src/main/res/values-km/01-core.xml,7,9,3,12,1,7,2025-10-30,2026-04-04,20,1.7142857142857142,1.0,0,0.0,0.3333333333333333
AnkiDroid/src/main/res/values-kn/01-core.xml,7,9,3,12,1,7,2025-10-30,2026-04-04,20,1.7142857142857142,1.0,0,0.0,0.3333333333333333
AnkiDroid/src/main/res/values-ko/01-core.xml,7,9,3,12,1,7,2025-10-30,2026-04-04,20,1.7142857142857142,1.0,0,0.0,0.3333333333333333
AnkiDroid/src/main/res/values-ku/01-core.xml,7,9,3,12,1,7,2025-10-30,2026-04-04,20,1.7142857142857142,1.0,0,0.0,0.3333333333333333
AnkiDroid/src/main/res/values-ky/01-core.xml,7,9,3,12,1,7,2025-10-30,2026-04-04,20,1.7142857142857142,1.0,0,0.0,0.3333333333333333
AnkiDroid/src/main/res/values-lt/01-core.xml,7,9,3,12,1,7,2025-10-30,2026-04-04,20,1.7142857142857142,1.0,0,0.0,0.3333333333333333
AnkiDroid/src/main/res/values-lv/01-core.xml,7,9,3,12,1,7,2025-10-30,2026-04-04,20,1.7142857142857142,1.0,0,0.0,0.3333333333333333
AnkiDroid/src/main/res/values-mk/01-core.xml,7,9,3,12,1,7,2025-10-30,2026-04-04,20,1.7142857142857142,1.0,0,0.0,0.3333333333333333
AnkiDroid/src/main/res/values-ml/01-core.xml,7,9,3,12,1,7,2025-10-30,2026-04-04,20,1.7142857142857142,1.0,0,0.0,0.3333333333333333
AnkiDroid/src/main/res/values-mn/01-core.xml,7,9,3,12,1,7,2025-10-30,2026-04-04,20,1.7142857142857142,1.0,0,0.0,0.3333333333333333
AnkiDroid/src/main/res/values-ms/01-core.xml,7,9,3,12,1,7,2025-10-30,2026-04-04,20,1.7142857142857142,1.0,0,0.0,0.3333333333333333
AnkiDroid/src/main/res/values-no/01-core.xml,7,9,3,12,1,7,2025-10-30,2026-04-04,20,1.7142857142857142,1.0,0,0.0,0.3333333333333333
AnkiDroid/src/main/res/values-pa/01-core.xml,7,9,3,12,1,7,2025-10-30,2026-04-04,20,1.7142857142857142,1.0,0,0.0,0.3333333333333333
AnkiDroid/src/main/res/values-sc/01-core.xml,7,9,3,12,1,7,2025-10-30,2026-04-04,20,1.7142857142857142,1.0,0,0.0,0.3333333333333333
AnkiDroid/src/main/res/values-sk/01-core.xml,7,9,3,12,1,7,2025-10-30,2026-04-04,20,1.7142857142857142,1.0,0,0.0,0.3333333333333333
AnkiDroid/src/main/res/values-sl/01-core.xml,7,9,3,12,1,7,2025-10-30,2026-04-04,20,1.7142857142857142,1.0,0,0.0,0.3333333333333333
AnkiDroid/src/main/res/values-sq/01-core.xml,7,9,3,12,1,7,2025-10-30,2026-04-04,20,1.7142857142857142,1.0,0,0.0,0.3333333333333333
AnkiDroid/src/main/res/values-sr/01-core.xml,7,9,3,12,1,7,2025-10-30,2026-04-04,20,1.7142857142857142,1.0,0,0.0,0.3333333333333333
AnkiDroid/src/main/res/values-sv/01-core.xml,7,9,3,12,1,7,2025-10-30,2026-04-04,20,1.7142857142857142,1.0,0,0.0,0.3333333333333333
AnkiDroid/src/main/res/values-ta/01-core.xml,7,9,3,12,1,7,2025-10-30,2026-04-04,20,1.7142857142857142,1.0,0,0.0,0.3333333333333333
AnkiDroid/src/main/res/values-te/01-core.xml,7,9,3,12,1,7,2025-10-30,2026-04-04,20,1.7142857142857142,1.0,0,0.0,0.3333333333333333
AnkiDroid/src/main/res/values-tgl/01-core.xml,7,9,3,12,1,7,2025-10-30,2026-04-04,20,1.7142857142857142,1.0,0,0.0,0.3333333333333333
AnkiDroid/src/main/res/values-ti/01-core.xml,7,9,3,12,1,7,2025-10-30,2026-04-04,20,1.7142857142857142,1.0,0,0.0,0.3333333333333333
AnkiDroid/src/main/res/values-tt/01-core.xml,7,9,3,12,1,7,2025-10-30,2026-04-04,20,1.7142857142857142,1.0,0,0.0,0.3333333333333333
AnkiDroid/src/main/res/values-ur/01-core.xml,7,9,3,12,1,7,2025-10-30,2026-04-04,20,1.7142857142857142,1.0,0,0.0,0.3333333333333333
AnkiDroid/src/main/res/values-vi/01-core.xml,7,9,3,12,1,7,2025-10-30,2026-04-04,20,1.7142857142857142,1.0,0,0.0,0.3333333333333333
AnkiDroid/src/main/res/values-zh-rTW/01-core.xml,7,9,3,12,1,7,2025-10-30,2026-04-04,20,1.7142857142857142,1.0,0,0.0,0.3333333333333333
AnkiDroid/src/main/res/values-zh-rCN/10-preferences.xml,5,7,5,12,1,5,2025-11-30,2026-04-19,5,2.4,1.0,0,0.0,0.3333333333333333
AnkiDroid/src/test/java/com/ichi2/testutils/ActivityList.kt,5,4,8,12,3,4,2025-01-31,2025-12-01,144,2.4,0.4,0,0.0,0.3333333333333333
AnkiDroid/src/main/java/com/ichi2/anki/servicelayer/DebugInfoService.kt,3,5,7,12,2,2,2026-01-05,2026-04-17,7,4.0,0.6666666666666666,0,0.0,0.6666666666666666
AnkiDroid/src/main/res/values-pl/04-network.xml,3,5,7,12,1,3,2026-02-11,2026-03-30,25,4.0,1.0,0,0.0,0.8333333333333334
AnkiDroid/src/main/res/values-ru/11-arrays.xml,3,7,5,12,1,3,2026-01-03,2026-04-06,18,4.0,1.0,0,0.0,0.5
AnkiDroid/src/main/java/com/ichi2/anki/worker/SyncMediaWorker.kt,2,8,4,12,2,2,2025-11-21,2026-02-25,58,6.0,0.5,2,1.0,0.75
AnkiDroid/src/main/java/com/ichi2/compat/customtabs/CustomTabActivityHelper.kt,2,9,3,12,2,2,2025-12-07,2026-04-17,7,6.0,0.5,1,0.5,0.8333333333333334
AnkiDroid/src/main/res/color/selector_incrementer_icon.xml,2,6,6,12,2,2,2026-01-31,2026-03-21,34,6.0,0.5,2,1.0,0.5
AnkiDroid/src/main/res/layout/dialog_deck_picker.xml,2,6,6,12,1,2,2025-09-12,2026-03-22,33,6.0,1.0,0,0.0,0.8333333333333334
AnkiDroid/src/main/res/menu-xlarge/deck_picker.xml,2,10,2,12,2,2,2026-03-18,2026-04-01,23,6.0,0.5,1,0.5,0.5
AnkiDroid/src/main/res/menu/deck_picker.xml,2,10,2,12,2,2,2026-03-18,2026-04-01,23,6.0,0.5,1,0.5,0.5
AnkiDroid/src/main/res/values-heb/11-arrays.xml,2,7,5,12,1,1,2026-01-03,2026-01-03,111,6.0,1.0,0,0.0,0.8333333333333334
AnkiDroid/src/main/res/values-it/11-arrays.xml,2,7,5,12,1,2,2026-01-03,2026-04-08,16,6.0,1.0,0,0.0,0.8333333333333334
AnkiDroid/src/main/res/values-iw/11-arrays.xml,2,7,5,12,1,1,2026-01-03,2026-01-03,111,6.0,1.0,0,0.0,0.8333333333333334
libanki/src/main/java/com/ichi2/anki/libanki/CardTemplate.kt,2,8,4,12,2,2,2025-12-13,2026-01-08,106,6.0,0.5,1,0.5,0.8333333333333334
AnkiDroid/src/main/res/drawable/ic_edit_note.xml,1,12,0,12,1,1,2025-11-13,2025-11-13,162,12.0,1.0,0,0.0,1.0
AnkiDroid/src/main/res/drawable/id_arrow_drop_down.xml,1,12,0,12,1,1,2025-10-13,2025-10-13,193,12.0,1.0,0,0.0,1.0
AnkiDroid/src/main/res/layout/dropdown_deck_item.xml,1,0,12,12,1,1,2025-09-11,2025-09-11,225,12.0,1.0,0,0.0,1.0
AnkiDroid/src/main/res/layout/fragment_find_replace.xml,1,6,6,12,1,1,2025-12-27,2025-12-27,118,12.0,1.0,0,0.0,1.0
AnkiDroid/src/main/res/layout/reviewer.xml,1,6,6,12,1,1,2026-03-22,2026-03-22,33,12.0,1.0,0,0.0,1.0
common/src/main/java/com/ichi2/anki/common/utils/ext/JSONObject.kt,1,12,0,12,1,1,2025-09-08,2025-09-08,228,12.0,1.0,0,0.0,1.0
AnkiDroid/src/androidTest/java/com/ichi2/anki/preferences/PreferencesNavigationTest.kt,3,5,6,11,3,3,2025-10-29,2025-12-10,135,3.6666666666666665,0.3333333333333333,1,0.3333333333333333,0.7272727272727273
AnkiDroid/src/main/res/values-ru/16-multimedia-editor.xml,3,7,4,11,1,3,2025-11-21,2026-04-06,18,3.6666666666666665,1.0,0,0.0,0.5454545454545454
AnkiDroid/src/main/res/values-uz/04-network.xml,3,5,6,11,1,3,2026-02-27,2026-03-30,25,3.6666666666666665,1.0,0,0.0,0.5454545454545454
AnkiDroid/src/main/java/com/ichi2/ui/RtlCompliantActionProvider.kt,2,5,6,11,2,2,2025-12-13,2026-03-22,33,5.5,0.5,1,0.5,0.8181818181818182
AnkiDroid/src/main/res/layout/navigation_drawer_layout.xml,2,5,6,11,1,1,2026-03-22,2026-03-22,33,5.5,1.0,0,0.0,0.8181818181818182
AnkiDroid/src/main/res/values/styles.xml,2,11,0,11,2,2,2025-11-21,2026-01-31,83,5.5,0.5,1,0.5,0.9090909090909091
compat/src/main/java/com/ichi2/anki/compat/CompatHelper.kt,2,8,3,11,1,2,2026-03-22,2026-04-07,17,5.5,1.0,0,0.0,0.5454545454545454
compat/src/main/java/com/ichi2/anki/compat/CompatV29.kt,2,10,1,11,2,2,2026-03-22,2026-04-22,2,5.5,0.5,1,0.5,0.8181818181818182
AnkiDroid/src/main/java/com/ichi2/anki/observability/OpChangesNotifier.kt,1,9,2,11,1,1,2026-03-25,2026-03-25,30,11.0,1.0,0,0.0,1.0
AnkiDroid/src/main/java/com/ichi2/anki/workarounds/NestedScrollingWebView.kt,1,11,0,11,1,1,2025-11-07,2025-11-07,168,11.0,1.0,1,1.0,1.0
AnkiDroid/src/main/res/drawable/bg_troubleshooting_item_middle.xml,1,11,0,11,1,1,2026-03-28,2026-03-28,27,11.0,1.0,0,0.0,1.0
AnkiDroid/src/main/res/drawable/bg_troubleshooting_item_top.xml,1,11,0,11,1,1,2026-03-28,2026-03-28,27,11.0,1.0,0,0.0,1.0
AnkiDroid/src/main/res/drawable/ic_redo_2.xml,1,11,0,11,1,1,2026-04-22,2026-04-22,2,11.0,1.0,0,0.0,1.0
AnkiDroid/src/main/res/drawable/ic_undo_2.xml,1,11,0,11,1,1,2026-04-22,2026-04-22,2,11.0,1.0,0,0.0,1.0
AnkiDroid/src/main/res/menu/schedule_reminders.xml,1,11,0,11,1,1,2026-03-28,2026-03-28,27,11.0,1.0,0,0.0,1.0
gradle/wrapper/gradle-wrapper.properties,5,5,5,10,1,5,2025-10-23,2026-03-10,45,2.0,1.0,0,0.0,0.2
.github/workflows/publish.yml,4,7,3,10,2,4,2025-11-14,2026-03-10,45,2.5,0.75,0,0.0,0.4
AnkiDroid/src/main/res/values-fi/11-arrays.xml,3,6,4,10,1,3,2025-10-26,2026-01-19,95,3.3333333333333335,1.0,0,0.0,0.4
AnkiDroid/src/main/res/values-pl/11-arrays.xml,3,6,4,10,1,3,2026-01-03,2026-02-11,72,3.3333333333333335,1.0,0,0.0,0.6
AnkiDroid/src/main/java/com/ichi2/anki/preferences/ControlsTabPreference.kt,2,9,1,10,2,2,2025-11-18,2026-03-23,32,5.0,0.5,0,0.0,0.8
AnkiDroid/src/main/java/com/ichi2/anki/ui/windows/reviewer/whiteboard/WhiteboardRepository.kt,2,9,1,10,2,2,2025-11-09,2026-01-31,83,5.0,0.5,0,0.0,0.5
AnkiDroid/src/main/java/com/ichi2/anki/worker/SyncWorker.kt,2,7,3,10,2,2,2025-11-21,2026-02-25,58,5.0,0.5,2,1.0,0.8
AnkiDroid/src/main/res/layout/card_template_editor.xml,2,6,4,10,1,2,2025-09-10,2026-03-22,33,5.0,1.0,0,0.0,0.6
AnkiDroid/src/main/res/layout/deck_picker.xml,2,6,4,10,1,2,2025-09-10,2026-03-22,33,5.0,1.0,0,0.0,0.8
AnkiDroid/src/main/res/layout/view_audio_play.xml,2,5,5,10,2,2,2026-01-03,2026-01-17,97,5.0,0.5,0,0.0,1.0
AnkiDroid/src/main/java/com/ichi2/anki/browser/CardBrowserLaunchOptions.kt,1,10,0,10,1,1,2025-12-04,2025-12-04,141,10.0,1.0,0,0.0,1.0
AnkiDroid/src/main/java/com/ichi2/ui/BadgeDrawable.kt,1,5,5,10,1,1,2025-12-10,2025-12-10,135,10.0,1.0,0,0.0,1.0
AnkiDroid/src/main/res/drawable/bg_troubleshooting_item_bottom.xml,1,10,0,10,1,1,2026-03-28,2026-03-28,27,10.0,1.0,0,0.0,1.0
AnkiDroid/src/main/res/drawable/ic_audio_wave.xml,1,10,0,10,1,1,2026-03-23,2026-03-23,32,10.0,1.0,0,0.0,1.0
AnkiDroid/src/main/res/drawable/ic_camera_filled.xml,1,10,0,10,1,1,2025-11-30,2025-11-30,145,10.0,1.0,0,0.0,1.0
AnkiDroid/src/main/res/drawable/ic_draw_filled.xml,1,10,0,10,1,1,2025-11-30,2025-11-30,145,10.0,1.0,0,0.0,1.0
AnkiDroid/src/main/res/drawable/ic_gallery.xml,1,0,10,10,1,1,2025-11-30,2025-11-30,145,10.0,1.0,0,0.0,1.0
AnkiDroid/src/main/res/drawable/ic_image.xml,1,10,0,10,1,1,2025-11-30,2025-11-30,145,10.0,1.0,0,0.0,1.0
AnkiDroid/src/main/res/drawable/ic_import_export.xml,1,0,10,10,1,1,2026-03-03,2026-03-03,52,10.0,1.0,0,0.0,1.0
AnkiDroid/src/main/res/drawable/ic_notes.xml,1,10,0,10,1,1,2026-03-23,2026-03-23,32,10.0,1.0,0,0.0,1.0
AnkiDroid/src/main/res/layout/audio_record_view.xml,1,4,6,10,1,1,2026-01-17,2026-01-17,97,10.0,1.0,0,0.0,1.0
AnkiDroid/src/main/res/layout/dialog_deck_options_selection.xml,1,10,0,10,1,1,2025-12-29,2025-12-29,116,10.0,1.0,0,0.0,1.0
AnkiDroid/src/main/res/layout/dialog_empty_cards.xml,1,5,5,10,1,1,2025-09-11,2025-09-11,225,10.0,1.0,0,0.0,1.0
AnkiDroid/src/main/res/layout/reviewer_fullscreen.xml,1,5,5,10,1,1,2026-03-22,2026-03-22,33,10.0,1.0,0,0.0,1.0
AnkiDroid/src/main/res/menu/filtered_options.xml,1,10,0,10,1,1,2025-12-01,2025-12-01,144,10.0,1.0,0,0.0,1.0
AnkiDroid/src/main/java/com/ichi2/anki/multimedia/MultimediaFragment.kt,4,5,4,9,3,4,2025-11-04,2026-04-17,7,2.25,0.5,0,0.0,0.4444444444444444
AnkiDroid/src/main/res/values-ar/16-multimedia-editor.xml,3,6,3,9,1,3,2026-03-26,2026-04-12,12,3.0,1.0,0,0.0,0.4444444444444444
AnkiDroid/src/main/res/layout/fragment_permissions_starting_at_30.xml,2,9,0,9,2,2,2025-09-11,2026-03-16,39,4.5,0.5,0,0.0,1.0
AnkiDroid/src/main/res/layout/view_reviewer_menu.xml,2,4,5,9,2,2,2025-09-11,2026-01-17,97,4.5,0.5,0,0.0,1.0
AnkiDroid/src/main/res/values-fr/16-multimedia-editor.xml,2,6,3,9,1,2,2026-03-26,2026-03-30,25,4.5,1.0,0,0.0,0.6666666666666666
AnkiDroid/src/main/res/values-or/16-multimedia-editor.xml,2,6,3,9,1,2,2026-01-19,2026-03-26,29,4.5,1.0,0,0.0,0.6666666666666666
AnkiDroid/src/main/res/values-uk/16-multimedia-editor.xml,2,6,3,9,1,2,2026-03-26,2026-04-19,5,4.5,1.0,0,0.0,0.6666666666666666
AnkiDroid/src/main/res/values-uz/16-multimedia-editor.xml,2,6,3,9,1,2,2026-03-26,2026-03-30,25,4.5,1.0,0,0.0,0.6666666666666666
AnkiDroid/src/main/res/values-zh-rCN/16-multimedia-editor.xml,2,6,3,9,1,2,2026-03-26,2026-04-04,20,4.5,1.0,0,0.0,0.6666666666666666
AnkiDroid/src/main/res/values/colors.xml,2,8,1,9,2,2,2026-03-28,2026-04-06,18,4.5,0.5,1,0.5,0.7777777777777778
AnkiDroid/src/test/java/com/ichi2/anki/cardviewer/ViewerCommandTest.kt,2,5,4,9,2,2,2025-09-13,2026-01-08,106,4.5,0.5,0,0.0,0.8888888888888888
tools/parallel-package-release.sh,2,7,2,9,2,2,2026-04-17,2026-04-22,2,4.5,0.5,0,0.0,0.7777777777777778
AnkiDroid/src/main/java/com/ichi2/anki/cardviewer/CardAppearance.kt,1,5,4,9,1,1,2025-12-06,2025-12-06,139,9.0,1.0,0,0.0,1.0
AnkiDroid/src/main/res/drawable/ic_add_white.xml,1,0,9,9,1,1,2026-01-26,2026-01-26,88,9.0,1.0,1,1.0,1.0
AnkiDroid/src/main/res/drawable/ic_spinner_triangle.xml,1,0,9,9,1,1,2025-09-11,2025-09-11,225,9.0,1.0,0,0.0,1.0
AnkiDroid/src/main/res/drawable/ic_warning_24.xml,1,9,0,9,1,1,2026-03-28,2026-03-28,27,9.0,1.0,0,0.0,1.0
AnkiDroid/src/main/res/menu/drawing_fragment_menu.xml,1,9,0,9,1,1,2025-11-03,2025-11-03,172,9.0,1.0,0,0.0,1.0
AnkiDroid/src/main/res/menu/note_type_editor.xml,1,0,9,9,1,1,2025-10-21,2025-10-21,185,9.0,1.0,0,0.0,1.0
AnkiDroid/src/main/res/menu/note_types_more_actions.xml,1,9,0,9,1,1,2025-11-13,2025-11-13,162,9.0,1.0,0,0.0,1.0
AnkiDroid/src/main/res/menu/card_browser.xml,4,6,2,8,1,3,2026-01-24,2026-03-14,41,2.0,1.0,2,0.5,0.375
AnkiDroid/src/main/res/layout/fragment_schedule_reminders.xml,3,4,4,8,2,3,2025-09-11,2026-03-22,33,2.6666666666666665,0.6666666666666666,0,0.0,0.5
AnkiDroid/src/main/res/values-ar/11-arrays.xml,3,5,3,8,1,3,2025-11-27,2026-01-12,102,2.6666666666666665,1.0,0,0.0,0.5
AnkiDroid/src/test/java/com/ichi2/anki/ReviewerTest.kt,3,4,4,8,3,3,2025-12-05,2026-01-08,106,2.6666666666666665,0.3333333333333333,0,0.0,0.5
libanki/src/main/java/com/ichi2/anki/libanki/utils/NotInPyLib.kt,3,6,2,8,1,1,2026-01-26,2026-01-26,88,2.6666666666666665,1.0,0,0.0,0.5
AnkiDroid/src/main/java/com/ichi2/anki/AbstractIntentHandler.kt,2,4,4,8,1,2,2025-12-10,2026-03-23,32,4.0,1.0,1,0.5,0.75
AnkiDroid/src/main/java/com/ichi2/anki/pages/PageWebViewClient.kt,2,5,3,8,2,2,2025-11-07,2025-12-10,135,4.0,0.5,1,0.5,0.75
AnkiDroid/src/main/res/layout/fragment_permissions_until_29.xml,2,8,0,8,2,2,2025-09-11,2026-03-16,39,4.0,0.5,0,0.0,1.0
AnkiDroid/src/main/res/layout/include_floating_add_button.xml,2,4,4,8,2,2,2026-03-23,2026-04-06,18,4.0,0.5,0,0.0,1.0
AnkiDroid/src/main/res/layout/template_previewer.xml,2,4,4,8,2,2,2025-09-10,2025-11-07,168,4.0,0.5,1,0.5,0.5
AnkiDroid/src/main/res/values-nl/11-arrays.xml,2,5,3,8,1,2,2026-01-03,2026-01-28,86,4.0,1.0,0,0.0,0.75
AnkiDroid/src/test/java/com/ichi2/anki/ActivityStartupMetaTest.kt,2,4,4,8,1,2,2026-03-22,2026-04-19,5,4.0,1.0,1,0.5,0.5
compat/src/main/java/com/ichi2/anki/compat/BaseCompat.kt,2,7,1,8,2,2,2026-03-22,2026-04-22,2,4.0,0.5,1,0.5,0.75
libanki/src/test/java/com/ichi2/anki/libanki/CollectionTest.kt,2,4,4,8,2,2,2025-12-05,2025-12-11,134,4.0,0.5,0,0.0,0.5
AnkiDroid/src/androidTest/java/com/ichi2/anki/ReviewerTest.kt,1,1,7,8,1,1,2025-12-04,2025-12-04,141,8.0,1.0,0,0.0,1.0
AnkiDroid/src/main/java/com/ichi2/anki/reviewer/AnswerButtons.kt,1,4,4,8,1,1,2026-01-08,2026-01-08,106,8.0,1.0,0,0.0,1.0
AnkiDroid/src/main/res/layout/deck_picker_dialog_list_item.xml,1,4,4,8,1,1,2025-09-12,2025-09-12,224,8.0,1.0,0,0.0,1.0
AnkiDroid/src/main/res/layout/dialog_axis_picker.xml,1,5,3,8,1,1,2025-09-11,2025-09-11,225,8.0,1.0,0,0.0,1.0
AnkiDroid/src/main/res/layout/dialog_tts_voices_voice.xml,1,4,4,8,1,1,2025-09-10,2025-09-10,226,8.0,1.0,0,0.0,1.0
AnkiDroid/src/main/res/layout/fragment_multimedia_image.xml,1,4,4,8,1,1,2025-09-12,2025-09-12,224,8.0,1.0,0,0.0,1.0
AnkiDroid/src/main/res/values-be/08-widget.xml,1,4,4,8,1,1,2026-01-03,2026-01-03,111,8.0,1.0,0,0.0,1.0
AnkiDroid/src/main/res/values-hr/05-feedback.xml,1,4,4,8,1,1,2026-01-28,2026-01-28,86,8.0,1.0,0,0.0,1.0
AnkiDroid/src/test/java/com/ichi2/anki/AbstractFlashcardViewerTest.kt,1,4,4,8,1,1,2026-01-08,2026-01-08,106,8.0,1.0,0,0.0,1.0
AnkiDroid/src/test/java/com/ichi2/anki/reviewer/AnswerButtonsTest.kt,1,4,4,8,1,1,2026-01-08,2026-01-08,106,8.0,1.0,0,0.0,1.0
common/src/main/java/com/ichi2/anki/common/utils/TestUtils.kt,1,5,3,8,1,1,2026-04-13,2026-04-13,11,8.0,1.0,0,0.0,1.0
docs/marketing/localized_description/marketdescription-got.txt,1,4,4,8,1,1,2026-01-12,2026-01-12,102,8.0,1.0,0,0.0,1.0
AnkiDroid/src/main/res/values/sentence-case.xml,5,7,0,7,5,4,2025-09-13,2026-03-19,36,1.4,0.2,1,0.2,0.2857142857142857
AnkiDroid/src/main/res/values-be/09-backup.xml,4,4,3,7,1,4,2026-01-03,2026-04-08,16,1.75,1.0,0,0.0,0.2857142857142857
AnkiDroid/src/main/res/values-uz/07-cardbrowser.xml,4,4,3,7,1,4,2026-03-09,2026-04-22,2,1.75,1.0,0,0.0,0.2857142857142857
.idea/dictionaries/anki.xml,2,7,0,7,1,2,2025-11-25,2026-01-27,87,3.5,1.0,0,0.0,0.8571428571428571
AnkiDroid/proguard-rules.pro,2,7,0,7,2,2,2026-01-05,2026-03-02,53,3.5,0.5,0,0.0,0.8571428571428571
AnkiDroid/src/main/res/menu/reviewer.xml,2,6,1,7,2,2,2025-09-13,2026-01-26,88,3.5,0.5,1,0.5,0.7142857142857143
AnkiDroid/src/main/res/values-es-rAR/07-cardbrowser.xml,2,4,3,7,1,2,2026-01-12,2026-04-19,5,3.5,1.0,0,0.0,0.8571428571428571
AnkiDroid/src/main/res/values-es-rES/07-cardbrowser.xml,2,4,3,7,1,2,2026-01-12,2026-04-19,5,3.5,1.0,0,0.0,0.8571428571428571
AnkiDroid/src/main/res/values-fi/16-multimedia-editor.xml,2,5,2,7,1,2,2025-10-26,2026-03-26,29,3.5,1.0,0,0.0,0.5714285714285714
AnkiDroid/src/main/res/values-tr/16-multimedia-editor.xml,2,5,2,7,1,2,2026-03-26,2026-04-15,9,3.5,1.0,0,0.0,0.5714285714285714
libanki/src/main/java/com/ichi2/anki/libanki/utils/PythonExtensions.kt,2,6,1,7,2,2,2025-09-08,2026-02-08,75,3.5,0.5,0,0.0,0.7142857142857143
AnkiDroid/src/main/res/layout/my_account.xml,1,6,1,7,1,1,2025-01-31,2025-01-31,448,7.0,1.0,0,0.0,1.0
AnkiDroid/src/main/res/layout/my_account_logged_in.xml,1,6,1,7,1,1,2025-01-31,2025-01-31,448,7.0,1.0,0,0.0,1.0
AnkiDroid/src/main/res/menu/download_shared_decks_menu.xml,1,0,7,7,1,1,2025-10-29,2025-10-29,177,7.0,1.0,0,0.0,1.0
AnkiDroid/src/main/res/xml/preferences_custom_buttons.xml,1,7,0,7,1,1,2025-09-13,2025-09-13,223,7.0,1.0,0,0.0,1.0
.github/workflows/milestone.yml,3,3,3,6,3,3,2025-12-12,2026-03-10,45,2.0,0.3333333333333333,0,0.0,0.3333333333333333
AnkiDroid/src/main/java/com/ichi2/anki/noteeditor/Toolbar.kt,3,3,3,6,2,3,2026-02-20,2026-03-23,32,2.0,0.6666666666666666,1,0.3333333333333333,0.3333333333333333
AnkiDroid/src/main/res/layout/dialog_tts_voices.xml,3,3,3,6,1,3,2025-09-10,2026-03-22,33,2.0,1.0,1,0.3333333333333333,0.3333333333333333
libanki/src/test/java/com/ichi2/anki/libanki/SchedulerTest.kt,3,3,3,6,2,3,2025-09-08,2025-12-11,134,2.0,0.6666666666666666,0,0.0,0.3333333333333333
AnkiDroid/src/main/assets/scripts/ankidroid-cardviewer.js,2,6,0,6,1,1,2025-12-14,2025-12-14,131,3.0,1.0,1,0.5,0.5
AnkiDroid/src/main/java/com/ichi2/anki/dialogs/BackupPromptDialog.kt,2,3,3,6,2,2,2026-03-22,2026-04-17,7,3.0,0.5,0,0.0,0.6666666666666666
AnkiDroid/src/main/res/layout/check_pronunciation_fragment.xml,2,3,3,6,2,2,2025-09-11,2025-11-08,167,3.0,0.5,0,0.0,0.6666666666666666
AnkiDroid/src/main/res/values-de/11-arrays.xml,2,4,2,6,1,2,2026-01-03,2026-03-09,46,3.0,1.0,0,0.0,0.6666666666666666
AnkiDroid/src/main/res/values-fr/11-arrays.xml,2,4,2,6,1,2,2026-01-03,2026-02-07,76,3.0,1.0,0,0.0,0.6666666666666666
AnkiDroid/src/main/res/values-gl/11-arrays.xml,2,4,2,6,1,2,2026-01-03,2026-01-12,102,3.0,1.0,0,0.0,0.6666666666666666
AnkiDroid/src/main/res/values-got/11-arrays.xml,2,4,2,6,1,2,2026-01-03,2026-01-12,102,3.0,1.0,0,0.0,0.6666666666666666
AnkiDroid/src/main/res/values-ja/11-arrays.xml,2,4,2,6,1,2,2026-01-03,2026-02-11,72,3.0,1.0,0,0.0,0.6666666666666666
AnkiDroid/src/main/res/values-or/11-arrays.xml,2,4,2,6,1,2,2026-01-03,2026-01-19,95,3.0,1.0,0,0.0,0.6666666666666666
AnkiDroid/src/main/res/values-tr/11-arrays.xml,2,4,2,6,1,2,2026-01-03,2026-03-10,45,3.0,1.0,0,0.0,0.6666666666666666
AnkiDroid/src/main/res/values-ug/11-arrays.xml,2,4,2,6,1,2,2026-01-03,2026-01-12,102,3.0,1.0,0,0.0,0.6666666666666666
AnkiDroid/src/main/res/values-uk/11-arrays.xml,2,4,2,6,1,2,2026-01-03,2026-01-28,86,3.0,1.0,0,0.0,0.6666666666666666
AnkiDroid/src/main/res/values-uz/11-arrays.xml,2,4,2,6,1,2,2026-01-03,2026-01-19,95,3.0,1.0,0,0.0,0.6666666666666666
AnkiDroid/src/main/res/values-zh-rCN/11-arrays.xml,2,4,2,6,1,2,2026-01-03,2026-01-12,102,3.0,1.0,0,0.0,0.6666666666666666
AnkiDroid/src/test/java/com/ichi2/anki/InitialActivityTest.kt,2,5,1,6,2,2,2026-03-16,2026-04-14,10,3.0,0.5,0,0.0,0.6666666666666666
AnkiDroid/src/test/java/com/ichi2/anki/ReviewerNoParamTest.kt,2,3,3,6,1,2,2025-12-06,2026-01-08,106,3.0,1.0,0,0.0,0.6666666666666666
common/src/main/java/com/ichi2/anki/common/time/TimeUtils.kt,2,1,5,6,1,1,2026-03-20,2026-03-20,35,3.0,1.0,1,0.5,0.6666666666666666
AnkiDroid/src/main/java/com/ichi2/anki/mediacheck/MediaCheckViewModel.kt,1,3,3,6,1,1,2025-10-20,2025-10-20,186,6.0,1.0,0,0.0,1.0
AnkiDroid/src/main/java/com/ichi2/preferences/VersatileTextWithASwitchPreference.kt,1,3,3,6,1,1,2026-04-06,2026-04-06,18,6.0,1.0,0,0.0,1.0
AnkiDroid/src/main/java/com/ichi2/widget/WidgetPermissionReceiver.kt,1,3,3,6,1,1,2026-04-17,2026-04-17,7,6.0,1.0,1,1.0,1.0
AnkiDroid/src/main/res/anim/answer_feedback_fade_in.xml,1,6,0,6,1,1,2025-12-18,2025-12-18,127,6.0,1.0,0,0.0,1.0
AnkiDroid/src/main/res/anim/answer_feedback_fade_out.xml,1,6,0,6,1,1,2025-12-18,2025-12-18,127,6.0,1.0,0,0.0,1.0
AnkiDroid/src/main/res/drawable/bg_troubleshooting_item_single.xml,1,6,0,6,1,1,2026-03-28,2026-03-28,27,6.0,1.0,0,0.0,1.0
AnkiDroid/src/main/res/drawable/color_picker_circle_indicator.xml,1,6,0,6,1,1,2026-03-26,2026-03-26,29,6.0,1.0,1,1.0,1.0
AnkiDroid/src/main/res/drawable/vertical_spacer_8dp.xml,1,6,0,6,1,1,2025-11-08,2025-11-08,167,6.0,1.0,1,1.0,1.0
AnkiDroid/src/main/res/layout-land/fragment_tag_limit.xml,1,3,3,6,1,1,2025-09-11,2025-09-11,225,6.0,1.0,0,0.0,1.0
AnkiDroid/src/main/res/layout-w340dp/set_due_date_range.xml,1,3,3,6,1,1,2025-09-11,2025-09-11,225,6.0,1.0,0,0.0,1.0
AnkiDroid/src/main/res/layout/audio_play_view.xml,1,3,3,6,1,1,2025-09-11,2025-09-11,225,6.0,1.0,0,0.0,1.0
AnkiDroid/src/main/res/layout/browser_options_dialog.xml,1,3,3,6,1,1,2025-09-11,2025-09-11,225,6.0,1.0,0,0.0,1.0
AnkiDroid/src/main/res/layout/card_template_editor_item.xml,1,3,3,6,1,1,2025-09-10,2025-09-10,226,6.0,1.0,0,0.0,1.0
AnkiDroid/src/main/res/layout/fragment_audio_video.xml,1,3,3,6,1,1,2025-09-11,2025-09-11,225,6.0,1.0,0,0.0,1.0
AnkiDroid/src/main/res/layout/fragment_tag_limit.xml,1,3,3,6,1,1,2025-09-11,2025-09-11,225,6.0,1.0,0,0.0,1.0
AnkiDroid/src/main/res/layout/set_due_date_range.xml,1,3,3,6,1,1,2025-09-11,2025-09-11,225,6.0,1.0,0,0.0,1.0
AnkiDroid/src/main/res/layout/tags_item_list_dialog.xml,1,3,3,6,1,1,2025-09-11,2025-09-11,225,6.0,1.0,0,0.0,1.0
AnkiDroid/src/main/res/layout/widget_add_note_drawable_v31.xml,1,6,0,6,1,1,2025-03-09,2025-03-09,411,6.0,1.0,0,0.0,1.0
AnkiDroid/src/main/res/menu/card_template_editor.xml,1,3,3,6,1,1,2026-03-15,2026-03-15,40,6.0,1.0,0,0.0,1.0
AnkiDroid/src/main/res/values-fi/08-widget.xml,1,3,3,6,1,1,2025-10-26,2025-10-26,180,6.0,1.0,0,0.0,1.0
AnkiDroid/src/main/res/xml/preferences_appearance.xml,1,3,3,6,1,1,2025-12-05,2025-12-05,140,6.0,1.0,0,0.0,1.0
AnkiDroid/src/test/java/com/ichi2/anki/analytics/AnalyticsConstantsTest.kt,1,3,3,6,1,1,2026-04-08,2026-04-08,16,6.0,1.0,0,0.0,1.0
AnkiDroid/src/test/java/com/ichi2/anki/reviewer/AutomaticAnswerActionTest.kt,1,3,3,6,1,1,2026-01-08,2026-01-08,106,6.0,1.0,0,0.0,1.0
common/src/main/java/com/ichi2/anki/common/json/JSONContainer.kt,1,6,0,6,1,1,2025-11-08,2025-11-08,167,6.0,1.0,0,0.0,1.0
docs/marketing/localized_description/marketdescription-be.txt,1,3,3,6,1,1,2026-01-12,2026-01-12,102,6.0,1.0,0,0.0,1.0
docs/marketing/localized_description/marketdescription-fi.txt,1,3,3,6,1,1,2025-10-26,2025-10-26,180,6.0,1.0,0,0.0,1.0
docs/marketing/localized_description/marketdescription-it.txt,1,3,3,6,1,1,2026-04-08,2026-04-08,16,6.0,1.0,0,0.0,1.0
libanki/src/main/java/com/ichi2/anki/libanki/Config.kt,1,3,3,6,1,1,2026-01-26,2026-01-26,88,6.0,1.0,0,0.0,1.0
libanki/src/main/java/com/ichi2/anki/libanki/exception/EmptyMediaException.kt,1,5,1,6,1,1,2025-11-23,2025-11-23,152,6.0,1.0,0,0.0,1.0
AnkiDroid/src/main/java/com/ichi2/widget/cardanalysis/CardAnalysisWidget.kt,3,2,3,5,2,3,2025-11-25,2026-04-17,7,1.6666666666666667,0.6666666666666666,0,0.0,0.4
AnkiDroid/src/main/res/values-ru/07-cardbrowser.xml,3,3,2,5,1,3,2026-02-27,2026-04-19,5,1.6666666666666667,1.0,0,0.0,0.4
.idea/dictionaries/android.xml,2,5,0,5,2,2,2025-11-04,2025-11-25,150,2.5,0.5,0,0.0,0.8
AnkiDroid/src/androidTest/java/com/ichi2/anki/TtsVoicesTest.kt,2,3,2,5,1,1,2025-12-15,2025-12-15,130,2.5,1.0,0,0.0,0.6
AnkiDroid/src/main/java/com/ichi2/anki/ui/windows/reviewer/GestureParser.kt,2,3,2,5,1,2,2025-12-12,2025-12-14,131,2.5,1.0,1,0.5,0.6
AnkiDroid/src/main/res/layout/view_gesture_picker.xml,2,3,2,5,2,2,2025-09-12,2026-01-30,84,2.5,0.5,0,0.0,0.8
AnkiDroid/src/main/res/values-eo/16-multimedia-editor.xml,2,4,1,5,1,2,2026-03-26,2026-04-12,12,2.5,1.0,0,0.0,0.6
AnkiDroid/src/main/res/values-it/09-backup.xml,2,3,2,5,1,2,2026-04-06,2026-04-08,16,2.5,1.0,0,0.0,0.8
AnkiDroid/src/main/res/values-ja/16-multimedia-editor.xml,2,4,1,5,1,2,2026-03-26,2026-04-22,2,2.5,1.0,0,0.0,0.6
AnkiDroid/src/main/res/values-nl/16-multimedia-editor.xml,2,4,1,5,1,2,2026-03-26,2026-04-15,9,2.5,1.0,0,0.0,0.6
gradlew,2,1,4,5,1,2,2025-10-23,2026-03-10,45,2.5,1.0,0,0.0,0.6
AnkiDroid/src/androidTest/java/com/ichi2/testutils/common/.gitignore,1,0,5,5,1,1,2026-03-22,2026-03-22,33,5.0,1.0,0,0.0,1.0
AnkiDroid/src/main/java/com/ichi2/anki/ui/windows/managespace/ManageSpaceActivity.kt,1,2,3,5,1,1,2025-12-10,2025-12-10,135,5.0,1.0,1,1.0,1.0
AnkiDroid/src/main/java/com/ichi2/anki/ui/windows/reviewer/autoadvance/AutoAdvanceSettings.kt,1,2,3,5,1,1,2025-12-27,2025-12-27,118,5.0,1.0,0,0.0,1.0
AnkiDroid/src/main/java/com/ichi2/anki/utils/ext/LinearLayoutManager.kt,1,5,0,5,1,1,2026-03-06,2026-03-06,49,5.0,1.0,1,1.0,1.0
AnkiDroid/src/main/res/drawable/bg_troubleshooting_icon.xml,1,5,0,5,1,1,2026-03-28,2026-03-28,27,5.0,1.0,0,0.0,1.0
AnkiDroid/src/main/res/drawable/ic_card_state_buried.xml,1,5,0,5,1,1,2026-03-12,2026-03-12,43,5.0,1.0,0,0.0,1.0
AnkiDroid/src/main/res/drawable/ic_card_state_learning.xml,1,5,0,5,1,1,2026-03-12,2026-03-12,43,5.0,1.0,0,0.0,1.0
AnkiDroid/src/main/res/drawable/ic_card_state_new.xml,1,5,0,5,1,1,2026-03-12,2026-03-12,43,5.0,1.0,0,0.0,1.0
AnkiDroid/src/main/res/drawable/ic_card_state_review.xml,1,5,0,5,1,1,2026-03-12,2026-03-12,43,5.0,1.0,0,0.0,1.0
AnkiDroid/src/main/res/drawable/ic_card_state_suspended.xml,1,5,0,5,1,1,2026-03-12,2026-03-12,43,5.0,1.0,0,0.0,1.0
AnkiDroid/src/main/res/drawable/ic_error_outline.xml,1,5,0,5,1,1,2026-03-28,2026-03-28,27,5.0,1.0,0,0.0,1.0
AnkiDroid/src/main/res/drawable/ic_label_outline.xml,1,5,0,5,1,1,2026-03-12,2026-03-12,43,5.0,1.0,0,0.0,1.0
AnkiDroid/src/main/res/drawable/ic_outline_troubleshoot.xml,1,5,0,5,1,1,2026-03-28,2026-03-28,27,5.0,1.0,0,0.0,1.0
AnkiDroid/src/main/res/drawable/ic_round_favorite_outline.xml,1,5,0,5,1,1,2026-01-19,2026-01-19,95,5.0,1.0,0,0.0,1.0
AnkiDroid/src/main/res/drawable/ic_sort_24.xml,1,5,0,5,1,1,2026-01-26,2026-01-26,88,5.0,1.0,0,0.0,1.0
AnkiDroid/src/main/res/drawable/note_types_selection_background.xml,1,5,0,5,1,1,2025-11-13,2025-11-13,162,5.0,1.0,0,0.0,1.0
AnkiDroid/src/main/res/drawable/outline_arrow_insert_24.xml,1,5,0,5,1,1,2026-01-19,2026-01-19,95,5.0,1.0,0,0.0,1.0
AnkiDroid/src/main/res/layout/widget_small_drawable_v31.xml,1,5,0,5,1,1,2025-03-09,2025-03-09,411,5.0,1.0,0,0.0,1.0
AnkiDroid/src/test/java/com/ichi2/anki/FormatDeckDescriptionTest.kt,1,4,1,5,1,1,2025-10-03,2025-10-03,203,5.0,1.0,0,0.0,1.0
AnkiDroid/src/test/java/com/ichi2/compat/CompatDeleteFileTest.kt,1,4,1,5,1,1,2026-03-22,2026-03-22,33,5.0,1.0,0,0.0,1.0
AnkiDroid/src/test/java/com/ichi2/testutils/ReflectionUtils.kt,1,5,0,5,1,1,2025-12-22,2025-12-22,123,5.0,1.0,1,1.0,1.0
AnkiDroid/src/main/res/layout-sw600dp/activity_homescreen.xml,3,2,2,4,2,3,2026-01-03,2026-03-23,32,1.3333333333333333,0.6666666666666666,0,0.0,0.5
AnkiDroid/src/main/res/layout/activity_homescreen.xml,3,2,2,4,2,3,2026-01-03,2026-03-23,32,1.3333333333333333,0.6666666666666666,0,0.0,0.5
AnkiDroid/src/main/res/layout/dialog_tags.xml,3,2,2,4,2,2,2026-01-03,2026-03-22,33,1.3333333333333333,0.6666666666666666,0,0.0,0.5
AnkiDroid/src/main/res/values-got/04-network.xml,3,1,3,4,1,3,2026-01-28,2026-03-30,25,1.3333333333333333,1.0,0,0.0,0.5
AnkiDroid/src/main/res/values-it/04-network.xml,3,1,3,4,1,3,2026-03-20,2026-04-08,16,1.3333333333333333,1.0,0,0.0,0.5
AnkiDroid/src/main/java/com/ichi2/anki/SyncActionProvider.kt,2,2,2,4,1,2,2026-03-22,2026-03-23,32,2.0,1.0,0,0.0,0.5
AnkiDroid/src/main/java/com/ichi2/anki/cardviewer/TypeAnswer.kt,2,2,2,4,2,2,2025-11-07,2026-02-08,75,2.0,0.5,1,0.5,0.5
AnkiDroid/src/main/java/com/ichi2/anki/preferences/AdvancedSettingsFragment.kt,2,2,2,4,1,2,2025-12-10,2026-03-22,33,2.0,1.0,0,0.0,0.5
AnkiDroid/src/main/res/layout-sw600dp/card_template_editor.xml,2,2,2,4,2,2,2026-01-04,2026-03-22,33,2.0,0.5,0,0.0,1.0
AnkiDroid/src/main/res/layout/card_browser_appearance.xml,2,3,1,4,2,2,2026-03-19,2026-03-22,33,2.0,0.5,0,0.0,0.5
AnkiDroid/src/main/res/layout/fragment_all_permissions_explanation.xml,2,2,2,4,2,2,2025-09-12,2026-02-16,67,2.0,0.5,0,0.0,1.0
AnkiDroid/src/main/res/values-be/05-feedback.xml,2,2,2,4,1,2,2026-03-19,2026-04-08,16,2.0,1.0,0,0.0,0.5
AnkiDroid/src/main/res/values-ur/10-preferences.xml,2,3,1,4,1,2,2026-02-05,2026-04-09,15,2.0,1.0,0,0.0,0.5
AnkiDroid/src/main/res/values-vi/10-preferences.xml,2,3,1,4,1,2,2026-02-05,2026-04-09,15,2.0,1.0,0,0.0,0.5
AnkiDroid/src/main/res/values-zh-rTW/10-preferences.xml,2,3,1,4,1,2,2026-02-05,2026-04-09,15,2.0,1.0,0,0.0,0.5
tools/localization/.yarnrc.yml,2,2,2,4,1,2,2025-10-23,2026-03-10,45,2.0,1.0,0,0.0,0.5
AnkiDroid/src/androidTest/java/com/ichi2/anki/PagesTest.kt,1,2,2,4,1,1,2025-12-11,2025-12-11,134,4.0,1.0,0,0.0,1.0
AnkiDroid/src/main/java/com/ichi2/anki/model/WhiteboardPenColor.kt,1,2,2,4,1,1,2025-12-06,2025-12-06,139,4.0,1.0,0,0.0,1.0
AnkiDroid/src/main/java/com/ichi2/anki/noteeditor/FieldState.kt,1,3,1,4,1,1,2025-12-24,2025-12-24,121,4.0,1.0,1,1.0,1.0
AnkiDroid/src/main/java/com/ichi2/anki/settings/enums/PrefEnum.kt,1,4,0,4,1,1,2025-12-06,2025-12-06,139,4.0,1.0,0,0.0,1.0
AnkiDroid/src/main/java/com/ichi2/preferences/AutoFocusEditTextPreference.kt,1,2,2,4,1,1,2025-11-22,2025-11-22,153,4.0,1.0,0,0.0,1.0
AnkiDroid/src/main/java/com/ichi2/widget/AnalyticsWidgetProvider.kt,1,2,2,4,1,1,2025-11-17,2025-11-17,158,4.0,1.0,1,1.0,1.0
AnkiDroid/src/main/res/drawable/ic_hide.xml,1,4,0,4,1,1,2026-01-31,2026-01-31,83,4.0,1.0,0,0.0,1.0
AnkiDroid/src/main/res/layout-land/fragment_introduction.xml,1,1,3,4,1,1,2026-03-23,2026-03-23,32,4.0,1.0,0,0.0,1.0
AnkiDroid/src/main/res/layout/axis_display.xml,1,2,2,4,1,1,2025-09-11,2025-09-11,225,4.0,1.0,0,0.0,1.0
AnkiDroid/src/main/res/layout/bottomsheet_multimedia.xml,1,2,2,4,1,1,2025-11-30,2025-11-30,145,4.0,1.0,0,0.0,1.0
AnkiDroid/src/main/res/layout/controls_tab_layout.xml,1,3,1,4,1,1,2025-12-08,2025-12-08,137,4.0,1.0,1,1.0,1.0
AnkiDroid/src/main/res/layout/dialog_deck_description.xml,1,2,2,4,1,1,2025-09-11,2025-09-11,225,4.0,1.0,0,0.0,1.0
AnkiDroid/src/main/res/layout/dialog_feedback.xml,1,2,2,4,1,1,2025-09-10,2025-09-10,226,4.0,1.0,0,0.0,1.0
AnkiDroid/src/main/res/layout/dialog_listview_message.xml,1,2,2,4,1,1,2025-09-12,2025-09-12,224,4.0,1.0,0,0.0,1.0
AnkiDroid/src/main/res/layout/fragment_reposition_card.xml,1,2,2,4,1,1,2025-09-12,2025-09-12,224,4.0,1.0,0,0.0,1.0
AnkiDroid/src/main/res/layout/homescreen.xml,1,3,1,4,1,1,2025-09-10,2025-09-10,226,4.0,1.0,0,0.0,1.0
AnkiDroid/src/main/res/layout/view_audio_record.xml,1,2,2,4,1,1,2025-09-12,2025-09-12,224,4.0,1.0,0,0.0,1.0
AnkiDroid/src/main/res/layout/widget_item_deck_config.xml,1,2,2,4,1,1,2025-09-11,2025-09-11,225,4.0,1.0,0,0.0,1.0
AnkiDroid/src/main/res/values-et/18-standard-models.xml,1,2,2,4,1,1,2026-03-09,2026-03-09,46,4.0,1.0,0,0.0,1.0
AnkiDroid/src/main/res/values-et/20-search-preference.xml,1,2,2,4,1,1,2026-03-09,2026-03-09,46,4.0,1.0,0,0.0,1.0
AnkiDroid/src/main/res/values-hr/18-standard-models.xml,1,2,2,4,1,1,2026-01-28,2026-01-28,86,4.0,1.0,0,0.0,1.0
AnkiDroid/src/main/res/values-hr/20-search-preference.xml,1,2,2,4,1,1,2026-01-28,2026-01-28,86,4.0,1.0,0,0.0,1.0
AnkiDroid/src/main/res/values-ro/05-feedback.xml,1,2,2,4,1,1,2026-03-09,2026-03-09,46,4.0,1.0,0,0.0,1.0
AnkiDroid/src/main/res/xml/preference_headers.xml,1,2,2,4,1,1,2026-01-31,2026-01-31,83,4.0,1.0,0,0.0,1.0
AnkiDroid/src/main/res/xml/preferences_advanced.xml,1,2,2,4,1,1,2026-01-05,2026-01-05,109,4.0,1.0,1,1.0,1.0
AnkiDroid/src/main/res/xml/preferences_custom_sync_server.xml,1,3,1,4,1,1,2026-04-06,2026-04-06,18,4.0,1.0,0,0.0,1.0
AnkiDroid/src/main/res/xml/preferences_developer_options.xml,1,2,2,4,1,1,2026-01-31,2026-01-31,83,4.0,1.0,0,0.0,1.0
AnkiDroid/src/main/res/xml/widget_provider_add_note.xml,1,3,1,4,1,1,2025-03-09,2025-03-09,411,4.0,1.0,0,0.0,1.0
AnkiDroid/src/main/res/xml/widget_provider_small.xml,1,3,1,4,1,1,2025-03-09,2025-03-09,411,4.0,1.0,0,0.0,1.0
AnkiDroid/src/test/java/com/ichi2/compat/customtabs/CustomTabActivityHelperTest.kt,1,2,2,4,1,1,2026-03-22,2026-03-22,33,4.0,1.0,0,0.0,1.0
AnkiDroid/src/test/java/com/ichi2/ui/KeyPickerTest.kt,1,2,2,4,1,1,2025-12-06,2025-12-06,139,4.0,1.0,0,0.0,1.0
buildSrc/src/main/kotlin/placeholder.gradle.kts,1,4,0,4,1,1,2026-04-17,2026-04-17,7,4.0,1.0,0,0.0,1.0
common/android/src/main/AndroidManifest.xml,1,4,0,4,1,1,2026-04-13,2026-04-13,11,4.0,1.0,0,0.0,1.0
compat/src/main/AndroidManifest.xml,1,4,0,4,1,1,2026-03-22,2026-03-22,33,4.0,1.0,0,0.0,1.0
compat/src/test/java/com/ichi2/compat/HasFilesTest.kt,1,2,2,4,1,1,2026-04-07,2026-04-07,17,4.0,1.0,0,0.0,1.0
libanki/src/main/java/com/ichi2/anki/libanki/CardTemplates.kt,1,2,2,4,1,1,2026-01-26,2026-01-26,88,4.0,1.0,0,0.0,1.0
libanki/src/main/java/com/ichi2/anki/libanki/CollectionFiles.kt,1,2,2,4,1,1,2026-01-26,2026-01-26,88,4.0,1.0,0,0.0,1.0
libanki/src/main/java/com/ichi2/anki/libanki/Sound.kt,1,2,2,4,1,1,2026-01-26,2026-01-26,88,4.0,1.0,0,0.0,1.0
lint-rules/src/test/java/com/ichi2/anki/lint/rules/InvalidStringFormatDetectorTest.kt,1,2,2,4,1,1,2025-12-13,2025-12-13,132,4.0,1.0,1,1.0,1.0
.idea/dictionaries/usernames.xml,3,3,0,3,2,3,2025-10-27,2025-12-04,141,1.0,0.6666666666666666,0,0.0,0.3333333333333333
AnkiDroid/src/main/res/layout-sw600dp/activity_note_editor.xml,3,2,1,3,3,3,2026-01-03,2026-03-22,33,1.0,0.3333333333333333,0,0.0,0.6666666666666666
AnkiDroid/src/main/java/com/ichi2/anki/pages/AnkiServer.kt,2,2,1,3,2,2,2025-11-08,2026-04-22,2,1.5,0.5,1,0.5,0.6666666666666666
AnkiDroid/src/main/res/layout-xlarge/card_browser.xml,2,1,2,3,2,2,2025-10-17,2026-01-04,110,1.5,0.5,0,0.0,0.6666666666666666
AnkiDroid/src/main/res/layout/control_preference.xml,2,2,1,3,1,2,2026-01-18,2026-03-22,33,1.5,1.0,0,0.0,0.6666666666666666
AnkiDroid/src/main/res/layout/dialog_set_due_date.xml,2,1,2,3,2,2,2025-11-14,2025-12-27,118,1.5,0.5,1,0.5,0.6666666666666666
AnkiDroid/src/main/res/values-ar/09-backup.xml,2,2,1,3,1,2,2026-04-06,2026-04-12,12,1.5,1.0,0,0.0,0.6666666666666666
AnkiDroid/src/main/res/values-fa/07-cardbrowser.xml,2,2,1,3,1,2,2025-12-12,2026-04-19,5,1.5,1.0,0,0.0,0.6666666666666666
AnkiDroid/src/main/res/values-fi/09-backup.xml,2,2,1,3,1,2,2025-10-26,2026-04-06,18,1.5,1.0,0,0.0,0.6666666666666666
AnkiDroid/src/main/res/values-fr/09-backup.xml,2,2,1,3,1,2,2026-04-06,2026-04-15,9,1.5,1.0,0,0.0,0.6666666666666666
AnkiDroid/src/main/res/values-gl/07-cardbrowser.xml,2,2,1,3,1,2,2026-04-19,2026-04-22,2,1.5,1.0,0,0.0,0.6666666666666666
AnkiDroid/src/main/res/values-gl/09-backup.xml,2,2,1,3,1,2,2026-04-06,2026-04-12,12,1.5,1.0,0,0.0,0.6666666666666666
AnkiDroid/src/main/res/values-ja/07-cardbrowser.xml,2,2,1,3,1,2,2026-04-19,2026-04-22,2,1.5,1.0,0,0.0,0.6666666666666666
AnkiDroid/src/main/res/values-pl/09-backup.xml,2,2,1,3,1,2,2026-02-11,2026-04-06,18,1.5,1.0,0,0.0,0.6666666666666666
AnkiDroid/src/main/res/values-uk/07-cardbrowser.xml,2,2,1,3,1,1,2026-04-19,2026-04-19,5,1.5,1.0,0,0.0,0.6666666666666666
AnkiDroid/src/main/res/values-uk/09-backup.xml,2,2,1,3,1,2,2026-04-06,2026-04-19,5,1.5,1.0,0,0.0,0.6666666666666666
AnkiDroid/src/main/res/values-zh-rCN/07-cardbrowser.xml,2,2,1,3,1,2,2026-04-19,2026-04-22,2,1.5,1.0,0,0.0,0.6666666666666666
AnkiDroid/src/main/res/values-zh-rCN/09-backup.xml,2,2,1,3,1,2,2026-04-06,2026-04-08,16,1.5,1.0,0,0.0,0.6666666666666666
AnkiDroid/src/main/res/values/04-network.xml,2,1,2,3,2,2,2025-12-01,2026-03-26,29,1.5,0.5,0,0.0,0.6666666666666666
.git-blame-ignore-revs,1,3,0,3,1,1,2025-12-22,2025-12-22,123,3.0,1.0,0,0.0,1.0
AnkiDroid/src/main/java/com/ichi2/anki/cardviewer/AndroidCardRenderContext.kt,1,2,1,3,1,1,2026-01-08,2026-01-08,106,3.0,1.0,0,0.0,1.0
AnkiDroid/src/main/java/com/ichi2/anki/cardviewer/TTS.kt,1,2,1,3,1,1,2026-01-08,2026-01-08,106,3.0,1.0,0,0.0,1.0
AnkiDroid/src/main/java/com/ichi2/anki/dialogs/tags/TagsDialogListener.kt,1,1,2,3,1,1,2026-03-22,2026-03-22,33,3.0,1.0,0,0.0,1.0
AnkiDroid/src/main/java/com/ichi2/anki/dialogs/tags/TagsList.kt,1,2,1,3,1,1,2025-11-16,2025-11-16,159,3.0,1.0,1,1.0,1.0
AnkiDroid/src/main/java/com/ichi2/anki/pages/StatisticsDestination.kt,1,2,1,3,1,1,2025-12-11,2025-12-11,134,3.0,1.0,0,0.0,1.0
AnkiDroid/src/main/java/com/ichi2/compat/CompatV33.kt,1,3,0,3,1,1,2025-12-07,2025-12-07,138,3.0,1.0,0,0.0,1.0
AnkiDroid/src/main/res/drawable/ic_add_filtered_deck.xml,1,2,1,3,1,1,2026-03-14,2026-03-14,41,3.0,1.0,0,0.0,1.0
AnkiDroid/src/main/res/layout/include_reviewer_answer_buttons.xml,1,1,2,3,1,1,2026-03-22,2026-03-22,33,3.0,1.0,0,0.0,1.0
AnkiDroid/src/main/res/layout/set_due_date_single.xml,1,2,1,3,1,1,2025-09-11,2025-09-11,225,3.0,1.0,0,0.0,1.0
AnkiDroid/src/main/res/values-af/16-multimedia-editor.xml,1,3,0,3,1,1,2026-03-26,2026-03-26,29,3.0,1.0,0,0.0,1.0
AnkiDroid/src/main/res/values-am/16-multimedia-editor.xml,1,3,0,3,1,1,2026-03-26,2026-03-26,29,3.0,1.0,0,0.0,1.0
AnkiDroid/src/main/res/values-az/16-multimedia-editor.xml,1,3,0,3,1,1,2026-03-26,2026-03-26,29,3.0,1.0,0,0.0,1.0
AnkiDroid/src/main/res/values-bg/16-multimedia-editor.xml,1,3,0,3,1,1,2026-03-26,2026-03-26,29,3.0,1.0,0,0.0,1.0
AnkiDroid/src/main/res/values-bn/16-multimedia-editor.xml,1,3,0,3,1,1,2026-03-26,2026-03-26,29,3.0,1.0,0,0.0,1.0
AnkiDroid/src/main/res/values-ca/16-multimedia-editor.xml,1,3,0,3,1,1,2026-03-26,2026-03-26,29,3.0,1.0,0,0.0,1.0
AnkiDroid/src/main/res/values-ckb/16-multimedia-editor.xml,1,3,0,3,1,1,2026-03-26,2026-03-26,29,3.0,1.0,0,0.0,1.0
AnkiDroid/src/main/res/values-cs/16-multimedia-editor.xml,1,3,0,3,1,1,2026-03-26,2026-03-26,29,3.0,1.0,0,0.0,1.0
AnkiDroid/src/main/res/values-da/16-multimedia-editor.xml,1,3,0,3,1,1,2026-03-26,2026-03-26,29,3.0,1.0,0,0.0,1.0
AnkiDroid/src/main/res/values-de/16-multimedia-editor.xml,1,3,0,3,1,1,2026-03-26,2026-03-26,29,3.0,1.0,0,0.0,1.0
AnkiDroid/src/main/res/values-el/16-multimedia-editor.xml,1,3,0,3,1,1,2026-03-26,2026-03-26,29,3.0,1.0,0,0.0,1.0
AnkiDroid/src/main/res/values-es-rAR/16-multimedia-editor.xml,1,3,0,3,1,1,2026-03-26,2026-03-26,29,3.0,1.0,0,0.0,1.0
AnkiDroid/src/main/res/values-es-rES/16-multimedia-editor.xml,1,3,0,3,1,1,2026-03-26,2026-03-26,29,3.0,1.0,0,0.0,1.0
AnkiDroid/src/main/res/values-eu/16-multimedia-editor.xml,1,3,0,3,1,1,2026-03-26,2026-03-26,29,3.0,1.0,0,0.0,1.0
AnkiDroid/src/main/res/values-fa/16-multimedia-editor.xml,1,3,0,3,1,1,2026-03-26,2026-03-26,29,3.0,1.0,0,0.0,1.0
AnkiDroid/src/main/res/values-fil/16-multimedia-editor.xml,1,3,0,3,1,1,2026-03-26,2026-03-26,29,3.0,1.0,0,0.0,1.0
AnkiDroid/src/main/res/values-fy/16-multimedia-editor.xml,1,3,0,3,1,1,2026-03-26,2026-03-26,29,3.0,1.0,0,0.0,1.0
AnkiDroid/src/main/res/values-ga/16-multimedia-editor.xml,1,3,0,3,1,1,2026-03-26,2026-03-26,29,3.0,1.0,0,0.0,1.0
AnkiDroid/src/main/res/values-got/16-multimedia-editor.xml,1,3,0,3,1,1,2026-03-26,2026-03-26,29,3.0,1.0,0,0.0,1.0
AnkiDroid/src/main/res/values-gu/16-multimedia-editor.xml,1,3,0,3,1,1,2026-03-26,2026-03-26,29,3.0,1.0,0,0.0,1.0
AnkiDroid/src/main/res/values-heb/16-multimedia-editor.xml,1,3,0,3,1,1,2026-03-26,2026-03-26,29,3.0,1.0,0,0.0,1.0
AnkiDroid/src/main/res/values-hi/16-multimedia-editor.xml,1,3,0,3,1,1,2026-03-26,2026-03-26,29,3.0,1.0,0,0.0,1.0
AnkiDroid/src/main/res/values-hu/16-multimedia-editor.xml,1,3,0,3,1,1,2026-03-26,2026-03-26,29,3.0,1.0,0,0.0,1.0
AnkiDroid/src/main/res/values-hy/16-multimedia-editor.xml,1,3,0,3,1,1,2026-03-26,2026-03-26,29,3.0,1.0,0,0.0,1.0
AnkiDroid/src/main/res/values-ind/16-multimedia-editor.xml,1,3,0,3,1,1,2026-03-26,2026-03-26,29,3.0,1.0,0,0.0,1.0
AnkiDroid/src/main/res/values-iw/16-multimedia-editor.xml,1,3,0,3,1,1,2026-03-26,2026-03-26,29,3.0,1.0,0,0.0,1.0
AnkiDroid/src/main/res/values-ka/16-multimedia-editor.xml,1,3,0,3,1,1,2026-03-26,2026-03-26,29,3.0,1.0,0,0.0,1.0
AnkiDroid/src/main/res/values-kk/16-multimedia-editor.xml,1,3,0,3,1,1,2026-03-26,2026-03-26,29,3.0,1.0,0,0.0,1.0
AnkiDroid/src/main/res/values-km/16-multimedia-editor.xml,1,3,0,3,1,1,2026-03-26,2026-03-26,29,3.0,1.0,0,0.0,1.0
AnkiDroid/src/main/res/values-kn/16-multimedia-editor.xml,1,3,0,3,1,1,2026-03-26,2026-03-26,29,3.0,1.0,0,0.0,1.0
AnkiDroid/src/main/res/values-ko/16-multimedia-editor.xml,1,3,0,3,1,1,2026-03-26,2026-03-26,29,3.0,1.0,0,0.0,1.0
AnkiDroid/src/main/res/values-ku/16-multimedia-editor.xml,1,3,0,3,1,1,2026-03-26,2026-03-26,29,3.0,1.0,0,0.0,1.0
AnkiDroid/src/main/res/values-ky/16-multimedia-editor.xml,1,3,0,3,1,1,2026-03-26,2026-03-26,29,3.0,1.0,0,0.0,1.0
AnkiDroid/src/main/res/values-lt/16-multimedia-editor.xml,1,3,0,3,1,1,2026-03-26,2026-03-26,29,3.0,1.0,0,0.0,1.0
AnkiDroid/src/main/res/values-lv/16-multimedia-editor.xml,1,3,0,3,1,1,2026-03-26,2026-03-26,29,3.0,1.0,0,0.0,1.0
AnkiDroid/src/main/res/values-mk/16-multimedia-editor.xml,1,3,0,3,1,1,2026-03-26,2026-03-26,29,3.0,1.0,0,0.0,1.0
AnkiDroid/src/main/res/values-ml/16-multimedia-editor.xml,1,3,0,3,1,1,2026-03-26,2026-03-26,29,3.0,1.0,0,0.0,1.0
AnkiDroid/src/main/res/values-mn/16-multimedia-editor.xml,1,3,0,3,1,1,2026-03-26,2026-03-26,29,3.0,1.0,0,0.0,1.0
AnkiDroid/src/main/res/values-mr/16-multimedia-editor.xml,1,3,0,3,1,1,2026-03-26,2026-03-26,29,3.0,1.0,0,0.0,1.0
AnkiDroid/src/main/res/values-ms/16-multimedia-editor.xml,1,3,0,3,1,1,2026-03-26,2026-03-26,29,3.0,1.0,0,0.0,1.0
AnkiDroid/src/main/res/values-my/16-multimedia-editor.xml,1,3,0,3,1,1,2026-03-26,2026-03-26,29,3.0,1.0,0,0.0,1.0
AnkiDroid/src/main/res/values-nn/16-multimedia-editor.xml,1,3,0,3,1,1,2026-03-26,2026-03-26,29,3.0,1.0,0,0.0,1.0
AnkiDroid/src/main/res/values-no/16-multimedia-editor.xml,1,3,0,3,1,1,2026-03-26,2026-03-26,29,3.0,1.0,0,0.0,1.0
AnkiDroid/src/main/res/values-pa/16-multimedia-editor.xml,1,3,0,3,1,1,2026-03-26,2026-03-26,29,3.0,1.0,0,0.0,1.0
AnkiDroid/src/main/res/values-pt-rBR/16-multimedia-editor.xml,1,3,0,3,1,1,2026-03-26,2026-03-26,29,3.0,1.0,0,0.0,1.0
AnkiDroid/src/main/res/values-pt-rPT/16-multimedia-editor.xml,1,3,0,3,1,1,2026-03-26,2026-03-26,29,3.0,1.0,0,0.0,1.0
AnkiDroid/src/main/res/values-ro/16-multimedia-editor.xml,1,3,0,3,1,1,2026-03-26,2026-03-26,29,3.0,1.0,0,0.0,1.0
AnkiDroid/src/main/res/values-sat/16-multimedia-editor.xml,1,3,0,3,1,1,2026-03-26,2026-03-26,29,3.0,1.0,0,0.0,1.0
AnkiDroid/src/main/res/values-sc/16-multimedia-editor.xml,1,3,0,3,1,1,2026-03-26,2026-03-26,29,3.0,1.0,0,0.0,1.0
AnkiDroid/src/main/res/values-sk/16-multimedia-editor.xml,1,3,0,3,1,1,2026-03-26,2026-03-26,29,3.0,1.0,0,0.0,1.0
AnkiDroid/src/main/res/values-sl/16-multimedia-editor.xml,1,3,0,3,1,1,2026-03-26,2026-03-26,29,3.0,1.0,0,0.0,1.0
AnkiDroid/src/main/res/values-sq/16-multimedia-editor.xml,1,3,0,3,1,1,2026-03-26,2026-03-26,29,3.0,1.0,0,0.0,1.0
AnkiDroid/src/main/res/values-sr/16-multimedia-editor.xml,1,3,0,3,1,1,2026-03-26,2026-03-26,29,3.0,1.0,0,0.0,1.0
AnkiDroid/src/main/res/values-sv/16-multimedia-editor.xml,1,3,0,3,1,1,2026-03-26,2026-03-26,29,3.0,1.0,0,0.0,1.0
AnkiDroid/src/main/res/values-ta/16-multimedia-editor.xml,1,3,0,3,1,1,2026-03-26,2026-03-26,29,3.0,1.0,0,0.0,1.0
AnkiDroid/src/main/res/values-te/16-multimedia-editor.xml,1,3,0,3,1,1,2026-03-26,2026-03-26,29,3.0,1.0,0,0.0,1.0
AnkiDroid/src/main/res/values-tgl/16-multimedia-editor.xml,1,3,0,3,1,1,2026-03-26,2026-03-26,29,3.0,1.0,0,0.0,1.0
AnkiDroid/src/main/res/values-th/16-multimedia-editor.xml,1,3,0,3,1,1,2026-03-26,2026-03-26,29,3.0,1.0,0,0.0,1.0
AnkiDroid/src/main/res/values-ti/16-multimedia-editor.xml,1,3,0,3,1,1,2026-03-26,2026-03-26,29,3.0,1.0,0,0.0,1.0
AnkiDroid/src/main/res/values-tt/16-multimedia-editor.xml,1,3,0,3,1,1,2026-03-26,2026-03-26,29,3.0,1.0,0,0.0,1.0
AnkiDroid/src/main/res/values-ug/16-multimedia-editor.xml,1,3,0,3,1,1,2026-03-26,2026-03-26,29,3.0,1.0,0,0.0,1.0
AnkiDroid/src/main/res/values-ur/16-multimedia-editor.xml,1,3,0,3,1,1,2026-03-26,2026-03-26,29,3.0,1.0,0,0.0,1.0
AnkiDroid/src/main/res/values-vi/16-multimedia-editor.xml,1,3,0,3,1,1,2026-03-26,2026-03-26,29,3.0,1.0,0,0.0,1.0
AnkiDroid/src/main/res/values-zh-rTW/16-multimedia-editor.xml,1,3,0,3,1,1,2026-03-26,2026-03-26,29,3.0,1.0,0,0.0,1.0
AnkiDroid/src/main/res/values/16-multimedia-editor.xml,1,3,0,3,1,1,2026-03-23,2026-03-23,32,3.0,1.0,0,0.0,1.0
AnkiDroid/src/test/java/com/ichi2/anki/cardviewer/MediaErrorHandlerTest.kt,1,3,0,3,1,1,2026-04-14,2026-04-14,10,3.0,1.0,0,0.0,1.0
AnkiDroid/src/test/java/com/ichi2/anki/libanki/FieldTest.kt,1,3,0,3,1,1,2026-04-14,2026-04-14,10,3.0,1.0,0,0.0,1.0
AnkiDroid/src/test/java/com/ichi2/anki/reviewer/AnswerTimerTest.kt,1,3,0,3,1,1,2026-04-14,2026-04-14,10,3.0,1.0,0,0.0,1.0
AnkiDroid/src/test/java/com/ichi2/anki/reviewer/AutomaticAnswerTest.kt,1,3,0,3,1,1,2026-04-14,2026-04-14,10,3.0,1.0,0,0.0,1.0
AnkiDroid/src/test/java/com/ichi2/anki/utils/ext/ParcelTest.kt,1,3,0,3,1,1,2026-04-14,2026-04-14,10,3.0,1.0,0,0.0,1.0
AnkiDroid/src/test/java/com/ichi2/testutils/BackendEmulatingOpenConflictTest.kt,1,1,2,3,1,1,2025-12-13,2025-12-13,132,3.0,1.0,1,1.0,1.0
AnkiDroid/src/test/java/com/ichi2/utils/ContentResolverUtilTest.kt,1,3,0,3,1,1,2026-04-14,2026-04-14,10,3.0,1.0,0,0.0,1.0
AnkiDroid/src/test/java/com/ichi2/utils/EditTextUtilsTest.kt,1,3,0,3,1,1,2026-04-14,2026-04-14,10,3.0,1.0,0,0.0,1.0
AnkiDroid/src/test/java/com/ichi2/utils/JSONObjectTest.kt,1,3,0,3,1,1,2026-04-14,2026-04-14,10,3.0,1.0,0,0.0,1.0
AnkiDroid/src/test/java/com/ichi2/utils/KeyUtilsTest.kt,1,3,0,3,1,1,2026-04-14,2026-04-14,10,3.0,1.0,0,0.0,1.0
AnkiDroid/src/test/java/com/ichi2/utils/LanguageUtilsTest.kt,1,3,0,3,1,1,2026-04-14,2026-04-14,10,3.0,1.0,0,0.0,1.0
common/src/testFixtures/java/com/ichi2/testutils/FileUtil.kt,1,1,2,3,1,1,2026-04-07,2026-04-07,17,3.0,1.0,0,0.0,1.0
compat/src/test/java/com/ichi2/anki/model/DirectoryTest.kt,1,1,2,3,1,1,2026-04-07,2026-04-07,17,3.0,1.0,0,0.0,1.0
gradlew.bat,1,1,2,3,1,1,2025-10-23,2025-10-23,183,3.0,1.0,0,0.0,1.0
libanki/src/main/java/com/ichi2/anki/libanki/DeckConfig.kt,1,3,0,3,1,1,2026-03-19,2026-03-19,36,3.0,1.0,0,0.0,1.0
AnkiDroid/src/main/res/layout-sw600dp/activity_card_browser.xml,2,1,1,2,2,2,2026-01-03,2026-03-22,33,1.0,0.5,0,0.0,1.0
AnkiDroid/src/main/res/layout/activity_card_browser.xml,2,1,1,2,2,2,2026-01-03,2026-03-22,33,1.0,0.5,0,0.0,1.0
AnkiDroid/src/main/res/layout/activity_note_editor.xml,2,1,1,2,2,2,2026-01-03,2026-03-22,33,1.0,0.5,0,0.0,1.0
AnkiDroid/src/main/res/layout/fragment_template_previewer.xml,2,1,1,2,2,2,2026-01-03,2026-01-17,97,1.0,0.5,0,0.0,1.0
AnkiDroid/src/main/res/layout/include_navigation_drawer.xml,2,1,1,2,1,2,2026-03-22,2026-03-23,32,1.0,1.0,0,0.0,1.0
AnkiDroid/src/main/res/values-af/04-network.xml,2,0,2,2,1,2,2026-03-20,2026-03-30,25,1.0,1.0,0,0.0,0.5
AnkiDroid/src/main/res/values-am/04-network.xml,2,0,2,2,1,2,2026-03-20,2026-03-30,25,1.0,1.0,0,0.0,0.5
AnkiDroid/src/main/res/values-ar/04-network.xml,2,0,2,2,1,2,2026-03-20,2026-03-30,25,1.0,1.0,0,0.0,0.5
AnkiDroid/src/main/res/values-az/04-network.xml,2,0,2,2,1,2,2026-03-20,2026-03-30,25,1.0,1.0,0,0.0,0.5
AnkiDroid/src/main/res/values-be/04-network.xml,2,0,2,2,1,2,2026-03-20,2026-03-30,25,1.0,1.0,0,0.0,0.5
AnkiDroid/src/main/res/values-bg/04-network.xml,2,0,2,2,1,2,2026-03-20,2026-03-30,25,1.0,1.0,0,0.0,0.5
AnkiDroid/src/main/res/values-bn/04-network.xml,2,0,2,2,1,2,2026-03-20,2026-03-30,25,1.0,1.0,0,0.0,0.5
AnkiDroid/src/main/res/values-ca/04-network.xml,2,0,2,2,1,2,2026-03-20,2026-03-30,25,1.0,1.0,0,0.0,0.5
AnkiDroid/src/main/res/values-ckb/04-network.xml,2,0,2,2,1,2,2026-03-20,2026-03-30,25,1.0,1.0,0,0.0,0.5
AnkiDroid/src/main/res/values-cs/04-network.xml,2,0,2,2,1,2,2026-03-20,2026-03-30,25,1.0,1.0,0,0.0,0.5
AnkiDroid/src/main/res/values-da/04-network.xml,2,0,2,2,1,2,2026-03-20,2026-03-30,25,1.0,1.0,0,0.0,0.5
AnkiDroid/src/main/res/values-de/04-network.xml,2,0,2,2,1,2,2026-03-20,2026-03-30,25,1.0,1.0,0,0.0,0.5
AnkiDroid/src/main/res/values-el/04-network.xml,2,0,2,2,1,2,2026-03-20,2026-03-30,25,1.0,1.0,0,0.0,0.5
AnkiDroid/src/main/res/values-eo/04-network.xml,2,0,2,2,1,2,2026-03-20,2026-03-30,25,1.0,1.0,0,0.0,0.5
AnkiDroid/src/main/res/values-es-rAR/04-network.xml,2,0,2,2,1,2,2026-03-20,2026-03-30,25,1.0,1.0,0,0.0,0.5
AnkiDroid/src/main/res/values-es-rES/04-network.xml,2,0,2,2,1,2,2026-03-20,2026-03-30,25,1.0,1.0,0,0.0,0.5
AnkiDroid/src/main/res/values-eu/04-network.xml,2,0,2,2,1,2,2026-03-20,2026-03-30,25,1.0,1.0,0,0.0,0.5
AnkiDroid/src/main/res/values-fa/04-network.xml,2,0,2,2,1,2,2026-03-20,2026-03-30,25,1.0,1.0,0,0.0,0.5
AnkiDroid/src/main/res/values-fi/04-network.xml,2,0,2,2,1,2,2026-03-20,2026-03-30,25,1.0,1.0,0,0.0,0.5
AnkiDroid/src/main/res/values-fil/04-network.xml,2,0,2,2,1,2,2026-03-20,2026-03-30,25,1.0,1.0,0,0.0,0.5
AnkiDroid/src/main/res/values-fr/04-network.xml,2,0,2,2,1,2,2026-03-20,2026-03-30,25,1.0,1.0,0,0.0,0.5
AnkiDroid/src/main/res/values-fy/04-network.xml,2,0,2,2,1,2,2026-03-20,2026-03-30,25,1.0,1.0,0,0.0,0.5
AnkiDroid/src/main/res/values-ga/04-network.xml,2,0,2,2,1,2,2026-03-20,2026-03-30,25,1.0,1.0,0,0.0,0.5
AnkiDroid/src/main/res/values-gl/04-network.xml,2,0,2,2,1,2,2026-03-20,2026-03-30,25,1.0,1.0,0,0.0,0.5
AnkiDroid/src/main/res/values-gu/04-network.xml,2,0,2,2,1,2,2026-03-20,2026-03-30,25,1.0,1.0,0,0.0,0.5
AnkiDroid/src/main/res/values-heb/04-network.xml,2,0,2,2,1,2,2026-03-20,2026-03-30,25,1.0,1.0,0,0.0,0.5
AnkiDroid/src/main/res/values-hi/04-network.xml,2,0,2,2,1,2,2026-03-20,2026-03-30,25,1.0,1.0,0,0.0,0.5
AnkiDroid/src/main/res/values-hu/04-network.xml,2,0,2,2,1,2,2026-03-20,2026-03-30,25,1.0,1.0,0,0.0,0.5
AnkiDroid/src/main/res/values-hy/04-network.xml,2,0,2,2,1,2,2026-03-20,2026-03-30,25,1.0,1.0,0,0.0,0.5
AnkiDroid/src/main/res/values-ind/04-network.xml,2,0,2,2,1,2,2026-03-20,2026-03-30,25,1.0,1.0,0,0.0,0.5
AnkiDroid/src/main/res/values-iw/04-network.xml,2,0,2,2,1,2,2026-03-20,2026-03-30,25,1.0,1.0,0,0.0,0.5
AnkiDroid/src/main/res/values-ja/04-network.xml,2,0,2,2,1,2,2026-03-20,2026-03-30,25,1.0,1.0,0,0.0,0.5
AnkiDroid/src/main/res/values-ka/04-network.xml,2,0,2,2,1,2,2026-03-20,2026-03-30,25,1.0,1.0,0,0.0,0.5
AnkiDroid/src/main/res/values-kk/04-network.xml,2,0,2,2,1,2,2026-03-20,2026-03-30,25,1.0,1.0,0,0.0,0.5
AnkiDroid/src/main/res/values-km/04-network.xml,2,0,2,2,1,2,2026-03-20,2026-03-30,25,1.0,1.0,0,0.0,0.5
AnkiDroid/src/main/res/values-kn/04-network.xml,2,0,2,2,1,2,2026-03-20,2026-03-30,25,1.0,1.0,0,0.0,0.5
AnkiDroid/src/main/res/values-ko/04-network.xml,2,0,2,2,1,2,2026-03-20,2026-03-30,25,1.0,1.0,0,0.0,0.5
AnkiDroid/src/main/res/values-ku/04-network.xml,2,0,2,2,1,2,2026-03-20,2026-03-30,25,1.0,1.0,0,0.0,0.5
AnkiDroid/src/main/res/values-ky/04-network.xml,2,0,2,2,1,2,2026-03-20,2026-03-30,25,1.0,1.0,0,0.0,0.5
AnkiDroid/src/main/res/values-lt/04-network.xml,2,0,2,2,1,2,2026-03-20,2026-03-30,25,1.0,1.0,0,0.0,0.5
AnkiDroid/src/main/res/values-lv/04-network.xml,2,0,2,2,1,2,2026-03-20,2026-03-30,25,1.0,1.0,0,0.0,0.5
AnkiDroid/src/main/res/values-mk/04-network.xml,2,0,2,2,1,2,2026-03-20,2026-03-30,25,1.0,1.0,0,0.0,0.5
AnkiDroid/src/main/res/values-ml/04-network.xml,2,0,2,2,1,2,2026-03-20,2026-03-30,25,1.0,1.0,0,0.0,0.5
AnkiDroid/src/main/res/values-mn/04-network.xml,2,0,2,2,1,2,2026-03-20,2026-03-30,25,1.0,1.0,0,0.0,0.5
AnkiDroid/src/main/res/values-mr/04-network.xml,2,0,2,2,1,2,2026-03-20,2026-03-30,25,1.0,1.0,0,0.0,0.5
AnkiDroid/src/main/res/values-ms/04-network.xml,2,0,2,2,1,2,2026-03-20,2026-03-30,25,1.0,1.0,0,0.0,0.5
AnkiDroid/src/main/res/values-my/04-network.xml,2,0,2,2,1,2,2026-03-20,2026-03-30,25,1.0,1.0,0,0.0,0.5
AnkiDroid/src/main/res/values-nl/04-network.xml,2,0,2,2,1,2,2026-03-20,2026-03-30,25,1.0,1.0,0,0.0,0.5
AnkiDroid/src/main/res/values-nn/04-network.xml,2,0,2,2,1,2,2026-03-20,2026-03-30,25,1.0,1.0,0,0.0,0.5
AnkiDroid/src/main/res/values-no/04-network.xml,2,0,2,2,1,2,2026-03-20,2026-03-30,25,1.0,1.0,0,0.0,0.5
AnkiDroid/src/main/res/values-or/04-network.xml,2,0,2,2,1,2,2026-03-20,2026-03-30,25,1.0,1.0,0,0.0,0.5
AnkiDroid/src/main/res/values-pa/04-network.xml,2,0,2,2,1,2,2026-03-20,2026-03-30,25,1.0,1.0,0,0.0,0.5
AnkiDroid/src/main/res/values-pt-rBR/04-network.xml,2,0,2,2,1,2,2026-03-20,2026-03-30,25,1.0,1.0,0,0.0,0.5
AnkiDroid/src/main/res/values-pt-rPT/04-network.xml,2,0,2,2,1,2,2026-03-20,2026-03-30,25,1.0,1.0,0,0.0,0.5
AnkiDroid/src/main/res/values-ru/04-network.xml,2,0,2,2,1,2,2026-03-20,2026-03-30,25,1.0,1.0,0,0.0,0.5
AnkiDroid/src/main/res/values-sat/04-network.xml,2,0,2,2,1,2,2026-03-20,2026-03-30,25,1.0,1.0,0,0.0,0.5
AnkiDroid/src/main/res/values-sc/04-network.xml,2,0,2,2,1,2,2026-03-20,2026-03-30,25,1.0,1.0,0,0.0,0.5
AnkiDroid/src/main/res/values-sk/04-network.xml,2,0,2,2,1,2,2026-03-20,2026-03-30,25,1.0,1.0,0,0.0,0.5
AnkiDroid/src/main/res/values-sl/04-network.xml,2,0,2,2,1,2,2026-03-20,2026-03-30,25,1.0,1.0,0,0.0,0.5
AnkiDroid/src/main/res/values-sq/04-network.xml,2,0,2,2,1,2,2026-03-20,2026-03-30,25,1.0,1.0,0,0.0,0.5
AnkiDroid/src/main/res/values-sr/04-network.xml,2,0,2,2,1,2,2026-03-20,2026-03-30,25,1.0,1.0,0,0.0,0.5
AnkiDroid/src/main/res/values-sv/04-network.xml,2,0,2,2,1,2,2026-03-20,2026-03-30,25,1.0,1.0,0,0.0,0.5
AnkiDroid/src/main/res/values-ta/04-network.xml,2,0,2,2,1,2,2026-03-20,2026-03-30,25,1.0,1.0,0,0.0,0.5
AnkiDroid/src/main/res/values-te/04-network.xml,2,0,2,2,1,2,2026-03-20,2026-03-30,25,1.0,1.0,0,0.0,0.5
AnkiDroid/src/main/res/values-tgl/04-network.xml,2,0,2,2,1,2,2026-03-20,2026-03-30,25,1.0,1.0,0,0.0,0.5
AnkiDroid/src/main/res/values-th/04-network.xml,2,0,2,2,1,2,2026-03-20,2026-03-30,25,1.0,1.0,0,0.0,0.5
AnkiDroid/src/main/res/values-ti/04-network.xml,2,0,2,2,1,2,2026-03-20,2026-03-30,25,1.0,1.0,0,0.0,0.5
AnkiDroid/src/main/res/values-tr/04-network.xml,2,0,2,2,1,2,2026-03-20,2026-03-30,25,1.0,1.0,0,0.0,0.5
AnkiDroid/src/main/res/values-tt/04-network.xml,2,0,2,2,1,2,2026-03-20,2026-03-30,25,1.0,1.0,0,0.0,0.5
AnkiDroid/src/test/java/com/ichi2/anki/DeckPickerOnDiskTest.kt,2,1,1,2,2,2,2026-03-16,2026-03-23,32,1.0,0.5,0,0.0,0.5
libanki/testutils/src/main/java/com/ichi2/anki/libanki/testutils/ext/Collection.kt,2,1,1,2,2,2,2025-12-05,2025-12-11,134,1.0,0.5,0,0.0,0.5
vbpd/README.md,2,1,1,2,1,2,2025-10-27,2025-11-22,153,1.0,1.0,1,0.5,1.0
.github/workflows/assignees.yml,1,1,1,2,1,1,2026-03-10,2026-03-10,45,2.0,1.0,0,0.0,1.0
.github/workflows/opencollective_notices.yml,1,1,1,2,1,1,2026-03-10,2026-03-10,45,2.0,1.0,0,0.0,1.0
.gitignore,1,1,1,2,1,1,2026-04-17,2026-04-17,7,2.0,1.0,0,0.0,1.0
AnkiDroid/src/androidTest/java/com/ichi2/anki/FieldEditLineTest.kt,1,2,0,2,1,1,2025-09-11,2025-09-11,225,2.0,1.0,0,0.0,1.0
AnkiDroid/src/androidTest/java/com/ichi2/anki/reviewer/PeripheralKeymapTest.kt,1,1,1,2,1,1,2026-01-08,2026-01-08,106,2.0,1.0,0,0.0,1.0
AnkiDroid/src/main/java/com/ichi2/anki/AndroidTtsPlayer.kt,1,1,1,2,1,1,2026-03-22,2026-03-22,33,2.0,1.0,0,0.0,1.0
AnkiDroid/src/main/java/com/ichi2/anki/backend/BackendDBUtils.kt,1,1,1,2,1,1,2026-04-17,2026-04-17,7,2.0,1.0,0,0.0,1.0
AnkiDroid/src/main/java/com/ichi2/anki/cardviewer/CardTemplate.kt,1,1,1,2,1,1,2026-02-08,2026-02-08,75,2.0,1.0,0,0.0,1.0
AnkiDroid/src/main/java/com/ichi2/anki/cardviewer/Gesture.kt,1,0,2,2,1,1,2026-03-23,2026-03-23,32,2.0,1.0,0,0.0,1.0
AnkiDroid/src/main/java/com/ichi2/anki/dialogs/TtsPlaybackErrorDialog.kt,1,1,1,2,1,1,2026-04-17,2026-04-17,7,2.0,1.0,0,0.0,1.0
AnkiDroid/src/main/java/com/ichi2/anki/model/Directory.kt,1,1,1,2,1,1,2026-03-22,2026-03-22,33,2.0,1.0,0,0.0,1.0
AnkiDroid/src/main/java/com/ichi2/anki/model/SelectableDeck.kt,1,2,0,2,1,1,2026-02-01,2026-02-01,82,2.0,1.0,0,0.0,1.0
AnkiDroid/src/main/java/com/ichi2/anki/multimedia/MultimediaUtils.kt,1,1,1,2,1,1,2026-04-17,2026-04-17,7,2.0,1.0,0,0.0,1.0
AnkiDroid/src/main/java/com/ichi2/anki/multimedia/SoundUtils.kt,1,1,1,2,1,1,2026-03-22,2026-03-22,33,2.0,1.0,0,0.0,1.0
AnkiDroid/src/main/java/com/ichi2/anki/notetype/RenameCardTemplateDialog.kt,1,1,1,2,1,1,2026-01-30,2026-01-30,84,2.0,1.0,0,0.0,1.0
AnkiDroid/src/main/java/com/ichi2/anki/pages/PageChromeClient.kt,1,1,1,2,1,1,2026-04-17,2026-04-17,7,2.0,1.0,0,0.0,1.0
AnkiDroid/src/main/java/com/ichi2/anki/preferences/ExtendedPreferenceCategory.kt,1,1,1,2,1,1,2026-03-23,2026-03-23,32,2.0,1.0,0,0.0,1.0
AnkiDroid/src/main/java/com/ichi2/anki/preferences/GeneralSettingsFragment.kt,1,1,1,2,1,1,2026-04-17,2026-04-17,7,2.0,1.0,0,0.0,1.0
AnkiDroid/src/main/java/com/ichi2/anki/preferences/NotificationsSettingsFragment.kt,1,1,1,2,1,1,2025-12-10,2025-12-10,135,2.0,1.0,0,0.0,1.0
AnkiDroid/src/main/java/com/ichi2/anki/reviewer/Axis.kt,1,1,1,2,1,1,2026-03-22,2026-03-22,33,2.0,1.0,0,0.0,1.0
AnkiDroid/src/main/java/com/ichi2/anki/reviewer/Binding.kt,1,1,1,2,1,1,2026-02-08,2026-02-08,75,2.0,1.0,0,0.0,1.0
AnkiDroid/src/main/java/com/ichi2/anki/servicelayer/ScopedStorageService.kt,1,2,0,2,1,1,2025-11-17,2025-11-17,158,2.0,1.0,0,0.0,1.0
AnkiDroid/src/main/java/com/ichi2/anki/ui/NoteTypeSpinnerUtils.kt,1,1,1,2,1,1,2026-03-23,2026-03-23,32,2.0,1.0,0,0.0,1.0
AnkiDroid/src/main/java/com/ichi2/anki/ui/ResizablePaneManager.kt,1,2,0,2,1,1,2026-01-07,2026-01-07,107,2.0,1.0,0,0.0,1.0
AnkiDroid/src/main/java/com/ichi2/anki/ui/windows/permissions/AllPermissionsExplanationActivity.kt,1,1,1,2,1,1,2025-09-12,2025-09-12,224,2.0,1.0,0,0.0,1.0
AnkiDroid/src/main/java/com/ichi2/anki/ui/windows/reviewer/autoadvance/QuestionAction.kt,1,1,1,2,1,1,2025-12-27,2025-12-27,118,2.0,1.0,0,0.0,1.0
AnkiDroid/src/main/java/com/ichi2/anki/utils/Resources.kt,1,1,1,2,1,1,2026-04-17,2026-04-17,7,2.0,1.0,0,0.0,1.0
AnkiDroid/src/main/java/com/ichi2/compat/customtabs/CustomTabsFallback.kt,1,1,1,2,1,1,2026-04-17,2026-04-17,7,2.0,1.0,0,0.0,1.0
AnkiDroid/src/main/java/com/ichi2/preferences/SliderPreference.kt,1,1,1,2,1,1,2026-02-01,2026-02-01,82,2.0,1.0,1,1.0,1.0
AnkiDroid/src/main/java/com/ichi2/ui/AccessibleSearchView.kt,1,1,1,2,1,1,2026-03-22,2026-03-22,33,2.0,1.0,0,0.0,1.0
AnkiDroid/src/main/java/com/ichi2/utils/ExceptionUtil.kt,1,1,1,2,1,1,2026-04-17,2026-04-17,7,2.0,1.0,0,0.0,1.0
AnkiDroid/src/main/res/drawable/ic_ease_again.xml,1,1,1,2,1,1,2025-12-29,2025-12-29,116,2.0,1.0,0,0.0,1.0
AnkiDroid/src/main/res/drawable/ic_ease_easy.xml,1,1,1,2,1,1,2025-12-29,2025-12-29,116,2.0,1.0,0,0.0,1.0
AnkiDroid/src/main/res/drawable/ic_ease_good.xml,1,1,1,2,1,1,2025-12-29,2025-12-29,116,2.0,1.0,0,0.0,1.0
AnkiDroid/src/main/res/drawable/ic_ease_hard.xml,1,1,1,2,1,1,2025-12-29,2025-12-29,116,2.0,1.0,0,0.0,1.0
AnkiDroid/src/main/res/drawable/ic_remove_red_eye_white.xml,1,1,1,2,1,1,2026-03-14,2026-03-14,41,2.0,1.0,0,0.0,1.0
AnkiDroid/src/main/res/drawable/ic_search_white.xml,1,1,1,2,1,1,2026-04-23,2026-04-23,1,2.0,1.0,1,1.0,1.0
AnkiDroid/src/main/res/layout-xlarge/homescreen.xml,1,1,1,2,1,1,2025-09-10,2025-09-10,226,2.0,1.0,0,0.0,1.0
AnkiDroid/src/main/res/layout/activity_reviewer_fullscreen.xml,1,1,1,2,1,1,2026-03-23,2026-03-23,32,2.0,1.0,0,0.0,1.0
AnkiDroid/src/main/res/layout/activity_shared_decks.xml,1,1,1,2,1,1,2025-09-10,2025-09-10,226,2.0,1.0,0,0.0,1.0
AnkiDroid/src/main/res/layout/browser_columns_selection.xml,1,1,1,2,1,1,2026-03-22,2026-03-22,33,2.0,1.0,0,0.0,1.0
AnkiDroid/src/main/res/layout/card_browser.xml,1,1,1,2,1,1,2025-10-17,2025-10-17,189,2.0,1.0,0,0.0,1.0
AnkiDroid/src/main/res/layout/card_browser_fragment.xml,1,1,1,2,1,1,2026-03-22,2026-03-22,33,2.0,1.0,0,0.0,1.0
AnkiDroid/src/main/res/layout/card_item_browser.xml,1,1,1,2,1,1,2025-09-12,2025-09-12,224,2.0,1.0,0,0.0,1.0
AnkiDroid/src/main/res/layout/dialog_key_picker.xml,1,1,1,2,1,1,2025-09-11,2025-09-11,225,2.0,1.0,0,0.0,1.0
AnkiDroid/src/main/res/layout/fragment_media_check.xml,1,1,1,2,1,1,2025-09-11,2025-09-11,225,2.0,1.0,0,0.0,1.0
AnkiDroid/src/main/res/layout/fragment_reviewer.xml,1,1,1,2,1,1,2026-03-23,2026-03-23,32,2.0,1.0,0,0.0,1.0
AnkiDroid/src/main/res/layout/gesture_display.xml,1,1,1,2,1,1,2025-09-11,2025-09-11,225,2.0,1.0,0,0.0,1.0
AnkiDroid/src/main/res/layout/grade_now_list_item.xml,1,1,1,2,1,1,2025-09-11,2025-09-11,225,2.0,1.0,0,0.0,1.0
AnkiDroid/src/main/res/layout/include_deck_picker.xml,1,1,1,2,1,1,2026-03-23,2026-03-23,32,2.0,1.0,0,0.0,1.0
AnkiDroid/src/main/res/layout/item_require_exclude_tag.xml,1,1,1,2,1,1,2025-09-11,2025-09-11,225,2.0,1.0,0,0.0,1.0
AnkiDroid/src/main/res/layout/navigation_drawer_layout_fullscreen.xml,1,1,1,2,1,1,2026-03-22,2026-03-22,33,2.0,1.0,0,0.0,1.0
AnkiDroid/src/main/res/layout/preferences_reviewer_menu.xml,1,1,1,2,1,1,2026-03-22,2026-03-22,33,2.0,1.0,0,0.0,1.0
AnkiDroid/src/main/res/layout/rename_flag_layout.xml,1,1,1,2,1,1,2025-09-11,2025-09-11,225,2.0,1.0,0,0.0,1.0
AnkiDroid/src/main/res/layout/schedule_reminders_list_item.xml,1,1,1,2,1,1,2026-02-16,2026-02-16,67,2.0,1.0,0,0.0,1.0
AnkiDroid/src/main/res/layout/studyoptions.xml,1,1,1,2,1,1,2026-03-22,2026-03-22,33,2.0,1.0,0,0.0,1.0
AnkiDroid/src/main/res/layout/sync_progress_layout.xml,1,2,0,2,1,1,2025-12-08,2025-12-08,137,2.0,1.0,1,1.0,1.0
AnkiDroid/src/main/res/layout/widget_deck_picker_config.xml,1,1,1,2,1,1,2026-01-26,2026-01-26,88,2.0,1.0,1,1.0,1.0
AnkiDroid/src/main/res/menu/deck_picker_dialog_menu.xml,1,1,1,2,1,1,2026-01-26,2026-01-26,88,2.0,1.0,1,1.0,1.0
AnkiDroid/src/main/res/menu/tags_dialog_menu.xml,1,1,1,2,1,1,2026-01-26,2026-01-26,88,2.0,1.0,1,1.0,1.0
AnkiDroid/src/main/res/values-af/11-arrays.xml,1,2,0,2,1,1,2026-01-03,2026-01-03,111,2.0,1.0,0,0.0,1.0
AnkiDroid/src/main/res/values-am/11-arrays.xml,1,2,0,2,1,1,2026-01-03,2026-01-03,111,2.0,1.0,0,0.0,1.0
AnkiDroid/src/main/res/values-az/11-arrays.xml,1,2,0,2,1,1,2026-01-03,2026-01-03,111,2.0,1.0,0,0.0,1.0
AnkiDroid/src/main/res/values-bg/11-arrays.xml,1,2,0,2,1,1,2026-01-03,2026-01-03,111,2.0,1.0,0,0.0,1.0
AnkiDroid/src/main/res/values-bn/11-arrays.xml,1,2,0,2,1,1,2026-01-03,2026-01-03,111,2.0,1.0,0,0.0,1.0
AnkiDroid/src/main/res/values-ca/11-arrays.xml,1,2,0,2,1,1,2026-01-03,2026-01-03,111,2.0,1.0,0,0.0,1.0
AnkiDroid/src/main/res/values-ckb/11-arrays.xml,1,2,0,2,1,1,2026-01-03,2026-01-03,111,2.0,1.0,0,0.0,1.0
AnkiDroid/src/main/res/values-cs/11-arrays.xml,1,2,0,2,1,1,2026-01-03,2026-01-03,111,2.0,1.0,0,0.0,1.0
AnkiDroid/src/main/res/values-da/11-arrays.xml,1,2,0,2,1,1,2026-01-03,2026-01-03,111,2.0,1.0,0,0.0,1.0
AnkiDroid/src/main/res/values-el/11-arrays.xml,1,2,0,2,1,1,2026-01-03,2026-01-03,111,2.0,1.0,0,0.0,1.0
AnkiDroid/src/main/res/values-et/06-statistics.xml,1,1,1,2,1,1,2026-03-09,2026-03-09,46,2.0,1.0,0,0.0,1.0
AnkiDroid/src/main/res/values-eu/11-arrays.xml,1,2,0,2,1,1,2026-01-03,2026-01-03,111,2.0,1.0,0,0.0,1.0
AnkiDroid/src/main/res/values-fa/11-arrays.xml,1,2,0,2,1,1,2026-01-03,2026-01-03,111,2.0,1.0,0,0.0,1.0
AnkiDroid/src/main/res/values-fil/11-arrays.xml,1,2,0,2,1,1,2026-01-03,2026-01-03,111,2.0,1.0,0,0.0,1.0
AnkiDroid/src/main/res/values-fy/11-arrays.xml,1,2,0,2,1,1,2026-01-03,2026-01-03,111,2.0,1.0,0,0.0,1.0
AnkiDroid/src/main/res/values-ga/11-arrays.xml,1,2,0,2,1,1,2026-01-03,2026-01-03,111,2.0,1.0,0,0.0,1.0
AnkiDroid/src/main/res/values-got/08-widget.xml,1,1,1,2,1,1,2026-01-12,2026-01-12,102,2.0,1.0,0,0.0,1.0
AnkiDroid/src/main/res/values-gu/11-arrays.xml,1,2,0,2,1,1,2026-01-03,2026-01-03,111,2.0,1.0,0,0.0,1.0
AnkiDroid/src/main/res/values-hi/11-arrays.xml,1,2,0,2,1,1,2026-01-03,2026-01-03,111,2.0,1.0,0,0.0,1.0
AnkiDroid/src/main/res/values-hr/06-statistics.xml,1,1,1,2,1,1,2026-01-28,2026-01-28,86,2.0,1.0,0,0.0,1.0
AnkiDroid/src/main/res/values-hu/11-arrays.xml,1,2,0,2,1,1,2026-01-03,2026-01-03,111,2.0,1.0,0,0.0,1.0
AnkiDroid/src/main/res/values-hy/11-arrays.xml,1,2,0,2,1,1,2026-01-03,2026-01-03,111,2.0,1.0,0,0.0,1.0
AnkiDroid/src/main/res/values-ind/06-statistics.xml,1,1,1,2,1,1,2025-11-27,2025-11-27,148,2.0,1.0,0,0.0,1.0
AnkiDroid/src/main/res/values-ind/11-arrays.xml,1,2,0,2,1,1,2026-01-03,2026-01-03,111,2.0,1.0,0,0.0,1.0
AnkiDroid/src/main/res/values-ka/11-arrays.xml,1,2,0,2,1,1,2026-01-03,2026-01-03,111,2.0,1.0,0,0.0,1.0
AnkiDroid/src/main/res/values-kk/11-arrays.xml,1,2,0,2,1,1,2026-01-03,2026-01-03,111,2.0,1.0,0,0.0,1.0
AnkiDroid/src/main/res/values-km/11-arrays.xml,1,2,0,2,1,1,2026-01-03,2026-01-03,111,2.0,1.0,0,0.0,1.0
AnkiDroid/src/main/res/values-kn/11-arrays.xml,1,2,0,2,1,1,2026-01-03,2026-01-03,111,2.0,1.0,0,0.0,1.0
AnkiDroid/src/main/res/values-ko/11-arrays.xml,1,2,0,2,1,1,2026-01-03,2026-01-03,111,2.0,1.0,0,0.0,1.0
AnkiDroid/src/main/res/values-ku/11-arrays.xml,1,2,0,2,1,1,2026-01-03,2026-01-03,111,2.0,1.0,0,0.0,1.0
AnkiDroid/src/main/res/values-ky/11-arrays.xml,1,2,0,2,1,1,2026-01-03,2026-01-03,111,2.0,1.0,0,0.0,1.0
AnkiDroid/src/main/res/values-lt/11-arrays.xml,1,2,0,2,1,1,2026-01-03,2026-01-03,111,2.0,1.0,0,0.0,1.0
AnkiDroid/src/main/res/values-lv/11-arrays.xml,1,2,0,2,1,1,2026-01-03,2026-01-03,111,2.0,1.0,0,0.0,1.0
AnkiDroid/src/main/res/values-mk/11-arrays.xml,1,2,0,2,1,1,2026-01-03,2026-01-03,111,2.0,1.0,0,0.0,1.0
AnkiDroid/src/main/res/values-ml/11-arrays.xml,1,2,0,2,1,1,2026-01-03,2026-01-03,111,2.0,1.0,0,0.0,1.0
AnkiDroid/src/main/res/values-mn/11-arrays.xml,1,2,0,2,1,1,2026-01-03,2026-01-03,111,2.0,1.0,0,0.0,1.0
AnkiDroid/src/main/res/values-mr/11-arrays.xml,1,2,0,2,1,1,2026-01-03,2026-01-03,111,2.0,1.0,0,0.0,1.0
AnkiDroid/src/main/res/values-ms/11-arrays.xml,1,2,0,2,1,1,2026-01-03,2026-01-03,111,2.0,1.0,0,0.0,1.0
AnkiDroid/src/main/res/values-my/11-arrays.xml,1,2,0,2,1,1,2026-01-03,2026-01-03,111,2.0,1.0,0,0.0,1.0
AnkiDroid/src/main/res/values-nl/06-statistics.xml,1,1,1,2,1,1,2026-01-28,2026-01-28,86,2.0,1.0,0,0.0,1.0
AnkiDroid/src/main/res/values-nn/11-arrays.xml,1,2,0,2,1,1,2026-01-03,2026-01-03,111,2.0,1.0,0,0.0,1.0
AnkiDroid/src/main/res/values-no/11-arrays.xml,1,2,0,2,1,1,2026-01-03,2026-01-03,111,2.0,1.0,0,0.0,1.0
AnkiDroid/src/main/res/values-or/08-widget.xml,1,1,1,2,1,1,2026-01-19,2026-01-19,95,2.0,1.0,0,0.0,1.0
AnkiDroid/src/main/res/values-pa/11-arrays.xml,1,2,0,2,1,1,2026-01-03,2026-01-03,111,2.0,1.0,0,0.0,1.0
AnkiDroid/src/main/res/values-pl/08-widget.xml,1,1,1,2,1,1,2026-01-28,2026-01-28,86,2.0,1.0,0,0.0,1.0
AnkiDroid/src/main/res/values-pt-rBR/11-arrays.xml,1,2,0,2,1,1,2026-01-03,2026-01-03,111,2.0,1.0,0,0.0,1.0
AnkiDroid/src/main/res/values-pt-rPT/11-arrays.xml,1,2,0,2,1,1,2026-01-03,2026-01-03,111,2.0,1.0,0,0.0,1.0
AnkiDroid/src/main/res/values-ro/11-arrays.xml,1,2,0,2,1,1,2026-01-03,2026-01-03,111,2.0,1.0,0,0.0,1.0
AnkiDroid/src/main/res/values-ru/08-widget.xml,1,1,1,2,1,1,2026-04-06,2026-04-06,18,2.0,1.0,0,0.0,1.0
AnkiDroid/src/main/res/values-sat/11-arrays.xml,1,2,0,2,1,1,2026-01-03,2026-01-03,111,2.0,1.0,0,0.0,1.0
AnkiDroid/src/main/res/values-sc/11-arrays.xml,1,2,0,2,1,1,2026-01-03,2026-01-03,111,2.0,1.0,0,0.0,1.0
AnkiDroid/src/main/res/values-sk/11-arrays.xml,1,2,0,2,1,1,2026-01-03,2026-01-03,111,2.0,1.0,0,0.0,1.0
AnkiDroid/src/main/res/values-sl/11-arrays.xml,1,2,0,2,1,1,2026-01-03,2026-01-03,111,2.0,1.0,0,0.0,1.0
AnkiDroid/src/main/res/values-sq/11-arrays.xml,1,2,0,2,1,1,2026-01-03,2026-01-03,111,2.0,1.0,0,0.0,1.0
AnkiDroid/src/main/res/values-sr/11-arrays.xml,1,2,0,2,1,1,2026-01-03,2026-01-03,111,2.0,1.0,0,0.0,1.0
AnkiDroid/src/main/res/values-sv/11-arrays.xml,1,2,0,2,1,1,2026-01-03,2026-01-03,111,2.0,1.0,0,0.0,1.0
AnkiDroid/src/main/res/values-ta/11-arrays.xml,1,2,0,2,1,1,2026-01-03,2026-01-03,111,2.0,1.0,0,0.0,1.0
AnkiDroid/src/main/res/values-te/11-arrays.xml,1,2,0,2,1,1,2026-01-03,2026-01-03,111,2.0,1.0,0,0.0,1.0
AnkiDroid/src/main/res/values-tgl/11-arrays.xml,1,2,0,2,1,1,2026-01-03,2026-01-03,111,2.0,1.0,0,0.0,1.0
AnkiDroid/src/main/res/values-th/11-arrays.xml,1,2,0,2,1,1,2026-01-03,2026-01-03,111,2.0,1.0,0,0.0,1.0
AnkiDroid/src/main/res/values-ti/11-arrays.xml,1,2,0,2,1,1,2026-01-03,2026-01-03,111,2.0,1.0,0,0.0,1.0
AnkiDroid/src/main/res/values-tt/11-arrays.xml,1,2,0,2,1,1,2026-01-03,2026-01-03,111,2.0,1.0,0,0.0,1.0
AnkiDroid/src/main/res/values-ur/11-arrays.xml,1,2,0,2,1,1,2026-01-03,2026-01-03,111,2.0,1.0,0,0.0,1.0
AnkiDroid/src/main/res/values-uz/08-widget.xml,1,1,1,2,1,1,2026-03-09,2026-03-09,46,2.0,1.0,0,0.0,1.0
AnkiDroid/src/main/res/values-vi/11-arrays.xml,1,2,0,2,1,1,2026-01-03,2026-01-03,111,2.0,1.0,0,0.0,1.0
AnkiDroid/src/main/res/values-zh-rTW/11-arrays.xml,1,2,0,2,1,1,2026-01-03,2026-01-03,111,2.0,1.0,0,0.0,1.0
AnkiDroid/src/main/res/values/11-arrays.xml,1,2,0,2,1,1,2025-12-06,2025-12-06,139,2.0,1.0,0,0.0,1.0
AnkiDroid/src/main/res/values/dimens.xml,1,1,1,2,1,1,2025-12-17,2025-12-17,128,2.0,1.0,0,0.0,1.0
AnkiDroid/src/main/res/xml/widget_provider_card_analysis.xml,1,0,2,2,1,1,2026-03-15,2026-03-15,40,2.0,1.0,0,0.0,1.0
AnkiDroid/src/test/java/com/ichi2/anki/AnalyticsTest.kt,1,1,1,2,1,1,2026-01-21,2026-01-21,93,2.0,1.0,0,0.0,1.0
AnkiDroid/src/test/java/com/ichi2/anki/AnkiDroidAppTest.kt,1,1,1,2,1,1,2026-04-17,2026-04-17,7,2.0,1.0,0,0.0,1.0
AnkiDroid/src/test/java/com/ichi2/anki/cardviewer/TypeAnswerTest.kt,1,1,1,2,1,1,2025-12-13,2025-12-13,132,2.0,1.0,1,1.0,1.0
AnkiDroid/src/test/java/com/ichi2/compat/CompatHasFilesTest.kt,1,1,1,2,1,1,2026-03-22,2026-03-22,33,2.0,1.0,0,0.0,1.0
AnkiDroid/src/test/java/com/ichi2/utils/ResourceLoader.kt,1,1,1,2,1,1,2026-03-22,2026-03-22,33,2.0,1.0,0,0.0,1.0
README.md,1,1,1,2,1,1,2025-12-18,2025-12-18,127,2.0,1.0,0,0.0,1.0
common/android/src/main/java/com/ichi2/anki/common/crashreporting/CrashReportService.kt,1,1,1,2,1,1,2026-04-17,2026-04-17,7,2.0,1.0,0,0.0,1.0
common/android/src/main/java/com/ichi2/anki/common/utils/android/ColorUtils.kt,1,1,1,2,1,1,2026-04-13,2026-04-13,11,2.0,1.0,0,0.0,1.0
common/src/main/java/com/ichi2/anki/common/time/MockTime.kt,1,0,2,2,1,1,2026-04-13,2026-04-13,11,2.0,1.0,0,0.0,1.0
common/src/main/java/com/ichi2/anki/common/time/SystemTime.kt,1,0,2,2,1,1,2026-03-23,2026-03-23,32,2.0,1.0,0,0.0,1.0
common/src/main/java/com/ichi2/anki/common/time/TimeManager.kt,1,0,2,2,1,1,2026-04-13,2026-04-13,11,2.0,1.0,0,0.0,1.0
common/src/testFixtures/java/com/ichi2/anki/TestUtils.kt,1,0,2,2,1,1,2026-04-07,2026-04-07,17,2.0,1.0,0,0.0,1.0
compat/src/main/java/com/ichi2/anki/compat/CompatV26.kt,1,1,1,2,1,1,2026-03-22,2026-03-22,33,2.0,1.0,0,0.0,1.0
compat/src/main/java/com/ichi2/anki/compat/CompatV28.kt,1,1,1,2,1,1,2026-03-22,2026-03-22,33,2.0,1.0,0,0.0,1.0
compat/src/main/java/com/ichi2/anki/compat/CompatV31.kt,1,1,1,2,1,1,2026-03-22,2026-03-22,33,2.0,1.0,0,0.0,1.0
compat/src/main/java/com/ichi2/anki/compat/CompatV33.kt,1,1,1,2,1,1,2026-03-22,2026-03-22,33,2.0,1.0,0,0.0,1.0
compat/src/main/java/com/ichi2/anki/compat/CompatV34.kt,1,1,1,2,1,1,2026-03-22,2026-03-22,33,2.0,1.0,0,0.0,1.0
compat/src/main/java/com/ichi2/anki/compat/FileStream.kt,1,1,1,2,1,1,2026-03-22,2026-03-22,33,2.0,1.0,0,0.0,1.0
compat/src/main/java/com/ichi2/anki/compat/UtteranceProgressListenerCompat.kt,1,1,1,2,1,1,2026-03-22,2026-03-22,33,2.0,1.0,0,0.0,1.0
compat/src/main/java/com/ichi2/anki/compat/VibrationAttributesCompat.kt,1,1,1,2,1,1,2026-03-22,2026-03-22,33,2.0,1.0,0,0.0,1.0
compat/src/main/java/com/ichi2/compat/CompatHelper.kt,1,2,0,2,1,1,2026-03-22,2026-03-22,33,2.0,1.0,0,0.0,1.0
compat/src/test/java/com/ichi2/compat/CompatDeleteFileTest.kt,1,1,1,2,1,1,2026-04-07,2026-04-07,17,2.0,1.0,0,0.0,1.0
docs/marketing/localized_description/marketdescription-nl.txt,1,1,1,2,1,1,2026-02-19,2026-02-19,64,2.0,1.0,0,0.0,1.0
docs/marketing/localized_description/marketdescription-uz.txt,1,1,1,2,1,1,2026-03-09,2026-03-09,46,2.0,1.0,0,0.0,1.0
libanki/src/main/java/com/ichi2/anki/libanki/Field.kt,1,1,1,2,1,1,2025-12-13,2025-12-13,132,2.0,1.0,1,1.0,1.0
libanki/src/main/java/com/ichi2/anki/libanki/utils/LibAnkiAlias.kt,1,1,1,2,1,1,2026-01-26,2026-01-26,88,2.0,1.0,0,0.0,1.0
libanki/src/test/java/com/ichi2/anki/libanki/AbstractSchedTest.kt,1,1,1,2,1,1,2025-09-08,2025-09-08,228,2.0,1.0,0,0.0,1.0
lint-rules/src/main/java/com/ichi2/anki/lint/rules/LocaleRootDetector.kt,1,1,1,2,1,1,2025-12-20,2025-12-20,125,2.0,1.0,0,0.0,1.0
lint-rules/src/main/java/com/ichi2/anki/lint/utils/StringFormatDetector.kt,1,1,1,2,1,1,2025-12-16,2025-12-16,129,2.0,1.0,0,0.0,1.0
testlib/src/main/AndroidManifest.xml,1,0,2,2,1,1,2026-03-22,2026-03-22,33,2.0,1.0,0,0.0,1.0
tools/localization/src/constants.ts,1,1,1,2,1,1,2026-03-23,2026-03-23,32,2.0,1.0,1,1.0,1.0
tools/localization/src/update.ts,1,1,1,2,1,1,2026-03-04,2026-03-04,51,2.0,1.0,1,1.0,1.0
AnkiDroid/src/main/java/com/ichi2/anki/cardviewer/VideoPlayer.kt,1,1,0,1,1,1,2026-02-04,2026-02-04,79,1.0,1.0,1,1.0,1.0
AnkiDroid/src/main/java/com/ichi2/anki/preferences/AccessibilitySettingsFragment.kt,1,1,0,1,1,1,2025-12-12,2025-12-12,133,1.0,1.0,1,1.0,1.0
AnkiDroid/src/main/java/com/ichi2/anki/reviewer/ActionButtonStatus.kt,1,1,0,1,1,1,2025-09-13,2025-09-13,223,1.0,1.0,0,0.0,1.0
AnkiDroid/src/main/java/com/ichi2/anki/reviewer/MappableBinding.kt,1,0,1,1,1,1,2026-03-23,2026-03-23,32,1.0,1.0,0,0.0,1.0
AnkiDroid/src/main/java/com/ichi2/anki/scheduling/Fsrs.kt,1,1,0,1,1,1,2025-11-22,2025-11-22,153,1.0,1.0,0,0.0,1.0
AnkiDroid/src/main/java/com/ichi2/anki/utils/Reflection.kt,1,0,1,1,1,1,2026-03-23,2026-03-23,32,1.0,1.0,0,0.0,1.0
AnkiDroid/src/main/java/com/ichi2/ui/CheckBoxTriStates.kt,1,0,1,1,1,1,2026-02-01,2026-02-01,82,1.0,1.0,1,1.0,1.0
AnkiDroid/src/main/res/layout-xlarge/card_template_editor.xml,1,0,1,1,1,1,2026-01-04,2026-01-04,110,1.0,1.0,0,0.0,1.0
AnkiDroid/src/main/res/layout/edit_flag_item.xml,1,0,1,1,1,1,2025-11-22,2025-11-22,153,1.0,1.0,0,0.0,1.0
AnkiDroid/src/main/res/layout/instant_editor_field_layout.xml,1,0,1,1,1,1,2025-09-10,2025-09-10,226,1.0,1.0,0,0.0,1.0
AnkiDroid/src/main/res/values-af/07-cardbrowser.xml,1,1,0,1,1,1,2026-04-19,2026-04-19,5,1.0,1.0,0,0.0,1.0
AnkiDroid/src/main/res/values-af/09-backup.xml,1,1,0,1,1,1,2026-04-06,2026-04-06,18,1.0,1.0,0,0.0,1.0
AnkiDroid/src/main/res/values-am/07-cardbrowser.xml,1,1,0,1,1,1,2026-04-19,2026-04-19,5,1.0,1.0,0,0.0,1.0
AnkiDroid/src/main/res/values-am/09-backup.xml,1,1,0,1,1,1,2026-04-06,2026-04-06,18,1.0,1.0,0,0.0,1.0
AnkiDroid/src/main/res/values-ar/07-cardbrowser.xml,1,1,0,1,1,1,2026-04-19,2026-04-19,5,1.0,1.0,0,0.0,1.0
AnkiDroid/src/main/res/values-az/07-cardbrowser.xml,1,1,0,1,1,1,2026-04-19,2026-04-19,5,1.0,1.0,0,0.0,1.0
AnkiDroid/src/main/res/values-az/09-backup.xml,1,1,0,1,1,1,2026-04-06,2026-04-06,18,1.0,1.0,0,0.0,1.0
AnkiDroid/src/main/res/values-bg/07-cardbrowser.xml,1,1,0,1,1,1,2026-04-19,2026-04-19,5,1.0,1.0,0,0.0,1.0
AnkiDroid/src/main/res/values-bg/09-backup.xml,1,1,0,1,1,1,2026-04-06,2026-04-06,18,1.0,1.0,0,0.0,1.0
AnkiDroid/src/main/res/values-bn/07-cardbrowser.xml,1,1,0,1,1,1,2026-04-19,2026-04-19,5,1.0,1.0,0,0.0,1.0
AnkiDroid/src/main/res/values-bn/09-backup.xml,1,1,0,1,1,1,2026-04-06,2026-04-06,18,1.0,1.0,0,0.0,1.0
AnkiDroid/src/main/res/values-ca/07-cardbrowser.xml,1,1,0,1,1,1,2026-04-19,2026-04-19,5,1.0,1.0,0,0.0,1.0
AnkiDroid/src/main/res/values-ca/09-backup.xml,1,1,0,1,1,1,2026-04-06,2026-04-06,18,1.0,1.0,0,0.0,1.0
AnkiDroid/src/main/res/values-ckb/07-cardbrowser.xml,1,1,0,1,1,1,2026-04-19,2026-04-19,5,1.0,1.0,0,0.0,1.0
AnkiDroid/src/main/res/values-ckb/09-backup.xml,1,1,0,1,1,1,2026-04-06,2026-04-06,18,1.0,1.0,0,0.0,1.0
AnkiDroid/src/main/res/values-cs/07-cardbrowser.xml,1,1,0,1,1,1,2026-04-19,2026-04-19,5,1.0,1.0,0,0.0,1.0
AnkiDroid/src/main/res/values-cs/09-backup.xml,1,1,0,1,1,1,2026-04-06,2026-04-06,18,1.0,1.0,0,0.0,1.0
AnkiDroid/src/main/res/values-da/07-cardbrowser.xml,1,1,0,1,1,1,2026-04-19,2026-04-19,5,1.0,1.0,0,0.0,1.0
AnkiDroid/src/main/res/values-da/09-backup.xml,1,1,0,1,1,1,2026-04-06,2026-04-06,18,1.0,1.0,0,0.0,1.0
AnkiDroid/src/main/res/values-de/07-cardbrowser.xml,1,1,0,1,1,1,2026-04-19,2026-04-19,5,1.0,1.0,0,0.0,1.0
AnkiDroid/src/main/res/values-de/09-backup.xml,1,1,0,1,1,1,2026-04-06,2026-04-06,18,1.0,1.0,0,0.0,1.0
AnkiDroid/src/main/res/values-el/07-cardbrowser.xml,1,1,0,1,1,1,2026-04-19,2026-04-19,5,1.0,1.0,0,0.0,1.0
AnkiDroid/src/main/res/values-el/09-backup.xml,1,1,0,1,1,1,2026-04-06,2026-04-06,18,1.0,1.0,0,0.0,1.0
AnkiDroid/src/main/res/values-eo/07-cardbrowser.xml,1,1,0,1,1,1,2026-04-19,2026-04-19,5,1.0,1.0,0,0.0,1.0
AnkiDroid/src/main/res/values-eo/09-backup.xml,1,1,0,1,1,1,2026-04-06,2026-04-06,18,1.0,1.0,0,0.0,1.0
AnkiDroid/src/main/res/values-es-rAR/09-backup.xml,1,1,0,1,1,1,2026-04-06,2026-04-06,18,1.0,1.0,0,0.0,1.0
AnkiDroid/src/main/res/values-es-rES/09-backup.xml,1,1,0,1,1,1,2026-04-06,2026-04-06,18,1.0,1.0,0,0.0,1.0
AnkiDroid/src/main/res/values-eu/07-cardbrowser.xml,1,1,0,1,1,1,2026-04-19,2026-04-19,5,1.0,1.0,0,0.0,1.0
AnkiDroid/src/main/res/values-eu/09-backup.xml,1,1,0,1,1,1,2026-04-06,2026-04-06,18,1.0,1.0,0,0.0,1.0
AnkiDroid/src/main/res/values-fa/09-backup.xml,1,1,0,1,1,1,2026-04-06,2026-04-06,18,1.0,1.0,0,0.0,1.0
AnkiDroid/src/main/res/values-fil/07-cardbrowser.xml,1,1,0,1,1,1,2026-04-19,2026-04-19,5,1.0,1.0,0,0.0,1.0
AnkiDroid/src/main/res/values-fil/09-backup.xml,1,1,0,1,1,1,2026-04-06,2026-04-06,18,1.0,1.0,0,0.0,1.0
AnkiDroid/src/main/res/values-fr/07-cardbrowser.xml,1,1,0,1,1,1,2026-04-19,2026-04-19,5,1.0,1.0,0,0.0,1.0
AnkiDroid/src/main/res/values-fy/07-cardbrowser.xml,1,1,0,1,1,1,2026-04-19,2026-04-19,5,1.0,1.0,0,0.0,1.0
AnkiDroid/src/main/res/values-fy/09-backup.xml,1,1,0,1,1,1,2026-04-06,2026-04-06,18,1.0,1.0,0,0.0,1.0
AnkiDroid/src/main/res/values-ga/07-cardbrowser.xml,1,1,0,1,1,1,2026-04-19,2026-04-19,5,1.0,1.0,0,0.0,1.0
AnkiDroid/src/main/res/values-ga/09-backup.xml,1,1,0,1,1,1,2026-04-06,2026-04-06,18,1.0,1.0,0,0.0,1.0
AnkiDroid/src/main/res/values-got/07-cardbrowser.xml,1,1,0,1,1,1,2026-04-19,2026-04-19,5,1.0,1.0,0,0.0,1.0
AnkiDroid/src/main/res/values-got/09-backup.xml,1,1,0,1,1,1,2026-04-06,2026-04-06,18,1.0,1.0,0,0.0,1.0
AnkiDroid/src/main/res/values-gu/07-cardbrowser.xml,1,1,0,1,1,1,2026-04-19,2026-04-19,5,1.0,1.0,0,0.0,1.0
AnkiDroid/src/main/res/values-gu/09-backup.xml,1,1,0,1,1,1,2026-04-06,2026-04-06,18,1.0,1.0,0,0.0,1.0
AnkiDroid/src/main/res/values-heb/09-backup.xml,1,1,0,1,1,1,2026-04-06,2026-04-06,18,1.0,1.0,0,0.0,1.0
AnkiDroid/src/main/res/values-hi/07-cardbrowser.xml,1,1,0,1,1,1,2026-04-19,2026-04-19,5,1.0,1.0,0,0.0,1.0
AnkiDroid/src/main/res/values-hi/09-backup.xml,1,1,0,1,1,1,2026-04-06,2026-04-06,18,1.0,1.0,0,0.0,1.0
AnkiDroid/src/main/res/values-hu/07-cardbrowser.xml,1,1,0,1,1,1,2026-04-19,2026-04-19,5,1.0,1.0,0,0.0,1.0
AnkiDroid/src/main/res/values-hu/09-backup.xml,1,1,0,1,1,1,2026-04-06,2026-04-06,18,1.0,1.0,0,0.0,1.0
AnkiDroid/src/main/res/values-hy/07-cardbrowser.xml,1,1,0,1,1,1,2026-04-19,2026-04-19,5,1.0,1.0,0,0.0,1.0
AnkiDroid/src/main/res/values-hy/09-backup.xml,1,1,0,1,1,1,2026-04-06,2026-04-06,18,1.0,1.0,0,0.0,1.0
AnkiDroid/src/main/res/values-ind/07-cardbrowser.xml,1,1,0,1,1,1,2026-04-19,2026-04-19,5,1.0,1.0,0,0.0,1.0
AnkiDroid/src/main/res/values-ind/09-backup.xml,1,1,0,1,1,1,2026-04-06,2026-04-06,18,1.0,1.0,0,0.0,1.0
AnkiDroid/src/main/res/values-iw/09-backup.xml,1,1,0,1,1,1,2026-04-06,2026-04-06,18,1.0,1.0,0,0.0,1.0
AnkiDroid/src/main/res/values-ja/09-backup.xml,1,1,0,1,1,1,2026-04-06,2026-04-06,18,1.0,1.0,0,0.0,1.0
AnkiDroid/src/main/res/values-ka/07-cardbrowser.xml,1,1,0,1,1,1,2026-04-19,2026-04-19,5,1.0,1.0,0,0.0,1.0
AnkiDroid/src/main/res/values-ka/09-backup.xml,1,1,0,1,1,1,2026-04-06,2026-04-06,18,1.0,1.0,0,0.0,1.0
AnkiDroid/src/main/res/values-kk/07-cardbrowser.xml,1,1,0,1,1,1,2026-04-19,2026-04-19,5,1.0,1.0,0,0.0,1.0
AnkiDroid/src/main/res/values-kk/09-backup.xml,1,1,0,1,1,1,2026-04-06,2026-04-06,18,1.0,1.0,0,0.0,1.0
AnkiDroid/src/main/res/values-km/07-cardbrowser.xml,1,1,0,1,1,1,2026-04-19,2026-04-19,5,1.0,1.0,0,0.0,1.0
AnkiDroid/src/main/res/values-km/09-backup.xml,1,1,0,1,1,1,2026-04-06,2026-04-06,18,1.0,1.0,0,0.0,1.0
AnkiDroid/src/main/res/values-kn/07-cardbrowser.xml,1,1,0,1,1,1,2026-04-19,2026-04-19,5,1.0,1.0,0,0.0,1.0
AnkiDroid/src/main/res/values-kn/09-backup.xml,1,1,0,1,1,1,2026-04-06,2026-04-06,18,1.0,1.0,0,0.0,1.0
AnkiDroid/src/main/res/values-ko/07-cardbrowser.xml,1,1,0,1,1,1,2026-04-19,2026-04-19,5,1.0,1.0,0,0.0,1.0
AnkiDroid/src/main/res/values-ko/09-backup.xml,1,1,0,1,1,1,2026-04-06,2026-04-06,18,1.0,1.0,0,0.0,1.0
AnkiDroid/src/main/res/values-ku/07-cardbrowser.xml,1,1,0,1,1,1,2026-04-19,2026-04-19,5,1.0,1.0,0,0.0,1.0
AnkiDroid/src/main/res/values-ku/09-backup.xml,1,1,0,1,1,1,2026-04-06,2026-04-06,18,1.0,1.0,0,0.0,1.0
AnkiDroid/src/main/res/values-ky/07-cardbrowser.xml,1,1,0,1,1,1,2026-04-19,2026-04-19,5,1.0,1.0,0,0.0,1.0
AnkiDroid/src/main/res/values-ky/09-backup.xml,1,1,0,1,1,1,2026-04-06,2026-04-06,18,1.0,1.0,0,0.0,1.0
AnkiDroid/src/main/res/values-lt/07-cardbrowser.xml,1,1,0,1,1,1,2026-04-19,2026-04-19,5,1.0,1.0,0,0.0,1.0
AnkiDroid/src/main/res/values-lt/09-backup.xml,1,1,0,1,1,1,2026-04-06,2026-04-06,18,1.0,1.0,0,0.0,1.0
AnkiDroid/src/main/res/values-lv/07-cardbrowser.xml,1,1,0,1,1,1,2026-04-19,2026-04-19,5,1.0,1.0,0,0.0,1.0
AnkiDroid/src/main/res/values-lv/09-backup.xml,1,1,0,1,1,1,2026-04-06,2026-04-06,18,1.0,1.0,0,0.0,1.0
AnkiDroid/src/main/res/values-mk/07-cardbrowser.xml,1,1,0,1,1,1,2026-04-19,2026-04-19,5,1.0,1.0,0,0.0,1.0
AnkiDroid/src/main/res/values-mk/09-backup.xml,1,1,0,1,1,1,2026-04-06,2026-04-06,18,1.0,1.0,0,0.0,1.0
AnkiDroid/src/main/res/values-ml/07-cardbrowser.xml,1,1,0,1,1,1,2026-04-19,2026-04-19,5,1.0,1.0,0,0.0,1.0
AnkiDroid/src/main/res/values-ml/09-backup.xml,1,1,0,1,1,1,2026-04-06,2026-04-06,18,1.0,1.0,0,0.0,1.0
AnkiDroid/src/main/res/values-mn/07-cardbrowser.xml,1,1,0,1,1,1,2026-04-19,2026-04-19,5,1.0,1.0,0,0.0,1.0
AnkiDroid/src/main/res/values-mn/09-backup.xml,1,1,0,1,1,1,2026-04-06,2026-04-06,18,1.0,1.0,0,0.0,1.0
AnkiDroid/src/main/res/values-mr/07-cardbrowser.xml,1,1,0,1,1,1,2026-04-19,2026-04-19,5,1.0,1.0,0,0.0,1.0
AnkiDroid/src/main/res/values-mr/09-backup.xml,1,1,0,1,1,1,2026-04-06,2026-04-06,18,1.0,1.0,0,0.0,1.0
AnkiDroid/src/main/res/values-ms/07-cardbrowser.xml,1,1,0,1,1,1,2026-04-19,2026-04-19,5,1.0,1.0,0,0.0,1.0
AnkiDroid/src/main/res/values-ms/09-backup.xml,1,1,0,1,1,1,2026-04-06,2026-04-06,18,1.0,1.0,0,0.0,1.0
AnkiDroid/src/main/res/values-my/07-cardbrowser.xml,1,1,0,1,1,1,2026-04-19,2026-04-19,5,1.0,1.0,0,0.0,1.0
AnkiDroid/src/main/res/values-my/09-backup.xml,1,1,0,1,1,1,2026-04-06,2026-04-06,18,1.0,1.0,0,0.0,1.0
AnkiDroid/src/main/res/values-nl/09-backup.xml,1,1,0,1,1,1,2026-04-06,2026-04-06,18,1.0,1.0,0,0.0,1.0
AnkiDroid/src/main/res/values-nn/07-cardbrowser.xml,1,1,0,1,1,1,2026-04-19,2026-04-19,5,1.0,1.0,0,0.0,1.0
AnkiDroid/src/main/res/values-nn/09-backup.xml,1,1,0,1,1,1,2026-04-06,2026-04-06,18,1.0,1.0,0,0.0,1.0
AnkiDroid/src/main/res/values-no/07-cardbrowser.xml,1,1,0,1,1,1,2026-04-19,2026-04-19,5,1.0,1.0,0,0.0,1.0
AnkiDroid/src/main/res/values-no/09-backup.xml,1,1,0,1,1,1,2026-04-06,2026-04-06,18,1.0,1.0,0,0.0,1.0
AnkiDroid/src/main/res/values-or/07-cardbrowser.xml,1,1,0,1,1,1,2026-04-19,2026-04-19,5,1.0,1.0,0,0.0,1.0
AnkiDroid/src/main/res/values-or/09-backup.xml,1,1,0,1,1,1,2026-04-06,2026-04-06,18,1.0,1.0,0,0.0,1.0
AnkiDroid/src/main/res/values-pa/07-cardbrowser.xml,1,1,0,1,1,1,2026-04-19,2026-04-19,5,1.0,1.0,0,0.0,1.0
AnkiDroid/src/main/res/values-pa/09-backup.xml,1,1,0,1,1,1,2026-04-06,2026-04-06,18,1.0,1.0,0,0.0,1.0
AnkiDroid/src/main/res/values-pt-rBR/07-cardbrowser.xml,1,1,0,1,1,1,2026-04-19,2026-04-19,5,1.0,1.0,0,0.0,1.0
AnkiDroid/src/main/res/values-pt-rBR/09-backup.xml,1,1,0,1,1,1,2026-04-06,2026-04-06,18,1.0,1.0,0,0.0,1.0
AnkiDroid/src/main/res/values-pt-rPT/07-cardbrowser.xml,1,1,0,1,1,1,2026-04-19,2026-04-19,5,1.0,1.0,0,0.0,1.0
AnkiDroid/src/main/res/values-pt-rPT/09-backup.xml,1,1,0,1,1,1,2026-04-06,2026-04-06,18,1.0,1.0,0,0.0,1.0
AnkiDroid/src/main/res/values-ro/07-cardbrowser.xml,1,1,0,1,1,1,2026-04-19,2026-04-19,5,1.0,1.0,0,0.0,1.0
AnkiDroid/src/main/res/values-ro/09-backup.xml,1,1,0,1,1,1,2026-04-06,2026-04-06,18,1.0,1.0,0,0.0,1.0
AnkiDroid/src/main/res/values-ru/09-backup.xml,1,1,0,1,1,1,2026-04-06,2026-04-06,18,1.0,1.0,0,0.0,1.0
AnkiDroid/src/main/res/values-sat/07-cardbrowser.xml,1,1,0,1,1,1,2026-04-19,2026-04-19,5,1.0,1.0,0,0.0,1.0
AnkiDroid/src/main/res/values-sat/09-backup.xml,1,1,0,1,1,1,2026-04-06,2026-04-06,18,1.0,1.0,0,0.0,1.0
AnkiDroid/src/main/res/values-sc/07-cardbrowser.xml,1,1,0,1,1,1,2026-04-19,2026-04-19,5,1.0,1.0,0,0.0,1.0
AnkiDroid/src/main/res/values-sc/09-backup.xml,1,1,0,1,1,1,2026-04-06,2026-04-06,18,1.0,1.0,0,0.0,1.0
AnkiDroid/src/main/res/values-sk/07-cardbrowser.xml,1,1,0,1,1,1,2026-04-19,2026-04-19,5,1.0,1.0,0,0.0,1.0
AnkiDroid/src/main/res/values-sk/09-backup.xml,1,1,0,1,1,1,2026-04-06,2026-04-06,18,1.0,1.0,0,0.0,1.0
AnkiDroid/src/main/res/values-sl/07-cardbrowser.xml,1,1,0,1,1,1,2026-04-19,2026-04-19,5,1.0,1.0,0,0.0,1.0
AnkiDroid/src/main/res/values-sl/09-backup.xml,1,1,0,1,1,1,2026-04-06,2026-04-06,18,1.0,1.0,0,0.0,1.0
AnkiDroid/src/main/res/values-sq/07-cardbrowser.xml,1,1,0,1,1,1,2026-04-19,2026-04-19,5,1.0,1.0,0,0.0,1.0
AnkiDroid/src/main/res/values-sq/09-backup.xml,1,1,0,1,1,1,2026-04-06,2026-04-06,18,1.0,1.0,0,0.0,1.0
AnkiDroid/src/main/res/values-sr/07-cardbrowser.xml,1,1,0,1,1,1,2026-04-19,2026-04-19,5,1.0,1.0,0,0.0,1.0
AnkiDroid/src/main/res/values-sr/09-backup.xml,1,1,0,1,1,1,2026-04-06,2026-04-06,18,1.0,1.0,0,0.0,1.0
AnkiDroid/src/main/res/values-sv/07-cardbrowser.xml,1,1,0,1,1,1,2026-04-19,2026-04-19,5,1.0,1.0,0,0.0,1.0
AnkiDroid/src/main/res/values-sv/09-backup.xml,1,1,0,1,1,1,2026-04-06,2026-04-06,18,1.0,1.0,0,0.0,1.0
AnkiDroid/src/main/res/values-ta/07-cardbrowser.xml,1,1,0,1,1,1,2026-04-19,2026-04-19,5,1.0,1.0,0,0.0,1.0
AnkiDroid/src/main/res/values-ta/09-backup.xml,1,1,0,1,1,1,2026-04-06,2026-04-06,18,1.0,1.0,0,0.0,1.0
AnkiDroid/src/main/res/values-te/07-cardbrowser.xml,1,1,0,1,1,1,2026-04-19,2026-04-19,5,1.0,1.0,0,0.0,1.0
AnkiDroid/src/main/res/values-te/09-backup.xml,1,1,0,1,1,1,2026-04-06,2026-04-06,18,1.0,1.0,0,0.0,1.0
AnkiDroid/src/main/res/values-tgl/07-cardbrowser.xml,1,1,0,1,1,1,2026-04-19,2026-04-19,5,1.0,1.0,0,0.0,1.0
AnkiDroid/src/main/res/values-tgl/09-backup.xml,1,1,0,1,1,1,2026-04-06,2026-04-06,18,1.0,1.0,0,0.0,1.0
AnkiDroid/src/main/res/values-th/07-cardbrowser.xml,1,1,0,1,1,1,2026-04-19,2026-04-19,5,1.0,1.0,0,0.0,1.0
AnkiDroid/src/main/res/values-th/09-backup.xml,1,1,0,1,1,1,2026-04-06,2026-04-06,18,1.0,1.0,0,0.0,1.0
AnkiDroid/src/main/res/values-ti/07-cardbrowser.xml,1,1,0,1,1,1,2026-04-19,2026-04-19,5,1.0,1.0,0,0.0,1.0
AnkiDroid/src/main/res/values-ti/09-backup.xml,1,1,0,1,1,1,2026-04-06,2026-04-06,18,1.0,1.0,0,0.0,1.0
AnkiDroid/src/main/res/values-tr/07-cardbrowser.xml,1,1,0,1,1,1,2026-04-19,2026-04-19,5,1.0,1.0,0,0.0,1.0
AnkiDroid/src/main/res/values-tr/09-backup.xml,1,1,0,1,1,1,2026-04-06,2026-04-06,18,1.0,1.0,0,0.0,1.0
AnkiDroid/src/main/res/values-tt/07-cardbrowser.xml,1,1,0,1,1,1,2026-04-19,2026-04-19,5,1.0,1.0,0,0.0,1.0
AnkiDroid/src/main/res/values-tt/09-backup.xml,1,1,0,1,1,1,2026-04-06,2026-04-06,18,1.0,1.0,0,0.0,1.0
AnkiDroid/src/main/res/values-ug/04-network.xml,1,0,1,1,1,1,2026-03-30,2026-03-30,25,1.0,1.0,0,0.0,1.0
AnkiDroid/src/main/res/values-ug/07-cardbrowser.xml,1,1,0,1,1,1,2026-04-19,2026-04-19,5,1.0,1.0,0,0.0,1.0
AnkiDroid/src/main/res/values-ug/09-backup.xml,1,1,0,1,1,1,2026-04-06,2026-04-06,18,1.0,1.0,0,0.0,1.0
AnkiDroid/src/main/res/values-uk/04-network.xml,1,0,1,1,1,1,2026-03-30,2026-03-30,25,1.0,1.0,0,0.0,1.0
AnkiDroid/src/main/res/values-ur/04-network.xml,1,0,1,1,1,1,2026-03-30,2026-03-30,25,1.0,1.0,0,0.0,1.0
AnkiDroid/src/main/res/values-ur/07-cardbrowser.xml,1,1,0,1,1,1,2026-04-19,2026-04-19,5,1.0,1.0,0,0.0,1.0
AnkiDroid/src/main/res/values-ur/09-backup.xml,1,1,0,1,1,1,2026-04-06,2026-04-06,18,1.0,1.0,0,0.0,1.0
AnkiDroid/src/main/res/values-vi/04-network.xml,1,0,1,1,1,1,2026-03-30,2026-03-30,25,1.0,1.0,0,0.0,1.0
AnkiDroid/src/main/res/values-vi/07-cardbrowser.xml,1,1,0,1,1,1,2026-04-19,2026-04-19,5,1.0,1.0,0,0.0,1.0
AnkiDroid/src/main/res/values-vi/09-backup.xml,1,1,0,1,1,1,2026-04-06,2026-04-06,18,1.0,1.0,0,0.0,1.0
AnkiDroid/src/main/res/values-zh-rCN/04-network.xml,1,0,1,1,1,1,2026-03-30,2026-03-30,25,1.0,1.0,0,0.0,1.0
AnkiDroid/src/main/res/values-zh-rTW/04-network.xml,1,0,1,1,1,1,2026-03-30,2026-03-30,25,1.0,1.0,0,0.0,1.0
AnkiDroid/src/main/res/values-zh-rTW/07-cardbrowser.xml,1,1,0,1,1,1,2026-04-19,2026-04-19,5,1.0,1.0,0,0.0,1.0
AnkiDroid/src/main/res/values-zh-rTW/09-backup.xml,1,1,0,1,1,1,2026-04-06,2026-04-06,18,1.0,1.0,0,0.0,1.0
AnkiDroid/src/main/res/values/07-cardbrowser.xml,1,1,0,1,1,1,2026-01-21,2026-01-21,93,1.0,1.0,0,0.0,1.0
AnkiDroid/src/main/res/values/09-backup.xml,1,1,0,1,1,1,2026-02-25,2026-02-25,58,1.0,1.0,0,0.0,1.0
AnkiDroid/src/main/res/values/ids.xml,1,1,0,1,1,1,2025-09-13,2025-09-13,223,1.0,1.0,0,0.0,1.0
AnkiDroid/src/main/res/xml/widget_provider_deck_picker.xml,1,0,1,1,1,1,2026-03-15,2026-03-15,40,1.0,1.0,0,0.0,1.0
AnkiDroid/src/test/java/com/ichi2/anki/browser/CardBrowserColumnNonParamTest.kt,1,0,1,1,1,1,2026-03-23,2026-03-23,32,1.0,1.0,0,0.0,1.0
AnkiDroid/src/test/java/com/ichi2/anki/model/DirectoryTest.kt,1,1,0,1,1,1,2026-03-22,2026-03-22,33,1.0,1.0,0,0.0,1.0
common/src/test/java/com/ichi2/anki/common/utils/ext/FloatTest.kt,1,0,1,1,1,1,2026-04-13,2026-04-13,11,1.0,1.0,0,0.0,1.0
compat/consumer-rules.pro,1,1,0,1,1,1,2026-03-22,2026-03-22,33,1.0,1.0,0,0.0,1.0
docs/graphics/logos/discord_logo_color.svg,1,1,0,1,1,1,2025-12-18,2025-12-18,127,1.0,1.0,0,0.0,1.0
libanki/testutils/.gitignore,1,0,1,1,1,1,2026-04-10,2026-04-10,14,1.0,1.0,0,0.0,1.0
testlib/.gitignore,1,0,1,1,1,1,2026-03-22,2026-03-22,33,1.0,1.0,0,0.0,1.0
vbpd/.gitignore,1,1,0,1,1,1,2025-10-27,2025-10-27,179,1.0,1.0,0,0.0,1.0
gradle/wrapper/gradle-wrapper.jar,3,0,0,0,1,3,2025-10-23,2026-03-10,45,0.0,1.0,0,0.0,0.0
AnkiDroid/src/androidTest/assets/initial_version_2_12_1_corrupt_regular.anki2,1,0,0,0,1,1,2025-12-30,2025-12-30,115,0.0,1.0,0,0.0,0.0
AnkiDroid/src/main/res/drawable/widget_add_note_drawable.png,1,0,0,0,1,1,2025-03-09,2025-03-09,411,0.0,1.0,0,0.0,0.0
AnkiDroid/src/main/res/drawable/widget_small_drawable.png,1,0,0,0,1,1,2025-03-09,2025-03-09,411,0.0,1.0,0,0.0,0.0
AnkiDroid/src/main/res/layout-sw600dp/activity_card_template_editor.xml,1,0,0,0,1,1,2026-03-23,2026-03-23,32,0.0,1.0,0,0.0,0.0
AnkiDroid/src/main/res/layout-sw600dp/card_browser.xml,1,0,0,0,1,1,2026-01-04,2026-01-04,110,0.0,1.0,0,0.0,0.0
AnkiDroid/src/main/res/layout-sw600dp/fragment_preferences.xml,1,0,0,0,1,1,2026-03-23,2026-03-23,32,0.0,1.0,0,0.0,0.0
AnkiDroid/src/main/res/layout-sw600dp/homescreen.xml,1,0,0,0,1,1,2026-01-04,2026-01-04,110,0.0,1.0,0,0.0,0.0
AnkiDroid/src/main/res/layout-sw600dp/note_editor.xml,1,0,0,0,1,1,2026-01-04,2026-01-04,110,0.0,1.0,0,0.0,0.0
AnkiDroid/src/main/res/layout-w340dp/fragment_set_due_date_range.xml,1,0,0,0,1,1,2026-03-23,2026-03-23,32,0.0,1.0,0,0.0,0.0
AnkiDroid/src/main/res/layout/activity_all_permissions_explanation.xml,1,0,0,0,1,1,2025-09-12,2025-09-12,224,0.0,1.0,0,0.0,0.0
AnkiDroid/src/main/res/layout/activity_card_browser_appearance.xml,1,0,0,0,1,1,2026-03-23,2026-03-23,32,0.0,1.0,0,0.0,0.0
AnkiDroid/src/main/res/layout/activity_card_browser_searchview.xml,1,0,0,0,1,1,2026-01-03,2026-01-03,111,0.0,1.0,0,0.0,0.0
AnkiDroid/src/main/res/layout/activity_card_template_editor.xml,1,0,0,0,1,1,2026-03-23,2026-03-23,32,0.0,1.0,0,0.0,0.0
AnkiDroid/src/main/res/layout/activity_info.xml,1,0,0,0,1,1,2026-03-23,2026-03-23,32,0.0,1.0,0,0.0,0.0
AnkiDroid/src/main/res/layout/activity_introduction.xml,1,0,0,0,1,1,2026-03-23,2026-03-23,32,0.0,1.0,0,0.0,0.0
AnkiDroid/src/main/res/layout/activity_navigation_drawer.xml,1,0,0,0,1,1,2026-03-23,2026-03-23,32,0.0,1.0,0,0.0,0.0
AnkiDroid/src/main/res/layout/activity_navigation_drawer_fullscreen.xml,1,0,0,0,1,1,2026-03-23,2026-03-23,32,0.0,1.0,0,0.0,0.0
AnkiDroid/src/main/res/layout/activity_note_type_field_editor.xml,1,0,0,0,1,1,2026-03-23,2026-03-23,32,0.0,1.0,0,0.0,0.0
AnkiDroid/src/main/res/layout/activity_permissions.xml,1,0,0,0,1,1,2025-09-10,2025-09-10,226,0.0,1.0,0,0.0,0.0
AnkiDroid/src/main/res/layout/activity_progress_bar.xml,1,0,0,0,1,1,2026-03-23,2026-03-23,32,0.0,1.0,0,0.0,0.0
AnkiDroid/src/main/res/layout/activity_reviewer.xml,1,0,0,0,1,1,2026-03-23,2026-03-23,32,0.0,1.0,0,0.0,0.0
AnkiDroid/src/main/res/layout/activity_reviewer_fullscreen_noanswers.xml,1,0,0,0,1,1,2026-03-23,2026-03-23,32,0.0,1.0,0,0.0,0.0
AnkiDroid/src/main/res/layout/activity_single_fragment.xml,1,0,0,0,1,1,2026-03-23,2026-03-23,32,0.0,1.0,0,0.0,0.0
AnkiDroid/src/main/res/layout/activity_study_options.xml,1,0,0,0,1,1,2026-03-23,2026-03-23,32,0.0,1.0,0,0.0,0.0
AnkiDroid/src/main/res/layout/dialog_add_edit_reminder.xml,1,0,0,0,1,1,2026-03-23,2026-03-23,32,0.0,1.0,0,0.0,0.0
AnkiDroid/src/main/res/layout/dialog_alert_dialog_checkbox.xml,1,0,0,0,1,1,2026-03-23,2026-03-23,32,0.0,1.0,0,0.0,0.0
AnkiDroid/src/main/res/layout/dialog_alert_dialog_title_with_help.xml,1,0,0,0,1,1,2026-03-23,2026-03-23,32,0.0,1.0,0,0.0,0.0
AnkiDroid/src/main/res/layout/dialog_browser_columns_selection.xml,1,0,0,0,1,1,2026-03-23,2026-03-23,32,0.0,1.0,0,0.0,0.0
AnkiDroid/src/main/res/layout/dialog_browser_options.xml,1,0,0,0,1,1,2026-01-03,2026-01-03,111,0.0,1.0,0,0.0,0.0
AnkiDroid/src/main/res/layout/dialog_change_note_type.xml,1,0,0,0,1,1,2026-03-23,2026-03-23,32,0.0,1.0,0,0.0,0.0
AnkiDroid/src/main/res/layout/dialog_control_preference.xml,1,0,0,0,1,1,2026-03-23,2026-03-23,32,0.0,1.0,0,0.0,0.0
AnkiDroid/src/main/res/layout/dialog_instant_editor.xml,1,0,0,0,1,1,2025-09-10,2025-09-10,226,0.0,1.0,0,0.0,0.0
AnkiDroid/src/main/res/layout/dialog_locale_selection.xml,1,0,0,0,1,1,2026-03-23,2026-03-23,32,0.0,1.0,0,0.0,0.0
AnkiDroid/src/main/res/layout/dialog_note_editor_toolbar_add_custom_item.xml,1,0,0,0,1,1,2026-03-23,2026-03-23,32,0.0,1.0,0,0.0,0.0
AnkiDroid/src/main/res/layout/dialog_note_editor_toolbar_edit_custom_item.xml,1,0,0,0,1,1,2026-03-23,2026-03-23,32,0.0,1.0,0,0.0,0.0
AnkiDroid/src/main/res/layout/dialog_rename_flag.xml,1,0,0,0,1,1,2026-03-23,2026-03-23,32,0.0,1.0,0,0.0,0.0
AnkiDroid/src/main/res/layout/fragment_about.xml,1,0,0,0,1,1,2026-03-23,2026-03-23,32,0.0,1.0,0,0.0,0.0
AnkiDroid/src/main/res/layout/fragment_bottomsheet_multimedia.xml,1,0,0,0,1,1,2026-03-23,2026-03-23,32,0.0,1.0,0,0.0,0.0
AnkiDroid/src/main/res/layout/fragment_card_browser.xml,1,0,0,0,1,1,2026-03-23,2026-03-23,32,0.0,1.0,0,0.0,0.0
AnkiDroid/src/main/res/layout/fragment_card_template_editor_template.xml,1,0,0,0,1,1,2026-03-23,2026-03-23,32,0.0,1.0,0,0.0,0.0
AnkiDroid/src/main/res/layout/fragment_check_pronunciation.xml,1,0,0,0,1,1,2026-03-23,2026-03-23,32,0.0,1.0,0,0.0,0.0
AnkiDroid/src/main/res/layout/fragment_drawing.xml,1,0,0,0,1,1,2026-03-23,2026-03-23,32,0.0,1.0,0,0.0,0.0
AnkiDroid/src/main/res/layout/fragment_internet_permission.xml,1,0,0,0,1,1,2026-03-23,2026-03-23,32,0.0,1.0,0,0.0,0.0
AnkiDroid/src/main/res/layout/fragment_introduction.xml,1,0,0,0,1,1,2026-03-23,2026-03-23,32,0.0,1.0,0,0.0,0.0
AnkiDroid/src/main/res/layout/fragment_my_account.xml,1,0,0,0,1,1,2026-03-23,2026-03-23,32,0.0,1.0,0,0.0,0.0
AnkiDroid/src/main/res/layout/fragment_my_account_logged_in.xml,1,0,0,0,1,1,2026-03-23,2026-03-23,32,0.0,1.0,0,0.0,0.0
AnkiDroid/src/main/res/layout/fragment_note_editor.xml,1,0,0,0,1,1,2026-03-23,2026-03-23,32,0.0,1.0,0,0.0,0.0
AnkiDroid/src/main/res/layout/fragment_notifications_permission.xml,1,0,0,0,1,1,2026-03-23,2026-03-23,32,0.0,1.0,0,0.0,0.0
AnkiDroid/src/main/res/layout/fragment_page.xml,1,0,0,0,1,1,2026-03-23,2026-03-23,32,0.0,1.0,0,0.0,0.0
AnkiDroid/src/main/res/layout/fragment_permissions_bottom_sheet.xml,1,0,0,0,1,1,2026-03-23,2026-03-23,32,0.0,1.0,0,0.0,0.0
AnkiDroid/src/main/res/layout/fragment_preferences.xml,1,0,0,0,1,1,2026-03-23,2026-03-23,32,0.0,1.0,0,0.0,0.0
AnkiDroid/src/main/res/layout/fragment_preferences_reviewer_menu.xml,1,0,0,0,1,1,2026-03-23,2026-03-23,32,0.0,1.0,0,0.0,0.0
AnkiDroid/src/main/res/layout/fragment_previewer.xml,1,0,0,0,1,1,2026-03-23,2026-03-23,32,0.0,1.0,0,0.0,0.0
AnkiDroid/src/main/res/layout/fragment_set_due_date_range.xml,1,0,0,0,1,1,2026-03-23,2026-03-23,32,0.0,1.0,0,0.0,0.0
AnkiDroid/src/main/res/layout/fragment_set_due_date_single.xml,1,0,0,0,1,1,2026-03-23,2026-03-23,32,0.0,1.0,0,0.0,0.0
AnkiDroid/src/main/res/layout/fragment_settings.xml,1,0,0,0,1,1,2025-09-11,2025-09-11,225,0.0,1.0,0,0.0,0.0
AnkiDroid/src/main/res/layout/fragment_study_options.xml,1,0,0,0,1,1,2026-03-23,2026-03-23,32,0.0,1.0,0,0.0,0.0
AnkiDroid/src/main/res/layout/fragment_template_previewer_container.xml,1,0,0,0,1,1,2025-09-11,2025-09-11,225,0.0,1.0,0,0.0,0.0
AnkiDroid/src/main/res/layout/include_anki_progress.xml,1,0,0,0,1,1,2026-03-22,2026-03-22,33,0.0,1.0,0,0.0,0.0
AnkiDroid/src/main/res/layout/include_browser_toolbar.xml,1,0,0,0,1,1,2026-03-22,2026-03-22,33,0.0,1.0,0,0.0,0.0
AnkiDroid/src/main/res/layout/include_card_template_editor_main.xml,1,0,0,0,1,1,2026-03-22,2026-03-22,33,0.0,1.0,0,0.0,0.0
AnkiDroid/src/main/res/layout/include_card_template_editor_top.xml,1,0,0,0,1,1,2026-03-22,2026-03-22,33,0.0,1.0,0,0.0,0.0
AnkiDroid/src/main/res/layout/include_reviewer_flashcard.xml,1,0,0,0,1,1,2026-03-22,2026-03-22,33,0.0,1.0,0,0.0,0.0
AnkiDroid/src/main/res/layout/include_reviewer_flashcard_fullscreen.xml,1,0,0,0,1,1,2026-03-23,2026-03-23,32,0.0,1.0,0,0.0,0.0
AnkiDroid/src/main/res/layout/include_reviewer_flashcard_fullscreen_noanswers.xml,1,0,0,0,1,1,2026-03-22,2026-03-22,33,0.0,1.0,0,0.0,0.0
AnkiDroid/src/main/res/layout/include_reviewer_mic_tool_bar.xml,1,0,0,0,1,1,2026-03-22,2026-03-22,33,0.0,1.0,0,0.0,0.0
AnkiDroid/src/main/res/layout/include_reviewer_whiteboard_editor.xml,1,0,0,0,1,1,2026-03-22,2026-03-22,33,0.0,1.0,0,0.0,0.0
AnkiDroid/src/main/res/layout/include_tags_dialog_title.xml,1,0,0,0,1,1,2026-03-22,2026-03-22,33,0.0,1.0,0,0.0,0.0
AnkiDroid/src/main/res/layout/include_toolbar.xml,1,0,0,0,1,1,2026-03-22,2026-03-22,33,0.0,1.0,0,0.0,0.0
AnkiDroid/src/main/res/layout/item_advanced_search.xml,1,0,0,0,1,1,2026-03-22,2026-03-22,33,0.0,1.0,0,0.0,0.0
AnkiDroid/src/main/res/layout/item_browser_columns_entry.xml,1,0,0,0,1,1,2026-03-22,2026-03-22,33,0.0,1.0,0,0.0,0.0
AnkiDroid/src/main/res/layout/item_browser_columns_heading.xml,1,0,0,0,1,1,2026-03-22,2026-03-22,33,0.0,1.0,0,0.0,0.0
AnkiDroid/src/main/res/layout/item_button_color_brush.xml,1,0,0,0,1,1,2026-03-22,2026-03-22,33,0.0,1.0,0,0.0,0.0
AnkiDroid/src/main/res/layout/item_card_browser.xml,1,0,0,0,1,1,2026-03-22,2026-03-22,33,0.0,1.0,0,0.0,0.0
AnkiDroid/src/main/res/layout/item_control_preference.xml,1,0,0,0,1,1,2026-03-22,2026-03-22,33,0.0,1.0,0,0.0,0.0
AnkiDroid/src/main/res/layout/item_deck.xml,1,0,0,0,1,1,2026-03-22,2026-03-22,33,0.0,1.0,0,0.0,0.0
AnkiDroid/src/main/res/layout/item_deck_picker_dialog.xml,1,0,0,0,1,1,2026-03-22,2026-03-22,33,0.0,1.0,0,0.0,0.0
AnkiDroid/src/main/res/layout/item_edit_flag.xml,1,0,0,0,1,1,2026-03-22,2026-03-22,33,0.0,1.0,0,0.0,0.0
AnkiDroid/src/main/res/layout/item_grade_now.xml,1,0,0,0,1,1,2026-03-22,2026-03-22,33,0.0,1.0,0,0.0,0.0
AnkiDroid/src/main/res/layout/item_insert_special_field.xml,1,0,0,0,1,1,2026-03-22,2026-03-22,33,0.0,1.0,0,0.0,0.0
AnkiDroid/src/main/res/layout/item_locale.xml,1,0,0,0,1,1,2026-03-22,2026-03-22,33,0.0,1.0,0,0.0,0.0
AnkiDroid/src/main/res/layout/item_material_dialog.xml,1,0,0,0,1,1,2026-03-22,2026-03-22,33,0.0,1.0,0,0.0,0.0
AnkiDroid/src/main/res/layout/item_multiline_spinner.xml,1,0,0,0,1,1,2026-03-22,2026-03-22,33,0.0,1.0,0,0.0,0.0
AnkiDroid/src/main/res/layout/item_reviewer_menu.xml,1,0,0,0,1,1,2026-03-22,2026-03-22,33,0.0,1.0,0,0.0,0.0
AnkiDroid/src/main/res/layout/item_reviewer_menu_display_type.xml,1,0,0,0,1,1,2026-03-22,2026-03-22,33,0.0,1.0,0,0.0,0.0
AnkiDroid/src/main/res/layout/item_saved_search.xml,1,0,0,0,1,1,2026-03-22,2026-03-22,33,0.0,1.0,0,0.0,0.0
AnkiDroid/src/main/res/layout/item_schedule_reminders.xml,1,0,0,0,1,1,2026-03-22,2026-03-22,33,0.0,1.0,0,0.0,0.0
AnkiDroid/src/main/res/layout/item_spinner_dropdown_with_radio.xml,1,0,0,0,1,1,2026-03-23,2026-03-23,32,0.0,1.0,0,0.0,0.0
AnkiDroid/src/main/res/layout/item_tag.xml,1,0,0,0,1,1,2026-03-22,2026-03-22,33,0.0,1.0,0,0.0,0.0
AnkiDroid/src/main/res/layout/item_tts_voice.xml,1,0,0,0,1,1,2026-03-22,2026-03-22,33,0.0,1.0,0,0.0,0.0
AnkiDroid/src/main/res/layout/item_widget_deck_config.xml,1,0,0,0,1,1,2026-03-22,2026-03-22,33,0.0,1.0,0,0.0,0.0
AnkiDroid/src/main/res/layout/page_image_occlusion.xml,1,0,0,0,1,1,2026-03-23,2026-03-23,32,0.0,1.0,0,0.0,0.0
AnkiDroid/src/main/res/layout/page_statistics.xml,1,0,0,0,1,1,2026-03-23,2026-03-23,32,0.0,1.0,0,0.0,0.0
AnkiDroid/src/main/res/layout/preference_controls_tab.xml,1,0,0,0,1,1,2026-03-23,2026-03-23,32,0.0,1.0,0,0.0,0.0
AnkiDroid/src/main/res/layout/preference_extended_category.xml,1,0,0,0,1,1,2026-03-23,2026-03-23,32,0.0,1.0,0,0.0,0.0
AnkiDroid/src/main/res/layout/view_axis_display.xml,1,0,0,0,1,1,2026-01-03,2026-01-03,111,0.0,1.0,0,0.0,0.0
AnkiDroid/src/main/res/layout/view_browser_column_cell.xml,1,0,0,0,1,1,2026-03-23,2026-03-23,32,0.0,1.0,0,0.0,0.0
AnkiDroid/src/main/res/layout/view_browser_column_heading.xml,1,0,0,0,1,1,2026-03-23,2026-03-23,32,0.0,1.0,0,0.0,0.0
AnkiDroid/src/main/res/layout/view_card_multimedia_editline.xml,1,0,0,0,1,1,2026-01-03,2026-01-03,111,0.0,1.0,0,0.0,0.0
AnkiDroid/src/main/res/layout/view_colorpicker_flag_bubble.xml,1,0,0,0,1,1,2026-03-23,2026-03-23,32,0.0,1.0,0,0.0,0.0
AnkiDroid/src/main/res/layout/view_gesture_display.xml,1,0,0,0,1,1,2026-01-03,2026-01-03,111,0.0,1.0,0,0.0,0.0
AnkiDroid/src/main/res/layout/view_instant_editor_field.xml,1,0,0,0,1,1,2026-03-23,2026-03-23,32,0.0,1.0,0,0.0,0.0
AnkiDroid/src/main/res/layout/view_navdrawer_header.xml,1,0,0,0,1,1,2026-03-23,2026-03-23,32,0.0,1.0,0,0.0,0.0
AnkiDroid/src/main/res/layout/view_note_editor_toolbar.xml,1,0,0,0,1,1,2026-03-23,2026-03-23,32,0.0,1.0,0,0.0,0.0
AnkiDroid/src/main/res/layout/view_permissions_item.xml,1,0,0,0,1,1,2026-01-03,2026-01-03,111,0.0,1.0,0,0.0,0.0
AnkiDroid/src/main/res/layout/view_resizing_divider_internal.xml,1,0,0,0,1,1,2026-03-23,2026-03-23,32,0.0,1.0,0,0.0,0.0
AnkiDroid/src/main/res/layout/view_sync_progress_layout.xml,1,0,0,0,1,1,2026-03-23,2026-03-23,32,0.0,1.0,0,0.0,0.0
AnkiDroid/src/main/res/layout/view_tab_layout_icon_on_end.xml,1,0,0,0,1,1,2026-03-23,2026-03-23,32,0.0,1.0,0,0.0,0.0
AnkiDroid/src/test/java/com/ichi2/testutils/common/AnkiAssertTest.kt,1,0,0,0,1,1,2026-03-22,2026-03-22,33,0.0,1.0,0,0.0,0.0
AnkiDroid/src/testFixtures/java/com/ichi2/testutils/common/AnkiAssert.kt,1,0,0,0,1,1,2026-03-22,2026-03-22,33,0.0,1.0,0,0.0,0.0
AnkiDroid/src/testFixtures/java/com/ichi2/testutils/common/FailOnUnhandledExceptionRule.kt,1,0,0,0,1,1,2026-03-22,2026-03-22,33,0.0,1.0,0,0.0,0.0
AnkiDroid/src/testFixtures/java/com/ichi2/testutils/common/IgnoreFlakyTestsInCIRule.kt,1,0,0,0,1,1,2026-03-22,2026-03-22,33,0.0,1.0,0,0.0,0.0
common/android/consumer-rules.pro,1,0,0,0,1,1,2026-04-13,2026-04-13,11,0.0,1.0,0,0.0,0.0
common/android/proguard-rules.pro,1,0,0,0,1,1,2026-04-13,2026-04-13,11,0.0,1.0,0,0.0,0.0
common/android/src/main/java/com/ichi2/anki/common/utils/android/TestUtils.kt,1,0,0,0,1,1,2026-04-13,2026-04-13,11,0.0,1.0,0,0.0,0.0
common/android/src/main/java/com/ichi2/anki/common/utils/ext/Intent.kt,1,0,0,0,1,1,2026-04-13,2026-04-13,11,0.0,1.0,0,0.0,0.0
common/android/src/main/java/com/ichi2/anki/utils/android/ColorUtils.kt,1,0,0,0,1,1,2026-04-13,2026-04-13,11,0.0,1.0,0,0.0,0.0
common/src/testFixtures/java/com/ichi2/testutils/HamcrestUtils.kt,1,0,0,0,1,1,2026-04-07,2026-04-07,17,0.0,1.0,0,0.0,0.0
common/src/testFixtures/java/com/ichi2/utils/FileOperation.kt,1,0,0,0,1,1,2026-04-07,2026-04-07,17,0.0,1.0,0,0.0,0.0
compat/src/main/java/com/ichi2/compat/BaseCompat.kt,1,0,0,0,1,1,2026-03-22,2026-03-22,33,0.0,1.0,0,0.0,0.0
compat/src/main/java/com/ichi2/compat/Compat.kt,1,0,0,0,1,1,2026-03-22,2026-03-22,33,0.0,1.0,0,0.0,0.0
compat/src/main/java/com/ichi2/compat/CompatV26.kt,1,0,0,0,1,1,2026-03-22,2026-03-22,33,0.0,1.0,0,0.0,0.0
compat/src/main/java/com/ichi2/compat/CompatV28.kt,1,0,0,0,1,1,2026-03-22,2026-03-22,33,0.0,1.0,0,0.0,0.0
compat/src/main/java/com/ichi2/compat/CompatV29.kt,1,0,0,0,1,1,2026-03-22,2026-03-22,33,0.0,1.0,0,0.0,0.0
compat/src/main/java/com/ichi2/compat/CompatV31.kt,1,0,0,0,1,1,2026-03-22,2026-03-22,33,0.0,1.0,0,0.0,0.0
compat/src/main/java/com/ichi2/compat/CompatV33.kt,1,0,0,0,1,1,2026-03-22,2026-03-22,33,0.0,1.0,0,0.0,0.0
compat/src/main/java/com/ichi2/compat/CompatV34.kt,1,0,0,0,1,1,2026-03-22,2026-03-22,33,0.0,1.0,0,0.0,0.0
compat/src/main/java/com/ichi2/compat/FileStream.kt,1,0,0,0,1,1,2026-03-22,2026-03-22,33,0.0,1.0,0,0.0,0.0
compat/src/main/java/com/ichi2/compat/PackageManagerCompat.kt,1,0,0,0,1,1,2026-03-22,2026-03-22,33,0.0,1.0,0,0.0,0.0
compat/src/main/java/com/ichi2/compat/ResolveInfoCompat.kt,1,0,0,0,1,1,2026-03-22,2026-03-22,33,0.0,1.0,0,0.0,0.0
compat/src/main/java/com/ichi2/compat/UtteranceProgressListenerCompat.kt,1,0,0,0,1,1,2026-03-22,2026-03-22,33,0.0,1.0,0,0.0,0.0
compat/src/main/java/com/ichi2/compat/VibrationAttributesCompat.kt,1,0,0,0,1,1,2026-03-22,2026-03-22,33,0.0,1.0,0,0.0,0.0
compat/src/test/java/com/ichi2/compat/CompatCopyFileTest.kt,1,0,0,0,1,1,2026-04-07,2026-04-07,17,0.0,1.0,0,0.0,0.0
compat/src/test/java/com/ichi2/compat/CompatDirectoryContentTest.kt,1,0,0,0,1,1,2026-04-07,2026-04-07,17,0.0,1.0,0,0.0,0.0
compat/src/test/java/com/ichi2/compat/CreateDirectoriesTest.kt,1,0,0,0,1,1,2026-04-07,2026-04-07,17,0.0,1.0,0,0.0,0.0
compat/src/test/resources/path-traversal.zip,1,0,0,0,1,1,2026-04-07,2026-04-07,17,0.0,1.0,0,0.0,0.0
compat/src/testFixtures/java/com/ichi2/compat/Test21And26.kt,1,0,0,0,1,1,2026-04-07,2026-04-07,17,0.0,1.0,0,0.0,0.0
docs/graphics/logos/discord_logo_color.png,1,0,0,0,1,1,2025-12-18,2025-12-18,127,0.0,1.0,0,0.0,0.0
docs/marketing/play_store/1.png,1,0,0,0,1,1,2026-02-21,2026-02-21,62,0.0,1.0,0,0.0,0.0
libanki/src/testFixtures/java/com/ichi2/anki/libanki/testutils/HtmlUtils.kt,1,0,0,0,1,1,2026-04-10,2026-04-10,14,0.0,1.0,0,0.0,0.0
libanki/src/testFixtures/java/com/ichi2/anki/libanki/testutils/InMemoryAnkiTest.kt,1,0,0,0,1,1,2026-04-10,2026-04-10,14,0.0,1.0,0,0.0,0.0
libanki/src/testFixtures/java/com/ichi2/anki/libanki/testutils/TestCollectionManager.kt,1,0,0,0,1,1,2026-04-10,2026-04-10,14,0.0,1.0,0,0.0,0.0
libanki/src/testFixtures/java/com/ichi2/anki/libanki/testutils/ext/Card.kt,1,0,0,0,1,1,2026-04-10,2026-04-10,14,0.0,1.0,0,0.0,0.0
libanki/src/testFixtures/java/com/ichi2/anki/libanki/testutils/ext/Collection.kt,1,0,0,0,1,1,2026-04-10,2026-04-10,14,0.0,1.0,0,0.0,0.0
vbpd/consumer-rules.pro,1,0,0,0,1,1,2025-10-27,2025-10-27,179,0.0,1.0,0,0.0,0.0
vbpd/src/main/java/dev/androidbroadcast/vbpd/ActivityViewBindings.kt,1,0,0,0,1,1,2025-10-27,2025-10-27,179,0.0,1.0,0,0.0,0.0
vbpd/src/main/java/dev/androidbroadcast/vbpd/FragmentViewBindings.kt,1,0,0,0,1,1,2025-10-27,2025-10-27,179,0.0,1.0,0,0.0,0.0
vbpd/src/main/java/dev/androidbroadcast/vbpd/ViewBindingProperty.kt,1,0,0,0,1,1,2025-10-27,2025-10-27,179,0.0,1.0,0,0.0,0.0
vbpd/src/main/java/dev/androidbroadcast/vbpd/ViewGroupBindings.kt,1,0,0,0,1,1,2025-10-27,2025-10-27,179,0.0,1.0,0,0.0,0.0
vbpd/src/main/java/dev/androidbroadcast/vbpd/ViewHolderBindings.kt,1,0,0,0,1,1,2025-10-27,2025-10-27,179,0.0,1.0,0,0.0,0.0
vbpd/src/main/java/dev/androidbroadcast/vbpd/internal/VbpdUtils.kt,1,0,0,0,1,1,2025-10-27,2025-10-27,179,0.0,1.0,0,0.0,0.0
