file_path,commit_count,additions,deletions,total_churn,unique_contributors,active_days,first_commit_date,last_commit_date,days_since_last_touch,avg_churn_per_commit,ownership_concentration,bugfix_commit_count,bugfix_commit_ratio,churn_burstiness
tools/localization/yarn.lock,31,16081,8830,24911,4,29,2024-08-16,2025-09-03,50,803.5806451612904,0.5161290322580645,0,0.0,0.3855324956846373
AnkiDroid/src/test/resources/anking_v11_tags.txt,1,16971,0,16971,1,1,2024-05-27,2024-05-27,514,16971.0,1.0,1,1.0,1.0
AnkiDroid/src/main/java/com/ichi2/anki/CardBrowser.kt,165,2859,3662,6521,19,96,2023-12-04,2025-10-11,12,39.52121212121212,0.5636363636363636,30,0.18181818181818182,0.16147830087409906
AnkiDroid/src/main/java/com/ichi2/anki/DeckPicker.kt,167,2117,2219,4336,26,103,2023-12-04,2025-10-03,20,25.964071856287426,0.3413173652694611,33,0.19760479041916168,0.20018450184501846
AnkiDroid/src/main/java/com/ichi2/anki/NoteEditor.kt,93,2048,1445,3493,14,68,2024-05-02,2025-07-05,110,37.55913978494624,0.22580645161290322,20,0.21505376344086022,0.2874320068708846
AnkiDroid/src/main/java/com/ichi2/anki/dialogs/customstudy/CustomStudyDialog.kt,55,1305,1094,2399,10,34,2024-02-28,2025-10-15,8,43.61818181818182,0.5454545454545454,10,0.18181818181818182,0.10796165068778658
AnkiDroid/src/main/java/com/ichi2/anki/browser/CardBrowserViewModel.kt,84,1615,751,2366,12,54,2024-04-26,2025-09-08,45,28.166666666666668,0.7857142857142857,16,0.19047619047619047,0.11665257819103973
AnkiDroid/src/main/java/com/ichi2/anki/ui/windows/reviewer/ReviewerFragment.kt,110,1473,745,2218,7,62,2024-04-27,2025-10-09,14,20.163636363636364,0.9181818181818182,16,0.14545454545454545,0.10279531109107304
AnkiDroid/src/main/java/com/ichi2/anki/CardTemplateEditor.kt,62,1234,757,1991,15,50,2024-05-02,2025-09-10,43,32.11290322580645,0.24193548387096775,17,0.27419354838709675,0.2179809141135108
AnkiDroid/src/test/java/com/ichi2/anki/CardBrowserTest.kt,67,1173,734,1907,12,45,2024-04-26,2025-08-07,77,28.46268656716418,0.6417910447761194,5,0.07462686567164178,0.2747771368641846
tools/localization/.yarn/releases/yarn-4.5.3.cjs,2,934,934,1868,1,2,2024-12-02,2025-07-31,84,934.0,1.0,0,0.0,0.5
AnkiDroid/src/main/assets/changelog.html,4,1798,9,1807,1,4,2024-05-13,2025-07-25,90,451.75,1.0,0,0.0,0.5024903154399557
AnkiDroid/src/main/java/com/ichi2/anki/AbstractFlashcardViewer.kt,70,939,738,1677,16,49,2023-12-04,2025-10-12,11,23.957142857142856,0.3142857142857143,13,0.18571428571428572,0.28920691711389385
AnkiDroid/src/main/java/com/ichi2/anki/multimedia/MultimediaImageFragment.kt,28,1212,402,1614,7,21,2024-06-13,2025-06-27,118,57.642857142857146,0.4642857142857143,11,0.39285714285714285,0.26332094175960347
AnkiDroid/src/main/java/com/ichi2/anki/ui/windows/reviewer/ReviewerViewModel.kt,98,1153,435,1588,8,57,2024-04-27,2025-09-23,30,16.20408163265306,0.7959183673469388,10,0.10204081632653061,0.163727959697733
AnkiDroid/src/test/java/com/ichi2/anki/browser/CardBrowserViewModelTest.kt,46,1431,144,1575,6,37,2024-04-26,2025-08-10,74,34.23913043478261,0.8260869565217391,5,0.10869565217391304,0.11174603174603175
AnkiDroid/src/androidTest/java/com/ichi2/anki/tests/ContentProviderTest.kt,35,846,625,1471,8,26,2023-12-04,2025-07-28,87,42.02857142857143,0.5142857142857142,4,0.11428571428571428,0.2080217539089055
AnkiDroid/src/main/java/com/ichi2/anki/browser/CardBrowserFragment.kt,44,1225,177,1402,3,14,2025-06-09,2025-09-13,40,31.863636363636363,0.9545454545454546,6,0.13636363636363635,0.1804564907275321
libanki/src/main/java/com/ichi2/anki/libanki/Collection.kt,27,1063,308,1371,1,8,2025-06-17,2025-09-07,46,50.77777777777778,1.0,0,0.0,0.15681983953318746
AnkiDroid/src/main/java/com/ichi2/anki/instantnoteeditor/InstantNoteEditorActivity.kt,24,923,247,1170,6,20,2024-05-14,2025-10-17,6,48.75,0.5416666666666666,3,0.125,0.4076923076923077
AnkiDroid/src/main/res/layout/reviewer2.xml,30,700,409,1109,2,24,2024-05-22,2025-08-10,74,36.96666666666667,0.9666666666666667,7,0.23333333333333334,0.24887285843101895
AnkiDroid/src/main/java/com/ichi2/anki/provider/CardContentProvider.kt,40,617,474,1091,10,34,2023-12-04,2025-09-09,44,27.275,0.4,7,0.175,0.24106324472960586
AnkiDroid/src/main/java/com/ichi2/anki/Reviewer.kt,75,665,408,1073,15,55,2024-04-21,2025-09-08,45,14.306666666666667,0.37333333333333335,16,0.21333333333333335,0.1239515377446412
AnkiDroid/src/main/java/com/ichi2/anki/multimediacard/fields/BasicImageFieldController.kt,6,51,1004,1055,4,6,2024-04-25,2024-08-01,448,175.83333333333334,0.3333333333333333,0,0.0,0.8976303317535546
AnkiDroid/src/main/java/com/ichi2/anki/AnkiActivity.kt,38,676,327,1003,12,33,2024-05-02,2025-09-10,43,26.394736842105264,0.3157894736842105,9,0.23684210526315788,0.19042871385842472
AnkiDroid/src/main/assets/mathjax/sre/sre_browser.js,1,0,999,999,1,1,2024-10-11,2024-10-11,377,999.0,1.0,0,0.0,1.0
AnkiDroid/src/main/java/com/ichi2/widget/cardanalysis/CardAnalysisWidgetConfig.kt,17,601,394,995,5,12,2024-08-27,2025-10-05,18,58.529411764705884,0.4117647058823529,1,0.058823529411764705,0.37185929648241206
AnkiDroid/src/main/java/com/ichi2/libanki/Notetypes.kt,30,494,461,955,9,26,2024-06-09,2025-06-27,118,31.833333333333332,0.4,2,0.06666666666666667,0.2031413612565445
AnkiDroid/src/main/res/values-got/02-strings.xml,52,481,469,950,1,48,2024-04-27,2025-09-10,43,18.26923076923077,1.0,0,0.0,0.42947368421052634
tools/localization/.yarn/releases/yarn-4.9.2.cjs,1,942,0,942,1,1,2025-07-31,2025-07-31,84,942.0,1.0,0,0.0,1.0
AnkiDroid/src/main/java/com/ichi2/anki/StudyOptionsFragment.kt,31,476,463,939,9,25,2024-05-01,2025-08-29,55,30.29032258064516,0.4838709677419355,5,0.16129032258064516,0.2779552715654952
AnkiDroid/src/main/java/com/ichi2/anki/dialogs/MediaCheckDialog.kt,12,345,551,896,4,8,2024-11-03,2025-03-20,217,74.66666666666667,0.5,4,0.3333333333333333,0.3705357142857143
AnkiDroid/src/test/java/com/ichi2/anki/CardTemplateEditorTest.kt,18,422,434,856,8,17,2023-12-04,2025-10-17,6,47.55555555555556,0.4444444444444444,3,0.16666666666666666,0.3925233644859813
AnkiDroid/src/test/java/com/ichi2/anki/reviewreminders/ReviewRemindersDatabaseTest.kt,6,691,163,854,1,6,2025-07-03,2025-09-24,29,142.33333333333334,1.0,0,0.0,0.4309133489461358
AnkiDroid/src/main/res/values-ar/02-strings.xml,57,430,413,843,1,52,2024-05-12,2025-09-17,36,14.789473684210526,1.0,0,0.0,0.37722419928825623
AnkiDroid/src/main/java/com/ichi2/anki/dialogs/DatabaseErrorDialog.kt,27,480,353,833,8,19,2024-04-23,2025-08-03,81,30.85185185185185,0.37037037037037035,4,0.14814814814814814,0.24129651860744297
AnkiDroid/src/main/res/values-got/10-preferences.xml,44,430,397,827,1,41,2024-04-27,2025-10-09,14,18.795454545454547,1.0,0,0.0,0.44619105199516323
AnkiDroid/src/main/java/com/ichi2/anki/reviewreminders/ReviewRemindersDatabase.kt,7,590,236,826,2,7,2025-07-03,2025-09-24,29,118.0,0.8571428571428571,0,0.0,0.4043583535108959
AnkiDroid/src/main/java/com/ichi2/anki/cardviewer/CardMediaPlayer.kt,30,378,439,817,9,17,2024-05-02,2025-07-27,88,27.233333333333334,0.36666666666666664,4,0.13333333333333333,0.3047735618115055
AnkiDroid/src/main/java/com/ichi2/anki/ui/windows/reviewer/GestureParser.kt,18,566,240,806,1,12,2025-06-08,2025-08-09,75,44.77777777777778,1.0,3,0.16666666666666666,0.29156327543424315
AnkiDroid/src/test/java/com/ichi2/testutils/AnkiFragmentScenario.kt,3,615,181,796,2,3,2023-12-04,2024-11-29,328,265.3333333333333,0.6666666666666666,0,0.0,0.7311557788944724
AnkiDroid/src/main/java/com/ichi2/anki/CoroutineHelpers.kt,22,517,274,791,6,16,2024-04-26,2025-08-26,58,35.95454545454545,0.7272727272727273,8,0.36363636363636365,0.29582806573957016
AnkiDroid/src/main/java/com/ichi2/anki/analytics/UsageAnalytics.kt,22,406,362,768,9,16,2024-05-14,2025-07-04,111,34.90909090909091,0.36363636363636365,3,0.13636363636363635,0.48046875
AnkiDroid/src/main/res/values-gl/02-strings.xml,54,389,377,766,1,50,2024-04-27,2025-09-10,43,14.185185185185185,1.0,0,0.0,0.2741514360313316
AnkiDroid/src/main/res/values-af/02-strings.xml,52,389,377,766,1,48,2024-04-27,2025-09-09,44,14.73076923076923,1.0,0,0.0,0.2819843342036554
AnkiDroid/src/main/res/values-gu/02-strings.xml,52,389,377,766,1,49,2024-04-27,2025-09-09,44,14.73076923076923,1.0,0,0.0,0.4621409921671018
AnkiDroid/src/main/res/values-lv/10-preferences.xml,48,389,357,746,1,43,2024-04-27,2025-10-09,14,15.541666666666666,1.0,0,0.0,0.2037533512064343
gradle/libs.versions.toml,107,393,348,741,13,86,2024-04-23,2025-10-18,5,6.925233644859813,0.4485981308411215,6,0.056074766355140186,0.05263157894736842
AnkiDroid/src/main/res/layout-sw600dp/reviewer2.xml,16,511,215,726,1,15,2025-02-08,2025-08-10,74,45.375,1.0,3,0.1875,0.4476584022038568
AnkiDroid/src/main/res/values-uz/02-strings.xml,43,360,358,718,1,40,2024-04-27,2025-09-29,24,16.697674418604652,1.0,0,0.0,0.34818941504178275
AnkiDroid/src/main/res/values-iw/02-strings.xml,53,549,163,712,1,49,2024-05-02,2025-09-09,44,13.433962264150944,1.0,0,0.0,0.5126404494382022
AnkiDroid/src/main/res/values-lv/02-strings.xml,48,360,347,707,1,46,2024-04-27,2025-09-09,44,14.729166666666666,1.0,0,0.0,0.4243281471004243
AnkiDroid/src/main/java/com/ichi2/anki/BackupManager.kt,11,185,520,705,5,8,2024-07-15,2025-07-05,110,64.0909090909091,0.5454545454545454,1,0.09090909090909091,0.502127659574468
AnkiDroid/src/main/res/values-ta/02-strings.xml,45,350,353,703,1,43,2024-04-27,2025-09-09,44,15.622222222222222,1.0,0,0.0,0.7083926031294452
AnkiDroid/src/main/java/com/ichi2/anki/dialogs/tags/TagsDialog.kt,23,397,298,695,7,19,2024-05-04,2025-09-04,49,30.217391304347824,0.5217391304347826,8,0.34782608695652173,0.47050359712230216
AnkiDroid/src/main/java/com/ichi2/anki/MetaDB.kt,12,418,271,689,5,9,2024-06-01,2025-08-09,75,57.416666666666664,0.6666666666666666,2,0.16666666666666666,0.41364296081277213
AnkiDroid/src/main/res/values-uz/10-preferences.xml,37,358,329,687,1,33,2024-04-27,2025-10-14,9,18.56756756756757,1.0,0,0.0,0.5545851528384279
AnkiDroid/src/main/java/com/ichi2/libanki/Collection.kt,36,300,375,675,10,32,2024-05-14,2025-07-05,110,18.75,0.4444444444444444,4,0.1111111111111111,0.2814814814814815
AnkiDroid/src/main/java/com/ichi2/anki/preferences/Preferences.kt,21,358,312,670,8,17,2024-05-23,2025-08-14,70,31.904761904761905,0.3333333333333333,5,0.23809523809523808,0.382089552238806
AnkiDroid/src/main/res/values-gl/10-preferences.xml,51,346,315,661,1,44,2024-04-27,2025-10-14,9,12.96078431372549,1.0,0,0.0,0.2692889561270802
AnkiDroid/src/main/java/com/ichi2/anki/pages/DeckOptions.kt,25,430,229,659,8,19,2024-05-04,2025-07-05,110,26.36,0.52,5,0.2,0.20333839150227617
AnkiDroid/src/main/java/com/ichi2/anki/instantnoteeditor/InstantEditorViewModel.kt,18,552,106,658,5,15,2024-05-14,2025-07-09,106,36.55555555555556,0.5,4,0.2222222222222222,0.30547112462006076
AnkiDroid/src/main/java/com/ichi2/anki/servicelayer/scopedstorage/migrateuserdata/MigrateUserData.kt,1,0,657,657,1,1,2024-08-27,2024-08-27,422,657.0,1.0,0,0.0,1.0
AnkiDroid/src/main/res/values-pa/02-strings.xml,49,333,321,654,1,46,2024-04-27,2025-09-09,44,13.346938775510203,1.0,0,0.0,0.15902140672782875
AnkiDroid/src/main/res/values-got/01-core.xml,25,304,345,649,1,25,2024-04-25,2025-09-10,43,25.96,1.0,0,0.0,0.3913713405238829
AnkiDroid/src/main/res/values-pa/10-preferences.xml,42,337,307,644,1,40,2024-04-27,2025-10-09,14,15.333333333333334,1.0,0,0.0,0.5590062111801242
AnkiDroid/src/main/java/com/ichi2/anki/multimedia/AudioVideoFragment.kt,11,538,102,640,4,7,2024-07-21,2025-06-18,127,58.18181818181818,0.45454545454545453,2,0.18181818181818182,0.6375
AnkiDroid/src/main/res/values-ta/10-preferences.xml,39,331,302,633,1,37,2024-04-27,2025-10-09,14,16.23076923076923,1.0,0,0.0,0.35071090047393366
AnkiDroid/src/main/java/com/ichi2/anki/dialogs/DeckSelectionDialog.kt,19,354,266,620,6,16,2024-02-24,2025-08-07,77,32.63157894736842,0.42105263157894735,3,0.15789473684210525,0.267741935483871
AnkiDroid/src/main/java/com/ichi2/anki/deckpicker/DeckPickerViewModel.kt,37,539,77,616,5,17,2024-12-29,2025-10-03,20,16.64864864864865,0.8378378378378378,2,0.05405405405405406,0.10551948051948051
AnkiDroid/src/main/java/com/ichi2/anki/reviewreminders/ScheduleReminders.kt,11,540,76,616,2,11,2025-06-15,2025-10-02,21,56.0,0.7272727272727273,1,0.09090909090909091,0.29707792207792205
AnkiDroid/src/main/res/values-gu/10-preferences.xml,44,322,291,613,1,41,2024-04-27,2025-10-09,14,13.931818181818182,1.0,0,0.0,0.2740619902120718
AnkiDroid/src/main/res/values-eo/02-strings.xml,65,310,298,608,1,60,2024-04-25,2025-09-17,36,9.353846153846154,1.0,0,0.0,0.21546052631578946
AnkiDroid/src/main/res/values-bn/10-preferences.xml,43,314,283,597,1,41,2024-04-27,2025-10-09,14,13.883720930232558,1.0,0,0.0,0.3685092127303183
AnkiDroid/src/main/res/values-iw/10-preferences.xml,46,494,94,588,1,43,2024-05-02,2025-10-09,14,12.782608695652174,1.0,0,0.0,0.6258503401360545
AnkiDroid/src/test/java/com/ichi2/libanki/SchedulerTest.kt,19,285,302,587,5,15,2023-12-04,2025-06-18,127,30.894736842105264,0.42105263157894735,0,0.0,0.3526405451448041
AnkiDroid/src/test/java/com/ichi2/anki/dialogs/CustomStudyDialogTest.kt,20,360,226,586,4,15,2024-02-28,2025-07-05,110,29.3,0.7,4,0.2,0.16382252559726962
AnkiDroid/src/main/java/com/ichi2/anki/cardviewer/ViewerCommand.kt,21,296,288,584,7,12,2024-05-14,2025-06-21,124,27.80952380952381,0.47619047619047616,1,0.047619047619047616,0.3116438356164384
AnkiDroid/src/androidTest/java/com/ichi2/anki/ReviewerTest.kt,15,322,262,584,6,10,2024-03-31,2025-09-06,47,38.93333333333333,0.4,2,0.13333333333333333,0.7123287671232876
AnkiDroid/src/main/java/com/ichi2/widget/cardanalysis/CardAnalysisWidget.kt,15,457,120,577,4,12,2024-08-27,2025-09-09,44,38.46666666666667,0.5333333333333333,3,0.2,0.4090121317157712
AnkiDroid/src/main/res/values-ar/01-core.xml,35,265,310,575,1,33,2024-04-25,2025-09-17,36,16.428571428571427,1.0,0,0.0,0.2573913043478261
AnkiDroid/src/main/java/com/ichi2/anki/dialogs/help/HelpDialog.kt,9,294,275,569,5,7,2024-04-23,2025-08-03,81,63.22222222222222,0.5555555555555556,2,0.2222222222222222,0.7978910369068541
AnkiDroid/src/main/java/com/ichi2/utils/LanguageUtil.kt,9,342,225,567,5,9,2023-12-04,2025-08-29,55,63.0,0.3333333333333333,4,0.4444444444444444,0.7777777777777778
AnkiDroid/src/main/java/com/ichi2/anki/ui/RecyclerFastScroller.kt,4,492,75,567,1,3,2025-01-17,2025-06-10,135,141.75,1.0,2,0.5,0.7918871252204586
AnkiDroid/src/main/res/values-bn/02-strings.xml,49,283,271,554,1,46,2024-04-27,2025-09-09,44,11.306122448979592,1.0,0,0.0,0.22021660649819494
AnkiDroid/src/main/res/xml/preferences_controls.xml,13,150,399,549,4,13,2024-05-14,2025-09-20,33,42.23076923076923,0.6153846153846154,3,0.23076923076923078,0.6029143897996357
AnkiDroid/src/main/java/com/ichi2/anki/dialogs/EditDeckDescriptionDialog.kt,19,313,228,541,4,9,2024-12-09,2025-10-11,12,28.473684210526315,0.8421052631578947,5,0.2631578947368421,0.23105360443622922
AnkiDroid/src/main/java/com/ichi2/anki/AnkiFragment.kt,14,269,269,538,5,11,2024-07-02,2025-01-02,294,38.42857142857143,0.35714285714285715,3,0.21428571428571427,0.4107806691449814
AnkiDroid/src/main/res/values-lt/02-strings.xml,45,275,261,536,1,43,2024-04-27,2025-09-09,44,11.911111111111111,1.0,0,0.0,0.6417910447761194
AnkiDroid/src/main/res/values-got/03-dialogs.xml,38,269,267,536,1,35,2024-04-27,2025-09-10,43,14.105263157894736,1.0,0,0.0,0.417910447761194
AnkiDroid/src/main/java/com/ichi2/anki/servicelayer/PreferenceUpgradeService.kt,23,387,149,536,7,18,2024-06-15,2025-08-15,69,23.304347826086957,0.43478260869565216,2,0.08695652173913043,0.457089552238806
AnkiDroid/src/main/res/values-is/02-strings.xml,42,85,449,534,2,40,2024-04-27,2025-08-04,80,12.714285714285714,0.9761904761904762,0,0.0,0.6891385767790262
AnkiDroid/src/main/java/com/ichi2/libanki/sched/Scheduler.kt,27,257,277,534,10,21,2023-12-04,2025-07-02,113,19.77777777777778,0.3333333333333333,2,0.07407407407407407,0.43258426966292135
AnkiDroid/src/test/java/com/ichi2/anki/dialogs/tags/TagsDialogTest.kt,15,239,294,533,5,15,2024-05-05,2025-07-21,94,35.53333333333333,0.6,6,0.4,0.17823639774859287
AnkiDroid/src/main/java/com/ichi2/anki/multimediacard/activity/MultimediaEditFieldActivity.kt,4,18,513,531,3,4,2024-07-15,2024-08-03,446,132.75,0.5,0,0.0,0.9303201506591338
AnkiDroid/src/main/java/com/ichi2/anki/ui/windows/reviewer/whiteboard/WhiteboardFragment.kt,2,530,1,531,1,1,2025-09-05,2025-09-05,48,265.5,1.0,0,0.0,0.9943502824858758
AnkiDroid/src/main/res/values-ko/02-strings.xml,53,269,258,527,1,51,2024-04-27,2025-09-09,44,9.943396226415095,1.0,0,0.0,0.20113851992409867
AnkiDroid/src/main/res/values-jv/02-strings.xml,42,83,443,526,2,40,2024-04-27,2025-08-04,80,12.523809523809524,0.9761904761904762,0,0.0,0.688212927756654
AnkiDroid/src/main/java/com/ichi2/audio/AudioRecordingController.kt,9,380,144,524,5,6,2024-04-21,2024-08-01,448,58.22222222222222,0.5555555555555556,2,0.2222222222222222,0.44274809160305345
AnkiDroid/build.gradle,104,293,225,518,12,84,2024-04-29,2025-10-18,5,4.980769230769231,0.8076923076923077,0,0.0,0.05791505791505792
AnkiDroid/src/main/java/com/ichi2/anki/SharedDecksActivity.kt,16,294,223,517,8,9,2024-07-15,2025-06-18,127,32.3125,0.5,7,0.4375,0.5203094777562862
AnkiDroid/src/main/res/values-ss/02-strings.xml,39,67,446,513,2,37,2024-04-27,2025-08-04,80,13.153846153846153,0.9743589743589743,0,0.0,0.7173489278752436
AnkiDroid/src/main/res/values-sw/02-strings.xml,39,67,446,513,2,37,2024-04-27,2025-08-04,80,13.153846153846153,0.9743589743589743,0,0.0,0.7173489278752436
AnkiDroid/src/main/res/values-ko/10-preferences.xml,48,271,241,512,1,45,2024-04-27,2025-10-09,14,10.666666666666666,1.0,0,0.0,0.287109375
AnkiDroid/src/main/res/values-tg/02-strings.xml,38,65,445,510,2,36,2024-04-27,2025-08-04,80,13.421052631578947,0.9736842105263158,0,0.0,0.7215686274509804
AnkiDroid/src/main/java/com/ichi2/anki/AnkiDroidJsAPI.kt,23,324,185,509,7,17,2024-05-24,2025-08-03,81,22.130434782608695,0.34782608695652173,1,0.043478260869565216,0.3516699410609037
AnkiDroid/src/main/res/values-ug/10-preferences.xml,39,450,54,504,1,35,2025-01-04,2025-10-09,14,12.923076923076923,1.0,0,0.0,0.7400793650793651
AnkiDroid/src/main/res/values-ug/02-strings.xml,31,441,60,501,1,28,2025-01-04,2025-09-17,36,16.161290322580644,1.0,0,0.0,0.7145708582834331
AnkiDroid/src/main/java/com/ichi2/anki/widgets/DeckAdapter.kt,18,204,295,499,8,16,2024-07-09,2025-10-18,5,27.72222222222222,0.2777777777777778,6,0.3333333333333333,0.2845691382765531
AnkiDroid/src/main/java/com/ichi2/preferences/ControlPreference.kt,7,242,255,497,3,6,2024-07-15,2025-06-03,142,71.0,0.7142857142857143,1,0.14285714285714285,0.7766599597585513
AnkiDroid/src/main/res/values-eo/01-core.xml,33,226,267,493,1,30,2024-04-25,2025-09-17,36,14.93939393939394,1.0,0,0.0,0.26774847870182555
AnkiDroid/src/main/java/com/ichi2/widget/DeckPickerWidgetConfig.kt,1,489,0,489,1,1,2024-05-22,2024-05-22,519,489.0,1.0,0,0.0,1.0
AnkiDroid/src/main/java/com/ichi2/anki/dialogs/SyncErrorDialog.kt,13,273,215,488,4,10,2024-11-03,2025-08-03,81,37.53846153846154,0.46153846153846156,3,0.23076923076923078,0.26024590163934425
AnkiDroid/src/main/res/values-is/10-preferences.xml,34,62,425,487,2,32,2024-04-27,2025-08-04,80,14.323529411764707,0.9705882352941176,0,0.0,0.8049281314168378
AnkiDroid/src/main/res/values-iw/03-dialogs.xml,38,380,106,486,1,35,2024-05-02,2025-09-05,48,12.789473684210526,1.0,0,0.0,0.5555555555555556
AnkiDroid/src/main/res/values-fa/02-strings.xml,59,249,235,484,1,55,2024-05-12,2025-10-05,18,8.203389830508474,1.0,0,0.0,0.16115702479338842
AnkiDroid/src/main/res/values-tn/02-strings.xml,36,55,429,484,2,34,2024-04-27,2025-08-04,80,13.444444444444445,0.9722222222222222,0,0.0,0.7603305785123967
AnkiDroid/src/main/res/values-ts/02-strings.xml,36,55,429,484,2,34,2024-04-27,2025-08-04,80,13.444444444444445,0.9722222222222222,0,0.0,0.7603305785123967
AnkiDroid/src/main/res/values-ve/02-strings.xml,36,55,429,484,2,34,2024-04-27,2025-08-04,80,13.444444444444445,0.9722222222222222,0,0.0,0.7603305785123967
AnkiDroid/src/main/res/values-xh/02-strings.xml,36,55,429,484,2,34,2024-04-27,2025-08-04,80,13.444444444444445,0.9722222222222222,0,0.0,0.7603305785123967
AnkiDroid/src/main/res/values-zu/02-strings.xml,36,55,429,484,2,34,2024-04-27,2025-08-04,80,13.444444444444445,0.9722222222222222,0,0.0,0.7603305785123967
AnkiDroid/src/main/res/values-jv/10-preferences.xml,34,61,421,482,2,32,2024-04-27,2025-08-04,80,14.176470588235293,0.9705882352941176,0,0.0,0.8070539419087137
AnkiDroid/src/main/java/com/ichi2/anki/ui/windows/reviewer/audiorecord/AudioRecordView.kt,3,480,2,482,2,3,2025-08-10,2025-08-28,56,160.66666666666666,0.6666666666666666,0,0.0,0.9896265560165975
AnkiDroid/src/main/java/com/ichi2/anki/Sync.kt,37,192,287,479,8,21,2024-06-07,2025-08-31,53,12.945945945945946,0.4864864864864865,6,0.16216216216216217,0.30062630480167013
AnkiDroid/src/main/res/values-eo/10-preferences.xml,56,251,227,478,1,48,2024-04-25,2025-10-14,9,8.535714285714286,1.0,0,0.0,0.25313807531380755
AnkiDroid/src/main/res/values-wo/02-strings.xml,36,53,423,476,2,34,2024-04-27,2025-08-04,80,13.222222222222221,0.9722222222222222,0,0.0,0.7605042016806722
AnkiDroid/src/main/res/values-yue/02-strings.xml,36,53,423,476,2,34,2024-04-27,2025-08-04,80,13.222222222222221,0.9722222222222222,0,0.0,0.7605042016806722
AnkiDroid/src/main/res/values-ss/10-preferences.xml,31,55,420,475,2,29,2024-04-27,2025-08-04,80,15.32258064516129,0.967741935483871,0,0.0,0.8252631578947368
AnkiDroid/src/main/res/values-sw/10-preferences.xml,31,55,420,475,2,29,2024-04-27,2025-08-04,80,15.32258064516129,0.967741935483871,0,0.0,0.8252631578947368
AnkiDroid/src/test/java/com/ichi2/anki/widget/cardanalysis/CardAnalysisWidgetConfigTest.kt,10,340,135,475,4,8,2024-08-27,2025-10-05,18,47.5,0.4,1,0.1,0.5094736842105263
AnkiDroid/src/main/res/values-tg/10-preferences.xml,30,54,419,473,2,28,2024-04-27,2025-08-04,80,15.766666666666667,0.9666666666666667,0,0.0,0.828752642706131
AnkiDroid/src/main/java/com/ichi2/anki/noteeditor/NoteEditorLauncher.kt,13,346,126,472,5,10,2024-07-04,2025-08-03,81,36.30769230769231,0.3076923076923077,1,0.07692307692307693,0.3813559322033898
AnkiDroid/src/main/java/com/ichi2/anki/multimediacard/MediaPlayer.kt,5,112,360,472,3,4,2024-07-15,2025-01-04,292,94.4,0.6,0,0.0,0.684322033898305
AnkiDroid/src/main/res/values-iw/01-core.xml,26,348,122,470,1,26,2024-05-02,2025-09-10,43,18.076923076923077,1.0,0,0.0,0.5680851063829787
AnkiDroid/src/main/java/com/ichi2/anki/services/MigrationService.kt,2,6,464,470,2,2,2024-07-15,2024-08-27,422,235.0,0.5,0,0.0,0.9851063829787234
AnkiDroid/src/main/res/values-gu/03-dialogs.xml,35,231,229,460,1,33,2024-04-27,2025-09-05,48,13.142857142857142,1.0,0,0.0,0.3869565217391304
AnkiDroid/src/main/java/com/ichi2/anki/settings/Prefs.kt,41,388,70,458,5,25,2025-01-16,2025-10-12,11,11.170731707317072,0.8292682926829268,4,0.0975609756097561,0.32751091703056767
AnkiDroid/src/main/res/values-tn/10-preferences.xml,28,47,411,458,2,26,2024-04-27,2025-08-04,80,16.357142857142858,0.9642857142857143,0,0.0,0.8558951965065502
AnkiDroid/src/main/res/values-ts/10-preferences.xml,28,47,411,458,2,26,2024-04-27,2025-08-04,80,16.357142857142858,0.9642857142857143,0,0.0,0.8558951965065502
AnkiDroid/src/main/res/values-ve/10-preferences.xml,28,47,411,458,2,26,2024-04-27,2025-08-04,80,16.357142857142858,0.9642857142857143,0,0.0,0.8558951965065502
AnkiDroid/src/main/res/values-xh/10-preferences.xml,28,47,411,458,2,26,2024-04-27,2025-08-04,80,16.357142857142858,0.9642857142857143,0,0.0,0.8558951965065502
AnkiDroid/src/main/res/values-zu/10-preferences.xml,28,47,411,458,2,26,2024-04-27,2025-08-04,80,16.357142857142858,0.9642857142857143,0,0.0,0.8558951965065502
AnkiDroid/src/main/res/values-el/02-strings.xml,50,234,222,456,1,47,2024-04-27,2025-09-09,44,9.12,1.0,0,0.0,0.17105263157894737
AnkiDroid/src/main/res/values-wo/10-preferences.xml,28,47,408,455,2,26,2024-04-27,2025-08-04,80,16.25,0.9642857142857143,0,0.0,0.8549450549450549
AnkiDroid/src/main/res/values-yue/10-preferences.xml,28,47,408,455,2,26,2024-04-27,2025-08-04,80,16.25,0.9642857142857143,0,0.0,0.8549450549450549
AnkiDroid/src/main/java/com/ichi2/imagecropper/ImageCropper.kt,6,341,114,455,5,6,2024-08-05,2025-07-08,107,75.83333333333333,0.3333333333333333,3,0.5,0.38461538461538464
AnkiDroid/src/main/res/values-fil/10-preferences.xml,41,243,211,454,1,39,2024-04-27,2025-10-09,14,11.073170731707316,1.0,0,0.0,0.3788546255506608
AnkiDroid/src/test/java/com/ichi2/anki/ui/windows/reviewer/GestureParserTest.kt,12,388,66,454,1,8,2025-06-08,2025-08-09,75,37.833333333333336,1.0,1,0.08333333333333333,0.4779735682819383
AnkiDroid/src/main/java/com/ichi2/anki/ui/windows/reviewer/whiteboard/WhiteboardViewModel.kt,1,454,0,454,1,1,2025-09-05,2025-09-05,48,454.0,1.0,0,0.0,1.0
AnkiDroid/src/main/res/values-lt/10-preferences.xml,38,242,211,453,1,35,2024-04-27,2025-10-09,14,11.921052631578947,1.0,0,0.0,0.7571743929359823
AnkiDroid/src/main/java/com/ichi2/anki/ModelFieldEditor.kt,16,246,207,453,8,13,2024-07-15,2025-03-22,215,28.3125,0.4375,3,0.1875,0.39514348785871967
AnkiDroid/src/main/res/values-de/02-strings.xml,58,230,217,447,1,55,2024-05-01,2025-09-29,24,7.706896551724138,1.0,0,0.0,0.174496644295302
AnkiDroid/src/main/res/values-lv/03-dialogs.xml,38,224,222,446,1,35,2024-04-27,2025-09-05,48,11.736842105263158,1.0,0,0.0,0.34977578475336324
AnkiDroid/src/main/java/com/ichi2/anki/dialogs/EmptyCardsDialogFragment.kt,6,393,53,446,4,6,2025-01-14,2025-09-09,44,74.33333333333333,0.3333333333333333,1,0.16666666666666666,0.3991031390134529
AnkiDroid/src/main/java/com/ichi2/anki/MediaRegistration.kt,11,242,202,444,5,8,2024-07-15,2025-07-05,110,40.36363636363637,0.5454545454545454,1,0.09090909090909091,0.5968468468468469
tools/localization/package.json,32,224,219,443,4,30,2024-04-29,2025-09-03,50,13.84375,0.5625,0,0.0,0.05869074492099323
AnkiDroid/src/main/res/values-mr/02-strings.xml,47,226,214,440,1,45,2024-04-27,2025-09-09,44,9.361702127659575,1.0,0,0.0,0.35454545454545455
AnkiDroid/src/main/res/values-cs/02-strings.xml,62,226,212,438,1,55,2024-04-27,2025-09-21,32,7.064516129032258,1.0,0,0.0,0.1780821917808219
AnkiDroid/src/main/res/values-mr/10-preferences.xml,41,233,204,437,1,38,2024-04-27,2025-10-09,14,10.658536585365853,1.0,0,0.0,0.3135011441647597
AnkiDroid/src/main/res/values-ta/03-dialogs.xml,34,219,218,437,1,32,2024-04-27,2025-09-05,48,12.852941176470589,1.0,0,0.0,0.3707093821510298
AnkiDroid/src/main/res/values-ml/10-preferences.xml,41,234,202,436,1,39,2024-04-27,2025-10-09,14,10.634146341463415,1.0,0,0.0,0.3623853211009174
AnkiDroid/src/main/java/com/ichi2/anki/IntentHandler.kt,25,276,160,436,9,20,2024-07-02,2025-08-21,63,17.44,0.44,6,0.24,0.3394495412844037
AnkiDroid/src/main/java/com/ichi2/anki/previewer/CardViewerFragment.kt,21,239,197,436,6,16,2024-03-24,2025-08-09,75,20.761904761904763,0.47619047619047616,4,0.19047619047619047,0.3463302752293578
AnkiDroid/src/main/res/values-af/01-core.xml,27,196,237,433,1,25,2024-04-25,2025-09-10,43,16.037037037037038,1.0,0,0.0,0.20785219399538107
AnkiDroid/src/main/res/values-gl/01-core.xml,29,195,236,431,1,29,2024-04-25,2025-09-17,36,14.862068965517242,1.0,0,0.0,0.31554524361948955
AnkiDroid/src/main/java/com/ichi2/anki/preferences/HeaderFragment.kt,24,286,144,430,10,21,2024-05-23,2025-09-06,47,17.916666666666668,0.4166666666666667,3,0.125,0.17906976744186046
AnkiDroid/src/test/java/com/ichi2/anki/NoteEditorTest.kt,26,278,150,428,10,25,2024-05-20,2025-08-29,55,16.46153846153846,0.38461538461538464,5,0.19230769230769232,0.2803738317757009
AnkiDroid/src/main/java/com/ichi2/anki/export/ActivityExportingDelegate.kt,11,100,328,428,3,7,2024-07-15,2025-05-10,166,38.90909090909091,0.45454545454545453,2,0.18181818181818182,0.48364485981308414
AnkiDroid/src/main/java/com/ichi2/anki/reviewer/MappableBinding.kt,18,154,271,425,4,10,2024-07-15,2025-06-03,142,23.61111111111111,0.6111111111111112,1,0.05555555555555555,0.2564705882352941
AnkiDroid/src/main/java/com/ichi2/anki/browser/BrowserMultiColumnAdapter.kt,12,377,47,424,5,11,2024-07-09,2025-08-03,81,35.333333333333336,0.6666666666666666,2,0.16666666666666666,0.5990566037735849
AnkiDroid/src/main/res/values-pa/03-dialogs.xml,34,212,211,423,1,33,2024-04-27,2025-09-05,48,12.441176470588236,1.0,0,0.0,0.36879432624113473
AnkiDroid/src/test/java/com/ichi2/anki/DeckPickerTest.kt,36,188,234,422,12,30,2024-05-01,2025-08-29,55,11.722222222222221,0.4166666666666667,3,0.08333333333333333,0.3080568720379147
AnkiDroid/src/main/java/com/ichi2/libanki/DB.kt,9,136,284,420,4,7,2024-12-09,2025-06-27,118,46.666666666666664,0.6666666666666666,2,0.2222222222222222,0.4261904761904762
AnkiDroid/src/main/java/com/ichi2/anki/backend/AnkiDroidDB.kt,5,210,210,420,1,5,2025-06-18,2025-07-21,94,84.0,1.0,0,0.0,0.4928571428571429
AnkiDroid/src/main/res/values-sat/02-strings.xml,47,208,211,419,1,44,2024-04-27,2025-09-09,44,8.914893617021276,1.0,0,0.0,0.31026252983293556
AnkiDroid/src/main/res/values-ur/03-dialogs.xml,30,210,208,418,1,29,2024-04-27,2025-09-05,48,13.933333333333334,1.0,0,0.0,0.3492822966507177
AnkiDroid/src/main/java/com/ichi2/libanki/Card.kt,28,146,267,413,8,21,2024-05-05,2025-06-18,127,14.75,0.39285714285714285,2,0.07142857142857142,0.20581113801452786
AnkiDroid/src/main/java/com/ichi2/anki/NavigationDrawerActivity.kt,29,241,170,411,12,24,2024-05-02,2025-09-10,43,14.172413793103448,0.4482758620689655,6,0.20689655172413793,0.4257907542579075
AnkiDroid/src/main/res/values-uz/03-dialogs.xml,31,206,204,410,1,30,2024-04-27,2025-09-29,24,13.225806451612904,1.0,0,0.0,0.45365853658536587
AnkiDroid/src/main/res/values-fr/02-strings.xml,51,211,198,409,1,48,2024-04-27,2025-09-17,36,8.019607843137255,1.0,0,0.0,0.19070904645476772
AnkiDroid/src/main/res/values-ar/10-preferences.xml,49,225,183,408,1,43,2024-04-27,2025-10-14,9,8.326530612244898,1.0,0,0.0,0.38480392156862747
AnkiDroid/src/main/java/com/ichi2/libanki/Decks.kt,15,251,157,408,8,15,2024-05-01,2025-07-04,111,27.2,0.3333333333333333,2,0.13333333333333333,0.3112745098039216
AnkiDroid/src/main/java/com/ichi2/anki/export/ExportDialogFragment.kt,13,232,174,406,5,9,2024-12-09,2025-08-03,81,31.23076923076923,0.5384615384615384,2,0.15384615384615385,0.6674876847290641
AnkiDroid/src/main/res/values-fa/01-core.xml,37,182,222,404,1,35,2024-04-25,2025-10-05,18,10.91891891891892,1.0,0,0.0,0.20297029702970298
AnkiDroid/src/main/res/values-gu/01-core.xml,29,181,222,403,1,27,2024-04-25,2025-09-10,43,13.89655172413793,1.0,0,0.0,0.3076923076923077
AnkiDroid/src/main/res/layout/studyoptions_fragment.xml,4,231,171,402,2,4,2024-07-21,2024-12-26,301,100.5,0.75,2,0.5,0.8432835820895522
AnkiDroid/src/main/res/values-gl/03-dialogs.xml,39,199,197,396,1,36,2024-04-27,2025-09-05,48,10.153846153846153,1.0,0,0.0,0.26262626262626265
AnkiDroid/src/main/res/values-uz/01-core.xml,26,178,218,396,1,24,2024-04-25,2025-09-29,24,15.23076923076923,1.0,0,0.0,0.35858585858585856
AnkiDroid/src/main/java/com/ichi2/anki/scheduling/SetDueDateDialog.kt,16,250,146,396,5,10,2024-07-19,2025-07-05,110,24.75,0.75,1,0.0625,0.24242424242424243
AnkiDroid/src/main/java/com/ichi2/anki/pages/ImageOcclusion.kt,13,229,165,394,6,11,2024-05-21,2025-07-09,106,30.307692307692307,0.38461538461538464,5,0.38461538461538464,0.5025380710659898
AnkiDroid/src/main/res/values-te/02-strings.xml,53,198,194,392,1,48,2024-04-27,2025-09-09,44,7.39622641509434,1.0,0,0.0,0.17346938775510204
AnkiDroid/src/main/res/values-be/02-strings.xml,51,203,189,392,1,48,2024-04-27,2025-09-09,44,7.686274509803922,1.0,0,0.0,0.1989795918367347
AnkiDroid/src/main/res/values-pa/01-core.xml,24,174,215,389,1,22,2024-04-25,2025-09-10,43,16.208333333333332,1.0,0,0.0,0.2570694087403599
AnkiDroid/src/main/res/values-ml/02-strings.xml,46,199,187,386,1,44,2024-04-27,2025-09-09,44,8.391304347826088,1.0,0,0.0,0.33678756476683935
AnkiDroid/src/main/res/values-fil/02-strings.xml,51,198,185,383,1,46,2024-04-27,2025-09-09,44,7.509803921568627,1.0,0,0.0,0.206266318537859
AnkiDroid/src/main/res/values-fil/01-core.xml,26,171,212,383,1,26,2024-04-25,2025-09-10,43,14.73076923076923,1.0,0,0.0,0.2349869451697128
AnkiDroid/src/main/java/com/ichi2/anki/reviewreminders/ReviewReminder.kt,9,306,77,383,2,7,2025-07-03,2025-09-26,27,42.55555555555556,0.8888888888888888,1,0.1111111111111111,0.6214099216710183
AnkiDroid/src/main/res/values-ar/03-dialogs.xml,37,191,188,379,1,35,2024-05-27,2025-09-05,48,10.243243243243244,1.0,0,0.0,0.47229551451187335
AnkiDroid/src/main/java/com/ichi2/anki/reviewreminders/AddEditReminderDialog.kt,2,377,1,378,1,2,2025-09-26,2025-10-02,21,189.0,1.0,0,0.0,0.9232804232804233
AnkiDroid/src/main/java/com/ichi2/anki/previewer/TemplatePreviewerViewModel.kt,21,203,172,375,7,18,2024-05-02,2025-07-27,88,17.857142857142858,0.38095238095238093,7,0.3333333333333333,0.392
AnkiDroid/src/test/java/com/ichi2/libanki/ModelTest.kt,10,182,191,373,4,9,2024-07-15,2025-04-26,180,37.3,0.5,1,0.1,0.40214477211796246
AnkiDroid/src/main/res/values-pl/02-strings.xml,54,193,179,372,1,50,2024-04-27,2025-09-09,44,6.888888888888889,1.0,0,0.0,0.10752688172043011
AnkiDroid/src/main/res/values-af/03-dialogs.xml,32,187,185,372,1,30,2024-04-27,2025-09-05,48,11.625,1.0,0,0.0,0.7365591397849462
AnkiDroid/src/main/res/values-bn/03-dialogs.xml,34,186,184,370,1,32,2024-04-27,2025-09-05,48,10.882352941176471,1.0,0,0.0,0.5513513513513514
AnkiDroid/src/main/java/com/ichi2/anki/mediacheck/MediaCheckFragment.kt,3,324,46,370,1,2,2025-02-19,2025-05-17,159,123.33333333333333,1.0,0,0.0,0.5540540540540541
AnkiDroid/src/main/res/values-bg/02-strings.xml,46,190,178,368,1,44,2024-04-27,2025-09-09,44,8.0,1.0,0,0.0,0.28804347826086957
AnkiDroid/src/main/res/values-pt-rPT/02-strings.xml,57,181,184,365,1,50,2024-04-27,2025-09-09,44,6.4035087719298245,1.0,0,0.0,0.1863013698630137
AnkiDroid/src/main/res/values-pt-rPT/03-dialogs.xml,44,183,182,365,1,42,2024-04-27,2025-09-05,48,8.295454545454545,1.0,0,0.0,0.4986301369863014
AnkiDroid/src/main/res/values-es-rES/02-strings.xml,52,188,175,363,1,49,2024-04-27,2025-09-09,44,6.980769230769231,1.0,0,0.0,0.21487603305785125
AnkiDroid/src/main/res/values-es-rAR/02-strings.xml,51,188,175,363,1,49,2024-04-27,2025-09-09,44,7.117647058823529,1.0,0,0.0,0.21487603305785125
AnkiDroid/src/main/res/values-fi/02-strings.xml,46,189,174,363,1,44,2024-04-27,2025-09-09,44,7.891304347826087,1.0,0,0.0,0.27548209366391185
AnkiDroid/src/main/res/values-lv/01-core.xml,23,160,202,362,1,23,2024-04-25,2025-09-10,43,15.73913043478261,1.0,0,0.0,0.5138121546961326
AnkiDroid/src/main/java/com/ichi2/anki/CardTemplateNotetype.kt,14,203,157,360,5,12,2024-05-12,2025-07-05,110,25.714285714285715,0.42857142857142855,2,0.14285714285714285,0.31666666666666665
AnkiDroid/src/main/res/values-ja/02-strings.xml,64,185,174,359,1,59,2024-04-25,2025-09-29,24,5.609375,1.0,0,0.0,0.08356545961002786
AnkiDroid/src/main/res/values-is/03-dialogs.xml,29,52,307,359,2,27,2024-04-27,2025-08-04,80,12.379310344827585,0.9655172413793104,0,0.0,0.7158774373259053
AnkiDroid/src/main/res/values-sq/01-core.xml,20,159,200,359,1,20,2024-04-25,2025-09-10,43,17.95,1.0,0,0.0,0.5793871866295265
AnkiDroid/src/test/java/com/ichi2/anki/servicelayer/scopedstorage/ScopedStorageMigrationIntegrationTest.kt,2,15,344,359,2,2,2024-07-15,2024-08-27,422,179.5,0.5,0,0.0,0.9498607242339833
AnkiDroid/src/main/java/com/ichi2/anki/servicelayer/NoteService.kt,21,182,176,358,6,17,2024-05-27,2025-07-05,110,17.047619047619047,0.38095238095238093,2,0.09523809523809523,0.2206703910614525
AnkiDroid/src/test/java/com/ichi2/anki/servicelayer/scopedstorage/MoveFileTest.kt,2,12,344,356,2,2,2024-07-15,2024-08-27,422,178.0,0.5,0,0.0,0.9578651685393258
AnkiDroid/src/main/res/values-is/01-core.xml,20,49,305,354,2,20,2024-04-25,2025-08-04,80,17.7,0.95,0,0.0,0.5847457627118644
AnkiDroid/src/main/res/values-zh-rTW/01-core.xml,26,160,193,353,1,25,2024-04-25,2025-09-21,32,13.576923076923077,1.0,0,0.0,0.17847025495750707
AnkiDroid/src/main/java/com/ichi2/anki/multimedia/MultimediaUtils.kt,9,283,70,353,3,7,2024-06-13,2025-06-18,127,39.22222222222222,0.4444444444444444,2,0.2222222222222222,0.5014164305949008
AnkiDroid/src/main/res/values-pt-rPT/10-preferences.xml,52,191,161,352,1,48,2024-04-27,2025-10-09,14,6.769230769230769,1.0,0,0.0,0.29545454545454547
AnkiDroid/src/main/res/values-da/02-strings.xml,46,182,170,352,1,44,2024-04-27,2025-09-09,44,7.6521739130434785,1.0,0,0.0,0.2556818181818182
AnkiDroid/src/main/res/values-ss/03-dialogs.xml,27,48,304,352,2,26,2024-04-27,2025-08-04,80,13.037037037037036,0.9629629629629629,0,0.0,0.7301136363636364
AnkiDroid/src/main/res/values-sw/03-dialogs.xml,27,48,304,352,2,26,2024-04-27,2025-08-04,80,13.037037037037036,0.9629629629629629,0,0.0,0.7301136363636364
AnkiDroid/src/main/res/values-tg/01-core.xml,20,48,304,352,2,20,2024-04-25,2025-08-04,80,17.6,0.95,0,0.0,0.5880681818181818
AnkiDroid/src/main/res/values-tg/03-dialogs.xml,26,47,304,351,2,25,2024-04-27,2025-08-04,80,13.5,0.9615384615384616,0,0.0,0.7321937321937322
tools/crashes-data-mining/etl.ktr,1,0,351,351,1,1,2024-07-07,2024-07-07,473,351.0,1.0,0,0.0,1.0
AnkiDroid/src/main/res/values-ss/01-core.xml,19,47,303,350,2,19,2024-04-25,2025-08-04,80,18.42105263157895,0.9473684210526315,0,0.0,0.5914285714285714
AnkiDroid/src/main/res/values-sw/01-core.xml,19,47,303,350,2,19,2024-04-25,2025-08-04,80,18.42105263157895,0.9473684210526315,0,0.0,0.5914285714285714
AnkiDroid/src/main/res/values-uk/02-strings.xml,52,177,172,349,1,47,2024-04-27,2025-10-05,18,6.711538461538462,1.0,0,0.0,0.10315186246418338
AnkiDroid/src/main/res/values-az/02-strings.xml,46,180,168,348,1,44,2024-04-27,2025-10-14,9,7.565217391304348,1.0,0,0.0,0.2471264367816092
AnkiDroid/src/main/res/values-heb/02-strings.xml,52,184,163,347,1,48,2024-05-12,2025-09-09,44,6.673076923076923,1.0,0,0.0,0.10951008645533142
AnkiDroid/src/main/java/com/ichi2/anki/pages/CongratsPage.kt,22,209,138,347,7,17,2024-06-07,2025-07-30,85,15.772727272727273,0.5909090909090909,2,0.09090909090909091,0.1988472622478386
AnkiDroid/src/main/res/values-ko/01-core.xml,28,153,193,346,1,28,2024-04-25,2025-09-10,43,12.357142857142858,1.0,0,0.0,0.315028901734104
AnkiDroid/src/main/res/values-jv/01-core.xml,20,48,298,346,2,20,2024-04-25,2025-08-04,80,17.3,0.95,0,0.0,0.5838150289017341
AnkiDroid/src/main/res/values-tn/01-core.xml,17,46,300,346,2,17,2024-04-25,2025-08-04,80,20.352941176470587,0.9411764705882353,0,0.0,0.5982658959537572
AnkiDroid/src/main/res/values-ts/01-core.xml,17,46,300,346,2,17,2024-04-25,2025-08-04,80,20.352941176470587,0.9411764705882353,0,0.0,0.5982658959537572
AnkiDroid/src/main/res/values-ve/01-core.xml,17,46,300,346,2,17,2024-04-25,2025-08-04,80,20.352941176470587,0.9411764705882353,0,0.0,0.5982658959537572
AnkiDroid/src/main/res/values-xh/01-core.xml,17,46,300,346,2,17,2024-04-25,2025-08-04,80,20.352941176470587,0.9411764705882353,0,0.0,0.5982658959537572
AnkiDroid/src/main/res/values-zu/01-core.xml,17,46,300,346,2,17,2024-04-25,2025-08-04,80,20.352941176470587,0.9411764705882353,0,0.0,0.5982658959537572
AnkiDroid/src/main/java/com/ichi2/anki/Onboarding.kt,2,4,342,346,2,2,2024-07-03,2024-08-24,425,173.0,0.5,0,0.0,0.976878612716763
AnkiDroid/src/main/res/values-sq/03-dialogs.xml,30,173,172,345,1,29,2024-04-27,2025-09-05,48,11.5,1.0,0,0.0,0.4289855072463768
AnkiDroid/src/main/res/values-jv/03-dialogs.xml,29,49,296,345,2,27,2024-04-27,2025-08-04,80,11.89655172413793,0.9655172413793104,0,0.0,0.7217391304347827
AnkiDroid/src/main/res/values-tn/03-dialogs.xml,25,44,299,343,2,24,2024-04-27,2025-08-04,80,13.72,0.96,0,0.0,0.749271137026239
AnkiDroid/src/main/res/values-ts/03-dialogs.xml,25,44,299,343,2,24,2024-04-27,2025-08-04,80,13.72,0.96,0,0.0,0.749271137026239
AnkiDroid/src/main/res/values-ve/03-dialogs.xml,25,44,299,343,2,24,2024-04-27,2025-08-04,80,13.72,0.96,0,0.0,0.749271137026239
AnkiDroid/src/main/res/values-xh/03-dialogs.xml,25,44,299,343,2,24,2024-04-27,2025-08-04,80,13.72,0.96,0,0.0,0.749271137026239
AnkiDroid/src/main/res/values-zu/03-dialogs.xml,25,44,299,343,2,24,2024-04-27,2025-08-04,80,13.72,0.96,0,0.0,0.749271137026239
AnkiDroid/src/main/res/values-ru/02-strings.xml,53,173,169,342,1,47,2024-04-27,2025-09-09,44,6.452830188679245,1.0,0,0.0,0.10526315789473684
AnkiDroid/src/main/java/com/ichi2/anki/pages/PostRequestHandler.kt,17,207,135,342,4,13,2024-11-05,2025-10-18,5,20.11764705882353,0.7058823529411765,4,0.23529411764705882,0.36257309941520466
AnkiDroid/src/main/java/com/ichi2/anki/services/ReminderService.kt,8,86,256,342,3,6,2024-12-09,2025-08-21,63,42.75,0.625,1,0.125,0.5350877192982456
AnkiDroid/src/main/java/com/ichi2/anki/SharedDecksDownloadFragment.kt,11,204,136,340,5,8,2024-07-10,2025-03-22,215,30.90909090909091,0.5454545454545454,4,0.36363636363636365,0.6441176470588236
AnkiDroid/src/main/res/values-wo/01-core.xml,17,45,293,338,2,17,2024-04-25,2025-08-04,80,19.88235294117647,0.9411764705882353,0,0.0,0.5976331360946746
AnkiDroid/src/main/res/values-yue/01-core.xml,17,45,293,338,2,17,2024-04-25,2025-08-04,80,19.88235294117647,0.9411764705882353,0,0.0,0.5976331360946746
AnkiDroid/src/main/java/com/ichi2/anki/previewer/PreviewerFragment.kt,23,184,153,337,8,18,2024-04-26,2025-06-18,127,14.652173913043478,0.391304347826087,4,0.17391304347826086,0.21068249258160238
AnkiDroid/src/main/res/values-kn/02-strings.xml,47,174,162,336,1,43,2024-04-27,2025-09-09,44,7.148936170212766,1.0,0,0.0,0.29464285714285715
AnkiDroid/src/test/java/com/ichi2/anki/ReviewerTest.kt,36,210,125,335,10,28,2024-05-02,2025-07-28,87,9.305555555555555,0.4166666666666667,2,0.05555555555555555,0.12835820895522387
AnkiDroid/src/main/java/com/ichi2/anki/multimedia/audio/AudioRecordingController.kt,14,184,151,335,6,10,2024-08-01,2025-08-28,56,23.928571428571427,0.42857142857142855,4,0.2857142857142857,0.46865671641791046
AnkiDroid/src/test/java/com/ichi2/anki/RobolectricTest.kt,34,150,182,332,7,22,2023-12-04,2025-08-14,70,9.764705882352942,0.7352941176470589,6,0.17647058823529413,0.19578313253012047
AnkiDroid/src/main/res/values-wo/03-dialogs.xml,25,42,289,331,2,24,2024-04-27,2025-08-04,80,13.24,0.96,0,0.0,0.7522658610271903
AnkiDroid/src/main/res/values-yue/03-dialogs.xml,25,42,289,331,2,24,2024-04-27,2025-08-04,80,13.24,0.96,0,0.0,0.7522658610271903
AnkiDroid/src/main/res/xml/preferences_reviewer.xml,28,225,105,330,1,16,2024-06-30,2025-09-06,47,11.785714285714286,1.0,1,0.03571428571428571,0.26666666666666666
AnkiDroid/src/main/res/values-be/01-core.xml,29,143,186,329,1,28,2024-04-25,2025-09-10,43,11.344827586206897,1.0,0,0.0,0.24924012158054712
AnkiDroid/src/main/java/com/ichi2/compat/CompatV24.kt,9,142,187,329,3,7,2024-05-29,2024-11-06,351,36.55555555555556,0.3333333333333333,0,0.0,0.3404255319148936
AnkiDroid/src/main/res/values-sat/10-preferences.xml,37,179,149,328,1,35,2024-04-27,2025-10-09,14,8.864864864864865,1.0,0,0.0,0.38414634146341464
AnkiDroid/src/main/res/menu/reviewer2.xml,11,163,163,326,1,6,2024-04-27,2024-12-13,314,29.636363636363637,1.0,0,0.0,0.49693251533742333
AnkiDroid/src/main/res/values-ug/03-dialogs.xml,16,291,33,324,1,15,2025-01-04,2025-09-17,36,20.25,1.0,0,0.0,0.8333333333333334
AnkiDroid/src/main/java/com/ichi2/libanki/NotetypeJson.kt,18,233,90,323,6,14,2024-05-26,2025-06-25,120,17.944444444444443,0.5,5,0.2777777777777778,0.6439628482972136
AnkiDroid/src/main/res/values-el/10-preferences.xml,42,177,145,322,1,39,2024-04-27,2025-10-09,14,7.666666666666667,1.0,0,0.0,0.2919254658385093
AnkiDroid/src/main/java/com/ichi2/anki/notetype/ManageNotetypes.kt,16,189,133,322,4,14,2024-05-18,2025-09-09,44,20.125,0.5,4,0.25,0.4254658385093168
AnkiDroid/src/main/res/values/02-strings.xml,51,164,157,321,17,44,2024-04-26,2025-09-05,48,6.294117647058823,0.27450980392156865,10,0.19607843137254902,0.21806853582554517
AnkiDroid/src/main/java/com/ichi2/anki/previewer/PreviewerViewModel.kt,28,171,150,321,6,20,2024-05-02,2025-07-27,88,11.464285714285714,0.4642857142857143,6,0.21428571428571427,0.20249221183800623
AnkiDroid/src/test/java/com/ichi2/anki/instanteditor/InstantEditorViewModelTest.kt,10,283,38,321,3,9,2024-05-14,2025-07-22,93,32.1,0.5,2,0.2,0.3426791277258567
AnkiDroid/src/main/res/values-lt/03-dialogs.xml,31,161,159,320,1,29,2024-04-27,2025-09-05,48,10.32258064516129,1.0,0,0.0,0.675
AnkiDroid/src/main/res/values-zh-rCN/02-strings.xml,65,160,159,319,1,59,2024-04-27,2025-09-10,43,4.907692307692308,1.0,0,0.0,0.11285266457680251
AnkiDroid/src/main/res/values-zh-rTW/02-strings.xml,45,159,159,318,1,41,2024-04-27,2025-09-21,32,7.066666666666666,1.0,0,0.0,0.2358490566037736
AnkiDroid/src/main/res/values-km/02-strings.xml,45,164,153,317,1,43,2024-04-27,2025-09-09,44,7.044444444444444,1.0,0,0.0,0.4416403785488959
AnkiDroid/src/main/java/com/ichi2/anki/MyAccount.kt,21,211,105,316,7,12,2024-04-23,2025-08-03,81,15.047619047619047,0.5238095238095238,4,0.19047619047619047,0.3227848101265823
AnkiDroid/src/main/res/values/01-core.xml,22,119,196,315,14,20,2024-04-22,2025-08-27,57,14.318181818181818,0.3181818181818182,2,0.09090909090909091,0.26666666666666666
AnkiDroid/src/main/java/com/ichi2/anki/preferences/reviewer/ViewerAction.kt,20,298,17,315,3,15,2024-12-10,2025-09-23,30,15.75,0.9,2,0.1,0.28888888888888886
AnkiDroid/src/main/java/com/ichi2/anki/InitialActivity.kt,13,173,142,315,7,10,2024-06-04,2025-08-27,57,24.23076923076923,0.38461538461538464,3,0.23076923076923078,0.19365079365079366
AnkiDroid/src/main/java/com/ichi2/widget/DeckPickerWidget.kt,3,309,6,315,1,2,2024-05-22,2024-08-25,424,105.0,1.0,0,0.0,0.9047619047619048
AnkiDroid/src/main/java/com/ichi2/anki/DeckSpinnerSelection.kt,16,202,112,314,8,14,2024-02-24,2025-09-26,27,19.625,0.375,3,0.1875,0.3089171974522293
AnkiDroid/src/test/java/com/ichi2/anki/servicelayer/scopedstorage/MoveConflictedFileTest.kt,2,18,296,314,2,2,2024-07-15,2024-08-27,422,157.0,0.5,0,0.0,0.9299363057324841
AnkiDroid/src/main/res/values-ca/02-strings.xml,46,162,150,312,1,43,2024-04-27,2025-09-09,44,6.782608695652174,1.0,0,0.0,0.25
AnkiDroid/src/main/res/values-el/01-core.xml,25,136,175,311,1,25,2024-04-25,2025-09-10,43,12.44,1.0,0,0.0,0.26366559485530544
AnkiDroid/src/main/java/com/ichi2/anki/dialogs/CreateDeckDialog.kt,13,186,125,311,5,11,2024-07-12,2025-07-05,110,23.923076923076923,0.6153846153846154,4,0.3076923076923077,0.3858520900321543
AnkiDroid/src/main/java/com/ichi2/widget/deckpicker/DeckPickerWidget.kt,16,192,118,310,5,13,2024-08-26,2025-09-09,44,19.375,0.5,4,0.25,0.3387096774193548
AnkiDroid/src/main/res/values-it/02-strings.xml,47,161,148,309,1,44,2024-04-27,2025-09-17,36,6.574468085106383,1.0,0,0.0,0.21359223300970873
AnkiDroid/src/main/res/values-ml/01-core.xml,25,134,175,309,1,25,2024-04-25,2025-09-29,24,12.36,1.0,0,0.0,0.44660194174757284
AnkiDroid/src/main/java/com/ichi2/anki/CollectionManager.kt,19,191,118,309,4,13,2024-04-28,2025-07-21,94,16.263157894736842,0.7894736842105263,4,0.21052631578947367,0.18770226537216828
AnkiDroid/src/main/java/com/ichi2/anki/preferences/AppearanceSettingsFragment.kt,15,177,132,309,5,10,2024-08-14,2025-09-02,51,20.6,0.4,2,0.13333333333333333,0.3365695792880259
AnkiDroid/src/main/java/com/ichi2/anki/servicelayer/scopedstorage/MigrateEssentialFiles.kt,2,1,308,309,2,2,2024-07-15,2024-08-27,422,154.5,0.5,0,0.0,0.9935275080906149
AnkiDroid/src/main/res/xml/preferences_reviewer_controls.xml,7,302,6,308,4,6,2025-02-07,2025-09-06,47,44.0,0.5714285714285714,1,0.14285714285714285,0.9058441558441559
AnkiDroid/src/main/res/values-de/01-core.xml,35,133,174,307,1,33,2024-04-25,2025-09-29,24,8.771428571428572,1.0,0,0.0,0.2671009771986971
AnkiDroid/src/main/res/values-bg/01-core.xml,24,132,173,305,1,24,2024-04-25,2025-09-10,43,12.708333333333334,1.0,0,0.0,0.26885245901639343
AnkiDroid/src/main/res/values-sr/01-core.xml,22,132,173,305,1,22,2024-04-25,2025-10-19,4,13.863636363636363,1.0,0,0.0,0.3180327868852459
AnkiDroid/src/main/res/values-pt-rBR/02-strings.xml,57,157,145,302,1,54,2024-04-27,2025-09-09,44,5.298245614035087,1.0,0,0.0,0.10596026490066225
AnkiDroid/src/main/res/values-hi/02-strings.xml,49,158,143,301,1,46,2024-04-27,2025-09-09,44,6.142857142857143,1.0,0,0.0,0.132890365448505
AnkiDroid/src/main/res/values-ta/01-core.xml,23,130,171,301,1,22,2024-04-25,2025-09-10,43,13.08695652173913,1.0,0,0.0,0.3654485049833887
AnkiDroid/src/main/java/com/ichi2/anki/DeckPickerFloatingActionMenu.kt,7,174,127,301,4,5,2024-05-22,2025-07-09,106,43.0,0.5714285714285714,2,0.2857142857142857,0.7275747508305648
AnkiDroid/src/main/res/values-ca/01-core.xml,24,130,169,299,1,24,2024-04-25,2025-09-10,43,12.458333333333334,1.0,0,0.0,0.27424749163879597
AnkiDroid/src/main/java/com/ichi2/anki/instantnoteeditor/EditorChips.kt,7,259,40,299,2,5,2024-06-10,2025-06-18,127,42.714285714285715,0.7142857142857143,1,0.14285714285714285,0.4782608695652174
AnkiDroid/src/main/java/com/ichi2/anki/instantnoteeditor/TextSurroundHelper.kt,2,149,149,298,1,2,2024-05-14,2024-06-10,500,149.0,1.0,0,0.0,0.5
AnkiDroid/src/main/res/values-sq/02-strings.xml,42,147,150,297,1,40,2024-04-27,2025-09-09,44,7.071428571428571,1.0,0,0.0,0.4511784511784512
build.gradle.kts,19,250,46,296,6,16,2024-05-21,2025-07-07,108,15.578947368421053,0.42105263157894735,1,0.05263157894736842,0.4797297297297297
AnkiDroid/src/main/java/com/ichi2/anki/Flag.kt,15,187,109,296,8,13,2024-04-22,2025-07-03,112,19.733333333333334,0.3333333333333333,3,0.2,0.20270270270270271
AnkiDroid/src/main/res/values-fil/03-dialogs.xml,36,148,147,295,1,33,2024-04-27,2025-09-05,48,8.194444444444445,1.0,0,0.0,0.5423728813559322
AnkiDroid/src/main/res/values-ug/01-core.xml,8,256,39,295,1,8,2025-01-04,2025-09-17,36,36.875,1.0,0,0.0,0.688135593220339
AnkiDroid/src/main/java/com/ichi2/anki/dialogs/LocaleSelectionDialog.kt,5,138,157,295,3,3,2024-09-08,2025-03-22,215,59.0,0.6,1,0.2,0.6169491525423729
AnkiDroid/src/main/res/values-tr/02-strings.xml,56,148,146,294,1,52,2024-04-27,2025-09-17,36,5.25,1.0,0,0.0,0.10884353741496598
AnkiDroid/src/main/res/values-cs/01-core.xml,31,125,168,293,1,29,2024-04-25,2025-09-17,36,9.451612903225806,1.0,0,0.0,0.27986348122866894
AnkiDroid/src/main/res/layout/about_layout.xml,3,162,131,293,2,2,2024-10-24,2025-07-01,114,97.66666666666667,0.6666666666666666,0,0.0,0.9385665529010239
AnkiDroid/src/main/res/values-pl/10-preferences.xml,43,162,130,292,1,38,2024-04-27,2025-10-09,14,6.790697674418604,1.0,0,0.0,0.21232876712328766
AnkiDroid/src/main/java/com/ichi2/anki/previewer/PreviewerHelpers.kt,14,132,160,292,5,9,2024-05-27,2025-07-03,112,20.857142857142858,0.42857142857142855,2,0.14285714285714285,0.3219178082191781
AnkiDroid/src/main/res/values-nl/02-strings.xml,50,151,139,290,1,47,2024-04-27,2025-09-09,44,5.8,1.0,0,0.0,0.20689655172413793
AnkiDroid/src/main/java/com/ichi2/anki/ReadText.kt,11,172,116,288,4,8,2024-07-15,2025-08-03,81,26.181818181818183,0.7272727272727273,2,0.18181818181818182,0.5729166666666666
AnkiDroid/src/main/java/com/ichi2/anki/browser/CardBrowserColumn.kt,13,192,94,286,2,6,2024-06-14,2025-01-08,288,22.0,0.9230769230769231,1,0.07692307692307693,0.2867132867132867
AnkiDroid/src/main/java/com/ichi2/anki/preferences/DevOptionsFragment.kt,24,203,81,284,7,21,2024-06-01,2025-10-16,7,11.833333333333334,0.3333333333333333,3,0.125,0.2112676056338028
AnkiDroid/src/main/java/com/ichi2/anki/CrashReportService.kt,11,159,125,284,6,9,2024-07-15,2025-07-22,93,25.818181818181817,0.36363636363636365,2,0.18181818181818182,0.6619718309859155
AnkiDroid/src/main/res/layout/floating_add_button.xml,3,145,139,284,3,3,2025-01-11,2025-06-20,125,94.66666666666667,0.3333333333333333,2,0.6666666666666666,0.9859154929577465
AnkiDroid/src/main/res/values-pt-rBR/01-core.xml,28,120,161,281,1,28,2024-04-25,2025-09-10,43,10.035714285714286,1.0,0,0.0,0.3487544483985765
AnkiDroid/src/main/java/com/ichi2/anki/notetype/AddNewNotesType.kt,11,156,125,281,6,9,2024-06-05,2025-07-05,110,25.545454545454547,0.45454545454545453,2,0.18181818181818182,0.5195729537366548
AnkiDroid/src/main/java/com/ichi2/anki/previewer/TypeAnswer.kt,7,199,80,279,3,6,2024-12-22,2025-07-05,110,39.857142857142854,0.42857142857142855,0,0.0,0.5304659498207885
AnkiDroid/src/main/java/com/ichi2/anki/servicelayer/ScopedStorageService.kt,5,24,255,279,3,3,2024-08-27,2025-05-21,155,55.8,0.6,1,0.2,0.8494623655913979
AnkiDroid/src/main/res/values-fr/01-core.xml,29,119,159,278,1,28,2024-04-25,2025-09-17,36,9.586206896551724,1.0,0,0.0,0.2949640287769784
AnkiDroid/src/main/res/values-ko/03-dialogs.xml,38,139,137,276,1,36,2024-04-27,2025-09-09,44,7.2631578947368425,1.0,0,0.0,0.18115942028985507
AnkiDroid/src/main/assets/scripts/ankidroid.js,15,223,53,276,2,12,2024-05-27,2025-08-09,75,18.4,0.9333333333333333,3,0.2,0.32971014492753625
AnkiDroid/src/main/java/com/ichi2/anki/AndroidTtsPlayer.kt,6,158,117,275,3,4,2024-08-27,2025-07-05,110,45.833333333333336,0.6666666666666666,2,0.3333333333333333,0.4763636363636364
AnkiDroid/src/main/res/values-te/01-core.xml,28,116,157,273,1,26,2024-04-25,2025-09-10,43,9.75,1.0,0,0.0,0.22344322344322345
AnkiDroid/src/main/res/values-es-rAR/01-core.xml,28,117,155,272,1,28,2024-04-25,2025-10-09,14,9.714285714285714,1.0,0,0.0,0.3014705882352941
AnkiDroid/src/main/res/values-vi/02-strings.xml,44,136,135,271,1,41,2024-04-27,2025-09-09,44,6.159090909090909,1.0,0,0.0,0.18450184501845018
AnkiDroid/src/main/res/values-sc/02-strings.xml,43,134,137,271,1,40,2024-05-12,2025-09-09,44,6.3023255813953485,1.0,0,0.0,0.39114391143911437
AnkiDroid/src/main/res/values-sat/01-core.xml,27,115,156,271,1,26,2024-04-25,2025-09-10,43,10.037037037037036,1.0,0,0.0,0.2656826568265683
AnkiDroid/src/main/res/values-fi/01-core.xml,23,115,156,271,1,23,2024-04-25,2025-09-10,43,11.782608695652174,1.0,0,0.0,0.3025830258302583
AnkiDroid/src/androidTest/java/com/ichi2/anki/ReviewerFragmentTest.kt,12,214,57,271,4,8,2024-05-26,2025-07-05,110,22.583333333333332,0.4166666666666667,1,0.08333333333333333,0.6789667896678967
AnkiDroid/src/main/java/com/ichi2/anki/previewer/CardViewerViewModel.kt,21,128,141,269,2,16,2024-03-24,2025-07-27,88,12.80952380952381,0.6190476190476191,4,0.19047619047619047,0.20817843866171004
AnkiDroid/src/main/java/com/ichi2/anki/browser/BrowserColumnSelectionFragment.kt,3,266,3,269,1,3,2025-01-08,2025-06-18,127,89.66666666666667,1.0,0,0.0,0.9107806691449815
AnkiDroid/src/main/res/values-de/10-preferences.xml,49,151,117,268,1,46,2024-04-27,2025-10-09,14,5.469387755102041,1.0,0,0.0,0.22388059701492538
AnkiDroid/src/main/res/values-es-rES/01-core.xml,28,115,153,268,1,28,2024-04-25,2025-10-09,14,9.571428571428571,1.0,0,0.0,0.30597014925373134
AnkiDroid/src/main/res/values-bn/01-core.xml,24,114,153,267,1,24,2024-04-25,2025-09-10,43,11.125,1.0,0,0.0,0.30711610486891383
AnkiDroid/src/main/res/values-az/01-core.xml,23,113,154,267,1,23,2024-04-25,2025-10-14,9,11.608695652173912,1.0,0,0.0,0.30711610486891383
AnkiDroid/src/main/java/com/ichi2/anki/multimedia/MultimediaFragment.kt,14,227,40,267,5,11,2024-06-13,2025-10-17,6,19.071428571428573,0.42857142857142855,1,0.07142857142857142,0.33707865168539325
AnkiDroid/src/main/res/values-ckb/02-strings.xml,47,139,127,266,1,44,2024-04-27,2025-09-09,44,5.659574468085107,1.0,0,0.0,0.2932330827067669
AnkiDroid/src/main/res/values-ka/02-strings.xml,49,138,125,263,1,46,2024-05-12,2025-09-09,44,5.36734693877551,1.0,0,0.0,0.12167300380228137
AnkiDroid/src/main/res/values-kn/10-preferences.xml,43,146,117,263,1,39,2024-04-27,2025-10-09,14,6.116279069767442,1.0,0,0.0,0.23193916349809887
AnkiDroid/src/main/res/values-lt/01-core.xml,24,110,153,263,1,24,2024-04-25,2025-09-10,43,10.958333333333334,1.0,0,0.0,0.23193916349809887
AnkiDroid/src/main/res/values-fa/10-preferences.xml,50,147,115,262,1,45,2024-04-27,2025-10-09,14,5.24,1.0,0,0.0,0.26717557251908397
AnkiDroid/src/main/res/values-am/02-strings.xml,45,137,125,262,1,43,2024-04-27,2025-09-09,44,5.822222222222222,1.0,0,0.0,0.29770992366412213
AnkiDroid/src/main/res/values-et/02-strings.xml,45,137,125,262,1,43,2024-04-27,2025-09-09,44,5.822222222222222,1.0,0,0.0,0.29770992366412213
AnkiDroid/src/main/res/values-eu/02-strings.xml,45,137,125,262,1,43,2024-04-27,2025-09-09,44,5.822222222222222,1.0,0,0.0,0.29770992366412213
AnkiDroid/src/main/res/values-fy/02-strings.xml,45,137,125,262,1,43,2024-04-27,2025-09-09,44,5.822222222222222,1.0,0,0.0,0.29770992366412213
AnkiDroid/src/main/res/values-te/03-dialogs.xml,36,131,130,261,1,34,2024-04-27,2025-09-05,48,7.25,1.0,0,0.0,0.3716475095785441
AnkiDroid/src/main/java/com/ichi2/anki/dialogs/SavedBrowserSearchesDialogFragment.kt,3,218,42,260,1,1,2025-08-12,2025-08-12,72,86.66666666666667,1.0,0,0.0,0.5615384615384615
AnkiDroid/src/test/java/com/ichi2/testutils/TestClass.kt,26,153,106,259,4,19,2024-04-26,2025-07-07,108,9.961538461538462,0.7307692307692307,3,0.11538461538461539,0.2084942084942085
AnkiDroid/src/main/res/values-am/01-core.xml,22,109,150,259,1,22,2024-04-25,2025-09-10,43,11.772727272727273,1.0,0,0.0,0.3166023166023166
AnkiDroid/src/main/java/com/ichi2/anki/preferences/ControlsSettingsFragment.kt,20,201,58,259,7,16,2024-05-28,2025-09-20,33,12.95,0.55,3,0.15,0.3590733590733591
AnkiDroid/src/main/res/values-ga/01-core.xml,23,107,151,258,1,23,2024-04-25,2025-09-10,43,11.217391304347826,1.0,0,0.0,0.3178294573643411
AnkiDroid/src/main/java/com/ichi2/anki/scheduling/ForgetCardsDialog.kt,15,162,92,254,5,11,2024-08-14,2025-08-03,81,16.933333333333334,0.6,1,0.06666666666666667,0.6181102362204725
AnkiDroid/src/main/res/values-ur/10-preferences.xml,34,142,111,253,1,32,2024-04-27,2025-10-09,14,7.4411764705882355,1.0,0,0.0,0.6640316205533597
AnkiDroid/src/main/java/com/ichi2/anki/SingleFragmentActivity.kt,24,155,98,253,6,18,2024-05-02,2025-08-02,82,10.541666666666666,0.5,8,0.3333333333333333,0.18972332015810275
AnkiDroid/src/main/res/values-ja/10-preferences.xml,62,142,110,252,1,54,2024-04-27,2025-10-09,14,4.064516129032258,1.0,0,0.0,0.07142857142857142
AnkiDroid/src/main/res/values-or/02-strings.xml,45,132,120,252,1,42,2024-04-27,2025-09-09,44,5.6,1.0,0,0.0,0.20634920634920634
AnkiDroid/src/test/java/com/ichi2/anki/servicelayer/scopedstorage/MoveDirectoryTest.kt,2,7,243,250,2,2,2024-07-15,2024-08-27,422,125.0,0.5,0,0.0,0.964
AnkiDroid/src/main/res/values-zh-rCN/10-preferences.xml,57,140,109,249,1,50,2024-04-27,2025-10-19,4,4.368421052631579,1.0,0,0.0,0.17670682730923695
AnkiDroid/src/main/res/values-da/01-core.xml,25,104,145,249,1,25,2024-04-25,2025-09-10,43,9.96,1.0,0,0.0,0.3293172690763052
AnkiDroid/src/main/res/values-hu/02-strings.xml,48,133,114,247,1,44,2024-04-27,2025-09-09,44,5.145833333333333,1.0,0,0.0,0.1700404858299595
AnkiDroid/src/main/res/values-ur/02-strings.xml,40,125,122,247,1,37,2024-05-12,2025-09-09,44,6.175,1.0,0,0.0,0.242914979757085
AnkiDroid/src/main/res/values-ckb/01-core.xml,22,103,144,247,1,22,2024-04-25,2025-09-10,43,11.227272727272727,1.0,0,0.0,0.3319838056680162
AnkiDroid/src/main/java/com/ichi2/anki/ViewerResourceHandler.kt,9,192,55,247,3,6,2024-05-04,2025-06-18,127,27.444444444444443,0.5555555555555556,4,0.4444444444444444,0.3522267206477733
AnkiDroid/src/main/res/values-es-rAR/10-preferences.xml,48,139,107,246,1,44,2024-04-27,2025-10-09,14,5.125,1.0,0,0.0,0.17886178861788618
AnkiDroid/src/main/res/values-got/07-cardbrowser.xml,17,129,117,246,1,17,2024-08-08,2025-09-10,43,14.470588235294118,1.0,0,0.0,0.44715447154471544
AnkiDroid/src/test/java/com/ichi2/anki/deckpicker/DeckPickerViewModelTest.kt,9,216,30,246,3,8,2025-01-06,2025-08-24,60,27.333333333333332,0.7777777777777778,1,0.1111111111111111,0.43089430894308944
AnkiDroid/src/main/java/com/ichi2/anki/browser/BrowserColumnSelectionAdapter.kt,1,245,0,245,1,1,2025-01-08,2025-01-08,288,245.0,1.0,0,0.0,1.0
AnkiDroid/src/main/res/values-eo/03-dialogs.xml,45,123,121,244,1,42,2024-04-25,2025-09-17,36,5.4222222222222225,1.0,0,0.0,0.3114754098360656
AnkiDroid/src/main/res/values-nl/10-preferences.xml,40,138,106,244,1,37,2024-04-27,2025-10-09,14,6.1,1.0,0,0.0,0.4016393442622951
AnkiDroid/src/main/java/com/ichi2/anki/multimediacard/fields/BasicMediaClipFieldController.kt,4,12,232,244,3,4,2024-04-25,2024-08-01,448,61.0,0.5,0,0.0,0.9098360655737705
AnkiDroid/src/main/res/values-nn/01-core.xml,24,101,142,243,1,24,2024-04-25,2025-09-10,43,10.125,1.0,0,0.0,0.25102880658436216
lint-rules/src/main/java/com/ichi2/anki/lint/rules/FixedPreferencesTitleLength.kt,4,157,86,243,3,3,2023-12-04,2024-10-10,378,60.75,0.5,1,0.25,0.5061728395061729
AnkiDroid/src/main/res/values-cs/10-preferences.xml,51,137,105,242,1,47,2024-04-27,2025-10-09,14,4.745098039215686,1.0,0,0.0,0.08264462809917356
AnkiDroid/src/main/res/values-et/01-core.xml,22,100,141,241,1,22,2024-04-25,2025-09-10,43,10.954545454545455,1.0,0,0.0,0.34024896265560167
AnkiDroid/src/main/java/com/ichi2/libanki/LaTeX.kt,5,106,135,241,2,2,2024-12-09,2025-06-27,118,48.2,0.8,1,0.2,0.5477178423236515
AnkiDroid/src/main/java/com/ichi2/widget/AnkiDroidWidgetSmall.kt,16,120,120,240,5,11,2024-05-21,2025-09-09,44,15.0,0.75,5,0.3125,0.3
AnkiDroid/src/main/java/com/ichi2/anki/browser/FindAndReplaceDialogFragment.kt,2,234,6,240,1,2,2025-01-29,2025-03-30,207,120.0,1.0,0,0.0,0.95
AnkiDroid/src/main/res/values-no/01-core.xml,23,99,140,239,1,23,2024-04-25,2025-09-10,43,10.391304347826088,1.0,0,0.0,0.25523012552301255
AnkiDroid/src/test/java/com/ichi2/anki/servicelayer/scopedstorage/MoveDirectoryContentTest.kt,2,9,230,239,2,2,2024-07-15,2024-08-27,422,119.5,0.5,0,0.0,0.9497907949790795
AnkiDroid/src/main/res/values-nn/02-strings.xml,45,125,113,238,1,42,2024-04-27,2025-09-09,44,5.288888888888889,1.0,0,0.0,0.18487394957983194
AnkiDroid/src/main/res/values-te/10-preferences.xml,43,133,105,238,1,41,2024-04-27,2025-10-09,14,5.534883720930233,1.0,0,0.0,0.2815126050420168
AnkiDroid/src/main/res/values-kn/01-core.xml,26,98,139,237,1,26,2024-04-25,2025-09-10,43,9.115384615384615,1.0,0,0.0,0.25738396624472576
AnkiDroid/src/main/res/values-eu/01-core.xml,21,98,139,237,1,21,2024-04-25,2025-09-10,43,11.285714285714286,1.0,0,0.0,0.3459915611814346
AnkiDroid/src/main/res/values-fy/01-core.xml,21,98,139,237,1,21,2024-04-25,2025-09-10,43,11.285714285714286,1.0,0,0.0,0.3459915611814346
AnkiDroid/src/main/java/com/ichi2/utils/FileUtil.kt,6,85,152,237,4,4,2024-04-25,2024-12-08,319,39.5,0.3333333333333333,2,0.3333333333333333,0.5358649789029536
AnkiDroid/src/main/java/com/ichi2/anki/pages/RemoveAccountFragment.kt,4,198,39,237,1,3,2024-04-23,2025-06-18,127,59.25,1.0,1,0.25,0.6371308016877637
AnkiDroid/src/main/res/values-sv/02-strings.xml,44,117,119,236,1,41,2024-04-27,2025-09-09,44,5.363636363636363,1.0,0,0.0,0.15254237288135594
AnkiDroid/src/main/res/values-hy/01-core.xml,22,97,138,235,1,22,2024-04-25,2025-09-10,43,10.681818181818182,1.0,0,0.0,0.25957446808510637
AnkiDroid/src/main/res/values-sk/02-strings.xml,43,116,117,233,1,41,2024-04-27,2025-09-09,44,5.4186046511627906,1.0,0,0.0,0.26609442060085836
AnkiDroid/src/main/res/values-mr/03-dialogs.xml,34,117,116,233,1,31,2024-04-27,2025-09-05,48,6.852941176470588,1.0,0,0.0,0.24034334763948498
AnkiDroid/src/main/res/values-pl/01-core.xml,29,95,138,233,1,25,2024-04-25,2025-09-21,32,8.03448275862069,1.0,0,0.0,0.26180257510729615
AnkiDroid/src/main/java/com/ichi2/libanki/Note.kt,14,107,126,233,5,14,2024-07-15,2025-06-18,127,16.642857142857142,0.42857142857142855,2,0.14285714285714285,0.296137339055794
libanki/src/test/java/com/ichi2/anki/libanki/SchedulerTest.kt,4,117,116,233,3,4,2025-07-07,2025-08-29,55,58.25,0.5,0,0.0,0.8583690987124464
AnkiDroid/src/main/res/values-km/10-preferences.xml,39,132,100,232,1,37,2024-04-27,2025-10-09,14,5.948717948717949,1.0,0,0.0,0.5603448275862069
AnkiDroid/src/main/java/com/ichi2/anki/multimedia/AudioRecordingFragment.kt,8,196,36,232,3,6,2024-08-01,2025-06-18,127,29.0,0.5,2,0.25,0.6767241379310345
AnkiDroid/src/main/res/values-pl/03-dialogs.xml,39,116,115,231,1,36,2024-04-27,2025-09-21,32,5.923076923076923,1.0,0,0.0,0.19047619047619047
AnkiDroid/src/main/res/values-ru/01-core.xml,30,95,136,231,1,30,2024-04-25,2025-09-10,43,7.7,1.0,0,0.0,0.26406926406926406
AnkiDroid/src/main/res/values-fr/10-preferences.xml,45,132,98,230,1,42,2024-04-27,2025-10-09,14,5.111111111111111,1.0,0,0.0,0.16521739130434782
AnkiDroid/src/main/res/values-km/01-core.xml,21,95,135,230,1,21,2024-04-25,2025-09-10,43,10.952380952380953,1.0,0,0.0,0.3391304347826087
AnkiDroid/src/main/java/com/ichi2/anki/Whiteboard.kt,13,137,93,230,5,9,2024-07-15,2025-07-22,93,17.692307692307693,0.6153846153846154,2,0.15384615384615385,0.4260869565217391
libanki/src/main/java/com/ichi2/anki/libanki/DeckConfig.kt,5,74,156,230,1,3,2025-07-06,2025-07-30,85,46.0,1.0,1,0.2,0.5434782608695652
AnkiDroid/src/main/res/values-uk/10-preferences.xml,45,130,99,229,1,43,2024-04-27,2025-10-14,9,5.088888888888889,1.0,0,0.0,0.29694323144104806
AnkiDroid/src/main/java/com/ichi2/anki/multimedia/SoundUtils.kt,3,207,22,229,1,3,2025-06-18,2025-07-05,110,76.33333333333333,1.0,0,0.0,0.7903930131004366
AnkiDroid/src/main/res/values-sc/10-preferences.xml,36,129,99,228,1,33,2024-04-27,2025-10-09,14,6.333333333333333,1.0,0,0.0,0.42105263157894735
AnkiDroid/src/main/java/com/ichi2/libanki/Utils.kt,5,36,192,228,2,4,2024-07-15,2025-07-05,110,45.6,0.8,1,0.2,0.37719298245614036
AnkiDroid/src/main/res/layout/activity_audio_recording_reviewer.xml,3,226,2,228,3,3,2024-04-22,2024-08-03,446,76.0,0.3333333333333333,0,0.0,0.9736842105263158
AnkiDroid/src/main/AndroidManifest.xml,28,163,64,227,12,25,2024-05-14,2025-08-27,57,8.107142857142858,0.2857142857142857,5,0.17857142857142858,0.11894273127753303
AnkiDroid/src/main/java/com/ichi2/anki/noteeditor/Toolbar.kt,11,159,68,227,8,9,2024-07-15,2025-07-09,106,20.636363636363637,0.2727272727272727,4,0.36363636363636365,0.3700440528634361
AnkiDroid/src/test/java/com/ichi2/utils/NoteTypeTest.kt,9,157,70,227,4,9,2024-05-18,2025-07-20,95,25.22222222222222,0.4444444444444444,0,0.0,0.3788546255506608
AnkiDroid/src/main/res/values-kn/03-dialogs.xml,36,114,112,226,1,31,2024-04-27,2025-09-05,48,6.277777777777778,1.0,0,0.0,0.22123893805309736
AnkiDroid/src/main/res/values-zh-rCN/01-core.xml,30,94,132,226,1,29,2024-04-25,2025-09-17,36,7.533333333333333,1.0,0,0.0,0.26991150442477874
AnkiDroid/src/main/res/values-nl/01-core.xml,22,93,133,226,1,22,2024-04-25,2025-09-10,43,10.272727272727273,1.0,0,0.0,0.3141592920353982
AnkiDroid/src/main/java/com/ichi2/anki/preferences/ReviewerOptionsFragment.kt,21,162,64,226,2,15,2024-06-30,2025-08-18,66,10.761904761904763,0.8571428571428571,2,0.09523809523809523,0.1592920353982301
AnkiDroid/src/main/res/values-mr/01-core.xml,25,92,133,225,1,24,2024-04-25,2025-09-10,43,9.0,1.0,0,0.0,0.27111111111111114
AnkiDroid/src/main/res/values-kk/01-core.xml,22,92,133,225,1,22,2024-04-25,2025-09-10,43,10.227272727272727,1.0,0,0.0,0.29333333333333333
AnkiDroid/src/test/java/com/ichi2/anki/AnkiDroidJsAPITest.kt,19,120,105,225,6,16,2024-06-23,2025-07-22,93,11.842105263157896,0.42105263157894735,0,0.0,0.18666666666666668
AnkiDroid/src/main/res/values-heb/10-preferences.xml,46,128,96,224,1,43,2024-04-27,2025-10-09,14,4.869565217391305,1.0,0,0.0,0.23214285714285715
AnkiDroid/src/main/java/com/ichi2/anki/dialogs/CardBrowserMySearchesDialog.kt,6,53,171,224,2,4,2024-12-09,2025-08-12,72,37.333333333333336,0.6666666666666666,1,0.16666666666666666,0.45535714285714285
AnkiDroid/src/main/res/layout/note_editor_fragment.xml,2,107,116,223,1,2,2025-07-10,2025-07-16,99,111.5,1.0,0,0.0,1.0
AnkiDroid/src/main/res/values-hy/02-strings.xml,45,117,105,222,1,43,2024-04-27,2025-09-09,44,4.933333333333334,1.0,0,0.0,0.17117117117117117
AnkiDroid/src/main/res/values-th/01-core.xml,20,92,130,222,1,20,2024-04-25,2025-09-10,43,11.1,1.0,0,0.0,0.2747747747747748
AnkiDroid/src/test/java/com/ichi2/anki/servicelayer/scopedstorage/MigrateEssentialFilesTest.kt,2,2,219,221,2,2,2024-07-15,2024-08-27,422,110.5,0.5,0,0.0,0.9864253393665159
AnkiDroid/src/main/java/com/ichi2/anki/dialogs/FlagAdapter.kt,7,186,34,220,4,5,2024-04-22,2025-01-22,274,31.428571428571427,0.5714285714285714,1,0.14285714285714285,0.6181818181818182
AnkiDroid/src/test/java/com/ichi2/anki/settings/PrefsRobolectricTest.kt,6,194,24,218,2,4,2025-01-16,2025-08-14,70,36.333333333333336,0.8333333333333334,1,0.16666666666666666,0.4541284403669725
AnkiDroid/src/test/java/com/ichi2/anki/pages/DeckOptionsTest.kt,3,109,109,218,3,3,2024-10-27,2024-12-28,299,72.66666666666667,0.3333333333333333,0,0.0,0.3853211009174312
AnkiDroid/src/main/res/values-pt-rBR/03-dialogs.xml,39,109,108,217,1,38,2024-04-27,2025-09-05,48,5.564102564102564,1.0,0,0.0,0.1382488479262673
AnkiDroid/src/main/res/values-pt-rBR/10-preferences.xml,52,124,92,216,1,47,2024-04-27,2025-10-09,14,4.153846153846154,1.0,0,0.0,0.12962962962962962
AnkiDroid/src/main/res/values-heb/03-dialogs.xml,37,110,106,216,1,34,2024-05-27,2025-09-05,48,5.837837837837838,1.0,0,0.0,0.18518518518518517
AnkiDroid/src/main/res/values-tr/01-core.xml,30,88,127,215,1,30,2024-04-25,2025-09-17,36,7.166666666666667,1.0,0,0.0,0.2837209302325581
AnkiDroid/src/main/res/values-be/03-dialogs.xml,35,107,107,214,1,32,2024-04-27,2025-09-05,48,6.114285714285714,1.0,0,0.0,0.308411214953271
AnkiDroid/src/main/res/values-iw/07-cardbrowser.xml,20,176,37,213,1,20,2024-05-02,2025-08-30,54,10.65,1.0,0,0.0,0.6056338028169014
AnkiDroid/src/main/java/com/ichi2/libanki/Consts.kt,7,130,83,213,2,4,2024-10-20,2025-01-05,291,30.428571428571427,0.8571428571428571,0,0.0,0.47417840375586856
AnkiDroid/src/main/res/values-uk/03-dialogs.xml,34,107,105,212,1,32,2024-05-19,2025-10-05,18,6.235294117647059,1.0,0,0.0,0.14150943396226415
AnkiDroid/src/main/java/com/ichi2/anki/multimedia/MultimediaActivity.kt,10,178,34,212,3,7,2024-06-13,2024-12-09,318,21.2,0.5,3,0.3,0.5707547169811321
AnkiDroid/src/test/java/com/ichi2/anki/settings/PrefsTest.kt,4,138,74,212,2,3,2025-01-16,2025-08-14,70,53.0,0.75,1,0.25,0.42924528301886794
AnkiDroid/src/test/java/com/ichi2/libanki/DeckConfigTest.kt,1,212,0,212,1,1,2025-01-17,2025-01-17,279,212.0,1.0,0,0.0,1.0
AnkiDroid/src/main/res/values-ru/03-dialogs.xml,35,106,105,211,1,31,2024-04-27,2025-09-05,48,6.0285714285714285,1.0,0,0.0,0.1895734597156398
AnkiDroid/src/main/res/layout/browser_options_dialog.xml,9,146,65,211,3,6,2024-04-22,2025-06-23,122,23.444444444444443,0.4444444444444444,2,0.2222222222222222,0.26540284360189575
AnkiDroid/src/main/res/values-uk/01-core.xml,26,85,125,210,1,24,2024-04-25,2025-10-05,18,8.076923076923077,1.0,0,0.0,0.2904761904761905
AnkiDroid/src/main/res/values-be/10-preferences.xml,42,120,88,208,1,39,2024-04-27,2025-10-09,14,4.9523809523809526,1.0,0,0.0,0.27884615384615385
AnkiDroid/src/main/res/values-cs/03-dialogs.xml,40,105,103,208,1,37,2024-04-25,2025-09-05,48,5.2,1.0,0,0.0,0.10576923076923077
AnkiDroid/src/test/java/com/ichi2/anki/AbstractFlashcardViewerTest.kt,32,108,100,208,9,26,2024-06-23,2025-08-25,59,6.5,0.46875,3,0.09375,0.1778846153846154
AnkiDroid/src/main/java/com/ichi2/anki/ui/dialogs/ActivityAgnosticDialogs.kt,4,39,169,208,2,2,2024-08-27,2024-12-09,318,52.0,0.75,1,0.25,0.7355769230769231
AnkiDroid/src/main/java/com/ichi2/anki/browser/BrowserColumnCollection.kt,11,175,32,207,3,8,2024-06-15,2025-07-05,110,18.818181818181817,0.8181818181818182,3,0.2727272727272727,0.46859903381642515
AnkiDroid/src/main/java/com/ichi2/anki/dialogs/EditDeckDescriptionDialogViewModel.kt,4,192,15,207,1,2,2025-07-02,2025-07-13,102,51.75,1.0,0,0.0,0.4782608695652174
AnkiDroid/src/main/java/com/ichi2/anki/AnkiDroidApp.kt,23,125,81,206,7,20,2023-12-04,2025-10-16,7,8.956521739130435,0.43478260869565216,5,0.21739130434782608,0.33980582524271846
AnkiDroid/src/main/res/values-got/11-arrays.xml,11,96,110,206,1,11,2024-09-28,2025-09-10,43,18.727272727272727,1.0,0,0.0,0.3592233009708738
AnkiDroid/src/main/java/com/ichi2/libanki/DeckConfig.kt,4,177,29,206,2,3,2024-12-09,2025-06-25,120,51.5,0.75,1,0.25,0.9563106796116505
AnkiDroid/src/main/java/com/ichi2/anki/noteeditor/FieldState.kt,12,93,112,205,6,10,2024-07-03,2025-07-09,106,17.083333333333332,0.5833333333333334,3,0.25,0.3170731707317073
AnkiDroid/src/test/java/com/ichi2/anki/BackupManagerSimpleTest.kt,3,9,196,205,3,3,2024-07-15,2025-03-21,216,68.33333333333333,0.3333333333333333,0,0.0,0.9219512195121952
AnkiDroid/src/main/java/com/ichi2/anki/servicelayer/scopedstorage/MoveFile.kt,2,7,198,205,2,2,2024-07-15,2024-08-27,422,102.5,0.5,0,0.0,0.9609756097560975
AnkiDroid/src/main/java/com/ichi2/anki/ui/windows/reviewer/whiteboard/WhiteboardView.kt,1,205,0,205,1,1,2025-09-05,2025-09-05,48,205.0,1.0,0,0.0,1.0
AnkiDroid/src/main/res/values-heb/01-core.xml,26,82,122,204,1,26,2024-04-25,2025-09-10,43,7.846153846153846,1.0,0,0.0,0.3088235294117647
AnkiDroid/src/main/java/com/ichi2/anki/reviewer/AutomaticAnswer.kt,15,115,89,204,5,11,2024-05-14,2025-07-05,110,13.6,0.6,5,0.3333333333333333,0.2107843137254902
AnkiDroid/src/main/java/com/ichi2/libanki/Sound.kt,10,23,181,204,5,9,2024-07-21,2025-06-26,119,20.4,0.5,2,0.2,0.7401960784313726
AnkiDroid/src/main/java/com/ichi2/anki/pages/PageWebViewClient.kt,6,111,93,204,3,5,2024-05-21,2025-01-28,268,34.0,0.6666666666666666,1,0.16666666666666666,0.3284313725490196
AnkiDroid/src/test/java/com/ichi2/anki/dialogs/EditDeckDescriptionDialogViewModelTest.kt,4,200,4,204,1,2,2025-07-02,2025-07-13,102,51.0,1.0,0,0.0,0.6078431372549019
AnkiDroid/src/test/java/com/ichi2/anki/browser/CardBrowserColumnTest.kt,6,123,80,203,3,5,2024-06-14,2025-01-03,293,33.833333333333336,0.6666666666666666,0,0.0,0.4876847290640394
AnkiDroid/src/main/java/com/ichi2/anki/dialogs/viewmodel/TtsVoicesViewModel.kt,5,120,83,203,2,3,2024-12-09,2025-07-05,110,40.6,0.8,2,0.4,0.4975369458128079
AnkiDroid/src/main/res/values-es-rES/10-preferences.xml,47,117,85,202,1,43,2024-04-27,2025-10-09,14,4.297872340425532,1.0,0,0.0,0.09900990099009901
AnkiDroid/src/main/res/values-de/03-dialogs.xml,42,103,99,202,1,37,2024-05-01,2025-09-05,48,4.809523809523809,1.0,0,0.0,0.16831683168316833
AnkiDroid/src/main/res/values-fi/10-preferences.xml,40,117,85,202,1,37,2024-04-27,2025-10-09,14,5.05,1.0,0,0.0,0.3564356435643564
AnkiDroid/src/main/res/values-hi/01-core.xml,26,80,122,202,1,26,2024-04-25,2025-09-10,43,7.769230769230769,1.0,0,0.0,0.30198019801980197
AnkiDroid/src/test/java/com/ichi2/anki/servicelayer/scopedstorage/ExecutorTest.kt,3,3,198,201,3,3,2024-06-24,2024-08-27,422,67.0,0.3333333333333333,0,0.0,0.9701492537313433
AnkiDroid/src/main/res/values-tr/03-dialogs.xml,43,101,99,200,1,42,2024-04-27,2025-09-05,48,4.651162790697675,1.0,0,0.0,0.09
AnkiDroid/src/main/res/values-fa/03-dialogs.xml,38,102,98,200,1,36,2024-06-03,2025-09-05,48,5.2631578947368425,1.0,0,0.0,0.29
AnkiDroid/src/main/java/com/ichi2/anki/PromptBackgroundInterface.kt,4,43,157,200,1,2,2024-12-09,2025-01-04,292,50.0,1.0,1,0.25,0.68
AnkiDroid/src/main/res/values-pt-rPT/01-core.xml,29,79,120,199,1,29,2024-04-25,2025-09-10,43,6.862068965517241,1.0,0,0.0,0.3065326633165829
AnkiDroid/src/main/java/com/ichi2/anki/FilteredDeckOptions.kt,12,124,75,199,5,9,2024-07-15,2025-08-29,55,16.583333333333332,0.6666666666666666,1,0.08333333333333333,0.5326633165829145
AnkiDroid/src/main/res/values-no/02-strings.xml,44,105,93,198,1,42,2024-04-27,2025-09-09,44,4.5,1.0,0,0.0,0.10606060606060606
AnkiDroid/src/main/res/values-el/03-dialogs.xml,34,100,98,198,1,32,2024-04-27,2025-09-05,48,5.823529411764706,1.0,0,0.0,0.21212121212121213
AnkiDroid/src/main/res/values-ja/01-core.xml,33,79,119,198,1,33,2024-04-25,2025-09-29,24,6.0,1.0,0,0.0,0.30808080808080807
AnkiDroid/src/main/java/com/ichi2/anki/StudyOptionsActivity.kt,13,125,73,198,5,11,2024-05-02,2025-08-25,59,15.23076923076923,0.38461538461538464,4,0.3076923076923077,0.40404040404040403
AnkiDroid/src/main/res/values-ind/02-strings.xml,45,104,93,197,1,43,2024-04-27,2025-09-09,44,4.377777777777778,1.0,0,0.0,0.1065989847715736
AnkiDroid/src/main/java/com/ichi2/utils/WebViewUtils.kt,6,166,31,197,4,4,2024-11-15,2025-10-16,7,32.833333333333336,0.5,2,0.3333333333333333,0.37055837563451777
AnkiDroid/src/main/res/values-es-rES/03-dialogs.xml,38,99,97,196,1,35,2024-04-27,2025-09-05,48,5.157894736842105,1.0,0,0.0,0.14285714285714285
AnkiDroid/src/main/java/com/ichi2/libanki/Media.kt,11,113,83,196,6,8,2024-07-15,2025-06-27,118,17.818181818181817,0.45454545454545453,2,0.18181818181818182,0.3520408163265306
AnkiDroid/src/main/java/com/ichi2/anki/reviewer/PeripheralKeymap.kt,9,81,115,196,3,5,2024-07-15,2025-02-07,258,21.77777777777778,0.5555555555555556,1,0.1111111111111111,0.5459183673469388
AnkiDroid/src/main/res/values-or/01-core.xml,23,77,118,195,1,23,2024-04-25,2025-09-10,43,8.478260869565217,1.0,0,0.0,0.3128205128205128
AnkiDroid/src/main/res/layout/add_edit_reminder_dialog.xml,1,195,0,195,1,1,2025-09-26,2025-09-26,27,195.0,1.0,0,0.0,1.0
AnkiDroid/src/main/res/values-ru/10-preferences.xml,44,112,82,194,1,41,2024-04-27,2025-10-09,14,4.409090909090909,1.0,0,0.0,0.14432989690721648
AnkiDroid/src/main/res/values-sk/10-preferences.xml,36,112,82,194,1,34,2024-04-27,2025-10-09,14,5.388888888888889,1.0,0,0.0,0.5154639175257731
AnkiDroid/src/main/res/values-vi/01-core.xml,26,78,116,194,1,26,2024-04-25,2025-10-05,18,7.461538461538462,1.0,0,0.0,0.31443298969072164
AnkiDroid/src/main/java/com/ichi2/anki/reviewer/Binding.kt,8,121,73,194,2,4,2024-12-09,2025-06-18,127,24.25,0.625,1,0.125,0.634020618556701
AnkiDroid/src/main/res/values-ga/02-strings.xml,45,104,89,193,1,43,2024-04-27,2025-09-09,44,4.288888888888889,1.0,0,0.0,0.10880829015544041
AnkiDroid/src/main/res/values-hr/02-strings.xml,45,103,90,193,1,42,2024-04-27,2025-09-09,44,4.288888888888889,1.0,0,0.0,0.10880829015544041
.github/workflows/tests_unit.yml,16,129,64,193,4,12,2024-04-23,2025-09-03,50,12.0625,0.625,0,0.0,0.2538860103626943
AnkiDroid/src/test/java/com/ichi2/anki/DeckPickerOnDiskTest.kt,4,188,5,193,1,3,2025-07-07,2025-07-22,93,48.25,1.0,0,0.0,0.9533678756476683
AnkiDroid/src/main/java/com/ichi2/anki/deckpicker/DisplayDeckNode.kt,6,177,15,192,3,6,2025-05-08,2025-07-14,101,32.0,0.6666666666666666,2,0.3333333333333333,0.7395833333333334
AnkiDroid/src/test/java/com/ichi2/anki/preferences/reviewer/MenuDisplayTypeTest.kt,2,96,96,192,1,2,2024-12-10,2025-02-24,241,96.0,1.0,0,0.0,0.5
AnkiDroid/src/main/res/values-vi/10-preferences.xml,37,111,80,191,1,35,2024-04-27,2025-10-09,14,5.162162162162162,1.0,0,0.0,0.24083769633507854
AnkiDroid/src/main/res/values-ka/01-core.xml,27,75,116,191,1,27,2024-04-25,2025-09-10,43,7.074074074074074,1.0,0,0.0,0.3193717277486911
AnkiDroid/src/main/java/com/ichi2/anki/previewer/TemplatePreviewerFragment.kt,11,81,110,191,5,7,2024-05-30,2025-07-27,88,17.363636363636363,0.36363636363636365,3,0.2727272727272727,0.41361256544502617
AnkiDroid/src/main/res/layout/instant_editor_dialog.xml,4,180,11,191,1,4,2024-05-14,2024-08-19,430,47.75,1.0,0,0.0,0.7068062827225131
AnkiDroid/src/main/res/values-mn/02-strings.xml,45,101,89,190,1,42,2024-04-27,2025-09-09,44,4.222222222222222,1.0,0,0.0,0.11052631578947368
AnkiDroid/src/main/java/com/ichi2/anki/FieldEditText.kt,9,83,107,190,5,6,2024-07-15,2025-03-31,206,21.11111111111111,0.3333333333333333,2,0.2222222222222222,0.3473684210526316
AnkiDroid/src/main/java/com/ichi2/anki/utils/CardTemplateJson.kt,4,94,96,190,2,4,2024-05-18,2025-05-29,147,47.5,0.75,0,0.0,0.39473684210526316
AnkiDroid/src/main/res/values-tr/10-preferences.xml,51,110,79,189,1,46,2024-04-27,2025-10-14,9,3.7058823529411766,1.0,0,0.0,0.07407407407407407
AnkiDroid/src/test/java/com/ichi2/testutils/JvmTest.kt,15,54,135,189,4,8,2024-05-23,2025-07-21,94,12.6,0.7333333333333333,0,0.0,0.544973544973545
AnkiDroid/src/main/java/com/ichi2/preferences/ReviewerControlPreference.kt,11,142,47,189,2,7,2025-02-05,2025-09-20,33,17.181818181818183,0.7272727272727273,2,0.18181818181818182,0.3968253968253968
AnkiDroid/src/main/res/values-ml/03-dialogs.xml,33,95,93,188,1,31,2024-04-27,2025-09-05,48,5.696969696969697,1.0,0,0.0,0.2872340425531915
AnkiDroid/src/main/java/com/ichi2/anki/pages/Statistics.kt,16,141,46,187,7,14,2024-02-24,2025-08-07,77,11.6875,0.4375,4,0.25,0.5187165775401069
AnkiDroid/src/main/java/com/ichi2/widget/WidgetAlarm.kt,6,158,29,187,3,5,2024-08-25,2025-09-09,44,31.166666666666668,0.5,1,0.16666666666666666,0.7647058823529411
AnkiDroid/src/main/java/com/ichi2/anki/pages/PageFragment.kt,13,130,56,186,7,11,2024-05-21,2025-04-04,202,14.307692307692308,0.38461538461538464,6,0.46153846153846156,0.2849462365591398
AnkiDroid/src/main/java/com/ichi2/anki/DeckUtils.kt,8,130,56,186,4,7,2024-08-27,2025-09-24,29,23.25,0.375,0,0.0,0.46236559139784944
lint-rules/src/test/java/com/ichi2/anki/lint/rules/TranslationTypoTest.kt,4,185,1,186,1,3,2024-09-30,2025-07-29,86,46.5,1.0,1,0.25,0.3870967741935484
AnkiDroid/src/main/java/com/ichi2/anki/workarounds/NestedScrollingWebView.kt,2,185,1,186,2,2,2024-10-13,2024-12-09,318,93.0,0.5,2,1.0,0.9838709677419355
AnkiDroid/src/main/res/values-zh-rTW/10-preferences.xml,35,108,77,185,1,33,2024-04-27,2025-10-09,14,5.285714285714286,1.0,0,0.0,0.4864864864864865
AnkiDroid/src/main/res/values-sat/03-dialogs.xml,31,93,92,185,1,29,2024-04-27,2025-09-05,48,5.967741935483871,1.0,0,0.0,0.43243243243243246
AnkiDroid/src/main/res/values-sk/03-dialogs.xml,29,93,92,185,1,28,2024-04-27,2025-09-05,48,6.379310344827586,1.0,0,0.0,0.4864864864864865
AnkiDroid/src/main/res/values-ur/01-core.xml,20,75,110,185,1,20,2024-04-25,2025-09-10,43,9.25,1.0,0,0.0,0.32972972972972975
.github/workflows/tests_emulator.yml,14,122,63,185,6,13,2024-04-29,2025-09-03,50,13.214285714285714,0.5714285714285714,0,0.0,0.4486486486486487
AnkiDroid/src/main/res/layout/my_account_logged_in.xml,7,112,73,185,4,4,2024-04-23,2025-01-14,282,26.428571428571427,0.5714285714285714,3,0.42857142857142855,0.7027027027027027
AnkiDroid/src/main/res/values-kk/02-strings.xml,44,98,86,184,1,42,2024-04-27,2025-09-09,44,4.181818181818182,1.0,0,0.0,0.11413043478260869
AnkiDroid/src/main/res/values-ku/02-strings.xml,44,98,86,184,1,42,2024-04-27,2025-09-09,44,4.181818181818182,1.0,0,0.0,0.11413043478260869
AnkiDroid/src/main/res/values-ky/02-strings.xml,44,98,86,184,1,42,2024-04-27,2025-09-09,44,4.181818181818182,1.0,0,0.0,0.11413043478260869
AnkiDroid/src/main/res/values-mk/02-strings.xml,44,98,86,184,1,42,2024-04-27,2025-09-09,44,4.181818181818182,1.0,0,0.0,0.11413043478260869
AnkiDroid/src/main/res/values-es-rAR/03-dialogs.xml,38,93,91,184,1,35,2024-04-27,2025-09-05,48,4.842105263157895,1.0,0,0.0,0.15217391304347827
AnkiDroid/src/main/res/values-ro/01-core.xml,22,71,113,184,1,22,2024-04-25,2025-09-10,43,8.363636363636363,1.0,0,0.0,0.33152173913043476
AnkiDroid/src/main/res/values-ar/07-cardbrowser.xml,21,96,88,184,1,21,2024-08-08,2025-09-03,50,8.761904761904763,1.0,0,0.0,0.2826086956521739
AnkiDroid/src/main/java/com/ichi2/anki/CollectionHelper.kt,15,95,89,184,5,10,2024-03-05,2025-07-21,94,12.266666666666667,0.7333333333333333,1,0.06666666666666667,0.3641304347826087
AnkiDroid/src/main/res/values-nl/03-dialogs.xml,34,92,91,183,1,33,2024-04-27,2025-09-05,48,5.382352941176471,1.0,0,0.0,0.30601092896174864
AnkiDroid/src/main/res/values-it/01-core.xml,25,71,112,183,1,25,2024-04-25,2025-09-17,36,7.32,1.0,0,0.0,0.3333333333333333
AnkiDroid/src/main/res/values-sc/01-core.xml,20,71,112,183,1,20,2024-04-25,2025-09-10,43,9.15,1.0,0,0.0,0.3442622950819672
AnkiDroid/src/main/java/com/ichi2/async/CollectionOperations.kt,11,57,125,182,5,10,2024-06-15,2025-07-05,110,16.545454545454547,0.45454545454545453,0,0.0,0.3241758241758242
AnkiDroid/src/main/res/values-hi/10-preferences.xml,43,107,74,181,1,38,2024-04-27,2025-10-09,14,4.209302325581396,1.0,0,0.0,0.1878453038674033
AnkiDroid/src/main/res/values-lv/07-cardbrowser.xml,16,96,85,181,1,16,2024-08-08,2025-08-30,54,11.3125,1.0,0,0.0,0.39779005524861877
AnkiDroid/src/main/java/com/ichi2/anki/browser/RepositionCardFragment.kt,2,159,22,181,2,2,2025-02-11,2025-05-10,166,90.5,0.5,0,0.0,0.6685082872928176
AnkiDroid/src/test/java/com/ichi2/anki/ui/windows/reviewer/audiorecord/CheckPronunciationViewModelTest.kt,1,181,0,181,1,1,2025-08-10,2025-08-10,74,181.0,1.0,0,0.0,1.0
AnkiDroid/src/main/res/values-hu/01-core.xml,24,70,110,180,1,24,2024-04-25,2025-09-10,43,7.5,1.0,0,0.0,0.3388888888888889
AnkiDroid/src/main/res/values-sk/01-core.xml,23,68,111,179,1,22,2024-04-25,2025-09-10,43,7.782608695652174,1.0,0,0.0,0.3407821229050279
AnkiDroid/src/main/res/values-fr/03-dialogs.xml,33,91,87,178,1,31,2024-06-03,2025-09-05,48,5.393939393939394,1.0,0,0.0,0.29213483146067415
AnkiDroid/src/main/java/com/ichi2/anki/servicelayer/scopedstorage/MoveConflictedFile.kt,2,5,173,178,2,2,2024-07-15,2024-08-27,422,89.0,0.5,0,0.0,0.9662921348314607
common/src/main/java/com/ichi2/anki/common/json/JSONContainer.kt,2,155,23,178,1,2,2025-06-25,2025-07-18,97,89.0,1.0,0,0.0,0.8595505617977528
AnkiDroid/src/main/res/values-ms/02-strings.xml,43,94,83,177,1,41,2024-04-27,2025-09-09,44,4.116279069767442,1.0,0,0.0,0.11864406779661017
AnkiDroid/src/main/res/values-my/02-strings.xml,43,94,83,177,1,41,2024-04-27,2025-09-09,44,4.116279069767442,1.0,0,0.0,0.11864406779661017
AnkiDroid/src/test/java/com/ichi2/libanki/CardTest.kt,12,96,81,177,3,12,2024-07-15,2025-06-18,127,14.75,0.5833333333333334,1,0.08333333333333333,0.2655367231638418
AnkiDroid/src/main/res/values-az/03-dialogs.xml,32,89,87,176,1,30,2024-04-27,2025-10-14,9,5.5,1.0,0,0.0,0.3522727272727273
AnkiDroid/src/main/res/values-sv/01-core.xml,23,68,108,176,1,23,2024-04-25,2025-09-10,43,7.6521739130434785,1.0,0,0.0,0.3465909090909091
AnkiDroid/src/main/res/values-ind/01-core.xml,23,67,108,175,1,23,2024-04-25,2025-09-10,43,7.608695652173913,1.0,0,0.0,0.3485714285714286
AnkiDroid/src/test/java/com/ichi2/utils/FileUtilTest.kt,3,59,116,175,2,2,2024-08-27,2024-12-08,319,58.333333333333336,0.6666666666666666,1,0.3333333333333333,0.5657142857142857
AnkiDroid/src/main/res/values-fi/03-dialogs.xml,32,88,86,174,1,30,2024-04-27,2025-09-05,48,5.4375,1.0,0,0.0,0.4367816091954023
AnkiDroid/src/main/res/values-km/03-dialogs.xml,31,88,86,174,1,29,2024-04-27,2025-09-05,48,5.612903225806452,1.0,0,0.0,0.4482758620689655
AnkiDroid/src/test/java/com/ichi2/anki/services/NoteServiceTest.kt,11,58,116,174,4,10,2024-07-15,2025-07-07,108,15.818181818181818,0.45454545454545453,0,0.0,0.3505747126436782
AnkiDroid/src/main/java/com/ichi2/anki/dialogs/customstudy/TagLimitFragment.kt,3,171,3,174,2,3,2025-02-09,2025-07-05,110,58.0,0.6666666666666666,1,0.3333333333333333,0.9655172413793104
AnkiDroid/src/main/java/com/ichi2/anki/NoteEditorActivity.kt,2,174,0,174,1,2,2025-07-16,2025-07-17,98,87.0,1.0,0,0.0,0.9310344827586207
AnkiDroid/src/main/res/layout/fragment_find_replace.xml,1,174,0,174,1,1,2025-01-29,2025-01-29,267,174.0,1.0,0,0.0,1.0
AnkiDroid/src/androidTest/java/com/ichi2/anki/tests/InstrumentedTest.kt,17,115,58,173,5,14,2024-06-24,2025-07-05,110,10.176470588235293,0.5294117647058824,5,0.29411764705882354,0.18497109826589594
AnkiDroid/src/main/res/values-da/03-dialogs.xml,32,87,85,172,1,30,2024-04-27,2025-09-05,48,5.375,1.0,0,0.0,0.3372093023255814
AnkiDroid/jacoco.gradle,14,122,50,172,5,13,2024-06-20,2025-07-21,94,12.285714285714286,0.5714285714285714,1,0.07142857142857142,0.27906976744186046
AnkiDroid/src/test/java/com/ichi2/anki/ReviewerKeyboardInputTest.kt,13,97,75,172,5,11,2024-07-15,2025-07-28,87,13.23076923076923,0.38461538461538464,0,0.0,0.2558139534883721
AnkiDroid/src/main/res/values-ja/03-dialogs.xml,45,87,84,171,1,41,2024-04-27,2025-09-29,24,3.8,1.0,0,0.0,0.08187134502923976
AnkiDroid/src/main/java/com/ichi2/libanki/StdModels.kt,1,0,171,171,1,1,2024-06-23,2024-06-23,487,171.0,1.0,0,0.0,1.0
AnkiDroid/src/main/java/com/ichi2/anki/dialogs/FlagRenameDialog.kt,6,131,39,170,3,4,2024-04-22,2024-12-09,318,28.333333333333332,0.6666666666666666,1,0.16666666666666666,0.6647058823529411
AnkiDroid/src/main/res/layout/bottomsheet_multimedia.xml,2,169,1,170,2,2,2024-06-13,2024-06-23,487,85.0,0.5,0,0.0,0.9882352941176471
AnkiDroid/src/main/res/values-sl/02-strings.xml,41,84,85,169,1,39,2024-04-27,2025-09-09,44,4.121951219512195,1.0,0,0.0,0.1242603550295858
AnkiDroid/src/main/res/values-th/02-strings.xml,39,85,84,169,1,37,2024-04-27,2025-09-09,44,4.333333333333333,1.0,0,0.0,0.22485207100591717
AnkiDroid/src/main/res/values-ku/01-core.xml,21,64,105,169,1,21,2024-04-25,2025-09-10,43,8.047619047619047,1.0,0,0.0,0.3609467455621302
AnkiDroid/src/main/res/values-is/07-cardbrowser.xml,12,27,142,169,2,12,2024-08-08,2025-08-04,80,14.083333333333334,0.9166666666666666,0,0.0,0.7455621301775148
AnkiDroid/src/main/java/com/ichi2/anki/reviewer/ReviewerBinding.kt,6,140,29,169,2,5,2025-02-05,2025-06-03,142,28.166666666666668,0.8333333333333334,0,0.0,0.5325443786982249
AnkiDroid/src/main/res/values-ro/02-strings.xml,41,83,85,168,1,39,2024-04-27,2025-09-09,44,4.097560975609756,1.0,0,0.0,0.125
AnkiDroid/src/main/res/values-sr/02-strings.xml,41,83,85,168,1,39,2024-04-27,2025-09-09,44,4.097560975609756,1.0,0,0.0,0.125
AnkiDroid/src/main/res/values-tt/02-strings.xml,40,84,83,167,1,37,2024-04-27,2025-09-09,44,4.175,1.0,0,0.0,0.17964071856287425
.github/workflows/compare_apk_size.yml,12,139,28,167,5,8,2024-06-18,2025-09-03,50,13.916666666666666,0.4166666666666667,0,0.0,0.6946107784431138
AnkiDroid/src/main/java/com/ichi2/anki/ui/windows/reviewer/audiorecord/CheckPronunciationFragment.kt,3,164,2,166,1,2,2025-08-10,2025-09-05,48,55.333333333333336,1.0,0,0.0,0.8253012048192772
AnkiDroid/src/main/res/values-zh-rCN/03-dialogs.xml,42,83,81,164,1,39,2024-04-27,2025-09-05,48,3.9047619047619047,1.0,0,0.0,0.15853658536585366
AnkiDroid/src/main/res/values-hi/03-dialogs.xml,33,83,81,164,1,31,2024-04-27,2025-09-05,48,4.96969696969697,1.0,0,0.0,0.1951219512195122
AnkiDroid/src/main/res/values-fil/11-arrays.xml,9,75,89,164,1,9,2024-06-03,2025-08-03,81,18.22222222222222,1.0,0,0.0,0.3780487804878049
lint-rules/src/main/java/com/ichi2/anki/lint/utils/Crowdin.kt,4,153,11,164,2,3,2023-12-04,2025-03-18,219,41.0,0.75,2,0.5,0.8170731707317073
AnkiDroid/src/main/res/values-sc/03-dialogs.xml,31,82,81,163,1,29,2024-04-27,2025-09-05,48,5.258064516129032,1.0,0,0.0,0.4049079754601227
AnkiDroid/src/main/res/values-ko/07-cardbrowser.xml,17,88,75,163,1,17,2024-08-08,2025-09-09,44,9.588235294117647,1.0,0,0.0,0.39263803680981596
AnkiDroid/src/main/res/values-ka/10-preferences.xml,44,97,65,162,1,42,2024-04-27,2025-10-09,14,3.6818181818181817,1.0,0,0.0,0.12345679012345678
AnkiDroid/src/main/res/values-am/10-preferences.xml,40,97,65,162,1,38,2024-04-27,2025-10-09,14,4.05,1.0,0,0.0,0.2345679012345679
AnkiDroid/src/main/res/values-tt/01-core.xml,21,62,100,162,1,21,2024-04-25,2025-09-10,43,7.714285714285714,1.0,0,0.0,0.3765432098765432
AnkiDroid/src/main/res/values-jv/07-cardbrowser.xml,12,27,135,162,2,12,2024-08-08,2025-08-04,80,13.5,0.9166666666666666,0,0.0,0.7407407407407407
AnkiDroid/src/main/res/values-ar/11-arrays.xml,11,74,88,162,1,10,2024-09-28,2025-08-03,81,14.727272727272727,1.0,0,0.0,0.3333333333333333
AnkiDroid/src/main/res/values-bn/11-arrays.xml,10,74,88,162,1,10,2024-09-28,2025-08-03,81,16.2,1.0,0,0.0,0.37037037037037035
AnkiDroid/src/main/res/values/10-preferences.xml,48,102,59,161,12,42,2024-04-23,2025-10-02,21,3.3541666666666665,0.4791666666666667,3,0.0625,0.13664596273291926
AnkiDroid/src/main/res/values-ug/07-cardbrowser.xml,16,144,17,161,1,15,2025-01-04,2025-09-17,36,10.0625,1.0,0,0.0,0.7267080745341615
AnkiDroid/src/main/java/com/ichi2/anki/ui/ResizablePaneManager.kt,3,161,0,161,1,3,2025-06-01,2025-08-17,67,53.666666666666664,1.0,1,0.3333333333333333,0.8322981366459627
AnkiDroid/src/main/res/values-az/10-preferences.xml,40,96,64,160,1,38,2024-04-27,2025-10-14,9,4.0,1.0,0,0.0,0.225
AnkiDroid/src/main/res/values-hr/01-core.xml,21,59,101,160,1,21,2024-04-25,2025-09-10,43,7.619047619047619,1.0,0,0.0,0.38125
AnkiDroid/src/main/res/values-gl/07-cardbrowser.xml,20,86,74,160,1,19,2024-08-08,2025-09-03,50,8.0,1.0,0,0.0,0.3
AnkiDroid/src/main/java/com/ichi2/widget/deckpicker/DeckPickerWidgetConfig.kt,17,62,98,160,6,14,2024-08-26,2025-10-03,20,9.411764705882353,0.47058823529411764,2,0.11764705882352941,0.15625
AnkiDroid/src/main/assets/scripts/card.js,3,81,79,160,2,3,2024-10-11,2024-10-31,357,53.333333333333336,0.6666666666666666,2,0.6666666666666666,0.49375
AnkiDroid/src/main/res/layout/widget_deck_picker_drawable_v31.xml,2,159,1,160,1,2,2024-05-22,2024-12-27,300,80.0,1.0,0,0.0,0.9875
AnkiDroid/src/main/res/values-hu/10-preferences.xml,41,96,63,159,1,38,2024-04-27,2025-10-09,14,3.8780487804878048,1.0,0,0.0,0.2893081761006289
AnkiDroid/src/main/res/values-ky/01-core.xml,21,59,100,159,1,21,2024-04-25,2025-09-10,43,7.571428571428571,1.0,0,0.0,0.3836477987421384
AnkiDroid/src/test/java/com/ichi2/anki/analytics/PreferencesAnalyticsTest.kt,19,96,63,159,5,16,2023-12-04,2025-08-26,58,8.368421052631579,0.7894736842105263,1,0.05263157894736842,0.6226415094339622
AnkiDroid/src/main/java/com/ichi2/preferences/ListPreferenceTrait.kt,2,157,2,159,1,2,2024-03-05,2024-12-09,318,79.5,1.0,0,0.0,0.9685534591194969
AnkiDroid/src/main/java/dev/androidbroadcast/vbpd/ActivityViewBindings.kt,1,159,0,159,1,1,2025-09-18,2025-09-18,35,159.0,1.0,0,0.0,1.0
lint-rules/src/test/java/com/ichi2/anki/lint/utils/CrowdinLanguageTagTest.kt,1,159,0,159,1,1,2024-09-30,2024-09-30,388,159.0,1.0,0,0.0,1.0
AnkiDroid/src/main/res/values-ka/03-dialogs.xml,33,80,78,158,1,30,2024-06-03,2025-09-05,48,4.787878787878788,1.0,0,0.0,0.17721518987341772
AnkiDroid/src/main/res/values-zh-rTW/03-dialogs.xml,30,80,78,158,1,29,2024-06-03,2025-09-21,32,5.266666666666667,1.0,0,0.0,0.3227848101265823
AnkiDroid/src/main/res/values-mn/01-core.xml,21,59,99,158,1,21,2024-04-25,2025-09-10,43,7.523809523809524,1.0,0,0.0,0.3860759493670886
AnkiDroid/src/main/java/com/ichi2/anki/TtsVoices.kt,10,116,42,158,5,7,2024-07-15,2025-07-31,84,15.8,0.5,3,0.3,0.4050632911392405
AnkiDroid/src/main/java/com/ichi2/anki/reviewreminders/AddEditReminderDialogViewModel.kt,2,158,0,158,1,2,2025-09-26,2025-10-02,21,79.0,1.0,0,0.0,0.9620253164556962
AnkiDroid/src/main/java/dev/androidbroadcast/vbpd/FragmentViewBindings.kt,1,158,0,158,1,1,2025-09-18,2025-09-18,35,158.0,1.0,0,0.0,1.0
AnkiDroid/src/test/java/com/ichi2/anki/widget/DeckPickerWidgetConfigTest.kt,1,158,0,158,1,1,2024-05-22,2024-05-22,519,158.0,1.0,0,0.0,1.0
AnkiDroid/src/main/res/values-sl/01-core.xml,19,57,100,157,1,19,2024-04-25,2025-09-10,43,8.263157894736842,1.0,0,0.0,0.3885350318471338
libanki/testutils/src/main/java/com/ichi2/anki/libanki/testutils/TestCollectionManager.kt,3,148,9,157,1,2,2025-07-07,2025-07-21,94,52.333333333333336,1.0,0,0.0,0.6242038216560509
libanki/src/main/java/com/ichi2/anki/libanki/DB.kt,2,100,57,157,1,2,2025-07-06,2025-07-21,94,78.5,1.0,0,0.0,1.0
AnkiDroid/src/main/java/com/ichi2/anki/services/BootService.kt,14,107,49,156,6,10,2024-07-15,2025-07-23,92,11.142857142857142,0.5714285714285714,3,0.21428571428571427,0.3717948717948718
AnkiDroid/src/main/res/values-pa/11-arrays.xml,10,71,85,156,1,9,2024-08-27,2025-08-03,81,15.6,1.0,0,0.0,0.4230769230769231
AnkiDroid/src/main/res/values-mk/01-core.xml,20,57,98,155,1,20,2024-04-25,2025-09-10,43,7.75,1.0,0,0.0,0.3935483870967742
AnkiDroid/src/main/java/com/ichi2/anki/android/input/Shortcut.kt,7,125,30,155,4,4,2024-11-06,2025-01-12,284,22.142857142857142,0.5714285714285714,2,0.2857142857142857,0.5870967741935483
AnkiDroid/src/main/assets/fonts/freefont/GNU GENERAL PUBLIC LICENSE.txt,1,0,155,155,1,1,2025-06-08,2025-06-08,137,155.0,1.0,0,0.0,1.0
AnkiDroid/src/main/res/values-or/10-preferences.xml,40,93,61,154,1,38,2024-04-27,2025-10-09,14,3.85,1.0,0,0.0,0.2077922077922078
AnkiDroid/src/main/java/com/ichi2/anki/preferences/ReviewingSettingsFragment.kt,12,91,63,154,6,7,2024-10-18,2025-07-23,92,12.833333333333334,0.4166666666666667,2,0.16666666666666666,0.2727272727272727
AnkiDroid/src/main/java/com/ichi2/anki/Info.kt,8,86,68,154,3,5,2024-10-26,2025-08-03,81,19.25,0.5,1,0.125,0.6428571428571429
AnkiDroid/src/main/java/com/ichi2/anki/previewer/TemplatePreviewerPage.kt,6,127,27,154,3,4,2024-08-17,2025-04-05,201,25.666666666666668,0.5,2,0.3333333333333333,0.551948051948052
AnkiDroid/src/main/java/com/ichi2/anki/preferences/reviewer/ReviewerMenuView.kt,5,150,4,154,1,5,2024-12-13,2025-06-20,125,30.8,1.0,0,0.0,0.9025974025974026
AnkiDroid/src/test/java/com/ichi2/anki/multimediacard/fields/BasicImageFieldControllerTest.kt,4,4,149,153,4,4,2024-04-25,2024-08-01,448,38.25,0.25,1,0.25,0.954248366013072
AnkiDroid/src/main/java/com/ichi2/compat/VibrationAttributesCompat.kt,1,152,0,152,1,1,2025-08-28,2025-08-28,56,152.0,1.0,0,0.0,1.0
AnkiDroid/src/main/res/drawable/login_logo.xml,1,152,0,152,1,1,2024-10-06,2024-10-06,382,152.0,1.0,0,0.0,1.0
AnkiDroid/src/main/java/com/ichi2/utils/AlertDialogFacade.kt,9,146,5,151,6,8,2024-04-23,2025-07-18,97,16.77777777777778,0.3333333333333333,3,0.3333333333333333,0.2847682119205298
AnkiDroid/src/main/java/com/ichi2/anki/preferences/reviewer/ReviewerMenuSettingsFragment.kt,5,138,13,151,1,5,2024-12-10,2025-07-27,88,30.2,1.0,0,0.0,0.6821192052980133
AnkiDroid/src/main/res/values-it/03-dialogs.xml,33,76,74,150,1,31,2024-04-25,2025-09-05,48,4.545454545454546,1.0,0,0.0,0.14666666666666667
AnkiDroid/src/main/res/values-ms/01-core.xml,20,55,95,150,1,20,2024-04-25,2025-09-10,43,7.5,1.0,0,0.0,0.4066666666666667
AnkiDroid/src/main/res/values-uz/07-cardbrowser.xml,14,81,69,150,1,14,2024-08-08,2025-09-29,24,10.714285714285714,1.0,0,0.0,0.5333333333333333
AnkiDroid/src/main/java/com/ichi2/anki/preferences/reviewer/MenuDisplayType.kt,2,94,56,150,1,2,2024-12-10,2025-02-24,241,75.0,1.0,0,0.0,0.6266666666666667
AnkiDroid/src/main/res/values-ti/01-core.xml,18,55,94,149,1,18,2024-04-25,2025-09-10,43,8.277777777777779,1.0,0,0.0,0.40939597315436244
AnkiDroid/src/main/java/com/ichi2/libanki/sched/DeckNode.kt,9,71,78,149,9,9,2024-07-15,2025-06-08,137,16.555555555555557,0.1111111111111111,3,0.3333333333333333,0.4429530201342282
tools/release.sh,7,93,56,149,4,6,2024-05-21,2025-04-03,203,21.285714285714285,0.42857142857142855,1,0.14285714285714285,0.3825503355704698
AnkiDroid/src/main/res/values-my/01-core.xml,19,54,94,148,1,19,2024-04-25,2025-09-10,43,7.7894736842105265,1.0,0,0.0,0.41216216216216217
AnkiDroid/src/main/res/values-gu/07-cardbrowser.xml,15,80,68,148,1,15,2024-06-17,2025-08-30,54,9.866666666666667,1.0,0,0.0,0.5675675675675675
AnkiDroid/src/main/java/com/ichi2/anki/ui/windows/reviewer/autoadvance/AutoAdvance.kt,9,128,20,148,4,9,2024-06-22,2025-07-28,87,16.444444444444443,0.4444444444444444,1,0.1111111111111111,0.6554054054054054
AnkiDroid/src/main/res/xml/preferences_dev_options.xml,23,95,52,147,7,21,2024-03-23,2025-09-06,47,6.391304347826087,0.30434782608695654,1,0.043478260869565216,0.17687074829931973
AnkiDroid/src/main/res/values-tgl/01-core.xml,17,54,93,147,1,17,2024-04-25,2025-09-10,43,8.647058823529411,1.0,0,0.0,0.41496598639455784
AnkiDroid/src/main/java/com/ichi2/anki/dialogs/tags/TagsArrayAdapter.kt,13,89,58,147,7,11,2024-05-09,2025-07-17,98,11.307692307692308,0.46153846153846156,5,0.38461538461538464,0.43537414965986393
AnkiDroid/src/main/java/com/ichi2/anki/preferences/SettingsFragment.kt,10,80,67,147,2,7,2024-03-05,2025-07-01,114,14.7,0.6,1,0.1,0.23129251700680273
AnkiDroid/src/main/res/values-is/11-arrays.xml,8,21,126,147,2,8,2024-09-28,2025-08-04,80,18.375,0.875,0,0.0,0.6190476190476191
AnkiDroid/src/main/res/values-jv/11-arrays.xml,8,21,126,147,2,8,2024-09-28,2025-08-04,80,18.375,0.875,0,0.0,0.6190476190476191
AnkiDroid/src/main/res/values-ss/11-arrays.xml,8,21,126,147,2,8,2024-09-28,2025-08-04,80,18.375,0.875,0,0.0,0.6190476190476191
AnkiDroid/src/main/res/values-sw/11-arrays.xml,8,21,126,147,2,8,2024-09-28,2025-08-04,80,18.375,0.875,0,0.0,0.6190476190476191
AnkiDroid/src/main/res/values-tg/11-arrays.xml,8,21,126,147,2,8,2024-09-28,2025-08-04,80,18.375,0.875,0,0.0,0.6190476190476191
AnkiDroid/src/main/java/com/ichi2/anki/scheduling/SetDueDateViewModel.kt,7,115,32,147,2,5,2024-12-09,2025-07-05,110,21.0,0.8571428571428571,0,0.0,0.3333333333333333
AnkiDroid/src/main/java/com/ichi2/anki/browser/ColumnSelectionDialogFragment.kt,3,144,3,147,3,3,2025-02-12,2025-08-02,82,49.0,0.3333333333333333,1,0.3333333333333333,0.8571428571428571
lint-rules/src/main/java/com/ichi2/anki/lint/rules/TranslationTypo.kt,12,119,27,146,6,9,2024-04-25,2025-09-08,45,12.166666666666666,0.5833333333333334,1,0.08333333333333333,0.3835616438356164
AnkiDroid/src/main/res/values-ss/07-cardbrowser.xml,10,15,130,145,2,10,2024-08-08,2025-08-04,80,14.5,0.9,0,0.0,0.8689655172413793
AnkiDroid/src/main/res/values-sw/07-cardbrowser.xml,10,15,130,145,2,10,2024-08-08,2025-08-04,80,14.5,0.9,0,0.0,0.8689655172413793
AnkiDroid/src/main/res/values-tg/07-cardbrowser.xml,10,15,130,145,2,10,2024-08-08,2025-08-04,80,14.5,0.9,0,0.0,0.8689655172413793
AnkiDroid/src/main/res/values-tn/07-cardbrowser.xml,10,15,130,145,2,10,2024-08-08,2025-08-04,80,14.5,0.9,0,0.0,0.8689655172413793
AnkiDroid/src/main/res/values-ts/07-cardbrowser.xml,10,15,130,145,2,10,2024-08-08,2025-08-04,80,14.5,0.9,0,0.0,0.8689655172413793
AnkiDroid/src/main/res/values-ve/07-cardbrowser.xml,10,15,130,145,2,10,2024-08-08,2025-08-04,80,14.5,0.9,0,0.0,0.8689655172413793
AnkiDroid/src/main/res/values-xh/07-cardbrowser.xml,10,15,130,145,2,10,2024-08-08,2025-08-04,80,14.5,0.9,0,0.0,0.8689655172413793
AnkiDroid/src/main/res/values-zu/07-cardbrowser.xml,10,15,130,145,2,10,2024-08-08,2025-08-04,80,14.5,0.9,0,0.0,0.8689655172413793
AnkiDroid/src/main/java/com/ichi2/anki/dialogs/BrowserOptionsDialog.kt,8,114,31,145,3,7,2024-04-22,2025-06-23,122,18.125,0.625,2,0.25,0.296551724137931
AnkiDroid/src/main/java/com/ichi2/anki/servicelayer/ThrowableFilterService.kt,3,131,14,145,2,2,2024-12-02,2024-12-09,318,48.333333333333336,0.6666666666666666,1,0.3333333333333333,0.8137931034482758
AnkiDroid/src/main/java/com/ichi2/anki/dialogs/customstudy/IncludedExcludedTagsAdapter.kt,2,144,1,145,2,2,2025-02-09,2025-09-04,49,72.5,0.5,1,0.5,0.9862068965517241
AnkiDroid/src/main/res/values-da/10-preferences.xml,40,88,56,144,1,38,2024-04-27,2025-10-09,14,3.6,1.0,0,0.0,0.1388888888888889
AnkiDroid/src/main/res/values-ml/07-cardbrowser.xml,14,78,66,144,1,14,2024-08-08,2025-08-30,54,10.285714285714286,1.0,0,0.0,0.625
AnkiDroid/src/main/res/values-got/17-model-manager.xml,8,71,72,143,1,8,2025-02-08,2025-09-09,44,17.875,1.0,0,0.0,0.4755244755244755
AnkiDroid/src/main/res/values-tn/11-arrays.xml,7,19,124,143,2,7,2024-09-28,2025-08-04,80,20.428571428571427,0.8571428571428571,0,0.0,0.6363636363636364
AnkiDroid/src/main/res/values-ts/11-arrays.xml,7,19,124,143,2,7,2024-09-28,2025-08-04,80,20.428571428571427,0.8571428571428571,0,0.0,0.6363636363636364
AnkiDroid/src/main/res/values-ve/11-arrays.xml,7,19,124,143,2,7,2024-09-28,2025-08-04,80,20.428571428571427,0.8571428571428571,0,0.0,0.6363636363636364
AnkiDroid/src/main/res/values-wo/11-arrays.xml,7,19,124,143,2,7,2024-09-28,2025-08-04,80,20.428571428571427,0.8571428571428571,0,0.0,0.6363636363636364
AnkiDroid/src/main/res/values-xh/11-arrays.xml,7,19,124,143,2,7,2024-09-28,2025-08-04,80,20.428571428571427,0.8571428571428571,0,0.0,0.6363636363636364
AnkiDroid/src/main/res/values-yue/11-arrays.xml,7,19,124,143,2,7,2024-09-28,2025-08-04,80,20.428571428571427,0.8571428571428571,0,0.0,0.6363636363636364
AnkiDroid/src/main/res/values-zu/11-arrays.xml,7,19,124,143,2,7,2024-09-28,2025-08-04,80,20.428571428571427,0.8571428571428571,0,0.0,0.6363636363636364
AnkiDroid/src/main/res/values-hu/03-dialogs.xml,36,73,69,142,1,33,2024-04-27,2025-09-05,48,3.9444444444444446,1.0,0,0.0,0.2112676056338028
AnkiDroid/src/main/res/values-vi/03-dialogs.xml,32,72,70,142,1,31,2024-04-27,2025-09-05,48,4.4375,1.0,0,0.0,0.16901408450704225
AnkiDroid/src/main/java/com/ichi2/anki/dialogs/TtsVoicesDialogFragment.kt,7,81,61,142,3,5,2024-06-05,2025-09-11,42,20.285714285714285,0.7142857142857143,1,0.14285714285714285,0.7253521126760564
AnkiDroid/src/main/java/com/ichi2/anki/backend/BackendDBUtils.kt,6,114,27,141,1,4,2025-06-18,2025-07-21,94,23.5,1.0,0,0.0,0.5602836879432624
AnkiDroid/src/main/java/com/ichi2/anki/dialogs/ImportDialog.kt,6,75,66,141,2,4,2024-11-03,2024-12-28,299,23.5,0.6666666666666666,1,0.16666666666666666,0.40425531914893614
AnkiDroid/src/main/res/layout/cardbrowser_searchview.xml,3,134,7,141,1,2,2025-08-07,2025-09-02,51,47.0,1.0,0,0.0,0.5673758865248227
AnkiDroid/src/main/res/layout/audio_record_view.xml,1,141,0,141,1,1,2025-08-11,2025-08-11,73,141.0,1.0,0,0.0,1.0
AnkiDroid/src/main/java/com/ichi2/anki/FieldEditLine.kt,11,69,71,140,5,9,2024-05-02,2025-06-24,121,12.727272727272727,0.45454545454545453,3,0.2727272727272727,0.5071428571428571
AnkiDroid/src/main/res/values-gu/11-arrays.xml,10,63,77,140,1,10,2024-06-01,2025-08-03,81,14.0,1.0,0,0.0,0.37142857142857144
AnkiDroid/src/main/res/layout/reviewer_menu_item.xml,3,98,42,140,1,2,2024-12-13,2025-07-27,88,46.666666666666664,1.0,0,0.0,0.6071428571428571
AnkiDroid/src/main/java/com/ichi2/widget/Id.kt,1,140,0,140,1,1,2025-09-09,2025-09-09,44,140.0,1.0,0,0.0,1.0
AnkiDroid/src/test/java/com/ichi2/libanki/CollectionTest.kt,11,103,36,139,5,10,2023-12-04,2025-04-26,180,12.636363636363637,0.45454545454545453,0,0.0,0.43884892086330934
AnkiDroid/src/main/java/com/ichi2/utils/ImportUtils.kt,10,93,46,139,8,10,2024-07-15,2025-06-18,127,13.9,0.2,1,0.1,0.30935251798561153
AnkiDroid/src/main/res/values-wo/07-cardbrowser.xml,10,15,124,139,2,10,2024-08-08,2025-08-04,80,13.9,0.9,0,0.0,0.8633093525179856
AnkiDroid/src/main/res/values-yue/07-cardbrowser.xml,10,15,124,139,2,10,2024-08-08,2025-08-04,80,13.9,0.9,0,0.0,0.8633093525179856
AnkiDroid/src/main/java/com/ichi2/anki/utils/Time.kt,7,32,107,139,4,7,2024-06-07,2025-06-18,127,19.857142857142858,0.5714285714285714,1,0.14285714285714285,0.381294964028777
AnkiDroid/src/main/res/layout-xlarge/card_template_editor.xml,5,91,48,139,3,5,2024-05-30,2025-07-25,90,27.8,0.4,2,0.4,0.39568345323741005
AnkiDroid/src/main/java/com/ichi2/libanki/CardTemplate.kt,4,137,2,139,2,4,2024-12-28,2025-06-25,120,34.75,0.75,1,0.25,0.9712230215827338
AnkiDroid/src/main/res/layout/dialog_empty_cards.xml,4,123,16,139,3,4,2025-01-14,2025-06-24,121,34.75,0.5,2,0.5,0.5827338129496403
AnkiDroid/src/test/java/com/ichi2/anki/BackupManagerTest.kt,2,7,132,139,2,2,2024-07-15,2025-03-21,216,69.5,0.5,0,0.0,0.9424460431654677
AnkiDroid/src/test/java/com/ichi2/anki/servicelayer/scopedstorage/MigrateEssentialFilesIntegrationTest.kt,1,0,139,139,1,1,2024-08-27,2024-08-27,422,139.0,1.0,0,0.0,1.0
AnkiDroid/src/main/res/values-ga/03-dialogs.xml,33,70,68,138,1,31,2024-04-27,2025-09-05,48,4.181818181818182,1.0,0,0.0,0.13043478260869565
AnkiDroid/src/main/res/values-gl/11-arrays.xml,12,62,76,138,1,12,2024-09-28,2025-08-03,81,11.5,1.0,0,0.0,0.3333333333333333
AnkiDroid/src/androidTest/java/com/ichi2/anki/tests/ACRATest.kt,6,99,39,138,4,4,2023-12-04,2024-12-09,318,23.0,0.5,1,0.16666666666666666,0.3115942028985507
AnkiDroid/src/main/res/values-or/03-dialogs.xml,34,69,68,137,1,33,2024-04-27,2025-09-05,48,4.029411764705882,1.0,0,0.0,0.23357664233576642
AnkiDroid/src/main/res/values-iw/11-arrays.xml,9,114,23,137,1,9,2024-05-02,2025-08-10,74,15.222222222222221,1.0,0,0.0,0.7664233576642335
AnkiDroid/src/main/java/com/ichi2/anki/dialogs/GradeNowDialog.kt,2,131,6,137,2,2,2025-07-18,2025-07-28,87,68.5,0.5,0,0.0,0.9124087591240876
AnkiDroid/src/main/res/values-iw/08-widget.xml,9,110,26,136,1,9,2024-05-02,2025-08-26,58,15.11111111111111,1.0,0,0.0,0.5073529411764706
AnkiDroid/src/main/java/com/ichi2/anki/jsaddons/TgzPackageExtract.kt,8,86,50,136,5,5,2024-07-15,2024-12-09,318,17.0,0.5,1,0.125,0.39705882352941174
AnkiDroid/src/main/res/drawable/logged_in_logo.xml,1,136,0,136,1,1,2024-10-06,2024-10-06,382,136.0,1.0,0,0.0,1.0
AnkiDroid/src/main/java/com/ichi2/anki/NoteEditorFragment.kt,17,63,72,135,7,12,2025-06-18,2025-10-21,2,7.9411764705882355,0.35294117647058826,0,0.0,0.2222222222222222
AnkiDroid/src/main/java/com/ichi2/anki/multimediacard/fields/BasicTextFieldController.kt,1,0,135,135,1,1,2024-08-01,2024-08-01,448,135.0,1.0,0,0.0,1.0
AnkiDroid/src/main/res/values-tgl/02-strings.xml,38,68,66,134,1,36,2024-04-27,2025-09-09,44,3.526315789473684,1.0,0,0.0,0.15671641791044777
AnkiDroid/src/main/res/values-ti/02-strings.xml,38,68,66,134,1,36,2024-04-27,2025-09-09,44,3.526315789473684,1.0,0,0.0,0.15671641791044777
AnkiDroid/src/main/res/layout/fragment_schedule_reminders.xml,5,108,26,134,1,5,2025-06-15,2025-10-02,21,26.8,1.0,1,0.2,0.40298507462686567
AnkiDroid/src/main/java/com/ichi2/anki/ui/windows/reviewer/whiteboard/WhiteboardRepository.kt,1,134,0,134,1,1,2025-09-05,2025-09-05,48,134.0,1.0,0,0.0,1.0
AnkiDroid/src/main/res/values-pa/07-cardbrowser.xml,15,74,59,133,1,15,2024-07-30,2025-08-30,54,8.866666666666667,1.0,0,0.0,0.3458646616541353
AnkiDroid/src/main/java/com/ichi2/anki/CardTemplateBrowserAppearanceEditor.kt,9,68,65,133,4,6,2024-05-02,2025-07-05,110,14.777777777777779,0.6666666666666666,2,0.2222222222222222,0.40601503759398494
AnkiDroid/src/main/java/com/ichi2/libanki/Field.kt,7,125,8,133,2,6,2024-12-23,2025-06-25,120,19.0,0.8571428571428571,1,0.14285714285714285,0.8646616541353384
AnkiDroid/src/main/java/com/ichi2/utils/ViewUtils.kt,7,132,1,133,4,7,2024-06-11,2025-05-13,163,19.0,0.5714285714285714,0,0.0,0.41353383458646614
AnkiDroid/src/main/java/com/ichi2/libanki/Fields.kt,3,81,52,133,1,3,2024-12-23,2025-06-25,120,44.333333333333336,1.0,0,0.0,0.5639097744360902
AnkiDroid/src/main/res/layout/fragment_whiteboard.xml,2,129,4,133,1,2,2025-09-05,2025-09-06,47,66.5,1.0,0,0.0,0.9473684210526315
AnkiDroid/src/test/java/com/ichi2/anki/OnboardingFlagTest.kt,1,0,133,133,1,1,2024-08-24,2024-08-24,425,133.0,1.0,0,0.0,1.0
AnkiDroid/src/main/res/values-ta/07-cardbrowser.xml,15,72,60,132,1,15,2024-08-08,2025-08-30,54,8.8,1.0,0,0.0,0.48484848484848486
AnkiDroid/src/main/assets/mathjax/sre/mathmaps/en.js,1,0,131,131,1,1,2024-10-11,2024-10-11,377,131.0,1.0,0,0.0,1.0
AnkiDroid/src/main/res/values-ga/10-preferences.xml,39,81,49,130,1,37,2024-04-27,2025-10-09,14,3.3333333333333335,1.0,0,0.0,0.15384615384615385
AnkiDroid/src/main/res/values-pt-rPT/11-arrays.xml,12,58,72,130,1,11,2024-05-19,2025-08-22,62,10.833333333333334,1.0,0,0.0,0.35384615384615387
AnkiDroid/src/main/res/layout/card_browser.xml,9,32,98,130,4,8,2024-07-06,2025-06-09,136,14.444444444444445,0.6666666666666666,2,0.2222222222222222,0.3769230769230769
AnkiDroid/src/main/res/values/03-dialogs.xml,36,63,66,129,11,32,2024-04-22,2025-08-10,74,3.5833333333333335,0.3055555555555556,7,0.19444444444444445,0.13953488372093023
AnkiDroid/src/main/res/values-sv/03-dialogs.xml,31,65,64,129,1,30,2024-04-27,2025-09-05,48,4.161290322580645,1.0,0,0.0,0.24806201550387597
AnkiDroid/src/test/java/com/ichi2/anki/servicelayer/ScopedStorageAndroidTest.kt,1,0,129,129,1,1,2024-08-27,2024-08-27,422,129.0,1.0,0,0.0,1.0
build.gradle,1,0,129,129,1,1,2024-05-21,2024-05-21,520,129.0,1.0,0,0.0,1.0
AnkiDroid/src/main/res/values-ca/10-preferences.xml,40,80,48,128,1,37,2024-04-27,2025-10-09,14,3.2,1.0,0,0.0,0.15625
AnkiDroid/src/main/res/values-sv/10-preferences.xml,38,79,49,128,1,35,2024-04-27,2025-10-09,14,3.3684210526315788,1.0,0,0.0,0.09375
AnkiDroid/src/main/res/values-iw/16-multimedia-editor.xml,13,103,25,128,1,13,2024-05-02,2025-08-10,74,9.846153846153847,1.0,0,0.0,0.71875
AnkiDroid/src/main/java/com/ichi2/compat/Compat.kt,10,60,68,128,7,9,2024-07-15,2025-08-28,56,12.8,0.3,0,0.0,0.359375
AnkiDroid/src/main/java/com/ichi2/compat/BaseCompat.kt,8,31,97,128,5,6,2024-11-06,2025-08-28,56,16.0,0.25,1,0.125,0.53125
AnkiDroid/src/main/res/layout/template_previewer.xml,5,44,84,128,3,5,2024-05-31,2024-12-22,305,25.6,0.4,1,0.2,0.6015625
AnkiDroid/src/main/res/menu/deck_picker.xml,4,56,72,128,4,4,2024-06-21,2024-10-26,362,32.0,0.25,1,0.25,0.71875
AnkiDroid/src/main/java/com/ichi2/anki/mediacheck/MediaCheckAdapter.kt,2,64,64,128,1,2,2025-02-19,2025-05-17,159,64.0,1.0,0,0.0,0.5
AnkiDroid/src/main/java/com/ichi2/anki/dialogs/ExportReadyDialog.kt,10,71,56,127,4,7,2024-07-15,2025-07-18,97,12.7,0.7,3,0.3,0.3858267716535433
AnkiDroid/src/androidTest/java/com/ichi2/anki/DeckPickerTest.kt,8,41,86,127,4,7,2024-03-31,2025-03-16,221,15.875,0.5,1,0.125,0.41732283464566927
AnkiDroid/src/main/res/menu/reviewer.xml,8,84,43,127,7,8,2024-04-26,2025-06-23,122,15.875,0.25,2,0.25,0.25984251968503935
AnkiDroid/src/main/res/values-ug/11-arrays.xml,7,109,18,127,1,6,2025-01-04,2025-08-03,81,18.142857142857142,1.0,0,0.0,0.8267716535433071
AnkiDroid/src/main/res/values-am/03-dialogs.xml,32,64,62,126,1,30,2024-04-27,2025-09-05,48,3.9375,1.0,0,0.0,0.14285714285714285
AnkiDroid/src/test/java/com/ichi2/anki/preferences/PreferencesTest.kt,10,79,47,126,4,10,2024-06-02,2025-07-05,110,12.6,0.6,2,0.2,0.2857142857142857
AnkiDroid/src/main/java/com/ichi2/libanki/Tags.kt,4,88,38,126,3,3,2024-12-09,2025-05-04,172,31.5,0.5,1,0.25,0.5
AnkiDroid/src/main/java/com/ichi2/anki/preferences/reviewer/ReviewerMenuSettingsAdapter.kt,3,121,5,126,2,3,2024-12-13,2025-06-04,141,42.0,0.6666666666666666,0,0.0,0.9126984126984127
AnkiDroid/src/main/java/com/ichi2/anki/dialogs/SaveBrowserSearchDialogFragment.kt,2,125,1,126,1,2,2025-08-11,2025-08-12,72,63.0,1.0,0,0.0,0.9841269841269841
AnkiDroid/src/main/java/com/ichi2/anki/ui/windows/reviewer/audiorecord/CheckPronunciationViewModel.kt,1,126,0,126,1,1,2025-08-10,2025-08-10,74,126.0,1.0,0,0.0,1.0
AnkiDroid/src/main/res/drawable/intro_ankidroid_logo.xml,1,15,111,126,1,1,2024-11-06,2024-11-06,351,126.0,1.0,0,0.0,1.0
AnkiDroid/src/main/res/values/constants.xml,27,86,39,125,10,27,2024-04-23,2025-09-06,47,4.62962962962963,0.2962962962962963,1,0.037037037037037035,0.176
AnkiDroid/src/main/assets/mathjax/sre/mathmaps/de.js,1,0,125,125,1,1,2024-10-11,2024-10-11,377,125.0,1.0,0,0.0,1.0
AnkiDroid/src/main/assets/mathjax/sre/mathmaps/fr.js,1,0,125,125,1,1,2024-10-11,2024-10-11,377,125.0,1.0,0,0.0,1.0
AnkiDroid/src/main/assets/mathjax/sre/mathmaps/hi.js,1,0,125,125,1,1,2024-10-11,2024-10-11,377,125.0,1.0,0,0.0,1.0
AnkiDroid/src/main/assets/mathjax/sre/mathmaps/it.js,1,0,125,125,1,1,2024-10-11,2024-10-11,377,125.0,1.0,0,0.0,1.0
AnkiDroid/src/main/res/values-af/10-preferences.xml,39,78,46,124,1,37,2024-04-27,2025-10-09,14,3.1794871794871793,1.0,0,0.0,0.16129032258064516
AnkiDroid/src/main/res/values-bg/10-preferences.xml,39,78,46,124,1,36,2024-04-27,2025-10-09,14,3.1794871794871793,1.0,0,0.0,0.16129032258064516
AnkiDroid/src/main/res/values-ckb/10-preferences.xml,39,78,46,124,1,37,2024-04-27,2025-10-09,14,3.1794871794871793,1.0,0,0.0,0.16129032258064516
AnkiDroid/src/main/res/values-et/10-preferences.xml,39,78,46,124,1,37,2024-04-27,2025-10-09,14,3.1794871794871793,1.0,0,0.0,0.16129032258064516
AnkiDroid/src/main/res/values-eu/10-preferences.xml,39,78,46,124,1,37,2024-04-27,2025-10-09,14,3.1794871794871793,1.0,0,0.0,0.16129032258064516
AnkiDroid/src/main/res/values-fy/10-preferences.xml,39,78,46,124,1,37,2024-04-27,2025-10-09,14,3.1794871794871793,1.0,0,0.0,0.16129032258064516
AnkiDroid/src/main/res/values-nn/10-preferences.xml,39,78,46,124,1,36,2024-04-27,2025-10-09,14,3.1794871794871793,1.0,0,0.0,0.12903225806451613
AnkiDroid/src/main/res/values-lv/11-arrays.xml,10,55,69,124,1,10,2024-09-28,2025-08-03,81,12.4,1.0,0,0.0,0.6774193548387096
AnkiDroid/src/main/res/values-uz/11-arrays.xml,9,55,69,124,1,8,2024-09-28,2025-08-03,81,13.777777777777779,1.0,0,0.0,0.6935483870967742
AnkiDroid/src/main/java/com/ichi2/anki/utils/CollectionPreferences.kt,3,112,12,124,1,3,2025-06-26,2025-08-09,75,41.333333333333336,1.0,1,0.3333333333333333,0.7741935483870968
AnkiDroid/src/test/java/com/ichi2/anki/servicelayer/ScopedStorageAnkiDroidTest.kt,1,0,124,124,1,1,2024-08-27,2024-08-27,422,124.0,1.0,0,0.0,1.0
AnkiDroid/src/main/res/values-fa/07-cardbrowser.xml,21,67,55,122,1,21,2024-07-30,2025-08-30,54,5.809523809523809,1.0,0,0.0,0.18032786885245902
AnkiDroid/src/main/res/values-fil/07-cardbrowser.xml,14,67,55,122,1,14,2024-06-03,2025-08-30,54,8.714285714285714,1.0,0,0.0,0.45901639344262296
AnkiDroid/src/main/java/com/ichi2/anki/servicelayer/DebugInfoService.kt,10,53,69,122,3,7,2024-10-11,2025-06-16,129,12.2,0.8,2,0.2,0.4672131147540984
AnkiDroid/src/main/res/values-nn/11-arrays.xml,8,54,68,122,1,8,2024-09-28,2025-08-10,74,15.25,1.0,0,0.0,0.5409836065573771
AnkiDroid/src/main/res/values-no/11-arrays.xml,8,54,68,122,1,8,2024-09-28,2025-08-10,74,15.25,1.0,0,0.0,0.5409836065573771
AnkiDroid/src/test/java/com/ichi2/anki/ConstantUniquenessTest.kt,6,63,59,122,3,6,2024-07-15,2025-01-24,272,20.333333333333332,0.6666666666666666,0,0.0,0.9016393442622951
AnkiDroid/src/main/assets/mathjax/sre/mathmaps/es.js,1,0,122,122,1,1,2024-10-11,2024-10-11,377,122.0,1.0,0,0.0,1.0
AnkiDroid/src/main/res/values-tt/10-preferences.xml,33,76,45,121,1,31,2024-04-27,2025-10-09,14,3.6666666666666665,1.0,0,0.0,0.38016528925619836
AnkiDroid/src/main/java/com/ichi2/widget/WidgetStatus.kt,8,65,56,121,4,6,2024-10-26,2025-08-26,58,15.125,0.5,0,0.0,0.256198347107438
AnkiDroid/src/main/java/com/ichi2/anki/CustomActionModeCallback.kt,6,101,20,121,3,4,2024-05-14,2025-03-22,215,20.166666666666668,0.5,1,0.16666666666666666,0.6446280991735537
AnkiDroid/src/main/res/drawable-v31/ic_anki_unthemed_finish.xml,2,118,3,121,1,2,2025-07-14,2025-07-23,92,60.5,1.0,1,0.5,0.9504132231404959
AnkiDroid/src/test/java/com/ichi2/anki/servicelayer/scopedstorage/migrateuserdata/MigrateUserDataJvmTest.kt,2,4,117,121,2,2,2024-07-15,2024-08-27,422,60.5,0.5,0,0.0,0.9504132231404959
AnkiDroid/src/main/res/values-ca/03-dialogs.xml,33,61,59,120,1,31,2024-04-27,2025-09-05,48,3.6363636363636362,1.0,0,0.0,0.15
AnkiDroid/src/main/java/com/ichi2/widget/WidgetConfigScreenAdapter.kt,6,111,9,120,3,6,2024-05-22,2025-08-07,77,20.0,0.6666666666666666,0,0.0,0.8333333333333334
AnkiDroid/src/main/java/com/ichi2/ui/ButtonItemAdapter.kt,3,5,115,120,2,3,2024-12-09,2025-08-12,72,40.0,0.6666666666666666,0,0.0,0.9333333333333333
funding.json,1,120,0,120,1,1,2024-10-16,2024-10-16,372,120.0,1.0,0,0.0,1.0
AnkiDroid/src/main/res/values-th/10-preferences.xml,33,75,44,119,1,31,2024-04-27,2025-10-09,14,3.606060606060606,1.0,0,0.0,0.3697478991596639
AnkiDroid/src/main/java/com/ichi2/anki/BackendExporting.kt,8,66,53,119,3,6,2024-12-09,2025-07-05,110,14.875,0.625,0,0.0,0.25210084033613445
AnkiDroid/src/main/java/com/ichi2/anki/services/ServiceUtils.kt,5,16,103,119,2,3,2024-08-27,2025-01-04,292,23.8,0.8,1,0.2,0.7815126050420168
AnkiDroid/src/main/java/com/ichi2/anki/snackbar/SensibleSwipeDismissBehavior.kt,4,75,44,119,2,2,2024-12-09,2025-05-13,163,29.75,0.75,1,0.25,0.7394957983193278
AnkiDroid/src/main/res/values-tt/03-dialogs.xml,28,60,58,118,1,27,2024-04-27,2025-09-05,48,4.214285714285714,1.0,0,0.0,0.2711864406779661
AnkiDroid/src/main/res/values-az/07-cardbrowser.xml,14,65,53,118,1,14,2024-08-08,2025-10-14,9,8.428571428571429,1.0,0,0.0,0.4406779661016949
AnkiDroid/src/main/res/values-da/07-cardbrowser.xml,14,65,53,118,1,14,2024-07-14,2025-08-30,54,8.428571428571429,1.0,0,0.0,0.4406779661016949
AnkiDroid/src/test/java/com/ichi2/libanki/LaTeXTest.kt,2,3,115,118,2,2,2023-12-04,2025-06-27,118,59.0,0.5,0,0.0,0.9745762711864406
AnkiDroid/src/androidTest/java/com/ichi2/anki/testutil/DeckPicker.kt,2,113,4,117,2,2,2024-11-11,2024-12-09,318,58.5,0.5,0,0.0,0.9316239316239316
AnkiDroid/src/main/res/layout/fragment_media_check.xml,2,91,26,117,1,2,2025-02-19,2025-05-17,159,58.5,1.0,0,0.0,0.7521367521367521
lint-rules/src/test/java/com/ichi2/anki/lint/rules/FixedPreferencesTitleLengthTest.kt,1,71,46,117,1,1,2024-10-10,2024-10-10,378,117.0,1.0,1,1.0,1.0
AnkiDroid/src/main/res/values-ckb/03-dialogs.xml,31,59,57,116,1,29,2024-04-27,2025-09-05,48,3.7419354838709675,1.0,0,0.0,0.15517241379310345
AnkiDroid/src/main/res/values-az/11-arrays.xml,9,51,65,116,1,9,2024-09-28,2025-10-14,9,12.88888888888889,1.0,0,0.0,0.39655172413793105
AnkiDroid/src/main/res/values-ml/11-arrays.xml,9,51,65,116,1,9,2024-09-28,2025-08-03,81,12.88888888888889,1.0,0,0.0,0.6896551724137931
AnkiDroid/src/main/res/values-ta/11-arrays.xml,9,51,65,116,1,9,2024-08-27,2025-08-03,81,12.88888888888889,1.0,0,0.0,0.3275862068965517
AnkiDroid/src/main/res/layout/cardbrowser.xml,5,98,18,116,2,4,2024-07-06,2025-06-20,125,23.2,0.8,0,0.0,0.4224137931034483
AnkiDroid/src/main/java/com/ichi2/utils/ImageUtils.kt,2,58,58,116,1,2,2024-05-14,2024-08-05,444,58.0,1.0,0,0.0,0.5
AnkiDroid/src/main/java/com/ichi2/anki/preferences/AboutFragment.kt,11,68,47,115,6,9,2024-07-15,2025-08-03,81,10.454545454545455,0.36363636363636365,1,0.09090909090909091,0.2608695652173913
AnkiDroid/src/main/res/menu/card_browser_multiselect.xml,7,60,55,115,5,7,2024-04-26,2025-07-18,97,16.428571428571427,0.42857142857142855,1,0.14285714285714285,0.2782608695652174
AnkiDroid/src/test/java/com/ichi2/libanki/DeckNodeTest.kt,3,114,1,115,3,3,2025-05-10,2025-06-23,122,38.333333333333336,0.3333333333333333,1,0.3333333333333333,0.9565217391304348
AnkiDroid/src/main/res/drawable-v31/ic_anki_dynamic.xml,1,115,0,115,1,1,2025-01-27,2025-01-27,269,115.0,1.0,0,0.0,1.0
AnkiDroid/src/main/res/drawable-v31/ic_anki_dynamic_finish.xml,1,115,0,115,1,1,2025-01-27,2025-01-27,269,115.0,1.0,0,0.0,1.0
AnkiDroid/src/main/res/drawable-v31/ic_anki_unthemed.xml,1,115,0,115,1,1,2025-07-14,2025-07-14,101,115.0,1.0,1,1.0,1.0
libanki/testutils/src/main/java/com/ichi2/anki/libanki/testutils/InMemoryAnkiTest.kt,1,115,0,115,1,1,2025-07-07,2025-07-07,108,115.0,1.0,0,0.0,1.0
AnkiDroid/src/main/res/values-et/03-dialogs.xml,31,58,56,114,1,29,2024-04-27,2025-09-05,48,3.6774193548387095,1.0,0,0.0,0.15789473684210525
AnkiDroid/src/main/res/values-eu/03-dialogs.xml,31,58,56,114,1,29,2024-04-27,2025-09-05,48,3.6774193548387095,1.0,0,0.0,0.15789473684210525
AnkiDroid/src/main/res/values-fy/03-dialogs.xml,31,58,56,114,1,29,2024-04-27,2025-09-05,48,3.6774193548387095,1.0,0,0.0,0.15789473684210525
AnkiDroid/src/main/res/values-fa/11-arrays.xml,11,50,64,114,1,11,2024-07-30,2025-08-26,58,10.363636363636363,1.0,0,0.0,0.40350877192982454
AnkiDroid/src/main/java/com/ichi2/anki/cardviewer/TypeAnswer.kt,10,68,46,114,4,7,2024-10-12,2025-07-05,110,11.4,0.7,1,0.1,0.34210526315789475
AnkiDroid/src/main/res/values-ko/11-arrays.xml,10,50,64,114,1,9,2024-09-28,2025-08-03,81,11.4,1.0,0,0.0,0.5263157894736842
AnkiDroid/src/main/java/com/ichi2/anki/NoteTypeFieldEditor.kt,8,81,33,114,4,7,2025-05-29,2025-08-05,79,14.25,0.625,2,0.25,0.49122807017543857
AnkiDroid/src/main/java/com/ichi2/anki/NotificationChannels.kt,6,59,55,114,5,5,2024-08-27,2025-08-21,63,19.0,0.3333333333333333,0,0.0,0.631578947368421
AnkiDroid/src/main/java/com/ichi2/anki/multimedia/MultimediaViewModel.kt,6,96,18,114,3,5,2024-06-13,2025-05-21,155,19.0,0.5,0,0.0,0.47368421052631576
AnkiDroid/src/main/java/com/ichi2/anki/ui/OnHoldListener.kt,3,90,24,114,2,2,2024-06-04,2024-12-09,318,38.0,0.6666666666666666,0,0.0,0.5350877192982456
AnkiDroid/src/main/java/com/ichi2/anki/ui/windows/reviewer/ReviewerMenu.kt,2,113,1,114,1,2,2025-07-31,2025-08-09,75,57.0,1.0,1,0.5,0.9824561403508771
AnkiDroid/src/main/res/layout-land/fragment_tag_limit.xml,1,114,0,114,1,1,2025-02-09,2025-02-09,256,114.0,1.0,0,0.0,1.0
AnkiDroid/src/main/java/com/ichi2/anki/dialogs/BackupPromptDialog.kt,8,67,46,113,4,5,2024-07-15,2025-07-27,88,14.125,0.5,1,0.125,0.48672566371681414
AnkiDroid/src/main/java/com/ichi2/anki/utils/ext/JSONObject.kt,5,42,71,113,3,4,2024-04-26,2025-06-18,127,22.6,0.6,2,0.4,0.36283185840707965
AnkiDroid/src/main/java/com/ichi2/utils/MenuUtils.kt,4,71,42,113,2,2,2025-05-13,2025-06-20,125,28.25,0.75,0,0.0,0.5752212389380531
AnkiDroid/src/main/java/com/ichi2/widget/AnalyticsWidgetProvider.kt,3,111,2,113,3,3,2024-06-04,2025-09-09,44,37.666666666666664,0.3333333333333333,0,0.0,0.8761061946902655
AnkiDroid/src/test/java/com/ichi2/anki/servicelayer/scopedstorage/OperationTest.kt,2,1,112,113,2,2,2024-07-15,2024-08-27,422,56.5,0.5,0,0.0,0.9823008849557522
AnkiDroid/src/main/assets/mathjax/sre/mathmaps/nemeth.js,1,0,113,113,1,1,2024-10-11,2024-10-11,377,113.0,1.0,0,0.0,1.0
AnkiDroid/src/main/java/com/ichi2/anki/ui/windows/reviewer/audiorecord/AudioPlayView.kt,1,113,0,113,1,1,2025-08-10,2025-08-10,74,113.0,1.0,0,0.0,1.0
AnkiDroid/src/main/res/values-hy/10-preferences.xml,39,72,40,112,1,37,2024-04-27,2025-10-09,14,2.871794871794872,1.0,0,0.0,0.10714285714285714
AnkiDroid/src/main/res/values-hr/03-dialogs.xml,30,57,55,112,1,28,2024-04-27,2025-09-05,48,3.7333333333333334,1.0,0,0.0,0.16071428571428573
AnkiDroid/src/main/res/values-de/11-arrays.xml,12,49,63,112,1,12,2024-09-28,2025-09-03,50,9.333333333333334,1.0,0,0.0,0.4107142857142857
AnkiDroid/src/main/res/values/11-arrays.xml,10,47,65,112,4,10,2024-09-23,2025-08-01,83,11.2,0.4,3,0.3,0.4107142857142857
AnkiDroid/src/main/java/com/ichi2/anki/reviewer/SingleAxisDetector.kt,2,89,23,112,1,1,2025-04-05,2025-04-05,201,56.0,1.0,0,0.0,0.6339285714285714
AnkiDroid/src/main/java/com/ichi2/anki/ui/windows/reviewer/AnswerTimer.kt,2,111,1,112,1,2,2025-06-13,2025-08-09,75,56.0,1.0,1,0.5,0.9821428571428571
AnkiDroid/src/test/java/com/ichi2/anki/multimediacard/fields/ImageFieldTest.kt,1,0,112,112,1,1,2024-08-01,2024-08-01,448,112.0,1.0,0,0.0,1.0
AnkiDroid/src/main/java/com/ichi2/anki/browser/BrowserRowCollection.kt,4,108,3,111,1,4,2024-06-19,2025-07-05,110,27.75,1.0,0,0.0,0.8288288288288288
lint-rules/src/main/java/com/ichi2/anki/lint/rules/LocaleRootDetector.kt,1,111,0,111,1,1,2025-03-14,2025-03-14,223,111.0,1.0,0,0.0,1.0
AnkiDroid/src/main/res/values-eo/11-arrays.xml,14,48,62,110,1,14,2024-09-03,2025-08-03,81,7.857142857142857,1.0,0,0.0,0.41818181818181815
AnkiDroid/src/main/java/com/ichi2/anki/multimedia/MultimediaBottomSheet.kt,4,100,10,110,2,3,2024-06-13,2025-06-18,127,27.5,0.75,0,0.0,0.8090909090909091
AnkiDroid/src/main/java/com/ichi2/anki/OnboardingUtils.kt,2,1,109,110,2,2,2024-07-15,2024-08-24,425,55.0,0.5,0,0.0,0.9818181818181818
AnkiDroid/src/main/java/com/ichi2/utils/DimmedPromptBackgroundDecorator.kt,2,5,105,110,2,2,2024-07-15,2025-01-04,292,55.0,0.5,0,0.0,0.9454545454545454
docs/marketing/localized_description/ankidroid-titles.txt,11,32,77,109,2,9,2024-05-02,2024-06-01,509,9.909090909090908,0.9090909090909091,0,0.0,0.4036697247706422
AnkiDroid/src/main/res/values-it/10-preferences.xml,38,70,38,108,1,35,2024-04-27,2025-10-09,14,2.8421052631578947,1.0,0,0.0,0.1111111111111111
AnkiDroid/src/main/res/values-no/10-preferences.xml,38,70,38,108,1,35,2024-04-27,2025-10-09,14,2.8421052631578947,1.0,0,0.0,0.1111111111111111
AnkiDroid/src/main/res/values-ku/03-dialogs.xml,30,55,53,108,1,28,2024-04-27,2025-09-05,48,3.6,1.0,0,0.0,0.16666666666666666
AnkiDroid/src/main/res/values-es-rAR/11-arrays.xml,11,47,61,108,1,11,2024-09-28,2025-08-03,81,9.818181818181818,1.0,0,0.0,0.42592592592592593
AnkiDroid/src/main/res/values-es-rES/11-arrays.xml,11,47,61,108,1,11,2024-09-28,2025-08-03,81,9.818181818181818,1.0,0,0.0,0.42592592592592593
libanki/build.gradle.kts,9,96,12,108,1,5,2025-06-18,2025-10-14,9,12.0,1.0,0,0.0,0.6018518518518519
AnkiDroid/src/main/java/dev/androidbroadcast/vbpd/internal/VbpdUtils.kt,1,108,0,108,1,1,2025-09-18,2025-09-18,35,108.0,1.0,0,0.0,1.0
AnkiDroid/src/main/res/values-sl/03-dialogs.xml,28,54,53,107,1,27,2024-04-27,2025-09-05,48,3.8214285714285716,1.0,0,0.0,0.16822429906542055
AnkiDroid/src/main/res/layout/widget_card_analysis.xml,7,94,13,107,2,7,2024-08-27,2025-05-19,157,15.285714285714286,0.8571428571428571,0,0.0,0.6074766355140186
AnkiDroid/src/main/java/com/ichi2/anim/ActivityTransitionAnimation.kt,5,71,36,107,2,3,2024-12-08,2025-01-15,281,21.4,0.8,2,0.4,0.6635514018691588
AnkiDroid/src/main/res/values-hr/10-preferences.xml,38,69,37,106,1,36,2024-04-27,2025-10-09,14,2.789473684210526,1.0,0,0.0,0.11320754716981132
AnkiDroid/src/main/res/values-kk/03-dialogs.xml,30,54,52,106,1,28,2024-04-27,2025-09-05,48,3.533333333333333,1.0,0,0.0,0.16981132075471697
AnkiDroid/src/main/res/values-ky/03-dialogs.xml,30,54,52,106,1,28,2024-04-27,2025-09-05,48,3.533333333333333,1.0,0,0.0,0.16981132075471697
AnkiDroid/src/main/res/values-mk/03-dialogs.xml,30,54,52,106,1,28,2024-04-27,2025-09-05,48,3.533333333333333,1.0,0,0.0,0.16981132075471697
AnkiDroid/src/main/res/values-mn/03-dialogs.xml,30,54,52,106,1,28,2024-04-27,2025-09-05,48,3.533333333333333,1.0,0,0.0,0.16981132075471697
AnkiDroid/src/main/res/values-cs/07-cardbrowser.xml,25,58,48,106,1,23,2024-04-25,2025-09-17,36,4.24,1.0,0,0.0,0.2169811320754717
AnkiDroid/src/main/res/values-eo/07-cardbrowser.xml,24,59,47,106,1,24,2024-08-08,2025-09-17,36,4.416666666666667,1.0,0,0.0,0.20754716981132076
AnkiDroid/src/main/res/values-de/07-cardbrowser.xml,20,59,47,106,1,19,2024-05-01,2025-09-03,50,5.3,1.0,0,0.0,0.20754716981132076
AnkiDroid/src/main/res/values-el/11-arrays.xml,10,46,60,106,1,10,2024-09-28,2025-08-03,81,10.6,1.0,0,0.0,0.4339622641509434
AnkiDroid/src/main/res/values-is/16-multimedia-editor.xml,10,7,99,106,2,10,2024-07-20,2025-08-04,80,10.6,0.9,0,0.0,0.7358490566037735
AnkiDroid/src/main/res/values-jv/16-multimedia-editor.xml,10,7,99,106,2,10,2024-07-20,2025-08-04,80,10.6,0.9,0,0.0,0.7358490566037735
AnkiDroid/src/main/res/values-ro/03-dialogs.xml,29,53,52,105,1,28,2024-04-27,2025-09-05,48,3.6206896551724137,1.0,0,0.0,0.17142857142857143
AnkiDroid/src/main/java/com/ichi2/anki/preferences/AdvancedSettingsFragment.kt,13,58,47,105,5,10,2024-07-15,2025-09-02,51,8.076923076923077,0.46153846153846156,2,0.15384615384615385,0.1619047619047619
AnkiDroid/src/main/java/com/ichi2/anki/dialogs/ImportFileSelectionFragment.kt,11,57,48,105,6,8,2024-05-02,2025-08-03,81,9.545454545454545,0.5454545454545454,3,0.2727272727272727,0.34285714285714286
AnkiDroid/src/main/res/values-ar/08-widget.xml,11,61,44,105,1,11,2024-08-28,2025-08-26,58,9.545454545454545,1.0,0,0.0,0.2857142857142857
AnkiDroid/src/main/java/com/ichi2/anki/NoteFieldsCheckResult.kt,8,91,14,105,4,6,2024-05-20,2025-07-05,110,13.125,0.5,2,0.25,0.7333333333333333
AnkiDroid/src/test/java/com/ichi2/testutils/TestChangeSubscriber.kt,6,85,20,105,1,5,2024-06-02,2025-07-05,110,17.5,1.0,1,0.16666666666666666,0.4857142857142857
AnkiDroid/src/androidTest/java/com/ichi2/anki/preferences/PreferencesNavigationTest.kt,1,105,0,105,1,1,2025-03-05,2025-03-05,232,105.0,1.0,1,1.0,1.0
AnkiDroid/src/test/java/com/ichi2/anki/utils/ext/ParcelableUtilsTest.kt,1,105,0,105,1,1,2025-07-02,2025-07-02,113,105.0,1.0,1,1.0,1.0
AnkiDroid/src/main/res/values-ind/10-preferences.xml,38,68,36,104,1,36,2024-04-27,2025-10-09,14,2.736842105263158,1.0,0,0.0,0.11538461538461539
AnkiDroid/src/main/res/values-kk/10-preferences.xml,38,68,36,104,1,36,2024-04-27,2025-10-09,14,2.736842105263158,1.0,0,0.0,0.11538461538461539
AnkiDroid/src/main/res/values-ku/10-preferences.xml,38,68,36,104,1,36,2024-04-27,2025-10-09,14,2.736842105263158,1.0,0,0.0,0.11538461538461539
AnkiDroid/src/main/res/values-ky/10-preferences.xml,38,68,36,104,1,36,2024-04-27,2025-10-09,14,2.736842105263158,1.0,0,0.0,0.11538461538461539
AnkiDroid/src/main/res/values-mk/10-preferences.xml,38,68,36,104,1,36,2024-04-27,2025-10-09,14,2.736842105263158,1.0,0,0.0,0.11538461538461539
AnkiDroid/src/main/res/values-mn/10-preferences.xml,38,68,36,104,1,36,2024-04-27,2025-10-09,14,2.736842105263158,1.0,0,0.0,0.11538461538461539
AnkiDroid/src/main/res/values-es-rAR/07-cardbrowser.xml,18,58,46,104,1,18,2024-05-31,2025-08-30,54,5.777777777777778,1.0,0,0.0,0.21153846153846154
AnkiDroid/src/main/res/values-fr/07-cardbrowser.xml,18,58,46,104,1,18,2024-08-08,2025-09-05,48,5.777777777777778,1.0,0,0.0,0.21153846153846154
AnkiDroid/src/main/res/values-ss/16-multimedia-editor.xml,9,6,98,104,2,9,2024-07-20,2025-08-04,80,11.555555555555555,0.8888888888888888,0,0.0,0.75
AnkiDroid/src/main/res/values-sw/16-multimedia-editor.xml,9,6,98,104,2,9,2024-07-20,2025-08-04,80,11.555555555555555,0.8888888888888888,0,0.0,0.75
AnkiDroid/src/main/res/values-tg/16-multimedia-editor.xml,9,6,98,104,2,9,2024-07-20,2025-08-04,80,11.555555555555555,0.8888888888888888,0,0.0,0.75
AnkiDroid/src/main/res/values-tn/16-multimedia-editor.xml,9,6,98,104,2,9,2024-07-20,2025-08-04,80,11.555555555555555,0.8888888888888888,0,0.0,0.75
AnkiDroid/src/main/res/values-ts/16-multimedia-editor.xml,9,6,98,104,2,9,2024-07-20,2025-08-04,80,11.555555555555555,0.8888888888888888,0,0.0,0.75
AnkiDroid/src/main/res/values-ve/16-multimedia-editor.xml,9,6,98,104,2,9,2024-07-20,2025-08-04,80,11.555555555555555,0.8888888888888888,0,0.0,0.75
AnkiDroid/src/main/res/values-wo/16-multimedia-editor.xml,9,6,98,104,2,9,2024-07-20,2025-08-04,80,11.555555555555555,0.8888888888888888,0,0.0,0.75
AnkiDroid/src/main/res/values-xh/16-multimedia-editor.xml,9,6,98,104,2,9,2024-07-20,2025-08-04,80,11.555555555555555,0.8888888888888888,0,0.0,0.75
AnkiDroid/src/main/res/values-yue/16-multimedia-editor.xml,9,6,98,104,2,9,2024-07-20,2025-08-04,80,11.555555555555555,0.8888888888888888,0,0.0,0.75
AnkiDroid/src/main/res/values-zu/16-multimedia-editor.xml,9,6,98,104,2,9,2024-07-20,2025-08-04,80,11.555555555555555,0.8888888888888888,0,0.0,0.75
AnkiDroid/src/main/res/values-iw/17-model-manager.xml,8,96,8,104,1,8,2024-05-02,2025-08-10,74,13.0,1.0,0,0.0,0.8557692307692307
AnkiDroid/src/main/java/com/ichi2/anki/reviewer/MotionEventHandler.kt,7,34,70,104,3,5,2024-11-06,2025-04-05,201,14.857142857142858,0.42857142857142855,1,0.14285714285714285,0.49038461538461536
AnkiDroid/src/main/java/com/ichi2/anki/contextmenu/DeckPickerMenuContentProvider.kt,1,104,0,104,1,1,2025-08-20,2025-08-20,64,104.0,1.0,0,0.0,1.0
AnkiDroid/src/main/res/values-sr/03-dialogs.xml,28,52,51,103,1,27,2024-04-27,2025-09-05,48,3.6785714285714284,1.0,0,0.0,0.17475728155339806
AnkiDroid/src/test/java/com/ichi2/anki/cardviewer/CardMediaPlayerTest.kt,7,54,49,103,4,6,2024-07-15,2025-07-26,89,14.714285714285714,0.2857142857142857,0,0.0,0.7184466019417476
AnkiDroid/src/main/res/values-is/08-widget.xml,6,20,83,103,2,6,2024-08-28,2025-08-04,80,17.166666666666668,0.8333333333333334,0,0.0,0.7475728155339806
AnkiDroid/src/main/res/layout/fragment_tag_limit.xml,1,103,0,103,1,1,2025-02-09,2025-02-09,256,103.0,1.0,0,0.0,1.0
AnkiDroid/src/main/res/values-af/11-arrays.xml,8,44,58,102,1,8,2024-09-28,2025-08-03,81,12.75,1.0,0,0.0,0.45098039215686275
AnkiDroid/src/main/res/values-am/11-arrays.xml,8,44,58,102,1,8,2024-09-28,2025-08-03,81,12.75,1.0,0,0.0,0.45098039215686275
AnkiDroid/src/main/res/values-bg/11-arrays.xml,8,44,58,102,1,8,2024-09-28,2025-08-03,81,12.75,1.0,0,0.0,0.45098039215686275
AnkiDroid/src/main/res/values-ckb/11-arrays.xml,8,44,58,102,1,8,2024-09-28,2025-08-03,81,12.75,1.0,0,0.0,0.45098039215686275
AnkiDroid/src/main/res/values-da/11-arrays.xml,8,44,58,102,1,8,2024-09-28,2025-08-03,81,12.75,1.0,0,0.0,0.45098039215686275
AnkiDroid/src/main/res/values-et/11-arrays.xml,8,44,58,102,1,8,2024-09-28,2025-08-03,81,12.75,1.0,0,0.0,0.45098039215686275
AnkiDroid/src/main/res/values-eu/11-arrays.xml,8,44,58,102,1,8,2024-09-28,2025-08-03,81,12.75,1.0,0,0.0,0.45098039215686275
AnkiDroid/src/main/res/values-fy/11-arrays.xml,8,44,58,102,1,8,2024-09-28,2025-08-03,81,12.75,1.0,0,0.0,0.45098039215686275
AnkiDroid/src/main/res/values-ga/11-arrays.xml,8,44,58,102,1,8,2024-09-28,2025-08-03,81,12.75,1.0,0,0.0,0.45098039215686275
AnkiDroid/src/main/java/com/ichi2/anki/cardviewer/SoundTagPlayer.kt,11,58,43,101,3,8,2024-09-11,2025-07-27,88,9.181818181818182,0.7272727272727273,2,0.18181818181818182,0.27722772277227725
AnkiDroid/src/test/java/com/ichi2/anki/services/ReminderServiceTest.kt,3,6,95,101,3,3,2024-07-15,2025-08-21,63,33.666666666666664,0.3333333333333333,0,0.0,0.900990099009901
AnkiDroid/src/main/java/com/ichi2/anki/backend/HtmlUtils.kt,1,101,0,101,1,1,2025-07-05,2025-07-05,110,101.0,1.0,0,0.0,1.0
AnkiDroid/src/main/res/values-ms/10-preferences.xml,37,66,34,100,1,35,2024-04-27,2025-10-09,14,2.7027027027027026,1.0,0,0.0,0.12
AnkiDroid/src/main/res/values-my/10-preferences.xml,37,66,34,100,1,35,2024-04-27,2025-10-09,14,2.7027027027027026,1.0,0,0.0,0.12
AnkiDroid/src/main/res/values-be/07-cardbrowser.xml,17,55,45,100,1,17,2024-07-08,2025-08-30,54,5.882352941176471,1.0,0,0.0,0.23
AnkiDroid/src/main/java/com/ichi2/anki/worker/SyncWorker.kt,11,55,45,100,2,7,2024-12-09,2025-07-27,88,9.090909090909092,0.7272727272727273,6,0.5454545454545454,0.31
AnkiDroid/src/main/java/com/ichi2/libanki/ChangeManager.kt,10,57,43,100,3,9,2024-06-02,2025-06-18,127,10.0,0.7,2,0.2,0.3
AnkiDroid/src/main/java/com/ichi2/anki/pages/CsvImporter.kt,5,49,51,100,3,4,2024-06-18,2025-02-07,258,20.0,0.4,2,0.4,0.51
AnkiDroid/src/main/java/com/ichi2/anki/ui/preferences/screens/BackupLimitsPresenter.kt,4,63,37,100,2,2,2024-07-15,2024-12-09,318,25.0,0.75,1,0.25,0.62
AnkiDroid/src/main/java/com/ichi2/anki/dialogs/MigrationProgressDialogFragment.kt,2,2,98,100,2,2,2024-06-05,2024-08-27,422,50.0,0.5,0,0.0,0.96
AnkiDroid/src/test/java/com/ichi2/anki/browser/BrowserColumnCollectionTest.kt,1,100,0,100,1,1,2024-06-15,2024-06-15,495,100.0,1.0,0,0.0,1.0
AnkiDroid/src/main/res/values-my/03-dialogs.xml,29,50,49,99,1,28,2024-04-27,2025-09-05,48,3.413793103448276,1.0,0,0.0,0.18181818181818182
AnkiDroid/src/main/java/com/ichi2/libanki/TemplateManager.kt,11,58,41,99,5,9,2024-05-12,2025-06-27,118,9.0,0.5454545454545454,2,0.18181818181818182,0.32323232323232326
AnkiDroid/src/main/java/com/ichi2/anki/dialogs/DeckPickerContextMenu.kt,8,41,58,99,4,6,2024-12-07,2025-08-20,64,12.375,0.5,1,0.125,0.35353535353535354
AnkiDroid/src/main/java/com/ichi2/anki/PromptBackgroundAdapter.kt,4,22,77,99,1,2,2024-12-09,2025-01-04,292,24.75,1.0,1,0.25,0.6464646464646465
AnkiDroid/src/main/java/com/ichi2/anki/dialogs/tags/TagsDialogViewModel.kt,4,92,7,99,3,4,2025-05-10,2025-08-09,75,24.75,0.5,1,0.25,0.7474747474747475
AnkiDroid/src/main/res/layout/fragment_multimedia_image.xml,4,84,15,99,2,4,2024-06-13,2024-12-21,306,24.75,0.75,0,0.0,0.8080808080808081
AnkiDroid/src/main/res/values-pt-rPT/07-cardbrowser.xml,20,55,43,98,1,20,2024-05-11,2025-08-30,54,4.9,1.0,0,0.0,0.30612244897959184
AnkiDroid/src/main/res/values-es-rES/07-cardbrowser.xml,18,55,43,98,1,18,2024-05-31,2025-08-30,54,5.444444444444445,1.0,0,0.0,0.22448979591836735
AnkiDroid/src/main/res/values-el/07-cardbrowser.xml,16,55,43,98,1,16,2024-08-08,2025-08-30,54,6.125,1.0,0,0.0,0.24489795918367346
AnkiDroid/src/main/res/values-gu/16-multimedia-editor.xml,12,42,56,98,1,12,2024-06-17,2025-07-12,103,8.166666666666666,1.0,0,0.0,0.5918367346938775
AnkiDroid/src/main/res/menu/card_browser.xml,6,55,43,98,6,6,2024-04-26,2025-01-29,267,16.333333333333332,0.16666666666666666,1,0.16666666666666666,0.32653061224489793
tools/localization/src/update.ts,6,42,56,98,4,6,2024-05-02,2025-08-04,80,16.333333333333332,0.3333333333333333,2,0.3333333333333333,0.7142857142857143
AnkiDroid/src/main/java/com/ichi2/anki/services/NotificationService.kt,4,53,45,98,2,2,2024-11-23,2024-12-09,318,24.5,0.75,1,0.25,0.6326530612244898
AnkiDroid/src/main/res/layout/fragment_image_cropper.xml,4,80,18,98,3,4,2024-08-05,2025-07-08,107,24.5,0.5,1,0.25,0.5714285714285714
AnkiDroid/src/main/res/layout/preference_slider.xml,1,43,55,98,1,1,2024-07-13,2024-07-13,467,98.0,1.0,0,0.0,1.0
AnkiDroid/src/main/res/values/preferences.xml,57,79,18,97,11,48,2024-03-23,2025-09-06,47,1.7017543859649122,0.5263157894736842,1,0.017543859649122806,0.15463917525773196
AnkiDroid/src/main/java/com/ichi2/anki/UIUtils.kt,8,36,61,97,4,6,2024-07-15,2025-06-18,127,12.125,0.625,1,0.125,0.28865979381443296
AnkiDroid/src/main/java/com/ichi2/widget/cardanalysis/CardAnalysisWidgetPreferences.kt,4,81,16,97,3,4,2024-08-27,2025-09-09,44,24.25,0.5,0,0.0,0.6804123711340206
AnkiDroid/src/main/res/values-ss/08-widget.xml,4,17,80,97,2,4,2024-08-28,2025-08-04,80,24.25,0.75,0,0.0,0.7938144329896907
AnkiDroid/src/main/res/values-sw/08-widget.xml,4,17,80,97,2,4,2024-08-28,2025-08-04,80,24.25,0.75,0,0.0,0.7938144329896907
AnkiDroid/src/main/res/values-tg/08-widget.xml,4,17,80,97,2,4,2024-08-28,2025-08-04,80,24.25,0.75,0,0.0,0.7938144329896907
AnkiDroid/src/main/res/values-tn/08-widget.xml,4,17,80,97,2,4,2024-08-28,2025-08-04,80,24.25,0.75,0,0.0,0.7938144329896907
AnkiDroid/src/main/res/values-ts/08-widget.xml,4,17,80,97,2,4,2024-08-28,2025-08-04,80,24.25,0.75,0,0.0,0.7938144329896907
AnkiDroid/src/main/res/values-ve/08-widget.xml,4,17,80,97,2,4,2024-08-28,2025-08-04,80,24.25,0.75,0,0.0,0.7938144329896907
AnkiDroid/src/main/res/values-xh/08-widget.xml,4,17,80,97,2,4,2024-08-28,2025-08-04,80,24.25,0.75,0,0.0,0.7938144329896907
AnkiDroid/src/main/res/values-zu/08-widget.xml,4,17,80,97,2,4,2024-08-28,2025-08-04,80,24.25,0.75,0,0.0,0.7938144329896907
AnkiDroid/src/main/java/com/ichi2/anki/dialogs/SchedulerUpgradeDialog.kt,3,94,3,97,3,3,2025-06-16,2025-08-03,81,32.333333333333336,0.3333333333333333,0,0.0,0.9484536082474226
AnkiDroid/src/main/java/com/ichi2/anki/model/RelativeFilePath.kt,1,0,97,97,1,1,2024-08-27,2024-08-27,422,97.0,1.0,0,0.0,1.0
AnkiDroid/src/main/java/com/ichi2/anki/servicelayer/scopedstorage/FileUtils.kt,1,0,97,97,1,1,2024-08-27,2024-08-27,422,97.0,1.0,0,0.0,1.0
AnkiDroid/src/main/java/com/ichi2/anki/ui/windows/reviewer/audiorecord/AudioRecorder.kt,1,97,0,97,1,1,2025-08-10,2025-08-10,74,97.0,1.0,0,0.0,1.0
AnkiDroid/src/main/res/values-bg/03-dialogs.xml,30,49,47,96,1,28,2024-04-27,2025-09-05,48,3.2,1.0,0,0.0,0.08333333333333333
AnkiDroid/src/main/res/values-ug/17-model-manager.xml,7,90,6,96,1,7,2025-01-04,2025-06-22,123,13.714285714285714,1.0,0,0.0,0.8854166666666666
AnkiDroid/src/main/res/values-jv/08-widget.xml,6,18,78,96,2,6,2024-08-28,2025-08-04,80,16.0,0.8333333333333334,0,0.0,0.7604166666666666
libanki/src/main/java/com/ichi2/anki/libanki/sched/Scheduler.kt,6,52,44,96,3,5,2025-06-16,2025-08-30,54,16.0,0.5,0,0.0,0.4791666666666667
AnkiDroid/src/main/java/com/ichi2/anki/notetype/NotetypeAdapter.kt,4,50,46,96,2,2,2024-07-07,2024-12-09,318,24.0,0.75,1,0.25,0.5
AnkiDroid/src/main/res/layout/fragment_reposition_card.xml,2,95,1,96,2,2,2025-02-11,2025-05-16,160,48.0,0.5,1,0.5,0.9166666666666666
AnkiDroid/src/test/java/com/ichi2/anki/backend/HtmlUtilsTest.kt,2,90,6,96,1,2,2025-07-05,2025-07-07,108,48.0,1.0,0,0.0,0.9375
AnkiDroid/src/test/java/com/ichi2/anki/export/ExportDialogFragmentTest.kt,1,96,0,96,1,1,2024-12-30,2024-12-30,297,96.0,1.0,0,0.0,1.0
AnkiDroid/src/main/res/values-nn/03-dialogs.xml,29,48,47,95,1,28,2024-04-27,2025-09-05,48,3.2758620689655173,1.0,0,0.0,0.08421052631578947
AnkiDroid/src/main/res/values-no/03-dialogs.xml,29,48,47,95,1,28,2024-04-27,2025-09-05,48,3.2758620689655173,1.0,0,0.0,0.08421052631578947
AnkiDroid/src/main/java/com/ichi2/utils/SyncStatus.kt,5,5,90,95,2,3,2024-10-26,2025-07-27,88,19.0,0.8,1,0.2,0.6842105263157895
AnkiDroid/src/test/java/com/ichi2/anki/dialogs/CreateDeckDialogTest.kt,5,88,7,95,2,5,2024-12-29,2025-07-05,110,19.0,0.8,2,0.4,0.5263157894736842
AnkiDroid/src/main/java/com/ichi2/anki/browser/ColumnWithSample.kt,1,95,0,95,1,1,2025-01-08,2025-01-08,288,95.0,1.0,0,0.0,1.0
AnkiDroid/src/main/java/com/ichi2/anki/ui/windows/permissions/AllPermissionsExplanationFragment.kt,1,95,0,95,1,1,2025-08-27,2025-08-27,57,95.0,1.0,0,0.0,1.0
AnkiDroid/src/androidTest/java/com/ichi2/anki/tests/libanki/MediaTest.kt,13,42,52,94,6,10,2024-07-15,2025-07-21,94,7.230769230769231,0.5384615384615384,1,0.07692307692307693,0.4574468085106383
AnkiDroid/src/androidTest/java/com/ichi2/anki/NoteEditorTest.kt,9,42,52,94,6,8,2023-12-04,2025-07-16,99,10.444444444444445,0.3333333333333333,1,0.1111111111111111,0.5425531914893617
AnkiDroid/src/main/java/com/ichi2/anki/preferences/AccessibilitySettingsFragment.kt,4,59,35,94,2,3,2024-07-15,2025-09-02,51,23.5,0.75,1,0.25,0.6595744680851063
lint-rules/src/main/java/com/ichi2/anki/lint/rules/AvoidAlertDialogUsage.kt,3,92,2,94,3,3,2024-06-05,2024-07-15,465,31.333333333333332,0.3333333333333333,1,0.3333333333333333,0.8617021276595744
AnkiDroid/src/main/res/values-ms/03-dialogs.xml,28,47,46,93,1,27,2024-06-03,2025-09-05,48,3.3214285714285716,1.0,0,0.0,0.15053763440860216
AnkiDroid/src/main/res/values-got/08-widget.xml,9,53,40,93,1,9,2024-08-28,2025-09-10,43,10.333333333333334,1.0,0,0.0,0.34408602150537637
AnkiDroid/src/main/res/values-is/17-model-manager.xml,6,4,89,93,2,6,2025-02-08,2025-08-04,80,15.5,0.8333333333333334,0,0.0,0.9032258064516129
AnkiDroid/src/main/res/values-ss/17-model-manager.xml,6,4,89,93,2,6,2025-02-08,2025-08-04,80,15.5,0.8333333333333334,0,0.0,0.9032258064516129
AnkiDroid/src/main/res/values-sw/17-model-manager.xml,6,4,89,93,2,6,2025-02-08,2025-08-04,80,15.5,0.8333333333333334,0,0.0,0.9032258064516129
api/src/main/java/com/ichi2/anki/FlashCardsContract.kt,5,49,44,93,5,5,2023-12-04,2024-12-29,298,18.6,0.2,0,0.0,0.6451612903225806
lint-release.xml,5,40,53,93,4,5,2024-07-19,2025-03-14,223,18.6,0.4,1,0.2,0.8924731182795699
AnkiDroid/src/main/res/values-iw/04-network.xml,4,89,4,93,1,4,2024-05-02,2024-08-15,434,23.25,1.0,0,0.0,0.9032258064516129
AnkiDroid/src/main/res/values-lv/04-network.xml,4,47,46,93,1,4,2024-06-09,2025-06-13,132,23.25,1.0,0,0.0,0.6236559139784946
AnkiDroid/src/main/assets/fonts/noto/OFL.txt,1,93,0,93,1,1,2025-06-08,2025-06-08,137,93.0,1.0,0,0.0,1.0
AnkiDroid/src/test/java/com/ichi2/utils/ExceptionsTest.kt,1,0,93,93,1,1,2024-08-27,2024-08-27,422,93.0,1.0,0,0.0,1.0
AnkiDroid/src/main/res/values-ro/10-preferences.xml,35,61,31,92,1,33,2024-04-27,2025-10-09,14,2.6285714285714286,1.0,0,0.0,0.13043478260869565
AnkiDroid/src/main/res/values-sl/10-preferences.xml,35,61,31,92,1,33,2024-04-27,2025-10-09,14,2.6285714285714286,1.0,0,0.0,0.13043478260869565
AnkiDroid/src/main/res/values-sq/10-preferences.xml,35,61,31,92,1,33,2024-04-27,2025-10-09,14,2.6285714285714286,1.0,0,0.0,0.13043478260869565
AnkiDroid/src/main/res/values-sr/10-preferences.xml,35,61,31,92,1,33,2024-04-27,2025-10-09,14,2.6285714285714286,1.0,0,0.0,0.13043478260869565
AnkiDroid/src/main/res/values-ind/03-dialogs.xml,31,47,45,92,1,29,2024-04-27,2025-09-05,48,2.967741935483871,1.0,0,0.0,0.08695652173913043
AnkiDroid/src/main/res/values/styles.xml,14,76,16,92,6,13,2024-04-07,2025-09-26,27,6.571428571428571,0.42857142857142855,1,0.07142857142857142,0.13043478260869565
AnkiDroid/src/main/res/values-wo/08-widget.xml,4,16,76,92,2,4,2024-08-28,2025-08-04,80,23.0,0.75,0,0.0,0.7934782608695652
AnkiDroid/src/main/res/values-yue/08-widget.xml,4,16,76,92,2,4,2024-08-28,2025-08-04,80,23.0,0.75,0,0.0,0.7934782608695652
AnkiDroid/src/main/java/com/ichi2/anki/reviewreminders/ScheduleRemindersAdapter.kt,3,89,3,92,1,3,2025-07-26,2025-09-26,27,30.666666666666668,1.0,1,0.3333333333333333,0.9347826086956522
AnkiDroid/src/main/res/values-pa/17-model-manager.xml,8,45,46,91,1,8,2024-09-28,2025-06-17,128,11.375,1.0,0,0.0,0.7912087912087912
AnkiDroid/src/main/res/values-ta/17-model-manager.xml,8,45,46,91,1,8,2024-09-01,2025-06-17,128,11.375,1.0,0,0.0,0.5054945054945055
AnkiDroid/src/main/res/values-uz/17-model-manager.xml,8,45,46,91,1,8,2025-02-08,2025-07-08,107,11.375,1.0,0,0.0,0.5934065934065934
AnkiDroid/src/main/res/values-gu/17-model-manager.xml,7,45,46,91,1,7,2024-06-01,2025-06-17,128,13.0,1.0,0,0.0,0.8351648351648352
AnkiDroid/src/main/res/values-jv/17-model-manager.xml,6,4,87,91,2,6,2025-02-08,2025-08-04,80,15.166666666666666,0.8333333333333334,0,0.0,0.9010989010989011
AnkiDroid/src/main/res/values-lv/17-model-manager.xml,6,45,46,91,1,6,2025-02-08,2025-06-17,128,15.166666666666666,1.0,0,0.0,0.9010989010989011
AnkiDroid/src/main/res/values-tgl/03-dialogs.xml,26,46,44,90,1,25,2024-04-27,2025-09-05,48,3.4615384615384617,1.0,0,0.0,0.2
AnkiDroid/src/main/res/values-ti/03-dialogs.xml,26,46,44,90,1,25,2024-04-27,2025-09-05,48,3.4615384615384617,1.0,0,0.0,0.2
AnkiDroid/src/main/res/values-fi/07-cardbrowser.xml,14,51,39,90,1,14,2024-08-08,2025-08-30,54,6.428571428571429,1.0,0,0.0,0.26666666666666666
AnkiDroid/src/main/res/values-lt/07-cardbrowser.xml,13,50,40,90,1,13,2024-08-08,2025-08-30,54,6.923076923076923,1.0,0,0.0,0.4888888888888889
AnkiDroid/src/androidTest/java/com/ichi2/anki/tests/Shared.kt,10,55,35,90,3,7,2024-12-09,2025-07-21,94,9.0,0.8,1,0.1,0.5444444444444444
AnkiDroid/src/main/java/com/ichi2/anki/CustomMaterialTapTargetPromptBuilder.kt,1,0,90,90,1,1,2024-08-24,2024-08-24,425,90.0,1.0,0,0.0,1.0
AnkiDroid/src/main/java/com/ichi2/anki/dialogs/TtsPlaybackErrorDialog.kt,6,78,11,89,4,5,2024-08-28,2025-08-03,81,14.833333333333334,0.5,0,0.0,0.7078651685393258
AnkiDroid/src/main/java/com/ichi2/anki/mediacheck/MediaCheckViewModel.kt,5,82,7,89,2,3,2025-02-19,2025-06-18,127,17.8,0.6,0,0.0,0.7640449438202247
AnkiDroid/src/main/res/values-tg/17-model-manager.xml,5,2,87,89,2,5,2025-02-08,2025-08-04,80,17.8,0.8,0,0.0,0.9438202247191011
AnkiDroid/src/main/res/values-tn/17-model-manager.xml,5,2,87,89,2,5,2025-02-08,2025-08-04,80,17.8,0.8,0,0.0,0.9438202247191011
AnkiDroid/src/main/res/values-ts/17-model-manager.xml,5,2,87,89,2,5,2025-02-08,2025-08-04,80,17.8,0.8,0,0.0,0.9438202247191011
AnkiDroid/src/main/res/values-ve/17-model-manager.xml,5,2,87,89,2,5,2025-02-08,2025-08-04,80,17.8,0.8,0,0.0,0.9438202247191011
AnkiDroid/src/main/res/values-xh/17-model-manager.xml,5,2,87,89,2,5,2025-02-08,2025-08-04,80,17.8,0.8,0,0.0,0.9438202247191011
AnkiDroid/src/main/res/values-zu/17-model-manager.xml,5,2,87,89,2,5,2025-02-08,2025-08-04,80,17.8,0.8,0,0.0,0.9438202247191011
AnkiDroid/src/main/res/layout/browser_columns_selection_entry.xml,3,86,3,89,2,2,2025-01-08,2025-01-16,280,29.666666666666668,0.6666666666666666,0,0.0,0.9325842696629213
AnkiDroid/src/test/java/com/ichi2/anki/preferences/reviewer/ReviewerMenuRepositoryTest.kt,1,89,0,89,1,1,2025-02-24,2025-02-24,241,89.0,1.0,0,0.0,1.0
AnkiDroid/src/main/res/values-hy/03-dialogs.xml,30,46,42,88,1,28,2024-04-27,2025-09-05,48,2.933333333333333,1.0,0,0.0,0.06818181818181818
AnkiDroid/src/androidTest/java/com/ichi2/anki/NoteEditorIntentTest.kt,10,37,51,88,6,9,2024-06-03,2025-07-16,99,8.8,0.2,0,0.0,0.45454545454545453
AnkiDroid/src/main/java/com/ichi2/anki/multimediacard/activity/PickStringDialogFragment.kt,6,11,76,87,4,5,2024-06-05,2024-12-28,299,14.5,0.5,1,0.16666666666666666,0.7471264367816092
AnkiDroid/src/main/res/values-wo/17-model-manager.xml,5,2,85,87,2,5,2025-02-08,2025-08-04,80,17.4,0.8,0,0.0,0.9425287356321839
AnkiDroid/src/main/res/values-yue/17-model-manager.xml,5,2,85,87,2,5,2025-02-08,2025-08-04,80,17.4,0.8,0,0.0,0.9425287356321839
AnkiDroid/src/main/res/xml/preferences_previewer_controls.xml,3,84,3,87,2,3,2025-02-07,2025-07-06,109,29.0,0.6666666666666666,0,0.0,0.9310344827586207
AnkiDroid/src/test/java/com/ichi2/anki/model/DiskFileTest.kt,2,3,84,87,2,2,2024-07-15,2024-08-27,422,43.5,0.5,0,0.0,0.9540229885057471
AnkiDroid/src/main/java/androidx/appcompat/widget/DialogTitleView.kt,1,87,0,87,1,1,2024-12-02,2024-12-02,325,87.0,1.0,0,0.0,1.0
AnkiDroid/src/main/java/com/ichi2/anki/preferences/reviewer/ReviewerMenuSettingsTouchHelperCallback.kt,1,87,0,87,1,1,2024-12-13,2024-12-13,314,87.0,1.0,0,0.0,1.0
AnkiDroid/src/main/res/values-th/03-dialogs.xml,26,44,42,86,1,25,2024-04-27,2025-09-05,48,3.3076923076923075,1.0,0,0.0,0.20930232558139536
AnkiDroid/src/main/res/values-da/16-multimedia-editor.xml,11,36,50,86,1,11,2024-07-14,2025-07-12,103,7.818181818181818,1.0,0,0.0,0.627906976744186
AnkiDroid/src/main/java/com/ichi2/anki/multimediacard/impl/MultimediaEditableNote.kt,10,64,22,86,5,8,2024-07-15,2025-07-05,110,8.6,0.6,3,0.3,0.5813953488372093
AnkiDroid/src/main/java/com/ichi2/compat/CompatHelper.kt,8,61,25,86,5,8,2024-05-16,2025-03-22,215,10.75,0.25,2,0.25,0.3372093023255814
AnkiDroid/src/main/java/com/ichi2/anki/cardviewer/AndroidCardRenderContext.kt,7,50,36,86,2,4,2024-10-11,2025-07-05,110,12.285714285714286,0.7142857142857143,1,0.14285714285714285,0.5232558139534884
AnkiDroid/src/main/java/com/ichi2/anki/dialogs/tags/TagsList.kt,5,34,52,86,3,3,2024-07-15,2025-05-10,166,17.2,0.6,1,0.2,0.5116279069767442
AnkiDroid/src/main/java/com/ichi2/anki/ui/windows/permissions/PermissionsItem.kt,4,46,40,86,2,2,2025-08-03,2025-08-27,57,21.5,0.75,0,0.0,0.3953488372093023
AnkiDroid/src/main/java/com/ichi2/anki/notetype/RepositionCardTemplateDialog.kt,3,50,36,86,1,1,2024-12-09,2024-12-09,318,28.666666666666668,1.0,1,0.3333333333333333,0.4883720930232558
AnkiDroid/src/main/res/values-is/04-network.xml,2,1,85,86,2,2,2024-06-09,2025-08-04,80,43.0,0.5,0,0.0,0.9883720930232558
AnkiDroid/src/main/res/values-jv/04-network.xml,2,1,85,86,2,2,2024-06-09,2025-08-04,80,43.0,0.5,0,0.0,0.9883720930232558
AnkiDroid/src/main/res/values-ss/04-network.xml,2,1,85,86,2,2,2024-06-09,2025-08-04,80,43.0,0.5,0,0.0,0.9883720930232558
AnkiDroid/src/main/res/values-sw/04-network.xml,2,1,85,86,2,2,2024-06-09,2025-08-04,80,43.0,0.5,0,0.0,0.9883720930232558
AnkiDroid/src/main/res/values-tg/04-network.xml,2,1,85,86,2,2,2024-06-09,2025-08-04,80,43.0,0.5,0,0.0,0.9883720930232558
AnkiDroid/src/main/res/values-tn/04-network.xml,2,1,85,86,2,2,2024-06-09,2025-08-04,80,43.0,0.5,0,0.0,0.9883720930232558
AnkiDroid/src/main/res/values-ts/04-network.xml,2,1,85,86,2,2,2024-06-09,2025-08-04,80,43.0,0.5,0,0.0,0.9883720930232558
AnkiDroid/src/main/res/values-ve/04-network.xml,2,1,85,86,2,2,2024-06-09,2025-08-04,80,43.0,0.5,0,0.0,0.9883720930232558
AnkiDroid/src/main/res/values-wo/04-network.xml,2,1,85,86,2,2,2024-06-09,2025-08-04,80,43.0,0.5,0,0.0,0.9883720930232558
AnkiDroid/src/main/res/values-xh/04-network.xml,2,1,85,86,2,2,2024-06-09,2025-08-04,80,43.0,0.5,0,0.0,0.9883720930232558
AnkiDroid/src/main/res/values-yue/04-network.xml,2,1,85,86,2,2,2024-06-09,2025-08-04,80,43.0,0.5,0,0.0,0.9883720930232558
AnkiDroid/src/main/res/values-zu/04-network.xml,2,1,85,86,2,2,2024-06-09,2025-08-04,80,43.0,0.5,0,0.0,0.9883720930232558
AnkiDroid/src/main/res/layout/edit_flag_item.xml,1,86,0,86,1,1,2024-04-22,2024-04-22,549,86.0,1.0,0,0.0,1.0
AnkiDroid/src/test/java/com/ichi2/anki/servicelayer/scopedstorage/DeleteEmptyDirectoryTest.kt,1,0,86,86,1,1,2024-08-27,2024-08-27,422,86.0,1.0,0,0.0,1.0
AnkiDroid/src/main/res/values-ml/17-model-manager.xml,6,42,43,85,1,6,2024-09-30,2025-06-17,128,14.166666666666666,1.0,0,0.0,0.8941176470588236
AnkiDroid/src/main/res/layout/preferences_reviewer_menu.xml,4,64,21,85,1,4,2024-12-10,2025-07-27,88,21.25,1.0,0,0.0,0.5647058823529412
AnkiDroid/src/main/res/layout/dialog_axis_picker.xml,3,43,42,85,2,2,2024-09-09,2025-04-05,201,28.333333333333332,0.6666666666666666,3,1.0,0.4823529411764706
AnkiDroid/src/main/java/com/ichi2/anki/scheduling/ForgetCardsViewModel.kt,2,1,84,85,2,2,2024-06-18,2024-10-01,387,42.5,0.5,0,0.0,0.9647058823529412
AnkiDroid/src/test/java/com/ichi2/anki/model/RelativeFilePathTest.kt,2,3,82,85,2,2,2024-07-15,2024-08-27,422,42.5,0.5,0,0.0,0.9529411764705882
AnkiDroid/src/main/res/values-ug/04-network.xml,1,85,0,85,1,1,2025-01-04,2025-01-04,292,85.0,1.0,0,0.0,1.0
AnkiDroid/src/main/res/values-heb/07-cardbrowser.xml,19,47,37,84,1,19,2024-05-27,2025-08-30,54,4.421052631578948,1.0,0,0.0,0.27380952380952384
AnkiDroid/src/main/res/values-bn/07-cardbrowser.xml,14,48,36,84,1,14,2024-08-08,2025-08-30,54,6.0,1.0,0,0.0,0.2619047619047619
AnkiDroid/src/main/res/values-ur/07-cardbrowser.xml,11,48,36,84,1,11,2024-07-19,2025-08-30,54,7.636363636363637,1.0,0,0.0,0.7619047619047619
AnkiDroid/src/main/java/com/ichi2/anki/preferences/CustomButtonsSettingsFragment.kt,10,40,44,84,5,9,2024-05-28,2025-02-05,260,8.4,0.4,2,0.2,0.36904761904761907
AnkiDroid/src/main/res/values-lv/08-widget.xml,9,49,35,84,1,9,2024-08-28,2025-08-26,58,9.333333333333334,1.0,0,0.0,0.30952380952380953
AnkiDroid/src/main/res/values-ca/11-arrays.xml,8,35,49,84,1,8,2024-09-28,2025-08-03,81,10.5,1.0,0,0.0,0.5476190476190477
AnkiDroid/src/main/java/com/ichi2/anki/dialogs/DeckPickerConfirmDeleteDeckDialog.kt,6,55,29,84,2,4,2024-07-05,2025-07-05,110,14.0,0.8333333333333334,1,0.16666666666666666,0.34523809523809523
AnkiDroid/src/main/res/values-ug/16-multimedia-editor.xml,5,81,3,84,1,5,2025-01-04,2025-07-12,103,16.8,1.0,0,0.0,0.9047619047619048
AnkiDroid/src/main/java/dev/androidbroadcast/vbpd/ViewBindingProperty.kt,1,84,0,84,1,1,2025-09-18,2025-09-18,35,84.0,1.0,0,0.0,1.0
AnkiDroid/src/main/res/layout-v31/widget_small_unthemed.xml,1,84,0,84,1,1,2025-07-14,2025-07-14,101,84.0,1.0,1,1.0,1.0
AnkiDroid/src/main/res/values-ja/07-cardbrowser.xml,21,48,35,83,1,21,2024-04-25,2025-09-21,32,3.9523809523809526,1.0,0,0.0,0.24096385542168675
AnkiDroid/src/main/res/values-gl/08-widget.xml,10,48,35,83,1,10,2024-08-28,2025-08-26,58,8.3,1.0,0,0.0,0.4819277108433735
AnkiDroid/src/main/java/com/ichi2/anki/model/SelectableDeck.kt,3,83,0,83,1,2,2025-08-07,2025-09-02,51,27.666666666666668,1.0,0,0.0,0.8313253012048193
AnkiDroid/src/main/res/menu/previewer.xml,3,42,41,83,3,3,2024-04-26,2024-05-17,524,27.666666666666668,0.3333333333333333,1,0.3333333333333333,0.3855421686746988
AnkiDroid/src/main/res/layout/popup_eraser_options.xml,2,79,4,83,1,2,2025-09-05,2025-09-06,47,41.5,1.0,0,0.0,0.9156626506024096
AnkiDroid/src/main/java/com/ichi2/anki/ui/windows/reviewer/audiorecord/AudioPlayer.kt,1,83,0,83,1,1,2025-08-10,2025-08-10,74,83.0,1.0,0,0.0,1.0
AnkiDroid/src/main/res/layout-v31/widget_small.xml,1,83,0,83,1,1,2025-01-27,2025-01-27,269,83.0,1.0,0,0.0,1.0
AnkiDroid/src/main/res/values-fr/11-arrays.xml,11,34,48,82,1,11,2024-09-28,2025-09-05,48,7.454545454545454,1.0,0,0.0,0.5609756097560976
AnkiDroid/src/main/res/values-km/11-arrays.xml,9,34,48,82,1,9,2024-09-28,2025-08-03,81,9.11111111111111,1.0,0,0.0,0.3902439024390244
AnkiDroid/src/main/java/com/ichi2/anki/reviewer/BindingMap.kt,5,63,19,82,1,3,2025-04-05,2025-06-29,116,16.4,1.0,0,0.0,0.5609756097560976
libanki/testutils/build.gradle.kts,4,77,5,82,1,3,2025-07-07,2025-10-14,9,20.5,1.0,0,0.0,0.8414634146341463
AnkiDroid/src/main/res/values-ug/08-widget.xml,3,79,3,82,1,3,2025-01-04,2025-08-26,58,27.333333333333332,1.0,0,0.0,0.9390243902439024
AnkiDroid/src/test/java/com/ichi2/libanki/FinderTest.kt,16,43,38,81,7,13,2023-12-04,2025-06-18,127,5.0625,0.5,1,0.0625,0.19753086419753085
AnkiDroid/src/main/res/values-bn/17-model-manager.xml,9,40,41,81,1,9,2024-10-23,2025-06-17,128,9.0,1.0,0,0.0,0.4444444444444444
AnkiDroid/src/test/java/com/ichi2/anki/previewer/TemplatePreviewerViewModelTest.kt,3,54,27,81,3,3,2025-03-25,2025-07-27,88,27.0,0.3333333333333333,0,0.0,0.5432098765432098
AnkiDroid/src/main/java/com/ichi2/anki/utils/Exceptions.kt,1,0,81,81,1,1,2024-08-27,2024-08-27,422,81.0,1.0,0,0.0,1.0
AnkiDroid/src/test/java/com/ichi2/anki/servicelayer/ScopedStorageServiceTest.kt,1,0,81,81,1,1,2024-08-27,2024-08-27,422,81.0,1.0,0,0.0,1.0
AnkiDroid/src/main/res/values-tr/11-arrays.xml,11,33,47,80,1,10,2024-09-28,2025-08-03,81,7.2727272727272725,1.0,0,0.0,0.3
AnkiDroid/src/main/res/values-lt/11-arrays.xml,7,33,47,80,1,7,2024-09-28,2025-08-03,81,11.428571428571429,1.0,0,0.0,0.7
AnkiDroid/src/main/java/com/ichi2/anki/jsaddons/AddonData.kt,5,47,33,80,2,2,2024-10-20,2024-12-09,318,16.0,0.8,1,0.2,0.525
AnkiDroid/src/main/java/com/ichi2/anki/reviewer/GestureMapper.kt,4,53,27,80,2,2,2023-12-04,2024-12-09,318,20.0,0.75,1,0.25,0.75
AnkiDroid/src/main/java/dev/androidbroadcast/vbpd/ViewGroupBindings.kt,1,80,0,80,1,1,2025-09-18,2025-09-18,35,80.0,1.0,0,0.0,1.0
lint-rules/src/main/java/com/ichi2/anki/lint/rules/SentenceCaseConventions.kt,1,80,0,80,1,1,2025-03-19,2025-03-19,218,80.0,1.0,0,0.0,1.0
AnkiDroid/src/main/res/values-pl/07-cardbrowser.xml,18,47,32,79,1,18,2024-05-19,2025-09-21,32,4.388888888888889,1.0,0,0.0,0.22784810126582278
AnkiDroid/src/main/res/values-km/07-cardbrowser.xml,13,46,33,79,1,13,2024-08-08,2025-08-30,54,6.076923076923077,1.0,0,0.0,0.45569620253164556
common/build.gradle.kts,10,68,11,79,4,9,2024-05-29,2025-10-14,9,7.9,0.6,0,0.0,0.5949367088607594
AnkiDroid/src/main/java/com/ichi2/anki/ui/windows/reviewer/HideSystemBars.kt,3,38,41,79,2,3,2024-06-30,2025-01-16,280,26.333333333333332,0.6666666666666666,0,0.0,0.4936708860759494
AnkiDroid/src/main/java/com/ichi2/utils/JSONContainer.kt,3,78,1,79,3,3,2024-12-28,2025-03-31,206,26.333333333333332,0.3333333333333333,0,0.0,0.9493670886075949
AnkiDroid/src/main/res/layout/image_occlusion_options_layout.xml,3,76,3,79,3,3,2024-05-14,2025-09-09,44,26.333333333333332,0.3333333333333333,0,0.0,0.9240506329113924
AnkiDroid/src/main/res/layout/widget_deck_picker_config.xml,1,79,0,79,1,1,2024-05-22,2024-05-22,519,79.0,1.0,0,0.0,1.0
AnkiDroid/src/test/java/com/ichi2/libanki/NotetypesTest.kt,1,79,0,79,1,1,2025-06-27,2025-06-27,118,79.0,1.0,0,0.0,1.0
lint-rules/src/test/java/com/ichi2/anki/lint/rules/LocaleRootDetectorTest.kt,1,79,0,79,1,1,2025-03-14,2025-03-14,223,79.0,1.0,0,0.0,1.0
AnkiDroid/src/main/res/values-cs/11-arrays.xml,10,32,46,78,1,8,2024-09-28,2025-08-03,81,7.8,1.0,0,0.0,0.5897435897435898
AnkiDroid/src/main/res/values-mr/11-arrays.xml,10,32,46,78,1,10,2024-06-17,2025-08-03,81,7.8,1.0,0,0.0,0.41025641025641024
AnkiDroid/src/main/java/com/ichi2/anki/previewer/PreviewerAction.kt,4,75,3,78,3,4,2025-02-07,2025-06-12,133,19.5,0.5,0,0.0,0.8974358974358975
AnkiDroid/src/main/java/com/ichi2/anki/android/back/ExitViaDoubleTapBackBackPressCallback.kt,3,72,6,78,1,2,2025-01-16,2025-07-05,110,26.0,1.0,0,0.0,0.8846153846153846
AnkiDroid/src/main/java/com/ichi2/anki/contextmenu/MouseContextMenuHandler.kt,1,78,0,78,1,1,2025-08-20,2025-08-20,64,78.0,1.0,0,0.0,1.0
AnkiDroid/src/main/java/com/ichi2/anki/servicelayer/scopedstorage/MoveDirectoryContent.kt,1,0,78,78,1,1,2024-08-27,2024-08-27,422,78.0,1.0,0,0.0,1.0
AnkiDroid/src/main/java/dev/androidbroadcast/vbpd/ViewHolderBindings.kt,1,78,0,78,1,1,2025-09-18,2025-09-18,35,78.0,1.0,0,0.0,1.0
AnkiDroid/src/test/java/com/ichi2/anki/servicelayer/scopedstorage/MockMigrationContext.kt,1,0,78,78,1,1,2024-08-27,2024-08-27,422,78.0,1.0,0,0.0,1.0
AnkiDroid/src/main/res/values-ar/17-model-manager.xml,11,38,39,77,1,11,2024-10-23,2025-08-03,81,7.0,1.0,0,0.0,0.44155844155844154
AnkiDroid/src/test/java/com/ichi2/anki/widget/deckpicker/DeckPickerWidgetConfigTest.kt,9,34,43,77,3,6,2024-08-26,2025-09-09,44,8.555555555555555,0.4444444444444444,1,0.1111111111111111,0.23376623376623376
AnkiDroid/src/main/java/com/ichi2/anki/pages/AnkiPackageImporterFragment.kt,3,36,41,77,2,2,2024-06-18,2024-12-09,318,25.666666666666668,0.6666666666666666,0,0.0,0.5974025974025974
AnkiDroid/src/main/java/com/ichi2/anki/servicelayer/scopedstorage/MoveFileOrDirectory.kt,2,1,76,77,2,2,2024-07-15,2024-08-27,422,38.5,0.5,0,0.0,0.974025974025974
AnkiDroid/src/main/res/layout/fragment_audio_video.xml,2,76,1,77,2,2,2024-07-21,2024-12-21,306,38.5,0.5,0,0.0,0.974025974025974
AnkiDroid/src/main/java/com/ichi2/anki/preferences/reviewer/ReviewerMenuRepository.kt,1,77,0,77,1,1,2025-02-24,2025-02-24,241,77.0,1.0,0,0.0,1.0
AnkiDroid/src/test/java/com/ichi2/anki/CardBrowserNonAndroidTest.kt,1,0,77,77,1,1,2024-07-21,2024-07-21,459,77.0,1.0,0,0.0,1.0
AnkiDroid/src/main/res/values-got/16-multimedia-editor.xml,13,31,45,76,1,13,2024-07-20,2025-09-09,44,5.846153846153846,1.0,0,0.0,0.4473684210526316
AnkiDroid/src/main/res/values-lv/16-multimedia-editor.xml,12,31,45,76,1,12,2024-07-20,2025-07-12,103,6.333333333333333,1.0,0,0.0,0.5526315789473685
AnkiDroid/src/main/res/values-te/11-arrays.xml,11,31,45,76,1,11,2024-05-01,2025-08-03,81,6.909090909090909,1.0,0,0.0,0.42105263157894735
AnkiDroid/src/main/res/values-fi/11-arrays.xml,8,31,45,76,1,8,2024-09-28,2025-08-03,81,9.5,1.0,0,0.0,0.6052631578947368
AnkiDroid/src/main/java/com/ichi2/libanki/BackendImportExport.kt,7,25,51,76,4,6,2024-06-18,2025-06-28,117,10.857142857142858,0.5714285714285714,1,0.14285714285714285,0.3815789473684211
AnkiDroid/src/main/java/com/ichi2/anki/ui/windows/reviewer/StudyScreenRepository.kt,6,70,6,76,1,4,2025-06-14,2025-08-09,75,12.666666666666666,1.0,1,0.16666666666666666,0.5263157894736842
AnkiDroid/src/test/java/com/ichi2/audio/AudioRecordingControllerTest.kt,5,67,9,76,3,5,2024-04-22,2025-06-18,127,15.2,0.4,0,0.0,0.75
AnkiDroid/src/main/java/com/ichi2/anki/snackbar/Snackbars.kt,3,60,16,76,1,2,2024-12-09,2025-01-20,276,25.333333333333332,1.0,1,0.3333333333333333,0.47368421052631576
AnkiDroid/src/main/java/com/ichi2/widget/WidgetPreferences.kt,1,76,0,76,1,1,2024-05-22,2024-05-22,519,76.0,1.0,0,0.0,1.0
AnkiDroid/src/test/java/com/ichi2/anki/widget/DeckNameAndStatsTest.kt,1,76,0,76,1,1,2024-05-22,2024-05-22,519,76.0,1.0,0,0.0,1.0
AnkiDroid/src/main/res/values-tgl/10-preferences.xml,32,53,22,75,1,30,2024-04-27,2025-10-09,14,2.34375,1.0,0,0.0,0.12
AnkiDroid/src/main/res/values-ti/10-preferences.xml,32,53,22,75,1,30,2024-04-27,2025-10-09,14,2.34375,1.0,0,0.0,0.12
AnkiDroid/src/main/res/values-ko/17-model-manager.xml,9,37,38,75,1,9,2025-01-05,2025-06-25,120,8.333333333333334,1.0,0,0.0,0.5333333333333333
AnkiDroid/src/main/java/com/ichi2/anki/IntentHandler2.kt,7,64,11,75,6,7,2024-07-02,2025-07-09,106,10.714285714285714,0.2857142857142857,1,0.14285714285714285,0.5466666666666666
AnkiDroid/src/main/java/com/ichi2/anki/ui/windows/reviewer/autoadvance/AnswerAction.kt,4,37,38,75,3,3,2024-06-22,2025-01-17,279,18.75,0.5,1,0.25,0.48
AnkiDroid/src/test/java/com/ichi2/anki/ThrowableFilterServiceTest.kt,2,70,5,75,2,2,2024-12-02,2024-12-12,315,37.5,0.5,0,0.0,0.8666666666666667
AnkiDroid/src/main/java/com/ichi2/audio/AudioWaveform.kt,1,47,28,75,1,1,2024-04-23,2024-04-23,548,75.0,1.0,0,0.0,1.0
AnkiDroid/src/main/res/values-uz/16-multimedia-editor.xml,11,30,44,74,1,11,2024-07-20,2025-07-12,103,6.7272727272727275,1.0,0,0.0,0.43243243243243246
AnkiDroid/src/main/res/values-ta/16-multimedia-editor.xml,10,30,44,74,1,10,2024-07-20,2025-07-12,103,7.4,1.0,0,0.0,0.6216216216216216
AnkiDroid/src/main/java/com/ichi2/anki/ui/windows/managespace/ManageSpaceFragment.kt,8,56,18,74,5,7,2024-07-15,2025-08-02,82,9.25,0.5,3,0.375,0.2702702702702703
AnkiDroid/src/main/java/com/ichi2/anki/utils/ext/FragmentActivity.kt,4,71,3,74,1,3,2024-11-29,2025-06-30,115,18.5,1.0,1,0.25,0.7297297297297297
AnkiDroid/src/main/res/values-iw/09-backup.xml,4,71,3,74,1,4,2024-05-02,2025-08-10,74,18.5,1.0,0,0.0,0.918918918918919
AnkiDroid/src/main/res/values-uk/08-widget.xml,11,44,29,73,1,10,2024-05-27,2025-08-26,58,6.636363636363637,1.0,0,0.0,0.2465753424657534
AnkiDroid/src/main/res/values-got/04-network.xml,6,37,36,73,1,6,2024-06-09,2025-09-10,43,12.166666666666666,1.0,0,0.0,0.6575342465753424
AnkiDroid/src/test/java/com/ichi2/anki/IntentHandlerTest.kt,4,61,12,73,4,4,2025-01-24,2025-08-21,63,18.25,0.25,1,0.25,0.7534246575342466
libanki/src/main/java/com/ichi2/anki/libanki/NotetypeJson.kt,3,21,52,73,1,2,2025-07-06,2025-07-18,97,24.333333333333332,1.0,0,0.0,0.9315068493150684
AnkiDroid/src/main/res/layout/control_preference.xml,2,67,6,73,1,2,2025-02-05,2025-02-14,251,36.5,1.0,0,0.0,0.8767123287671232
AnkiDroid/src/test/java/com/ichi2/anki/multimediacard/activity/MultimediaEditFieldActivityTestBase.kt,2,0,73,73,2,2,2024-04-22,2024-08-01,448,36.5,0.5,0,0.0,0.8767123287671232
AnkiDroid/src/main/res/values-kn/11-arrays.xml,9,29,43,72,1,9,2024-05-01,2025-08-03,81,8.0,1.0,0,0.0,0.4444444444444444
AnkiDroid/src/main/res/values-be/11-arrays.xml,8,29,43,72,1,8,2024-07-08,2025-08-03,81,9.0,1.0,0,0.0,0.6388888888888888
AnkiDroid/src/main/java/com/ichi2/utils/AdaptionUtil.kt,6,47,25,72,3,6,2024-05-29,2025-07-14,101,12.0,0.5,2,0.3333333333333333,0.5138888888888888
AnkiDroid/src/main/java/com/ichi2/libanki/Config.kt,5,38,34,72,4,5,2024-04-26,2025-02-06,259,14.4,0.4,2,0.4,0.3194444444444444
AnkiDroid/src/test/java/com/ichi2/testutils/JsonUtils.kt,4,53,19,72,3,4,2025-01-17,2025-06-25,120,18.0,0.5,0,0.0,0.5972222222222222
AnkiDroid/src/main/java/com/ichi2/anki/ui/windows/reviewer/AnswerFeedbackView.kt,2,71,1,72,1,2,2025-07-01,2025-08-09,75,36.0,1.0,1,0.5,0.9722222222222222
AnkiDroid/src/test/java/com/ichi2/anki/settings/PrefsDelegatesTest.kt,2,72,0,72,2,2,2025-01-24,2025-08-14,70,36.0,0.5,1,0.5,0.9861111111111112
AnkiDroid/src/main/java/com/ichi2/ui/RecyclerSingleTouchAdapter.kt,1,0,72,72,1,1,2025-03-22,2025-03-22,215,72.0,1.0,0,0.0,1.0
AnkiDroid/src/test/java/com/ichi2/anki/ReviewerNoParamTest.kt,15,37,34,71,5,13,2024-06-24,2025-07-28,87,4.733333333333333,0.4,0,0.0,0.14084507042253522
AnkiDroid/src/main/res/values-cs/08-widget.xml,12,43,28,71,1,12,2024-08-28,2025-08-26,58,5.916666666666667,1.0,0,0.0,0.16901408450704225
AnkiDroid/src/main/res/values-uz/08-widget.xml,7,42,29,71,1,7,2024-08-28,2025-08-26,58,10.142857142857142,1.0,0,0.0,0.4788732394366197
AnkiDroid/src/main/java/com/ichi2/anki/dialogs/IntegerDialog.kt,6,48,23,71,2,4,2024-07-16,2025-06-13,132,11.833333333333334,0.8333333333333334,2,0.3333333333333333,0.4788732394366197
AnkiDroid/src/main/java/com/ichi2/anki/ui/windows/reviewer/autoadvance/AutoAdvanceSettings.kt,4,59,12,71,3,4,2024-06-22,2025-07-05,110,17.75,0.5,0,0.0,0.6901408450704225
libanki/testutils/src/main/java/com/ichi2/anki/libanki/testutils/ext/Collection.kt,3,71,0,71,1,3,2025-07-07,2025-07-21,94,23.666666666666668,1.0,0,0.0,0.5352112676056338
AnkiDroid/src/test/java/com/ichi2/anki/servicelayer/scopedstorage/Utils.kt,2,2,69,71,2,2,2024-07-15,2024-08-27,422,35.5,0.5,0,0.0,0.9436619718309859
AnkiDroid/src/main/java/com/ichi2/anki/servicelayer/scopedstorage/migrateuserdata/MoveDirectory.kt,1,0,71,71,1,1,2024-08-27,2024-08-27,422,71.0,1.0,0,0.0,1.0
AnkiDroid/src/main/res/values/07-cardbrowser.xml,15,43,27,70,6,14,2024-07-21,2025-08-11,73,4.666666666666667,0.26666666666666666,0,0.0,0.3142857142857143
docs/marketing/localized_description/marketdescription-lv.txt,7,35,35,70,1,7,2025-04-27,2025-06-30,115,10.0,1.0,0,0.0,0.6571428571428571
docs/marketing/localized_description/marketdescription-uz.txt,6,35,35,70,1,6,2025-05-10,2025-07-05,110,11.666666666666666,1.0,0,0.0,0.8285714285714286
libanki/src/main/java/com/ichi2/anki/libanki/Deck.kt,6,68,2,70,2,5,2025-07-02,2025-10-03,20,11.666666666666666,0.8333333333333334,0,0.0,0.34285714285714286
AnkiDroid/src/main/java/com/ichi2/anki/settings/PrefKey.kt,3,35,35,70,1,2,2025-01-16,2025-01-24,272,23.333333333333332,1.0,0,0.0,0.5
AnkiDroid/src/main/res/values-is/09-backup.xml,2,1,69,70,2,2,2025-05-24,2025-08-04,80,35.0,0.5,0,0.0,0.9714285714285714
AnkiDroid/src/main/res/values-jv/09-backup.xml,2,1,69,70,2,2,2025-05-24,2025-08-04,80,35.0,0.5,0,0.0,0.9714285714285714
AnkiDroid/src/main/res/values-ug/09-backup.xml,2,69,1,70,1,2,2025-01-04,2025-06-07,138,35.0,1.0,0,0.0,0.9714285714285714
AnkiDroid/src/test/java/com/ichi2/anki/widget/AnalyticalWidgetProviderTest.kt,2,69,1,70,2,2,2024-06-04,2025-09-09,44,35.0,0.5,0,0.0,0.9571428571428572
AnkiDroid/src/main/java/com/ichi2/anki/multimediacard/fields/IFieldController.kt,1,0,70,70,1,1,2024-08-01,2024-08-01,448,70.0,1.0,0,0.0,1.0
AnkiDroid/src/main/res/values-or/07-cardbrowser.xml,16,42,27,69,1,14,2024-08-08,2025-08-30,54,4.3125,1.0,0,0.0,0.4057971014492754
AnkiDroid/src/main/res/values-ga/07-cardbrowser.xml,13,39,30,69,1,13,2024-08-08,2025-08-30,54,5.3076923076923075,1.0,0,0.0,0.34782608695652173
AnkiDroid/src/main/java/com/ichi2/anki/multimediacard/fields/ImageField.kt,12,34,35,69,6,10,2024-07-17,2025-07-21,94,5.75,0.5833333333333334,3,0.25,0.2753623188405797
AnkiDroid/src/main/res/values-ml/16-multimedia-editor.xml,10,28,41,69,1,10,2024-07-20,2025-07-12,103,6.9,1.0,0,0.0,0.5942028985507246
AnkiDroid/src/main/res/values-pa/08-widget.xml,8,41,28,69,1,8,2024-08-28,2025-08-26,58,8.625,1.0,0,0.0,0.5507246376811594
AnkiDroid/src/main/java/com/ichi2/anki/servicelayer/CardService.kt,5,17,52,69,1,3,2024-08-14,2025-01-04,292,13.8,1.0,1,0.2,0.5362318840579711
AnkiDroid/src/main/res/values-uz/04-network.xml,4,35,34,69,1,4,2024-06-09,2025-09-29,24,17.25,1.0,0,0.0,0.7536231884057971
AnkiDroid/src/main/res/layout/widget_card_analysis_drawable_v31.xml,3,65,4,69,1,3,2024-08-27,2025-02-15,250,23.0,1.0,0,0.0,0.8840579710144928
AnkiDroid/src/main/res/menu-xlarge/deck_picker.xml,2,68,1,69,2,2,2024-10-26,2025-05-29,147,34.5,0.5,1,0.5,0.9710144927536232
AnkiDroid/src/main/res/values-ka/07-cardbrowser.xml,15,40,28,68,1,15,2024-08-08,2025-08-30,54,4.533333333333333,1.0,0,0.0,0.3088235294117647
.github/workflows/lint.yml,11,35,33,68,4,10,2024-04-29,2025-09-03,50,6.181818181818182,0.36363636363636365,0,0.0,0.35294117647058826
AnkiDroid/src/main/java/com/ichi2/anki/dialogs/DialogHandler.kt,9,48,20,68,5,6,2024-07-15,2025-07-18,97,7.555555555555555,0.5555555555555556,3,0.3333333333333333,0.2647058823529412
AnkiDroid/src/androidTest/java/com/ichi2/anki/PagesTest.kt,8,36,32,68,4,6,2024-06-18,2025-09-08,45,8.5,0.625,1,0.125,0.38235294117647056
AnkiDroid/src/test/java/com/ichi2/anki/libanki/DeckConfigTest.kt,5,29,39,68,1,3,2025-07-05,2025-07-18,97,13.6,1.0,0,0.0,0.5147058823529411
libanki/src/main/java/com/ichi2/anki/libanki/CollectionFiles.kt,5,57,11,68,1,3,2025-07-06,2025-07-21,94,13.6,1.0,0,0.0,0.6323529411764706
AnkiDroid/src/main/java/com/ichi2/anki/ui/windows/reviewer/AnswerButton.kt,3,66,2,68,1,3,2025-07-06,2025-08-09,75,22.666666666666668,1.0,1,0.3333333333333333,0.9411764705882353
AnkiDroid/src/main/res/drawable/ic_restart.xml,2,34,34,68,1,2,2024-06-13,2024-07-21,459,34.0,1.0,0,0.0,0.5
AnkiDroid/src/test/java/com/ichi2/anki/ShortcutTest.kt,2,34,34,68,2,2,2024-11-25,2025-01-12,284,34.0,0.5,1,0.5,0.5
AnkiDroid/src/main/res/values-ss/09-backup.xml,1,0,68,68,1,1,2025-08-04,2025-08-04,80,68.0,1.0,0,0.0,1.0
AnkiDroid/src/main/res/values-sw/09-backup.xml,1,0,68,68,1,1,2025-08-04,2025-08-04,80,68.0,1.0,0,0.0,1.0
AnkiDroid/src/main/res/values-tg/09-backup.xml,1,0,68,68,1,1,2025-08-04,2025-08-04,80,68.0,1.0,0,0.0,1.0
AnkiDroid/src/main/res/values-tn/09-backup.xml,1,0,68,68,1,1,2025-08-04,2025-08-04,80,68.0,1.0,0,0.0,1.0
AnkiDroid/src/main/res/values-ve/09-backup.xml,1,0,68,68,1,1,2025-08-04,2025-08-04,80,68.0,1.0,0,0.0,1.0
AnkiDroid/src/main/res/values-wo/09-backup.xml,1,0,68,68,1,1,2025-08-04,2025-08-04,80,68.0,1.0,0,0.0,1.0
AnkiDroid/src/main/res/values-xh/09-backup.xml,1,0,68,68,1,1,2025-08-04,2025-08-04,80,68.0,1.0,0,0.0,1.0
AnkiDroid/src/main/res/values-yue/09-backup.xml,1,0,68,68,1,1,2025-08-04,2025-08-04,80,68.0,1.0,0,0.0,1.0
AnkiDroid/src/main/res/values-zu/09-backup.xml,1,0,68,68,1,1,2025-08-04,2025-08-04,80,68.0,1.0,0,0.0,1.0
AnkiDroid/src/test/java/com/ichi2/anki/servicelayer/scopedstorage/MoveFileOrDirectoryTest.kt,1,0,68,68,1,1,2024-08-27,2024-08-27,422,68.0,1.0,0,0.0,1.0
testlib/src/main/java/com/ichi2/testutils/FailOnUnhandledExceptionRule.kt,1,68,0,68,1,1,2024-04-27,2024-04-27,544,68.0,1.0,0,0.0,1.0
AnkiDroid/src/main/res/values-pt-rBR/07-cardbrowser.xml,19,41,26,67,1,19,2024-05-01,2025-09-05,48,3.526315789473684,1.0,0,0.0,0.1791044776119403
AnkiDroid/src/main/java/com/ichi2/anki/worker/SyncMediaWorker.kt,10,42,25,67,3,8,2024-06-21,2025-07-26,89,6.7,0.6,6,0.6,0.44776119402985076
AnkiDroid/src/main/res/values-heb/08-widget.xml,8,41,26,67,1,8,2024-08-28,2025-08-26,58,8.375,1.0,0,0.0,0.3880597014925373
AnkiDroid/src/main/java/com/ichi2/anki/ui/windows/permissions/PermissionsFragment.kt,5,53,14,67,3,4,2024-12-09,2025-08-27,57,13.4,0.4,1,0.2,0.4925373134328358
AnkiDroid/src/main/res/values-gu/04-network.xml,5,34,33,67,1,5,2024-06-01,2024-08-01,448,13.4,1.0,0,0.0,0.6567164179104478
AnkiDroid/src/main/res/values-bn/04-network.xml,4,34,33,67,1,4,2024-06-09,2025-01-02,294,16.75,1.0,0,0.0,0.6865671641791045
AnkiDroid/src/test/java/com/ichi2/anki/dialogs/DeckPickerContextMenuTest.kt,4,35,32,67,3,4,2024-07-15,2025-07-05,110,16.75,0.5,1,0.25,0.7910447761194029
AnkiDroid/src/main/res/values-da/04-network.xml,3,34,33,67,1,3,2024-06-09,2024-10-23,365,22.333333333333332,1.0,0,0.0,0.9552238805970149
AnkiDroid/src/main/res/values-ta/04-network.xml,3,34,33,67,1,3,2024-06-09,2024-09-24,394,22.333333333333332,1.0,0,0.0,0.6268656716417911
AnkiDroid/src/main/res/layout/dialog_export_options.xml,2,39,28,67,2,2,2024-09-09,2024-12-19,308,33.5,0.5,1,0.5,0.746268656716418
AnkiDroid/src/main/res/layout/widget_item_deck_main.xml,2,66,1,67,1,2,2024-05-22,2024-10-25,363,33.5,1.0,0,0.0,0.8805970149253731
AnkiDroid/src/test/java/com/ichi2/utils/ClipboardUtilTest.kt,2,66,1,67,2,2,2023-12-04,2024-07-24,456,33.5,0.5,0,0.0,0.9552238805970149
common/src/main/java/com/ichi2/anki/utils/android/ColorUtils.kt,2,67,0,67,1,2,2024-06-19,2025-01-06,290,33.5,1.0,1,0.5,0.7164179104477612
AnkiDroid/src/main/res/values-uk/07-cardbrowser.xml,19,39,27,66,1,18,2024-05-19,2025-10-05,18,3.473684210526316,1.0,0,0.0,0.21212121212121213
AnkiDroid/src/main/res/values-hu/07-cardbrowser.xml,15,39,27,66,1,15,2024-08-08,2025-08-30,54,4.4,1.0,0,0.0,0.3181818181818182
AnkiDroid/src/main/res/values-ru/07-cardbrowser.xml,15,39,27,66,1,14,2024-08-08,2025-09-03,50,4.4,1.0,0,0.0,0.3333333333333333
AnkiDroid/src/main/res/values-af/07-cardbrowser.xml,13,39,27,66,1,13,2024-08-08,2025-08-30,54,5.076923076923077,1.0,0,0.0,0.3333333333333333
AnkiDroid/src/main/res/values-am/07-cardbrowser.xml,13,39,27,66,1,13,2024-08-08,2025-08-30,54,5.076923076923077,1.0,0,0.0,0.3333333333333333
AnkiDroid/src/main/res/values-bg/07-cardbrowser.xml,13,39,27,66,1,13,2024-08-08,2025-08-30,54,5.076923076923077,1.0,0,0.0,0.3333333333333333
AnkiDroid/src/main/res/values-ca/07-cardbrowser.xml,13,39,27,66,1,13,2024-08-08,2025-08-30,54,5.076923076923077,1.0,0,0.0,0.3333333333333333
AnkiDroid/src/main/res/values-ckb/07-cardbrowser.xml,13,39,27,66,1,13,2024-08-08,2025-08-30,54,5.076923076923077,1.0,0,0.0,0.3333333333333333
AnkiDroid/src/main/res/values-et/07-cardbrowser.xml,13,39,27,66,1,13,2024-08-08,2025-08-30,54,5.076923076923077,1.0,0,0.0,0.3333333333333333
AnkiDroid/src/main/res/values-eu/07-cardbrowser.xml,13,39,27,66,1,13,2024-08-08,2025-08-30,54,5.076923076923077,1.0,0,0.0,0.3333333333333333
AnkiDroid/src/main/res/values-fy/07-cardbrowser.xml,13,39,27,66,1,13,2024-08-08,2025-08-30,54,5.076923076923077,1.0,0,0.0,0.3333333333333333
AnkiDroid/src/test/java/com/ichi2/anki/previewer/PreviewerViewModelTest.kt,4,33,33,66,2,2,2024-07-15,2024-12-22,305,16.5,0.75,0,0.0,0.9090909090909091
AnkiDroid/src/test/java/com/ichi2/libanki/FlagTest.kt,4,35,31,66,3,4,2024-11-03,2025-03-02,235,16.5,0.5,0,0.0,0.5303030303030303
docs/marketing/localized_description/marketdescription-ur-PK.txt,3,33,33,66,1,3,2024-05-27,2025-06-30,115,22.0,1.0,0,0.0,0.9090909090909091
AnkiDroid/src/main/java/com/ichi2/anki/servicelayer/scopedstorage/DeleteEmptyDirectory.kt,2,3,63,66,2,2,2024-07-15,2024-08-27,422,33.0,0.5,0,0.0,0.9393939393939394
AnkiDroid/src/main/res/layout/template_previewer_container.xml,2,58,8,66,2,2,2024-08-17,2024-12-22,305,33.0,0.5,1,0.5,0.7878787878787878
AnkiDroid/src/main/java/com/ichi2/anki/servicelayer/scopedstorage/migrateuserdata/UserDataMigrationPreferences.kt,1,0,66,66,1,1,2024-08-27,2024-08-27,422,66.0,1.0,0,0.0,1.0
common/README.md,1,66,0,66,1,1,2024-05-29,2024-05-29,512,66.0,1.0,0,0.0,1.0
AnkiDroid/src/main/res/values-gl/17-model-manager.xml,10,32,33,65,1,10,2024-10-23,2025-07-12,103,6.5,1.0,0,0.0,0.36923076923076925
AnkiDroid/src/main/res/values-pl/08-widget.xml,10,40,25,65,1,9,2024-08-28,2025-08-26,58,6.5,1.0,0,0.0,0.36923076923076925
libanki/src/main/java/com/ichi2/anki/libanki/Decks.kt,7,27,38,65,4,6,2025-06-15,2025-10-03,20,9.285714285714286,0.5714285714285714,0,0.0,0.35384615384615387
AnkiDroid/src/main/java/com/ichi2/anki/multimedia/MultimediaMenuProvider.kt,4,58,7,65,2,2,2024-07-21,2024-12-09,318,16.25,0.75,1,0.25,0.7846153846153846
AnkiDroid/src/main/res/values-pa/04-network.xml,4,33,32,65,1,4,2024-06-09,2025-01-02,294,16.25,1.0,0,0.0,0.5538461538461539
AnkiDroid/src/main/res/xml/widget_provider_deck_picker.xml,4,47,18,65,2,3,2024-05-22,2025-05-19,157,16.25,0.75,0,0.0,0.4307692307692308
AnkiDroid/src/test/java/com/ichi2/anki/AbstractFlashcardViewerCommandTest.kt,4,37,28,65,4,4,2024-07-15,2025-07-05,110,16.25,0.25,0,0.0,0.676923076923077
AnkiDroid/src/test/java/com/ichi2/anki/scheduling/SetDueDateViewModelTest.kt,4,61,4,65,3,4,2024-07-15,2025-07-05,110,16.25,0.5,0,0.0,0.7846153846153846
AnkiDroid/src/androidTest/java/com/ichi2/anki/testutil/NoteEditor.kt,3,59,6,65,2,2,2024-07-02,2024-12-09,318,21.666666666666668,0.6666666666666666,1,0.3333333333333333,0.8769230769230769
AnkiDroid/src/main/java/com/ichi2/anki/bottomsheet/ImageOcclusionBottomSheetFragment.kt,3,63,2,65,2,2,2024-05-14,2024-12-09,318,21.666666666666668,0.6666666666666666,0,0.0,0.9384615384615385
AnkiDroid/src/main/java/com/ichi2/anki/utils/ext/Context.kt,3,64,1,65,2,3,2025-07-11,2025-10-03,20,21.666666666666668,0.6666666666666666,1,0.3333333333333333,0.7076923076923077
AnkiDroid/src/test/java/com/ichi2/anki/reviewreminders/ReviewReminderTest.kt,3,60,5,65,1,3,2025-07-03,2025-07-15,100,21.666666666666668,1.0,0,0.0,0.8923076923076924
AnkiDroid/src/test/java/com/ichi2/utils/BundleUtilsTest.kt,3,64,1,65,3,3,2024-07-15,2025-01-03,293,21.666666666666668,0.3333333333333333,0,0.0,0.46153846153846156
AnkiDroid/src/main/res/layout/fragment_audio_recording.xml,2,64,1,65,2,2,2024-08-01,2024-12-21,306,32.5,0.5,0,0.0,0.9692307692307692
AnkiDroid/src/main/res/layout/activity_card_analysis_widget_config.xml,1,65,0,65,1,1,2025-10-05,2025-10-05,18,65.0,1.0,0,0.0,1.0
AnkiDroid/src/main/res/layout/all_permissions_explanation_fragment.xml,1,65,0,65,1,1,2025-08-27,2025-08-27,57,65.0,1.0,0,0.0,1.0
AnkiDroid/src/main/res/values-is/20-search-preference.xml,1,0,65,65,1,1,2025-08-04,2025-08-04,80,65.0,1.0,0,0.0,1.0
AnkiDroid/src/main/res/values-iw/20-search-preference.xml,1,65,0,65,1,1,2024-05-02,2024-05-02,539,65.0,1.0,0,0.0,1.0
AnkiDroid/src/main/res/values-jv/20-search-preference.xml,1,0,65,65,1,1,2025-08-04,2025-08-04,80,65.0,1.0,0,0.0,1.0
AnkiDroid/src/main/res/values-ss/20-search-preference.xml,1,0,65,65,1,1,2025-08-04,2025-08-04,80,65.0,1.0,0,0.0,1.0
AnkiDroid/src/main/res/values-sw/20-search-preference.xml,1,0,65,65,1,1,2025-08-04,2025-08-04,80,65.0,1.0,0,0.0,1.0
AnkiDroid/src/main/res/values-tg/20-search-preference.xml,1,0,65,65,1,1,2025-08-04,2025-08-04,80,65.0,1.0,0,0.0,1.0
AnkiDroid/src/main/res/values-tn/20-search-preference.xml,1,0,65,65,1,1,2025-08-04,2025-08-04,80,65.0,1.0,0,0.0,1.0
AnkiDroid/src/main/res/values-ts/20-search-preference.xml,1,0,65,65,1,1,2025-08-04,2025-08-04,80,65.0,1.0,0,0.0,1.0
AnkiDroid/src/main/res/values-ug/20-search-preference.xml,1,65,0,65,1,1,2025-01-04,2025-01-04,292,65.0,1.0,0,0.0,1.0
AnkiDroid/src/main/res/values-ve/20-search-preference.xml,1,0,65,65,1,1,2025-08-04,2025-08-04,80,65.0,1.0,0,0.0,1.0
AnkiDroid/src/main/res/values-wo/20-search-preference.xml,1,0,65,65,1,1,2025-08-04,2025-08-04,80,65.0,1.0,0,0.0,1.0
AnkiDroid/src/main/res/values-xh/20-search-preference.xml,1,0,65,65,1,1,2025-08-04,2025-08-04,80,65.0,1.0,0,0.0,1.0
AnkiDroid/src/main/res/values-yue/20-search-preference.xml,1,0,65,65,1,1,2025-08-04,2025-08-04,80,65.0,1.0,0,0.0,1.0
AnkiDroid/src/main/res/values-zu/20-search-preference.xml,1,0,65,65,1,1,2025-08-04,2025-08-04,80,65.0,1.0,0,0.0,1.0
AnkiDroid/src/test/java/com/ichi2/libanki/UtilsTest.kt,1,0,65,65,1,1,2025-07-05,2025-07-05,110,65.0,1.0,0,0.0,1.0
common/src/main/java/com/ichi2/anki/common/time/TimeUtils.kt,1,65,0,65,1,1,2025-06-18,2025-06-18,127,65.0,1.0,0,0.0,1.0
AnkiDroid/src/main/res/values-kn/07-cardbrowser.xml,15,38,26,64,1,15,2024-04-27,2025-08-30,54,4.266666666666667,1.0,0,0.0,0.328125
AnkiDroid/src/main/res/values-pa/16-multimedia-editor.xml,10,25,39,64,1,10,2024-07-20,2025-07-12,103,6.4,1.0,0,0.0,0.5625
AnkiDroid/src/main/res/values-ur/11-arrays.xml,7,25,39,64,1,7,2024-07-19,2025-08-03,81,9.142857142857142,1.0,0,0.0,0.5
AnkiDroid/src/main/java/com/ichi2/anki/pages/CardInfoDestination.kt,6,54,10,64,3,6,2024-06-18,2025-09-10,43,10.666666666666666,0.3333333333333333,1,0.16666666666666666,0.4375
AnkiDroid/src/main/java/com/ichi2/anki/ui/windows/permissions/TiramisuPermissionsFragment.kt,4,4,60,64,3,3,2024-12-09,2025-08-27,57,16.0,0.5,0,0.0,0.875
AnkiDroid/src/test/java/com/ichi2/libanki/DecksTest.kt,4,48,16,64,3,4,2023-12-04,2025-03-13,224,16.0,0.5,0,0.0,0.65625
fastlane/metadata/android/en-US/full_description.txt,4,53,11,64,3,3,2023-07-30,2025-06-28,117,16.0,0.5,0,0.0,0.59375
AnkiDroid/src/androidTest/java/com/ichi2/anki/DownloadFileTest.kt,3,56,8,64,1,2,2024-12-08,2024-12-09,318,21.333333333333332,1.0,1,0.3333333333333333,0.734375
AnkiDroid/src/main/res/layout/dialog_key_picker.xml,1,34,30,64,1,1,2024-09-05,2024-09-05,413,64.0,1.0,1,1.0,1.0
AnkiDroid/src/main/res/values-ru/08-widget.xml,10,39,24,63,1,9,2024-08-28,2025-09-03,50,6.3,1.0,0,0.0,0.2857142857142857
AnkiDroid/src/main/res/values-be/08-widget.xml,9,39,24,63,1,9,2024-08-28,2025-08-26,58,7.0,1.0,0,0.0,0.25396825396825395
AnkiDroid/src/main/res/values-ta/08-widget.xml,8,38,25,63,1,8,2024-08-28,2025-08-26,58,7.875,1.0,0,0.0,0.3492063492063492
AnkiDroid/src/test/java/com/ichi2/anki/preferences/PreferenceTestUtils.kt,6,41,22,63,1,6,2024-11-23,2025-08-03,81,10.5,1.0,1,0.16666666666666666,0.3968253968253968
AnkiDroid/src/main/java/com/ichi2/utils/ClipboardUtil.kt,4,44,19,63,2,3,2024-07-24,2025-03-25,212,15.75,0.75,1,0.25,0.873015873015873
AnkiDroid/src/main/res/values-ml/04-network.xml,3,32,31,63,1,3,2024-06-09,2024-10-15,373,21.0,1.0,0,0.0,0.9206349206349206
AnkiDroid/src/test/java/com/ichi2/libanki/FieldTest.kt,3,62,1,63,2,3,2024-12-23,2025-03-03,234,21.0,0.6666666666666666,1,0.3333333333333333,0.7142857142857143
AnkiDroid/src/main/java/com/ichi2/anki/dialogs/EmptyCardsViewModel.kt,1,63,0,63,1,1,2025-01-14,2025-01-14,282,63.0,1.0,0,0.0,1.0
AnkiDroid/src/test/java/com/ichi2/libanki/ChangeManagerTest.kt,1,63,0,63,1,1,2024-08-26,2024-08-26,423,63.0,1.0,0,0.0,1.0
AnkiDroid/src/test/java/com/ichi2/testutils/ActivityList.kt,16,42,20,62,8,16,2024-05-21,2025-08-27,57,3.875,0.25,0,0.0,0.2903225806451613
AnkiDroid/src/main/java/com/ichi2/anki/reviewer/ActionButtonStatus.kt,7,33,29,62,3,5,2024-12-09,2025-06-27,118,8.857142857142858,0.7142857142857143,3,0.42857142857142855,0.5483870967741935
AnkiDroid/src/main/java/com/ichi2/anki/preferences/PreferenceUtils.kt,6,51,11,62,2,4,2024-12-09,2025-09-20,33,10.333333333333334,0.5,1,0.16666666666666666,0.3064516129032258
pre-commit,6,41,21,62,3,4,2024-12-12,2025-02-24,241,10.333333333333334,0.6666666666666666,3,0.5,0.3548387096774194
AnkiDroid/src/main/java/com/ichi2/anki/utils/ext/String.kt,2,44,18,62,2,2,2025-01-04,2025-02-06,259,31.0,0.5,0,0.0,0.7096774193548387
AnkiDroid/src/main/res/layout/popup_brush_options.xml,2,58,4,62,1,2,2025-09-05,2025-09-06,47,31.0,1.0,0,0.0,0.8870967741935484
AnkiDroid/src/test/java/com/ichi2/anki/instanteditor/InstantEditorViewModelParameterizedTest.kt,1,62,0,62,1,1,2024-07-27,2024-07-27,453,62.0,1.0,1,1.0,1.0
AnkiDroid/src/main/res/values-fa/08-widget.xml,11,37,24,61,1,11,2024-08-28,2025-08-26,58,5.545454545454546,1.0,0,0.0,0.16393442622950818
AnkiDroid/src/main/res/values-gu/08-widget.xml,8,37,24,61,1,8,2024-07-30,2025-08-26,58,7.625,1.0,0,0.0,0.32786885245901637
AnkiDroid/src/main/java/com/ichi2/anki/cardviewer/GestureProcessor.kt,7,34,27,61,3,5,2024-12-08,2025-07-05,110,8.714285714285714,0.42857142857142855,1,0.14285714285714285,0.3442622950819672
AnkiDroid/src/main/java/com/ichi2/anki/widgets/DeckDropDownAdapter.kt,7,32,29,61,3,4,2024-12-09,2025-07-14,101,8.714285714285714,0.5714285714285714,1,0.14285714285714285,0.36065573770491804
AnkiDroid/src/main/java/com/ichi2/anki/dialogs/customstudy/CustomStudyDialogFactory.kt,6,12,49,61,2,3,2024-12-09,2025-01-16,280,10.166666666666666,0.8333333333333334,1,0.16666666666666666,0.639344262295082
AnkiDroid/src/main/java/com/ichi2/anki/OnContextAndLongClickListener.kt,2,60,1,61,2,2,2024-07-09,2024-12-09,318,30.5,0.5,1,0.5,0.9344262295081968
AnkiDroid/src/main/res/values-iw/05-feedback.xml,2,60,1,61,1,2,2024-05-02,2024-10-20,368,30.5,1.0,0,0.0,0.9672131147540983
AnkiDroid/src/main/res/layout/deck_picker_dialog_list_item.xml,1,45,16,61,1,1,2024-03-21,2024-03-21,581,61.0,1.0,0,0.0,1.0
lint-rules/src/test/java/com/ichi2/anki/lint/rules/SentenceCaseConventionsTest.kt,1,61,0,61,1,1,2025-03-19,2025-03-19,218,61.0,1.0,0,0.0,1.0
AnkiDroid/src/main/res/values-ar/16-multimedia-editor.xml,16,23,37,60,1,15,2024-07-20,2025-08-03,81,3.75,1.0,0,0.0,0.25
AnkiDroid/src/main/res/values-ka/11-arrays.xml,9,23,37,60,1,9,2024-09-28,2025-08-03,81,6.666666666666667,1.0,0,0.0,0.5333333333333333
AnkiDroid/src/main/java/com/ichi2/anki/Undo.kt,5,35,25,60,1,4,2024-12-09,2025-07-05,110,12.0,1.0,0,0.0,0.7333333333333333
AnkiDroid/src/main/java/com/ichi2/anki/multimediacard/fields/FieldControllerBase.kt,1,0,60,60,1,1,2024-08-01,2024-08-01,448,60.0,1.0,0,0.0,1.0
AnkiDroid/src/main/res/layout/activity_manage_space.xml,1,0,60,60,1,1,2025-08-02,2025-08-02,82,60.0,1.0,1,1.0,1.0
AnkiDroid/src/main/res/values/theme_black.xml,15,39,20,59,6,14,2024-05-21,2025-07-27,88,3.933333333333333,0.4,3,0.2,0.22033898305084745
AnkiDroid/src/main/res/values-eo/08-widget.xml,10,36,23,59,1,10,2024-08-28,2025-08-26,58,5.9,1.0,0,0.0,0.2711864406779661
AnkiDroid/src/main/res/values-de/08-widget.xml,9,36,23,59,1,9,2024-08-28,2025-08-26,58,6.555555555555555,1.0,0,0.0,0.3728813559322034
libanki/src/main/java/com/ichi2/anki/libanki/BackendImportExport.kt,5,7,52,59,1,3,2025-06-17,2025-07-21,94,11.8,1.0,0,0.0,0.7796610169491526
AnkiDroid/src/main/java/com/ichi2/anki/multimediacard/AudioRecorder.kt,4,32,27,59,3,3,2024-11-06,2025-05-21,155,14.75,0.5,0,0.0,0.3728813559322034
AnkiDroid/src/main/java/com/ichi2/anki/logging/FragmentLifecycleLogger.kt,2,40,19,59,1,1,2024-12-09,2024-12-09,318,29.5,1.0,0,0.0,0.5932203389830508
AnkiDroid/src/main/java/com/ichi2/imagecropper/ImageCropperLauncher.kt,2,58,1,59,2,2,2024-08-05,2024-12-09,318,29.5,0.5,1,0.5,0.9322033898305084
AnkiDroid/src/main/res/values-is/05-feedback.xml,1,0,59,59,1,1,2025-08-04,2025-08-04,80,59.0,1.0,0,0.0,1.0
AnkiDroid/src/main/res/values-jv/05-feedback.xml,1,0,59,59,1,1,2025-08-04,2025-08-04,80,59.0,1.0,0,0.0,1.0
AnkiDroid/src/main/res/values-ss/05-feedback.xml,1,0,59,59,1,1,2025-08-04,2025-08-04,80,59.0,1.0,0,0.0,1.0
AnkiDroid/src/main/res/values-sw/05-feedback.xml,1,0,59,59,1,1,2025-08-04,2025-08-04,80,59.0,1.0,0,0.0,1.0
AnkiDroid/src/main/res/values-tg/05-feedback.xml,1,0,59,59,1,1,2025-08-04,2025-08-04,80,59.0,1.0,0,0.0,1.0
AnkiDroid/src/main/res/values-tn/05-feedback.xml,1,0,59,59,1,1,2025-08-04,2025-08-04,80,59.0,1.0,0,0.0,1.0
AnkiDroid/src/main/res/values-ts/05-feedback.xml,1,0,59,59,1,1,2025-08-04,2025-08-04,80,59.0,1.0,0,0.0,1.0
AnkiDroid/src/main/res/values-ug/05-feedback.xml,1,59,0,59,1,1,2025-01-04,2025-01-04,292,59.0,1.0,0,0.0,1.0
AnkiDroid/src/main/res/values-ve/05-feedback.xml,1,0,59,59,1,1,2025-08-04,2025-08-04,80,59.0,1.0,0,0.0,1.0
AnkiDroid/src/main/res/values-wo/05-feedback.xml,1,0,59,59,1,1,2025-08-04,2025-08-04,80,59.0,1.0,0,0.0,1.0
AnkiDroid/src/main/res/values-xh/05-feedback.xml,1,0,59,59,1,1,2025-08-04,2025-08-04,80,59.0,1.0,0,0.0,1.0
AnkiDroid/src/main/res/values-yue/05-feedback.xml,1,0,59,59,1,1,2025-08-04,2025-08-04,80,59.0,1.0,0,0.0,1.0
AnkiDroid/src/main/res/values-zu/05-feedback.xml,1,0,59,59,1,1,2025-08-04,2025-08-04,80,59.0,1.0,0,0.0,1.0
AnkiDroid/src/test/java/com/ichi2/utils/EditTextUtilsTest.kt,1,59,0,59,1,1,2024-12-16,2024-12-16,311,59.0,1.0,0,0.0,1.0
testlib/src/test/java/com/ichi2/testutils/common/AnkiAssertTest.kt,1,59,0,59,1,1,2024-11-06,2024-11-06,351,59.0,1.0,0,0.0,1.0
AnkiDroid/src/main/res/values-tr/07-cardbrowser.xml,21,35,23,58,1,21,2024-05-12,2025-09-03,50,2.761904761904762,1.0,0,0.0,0.20689655172413793
AnkiDroid/src/main/res/values-gl/16-multimedia-editor.xml,15,22,36,58,1,15,2024-07-20,2025-07-21,94,3.8666666666666667,1.0,0,0.0,0.25862068965517243
AnkiDroid/src/main/res/values/ids.xml,10,58,0,58,2,8,2024-06-20,2025-09-08,45,5.8,0.9,0,0.0,0.4482758620689655
AnkiDroid/src/main/java/com/ichi2/anki/Import.kt,9,29,29,58,4,7,2024-08-27,2025-06-18,127,6.444444444444445,0.5555555555555556,2,0.2222222222222222,0.3448275862068966
AnkiDroid/src/main/res/values-ur/16-multimedia-editor.xml,9,22,36,58,1,9,2024-05-01,2025-07-12,103,6.444444444444445,1.0,0,0.0,0.5517241379310345
AnkiDroid/src/main/java/com/ichi2/anki/cardviewer/TTS.kt,5,38,20,58,1,2,2024-12-09,2025-07-05,110,11.6,1.0,1,0.2,0.5
AnkiDroid/src/main/res/values-iw/06-statistics.xml,4,53,5,58,1,4,2024-05-02,2025-01-05,291,14.5,1.0,0,0.0,0.8793103448275862
AnkiDroid/src/test/java/com/ichi2/anki/utils/ext/CardExt.kt,3,29,29,58,2,3,2025-03-02,2025-07-21,94,19.333333333333332,0.6666666666666666,0,0.0,0.4827586206896552
AnkiDroid/src/test/java/com/ichi2/anki/utils/ext/ViewerCommand.kt,3,49,9,58,1,2,2025-02-05,2025-02-07,258,19.333333333333332,1.0,0,0.0,0.5689655172413793
AnkiDroid/src/main/java/com/ichi2/anki/preferences/ControlsTabPreference.kt,2,57,1,58,1,2,2025-06-13,2025-08-09,75,29.0,1.0,2,1.0,0.9655172413793104
AnkiDroid/src/main/java/com/ichi2/anki/reviewer/Axis.kt,1,0,58,58,1,1,2025-04-05,2025-04-05,201,58.0,1.0,0,0.0,1.0
AnkiDroid/src/main/res/layout/audio_play_view.xml,1,58,0,58,1,1,2025-08-10,2025-08-10,74,58.0,1.0,0,0.0,1.0
AnkiDroid/src/main/java/com/ichi2/anki/multimediacard/fields/AudioField.kt,9,28,29,57,3,6,2024-07-17,2025-07-21,94,6.333333333333333,0.7777777777777778,2,0.2222222222222222,0.24561403508771928
AnkiDroid/src/main/res/values-nl/08-widget.xml,9,35,22,57,1,9,2024-08-28,2025-08-26,58,6.333333333333333,1.0,0,0.0,0.3157894736842105
AnkiDroid/src/main/res/values-kn/08-widget.xml,8,35,22,57,1,8,2024-04-27,2025-08-26,58,7.125,1.0,0,0.0,0.3508771929824561
AnkiDroid/src/main/assets/scripts/js-api.js,7,44,13,57,4,7,2024-04-24,2025-06-24,121,8.142857142857142,0.5714285714285714,2,0.2857142857142857,0.3333333333333333
AnkiDroid/src/main/java/com/ichi2/compat/CompatV26.kt,7,28,29,57,5,7,2024-07-15,2025-08-28,56,8.142857142857142,0.2857142857142857,1,0.14285714285714285,0.2982456140350877
AnkiDroid/src/main/res/xml/preference_headers.xml,7,42,15,57,5,7,2024-05-23,2025-09-06,47,8.142857142857142,0.42857142857142855,0,0.0,0.2982456140350877
AnkiDroid/src/main/java/com/ichi2/anki/export/ExportDialogsFactory.kt,4,7,50,57,2,2,2024-12-09,2025-03-03,234,14.25,0.75,1,0.25,0.7719298245614035
AnkiDroid/src/main/res/layout-xlarge/card_browser.xml,4,46,11,57,3,4,2024-07-06,2025-07-25,90,14.25,0.5,0,0.0,0.47368421052631576
AnkiDroid/src/main/res/layout/dialog_deck_description.xml,3,43,14,57,1,2,2025-07-02,2025-07-13,102,19.0,1.0,0,0.0,0.543859649122807
AnkiDroid/src/main/java/com/ichi2/anki/pages/CardInfo.kt,1,0,57,57,1,1,2024-06-18,2024-06-18,492,57.0,1.0,0,0.0,1.0
AnkiDroid/src/test/java/com/ichi2/testutils/CollectionDBCorruption.kt,1,0,57,57,1,1,2024-12-07,2024-12-07,320,57.0,1.0,0,0.0,1.0
tools/chromeos/release.sh,1,0,57,57,1,1,2024-05-04,2024-05-04,537,57.0,1.0,0,0.0,1.0
tools/update-js-libs.sh,1,0,57,57,1,1,2024-10-11,2024-10-11,377,57.0,1.0,0,0.0,1.0
AnkiDroid/src/main/res/values-zh-rCN/07-cardbrowser.xml,21,34,22,56,1,21,2024-04-25,2025-09-03,50,2.6666666666666665,1.0,0,0.0,0.21428571428571427
AnkiDroid/src/main/res/values-vi/07-cardbrowser.xml,15,34,22,56,1,15,2024-05-01,2025-08-30,54,3.7333333333333334,1.0,0,0.0,0.42857142857142855
AnkiDroid/src/main/res/values-hy/07-cardbrowser.xml,14,34,22,56,1,14,2024-08-08,2025-08-30,54,4.0,1.0,0,0.0,0.375
AnkiDroid/src/main/res/values-fil/16-multimedia-editor.xml,11,21,35,56,1,11,2024-06-03,2025-07-12,103,5.090909090909091,1.0,0,0.0,0.42857142857142855
AnkiDroid/src/main/res/values-hy/11-arrays.xml,7,21,35,56,1,7,2024-09-28,2025-08-03,81,8.0,1.0,0,0.0,0.5714285714285714
AnkiDroid/src/main/res/values-ind/11-arrays.xml,7,21,35,56,1,7,2024-09-28,2025-08-03,81,8.0,1.0,0,0.0,0.5714285714285714
AnkiDroid/src/main/res/values-kk/11-arrays.xml,7,21,35,56,1,7,2024-09-28,2025-08-03,81,8.0,1.0,0,0.0,0.5714285714285714
AnkiDroid/src/main/res/values-ku/11-arrays.xml,7,21,35,56,1,7,2024-09-28,2025-08-03,81,8.0,1.0,0,0.0,0.5714285714285714
AnkiDroid/src/main/res/values-ky/11-arrays.xml,7,21,35,56,1,7,2024-09-28,2025-08-03,81,8.0,1.0,0,0.0,0.5714285714285714
AnkiDroid/src/main/res/values-mk/11-arrays.xml,7,21,35,56,1,7,2024-09-28,2025-08-03,81,8.0,1.0,0,0.0,0.5714285714285714
AnkiDroid/src/main/res/values-mn/11-arrays.xml,7,21,35,56,1,7,2024-09-28,2025-08-03,81,8.0,1.0,0,0.0,0.5714285714285714
AnkiDroid/src/main/res/values-ms/11-arrays.xml,7,21,35,56,1,7,2024-09-28,2025-08-03,81,8.0,1.0,0,0.0,0.5714285714285714
AnkiDroid/src/main/res/values-my/11-arrays.xml,7,21,35,56,1,7,2024-09-28,2025-08-03,81,8.0,1.0,0,0.0,0.5714285714285714
AnkiDroid/src/main/res/values-ro/11-arrays.xml,7,21,35,56,1,7,2024-09-28,2025-08-03,81,8.0,1.0,0,0.0,0.5714285714285714
AnkiDroid/src/main/res/values-sl/11-arrays.xml,7,21,35,56,1,7,2024-09-28,2025-08-03,81,8.0,1.0,0,0.0,0.5714285714285714
AnkiDroid/src/main/res/values-sq/11-arrays.xml,7,21,35,56,1,7,2024-09-28,2025-08-03,81,8.0,1.0,0,0.0,0.5714285714285714
AnkiDroid/src/main/res/values-sr/11-arrays.xml,7,21,35,56,1,7,2024-09-28,2025-08-03,81,8.0,1.0,0,0.0,0.5714285714285714
AnkiDroid/src/test/java/com/ichi2/testutils/AnkiAssert.kt,6,3,53,56,2,3,2023-12-04,2025-07-07,108,9.333333333333334,0.8333333333333334,0,0.0,0.5714285714285714
AnkiDroid/src/main/java/com/ichi2/anki/web/HttpFetcher.kt,3,8,48,56,2,3,2024-09-05,2025-03-31,206,18.666666666666668,0.6666666666666666,1,0.3333333333333333,0.8571428571428571
AnkiDroid/src/main/res/values-ug/06-statistics.xml,2,52,4,56,1,2,2025-01-04,2025-01-05,291,28.0,1.0,0,0.0,0.9285714285714286
AnkiDroid/src/main/java/com/ichi2/anki/ui/animations/ViewAnimations.kt,1,56,0,56,1,1,2025-07-15,2025-07-15,100,56.0,1.0,1,1.0,1.0
AnkiDroid/src/test/java/com/ichi2/anki/browser/BrowserMultiColumnAdapterTest.kt,1,56,0,56,1,1,2024-07-09,2024-07-09,471,56.0,1.0,0,0.0,1.0
AnkiDroid/src/test/java/com/ichi2/widget/WidgetUtilsIntegrationTest.kt,1,56,0,56,1,1,2024-06-10,2024-06-10,500,56.0,1.0,1,1.0,1.0
AnkiDroid/src/main/res/values-el/08-widget.xml,11,34,21,55,1,11,2024-08-28,2025-08-26,58,5.0,1.0,0,0.0,0.2909090909090909
AnkiDroid/src/main/res/values-es-rAR/08-widget.xml,9,34,21,55,1,9,2024-08-28,2025-08-26,58,6.111111111111111,1.0,0,0.0,0.4
AnkiDroid/src/main/res/values-pt-rBR/08-widget.xml,9,34,21,55,1,9,2024-08-28,2025-08-26,58,6.111111111111111,1.0,0,0.0,0.36363636363636365
AnkiDroid/src/main/res/layout-sw600dp/preferences.xml,3,26,29,55,1,3,2024-11-23,2025-07-03,112,18.333333333333332,1.0,0,0.0,0.6727272727272727
AnkiDroid/src/main/res/layout/media_check_dialog_body.xml,3,3,52,55,2,3,2024-12-26,2025-02-19,246,18.333333333333332,0.6666666666666666,1,0.3333333333333333,0.8545454545454545
AnkiDroid/src/test/java/com/ichi2/utils/WebViewUtilsTest.kt,3,50,5,55,1,2,2023-12-04,2024-11-26,331,18.333333333333332,1.0,1,0.3333333333333333,0.8
common/src/main/java/com/ichi2/anki/common/utils/StringUtils.kt,2,53,2,55,1,1,2025-06-18,2025-06-18,127,27.5,1.0,0,0.0,0.8727272727272727
AnkiDroid/src/main/res/values-sat/07-cardbrowser.xml,12,33,21,54,1,12,2024-08-08,2025-08-30,54,4.5,1.0,0,0.0,0.48148148148148145
AnkiDroid/src/main/java/com/ichi2/widget/WidgetUtils.kt,4,45,9,54,1,4,2024-06-10,2025-07-23,92,13.5,1.0,2,0.5,0.5555555555555556
AnkiDroid/src/main/java/com/ichi2/anki/ui/DoubleTapListener.kt,3,30,24,54,1,1,2024-12-09,2024-12-09,318,18.0,1.0,1,0.3333333333333333,0.8518518518518519
AnkiDroid/src/main/java/com/ichi2/anki/noteeditor/EditCardDestination.kt,2,6,48,54,1,2,2024-07-02,2024-07-04,476,27.0,1.0,0,0.0,0.8148148148148148
AnkiDroid/src/main/java/com/ichi2/anki/model/DiskFile.kt,1,0,54,54,1,1,2024-08-27,2024-08-27,422,54.0,1.0,0,0.0,1.0
AnkiDroid/src/main/java/com/ichi2/anki/utils/ext/TextView.kt,1,54,0,54,1,1,2025-07-18,2025-07-18,97,54.0,1.0,0,0.0,1.0
AnkiDroid/src/main/java/com/ichi2/libanki/BrowserConfig.kt,1,54,0,54,1,1,2024-06-12,2024-06-12,498,54.0,1.0,0,0.0,1.0
AnkiDroid/src/test/java/com/ichi2/utils/KeyUtilsTest.kt,1,54,0,54,1,1,2024-07-13,2024-07-13,467,54.0,1.0,0,0.0,1.0
AnkiDroid/src/main/res/values-eo/17-model-manager.xml,9,26,27,53,1,9,2024-10-23,2025-07-29,86,5.888888888888889,1.0,0,0.0,0.33962264150943394
AnkiDroid/src/main/res/values-fr/08-widget.xml,9,33,20,53,1,9,2024-08-28,2025-08-26,58,5.888888888888889,1.0,0,0.0,0.37735849056603776
AnkiDroid/src/main/res/values-es-rES/08-widget.xml,8,33,20,53,1,8,2024-08-28,2025-08-26,58,6.625,1.0,0,0.0,0.41509433962264153
AnkiDroid/src/main/res/values-pt-rPT/08-widget.xml,8,33,20,53,1,7,2024-08-28,2025-08-26,58,6.625,1.0,0,0.0,0.2641509433962264
AnkiDroid/src/test/java/com/ichi2/testutils/ext/Collection.kt,4,45,8,53,1,3,2025-01-10,2025-07-07,108,13.25,1.0,0,0.0,0.4716981132075472
AnkiDroid/src/main/res/values-is/06-statistics.xml,3,1,52,53,2,3,2024-10-06,2025-08-04,80,17.666666666666668,0.6666666666666666,0,0.0,0.9056603773584906
AnkiDroid/src/main/res/values-jv/06-statistics.xml,3,1,52,53,2,3,2024-10-06,2025-08-04,80,17.666666666666668,0.6666666666666666,0,0.0,0.9056603773584906
AnkiDroid/src/main/java/com/ichi2/anki/ImageOcclusionActivity.kt,1,0,53,53,1,1,2024-05-21,2024-05-21,520,53.0,1.0,0,0.0,1.0
AnkiDroid/src/main/java/com/ichi2/anki/ui/windows/reviewer/whiteboard/EraserButton.kt,1,53,0,53,1,1,2025-09-05,2025-09-05,48,53.0,1.0,0,0.0,1.0
AnkiDroid/src/main/java/com/ichi2/anki/utils/ext/ParcelableUtils.kt,1,53,0,53,1,1,2025-07-02,2025-07-02,113,53.0,1.0,1,1.0,1.0
AnkiDroid/src/main/res/values-ko/08-widget.xml,9,32,20,52,1,9,2024-08-28,2025-08-26,58,5.777777777777778,1.0,0,0.0,0.38461538461538464
AnkiDroid/src/main/res/values-tgl/11-arrays.xml,6,19,33,52,1,6,2024-09-28,2025-08-03,81,8.666666666666666,1.0,0,0.0,0.6153846153846154
AnkiDroid/src/main/res/values-th/11-arrays.xml,6,19,33,52,1,6,2024-09-28,2025-08-03,81,8.666666666666666,1.0,0,0.0,0.6153846153846154
AnkiDroid/src/main/res/values-ti/11-arrays.xml,6,19,33,52,1,6,2024-09-28,2025-08-03,81,8.666666666666666,1.0,0,0.0,0.6153846153846154
AnkiDroid/src/main/res/values-tt/11-arrays.xml,6,19,33,52,1,6,2024-09-28,2025-08-03,81,8.666666666666666,1.0,0,0.0,0.6153846153846154
AnkiDroid/src/androidTest/java/com/ichi2/anki/NoteEditorTabOrderTest.kt,5,17,35,52,4,4,2024-07-02,2025-07-09,106,10.4,0.4,0,0.0,0.7115384615384616
AnkiDroid/src/main/java/com/ichi2/anki/scheduling/Fsrs.kt,3,50,2,52,1,3,2025-07-09,2025-09-08,45,17.333333333333332,1.0,0,0.0,0.9230769230769231
AnkiDroid/src/main/res/values-ss/06-statistics.xml,2,0,52,52,2,2,2025-01-05,2025-08-04,80,26.0,0.5,0,0.0,0.9230769230769231
AnkiDroid/src/main/res/values-sw/06-statistics.xml,2,0,52,52,2,2,2025-01-05,2025-08-04,80,26.0,0.5,0,0.0,0.9230769230769231
AnkiDroid/src/main/res/values-tg/06-statistics.xml,2,0,52,52,2,2,2025-01-05,2025-08-04,80,26.0,0.5,0,0.0,0.9230769230769231
AnkiDroid/src/main/res/values-tn/06-statistics.xml,2,0,52,52,2,2,2025-01-05,2025-08-04,80,26.0,0.5,0,0.0,0.9230769230769231
AnkiDroid/src/main/res/values-ts/06-statistics.xml,2,0,52,52,2,2,2025-01-05,2025-08-04,80,26.0,0.5,0,0.0,0.9230769230769231
AnkiDroid/src/main/res/values-ve/06-statistics.xml,2,0,52,52,2,2,2025-01-05,2025-08-04,80,26.0,0.5,0,0.0,0.9230769230769231
AnkiDroid/src/main/res/values-wo/06-statistics.xml,2,0,52,52,2,2,2025-01-05,2025-08-04,80,26.0,0.5,0,0.0,0.9230769230769231
AnkiDroid/src/main/res/values-xh/06-statistics.xml,2,0,52,52,2,2,2025-01-05,2025-08-04,80,26.0,0.5,0,0.0,0.9230769230769231
AnkiDroid/src/main/res/values-yue/06-statistics.xml,2,0,52,52,2,2,2025-01-05,2025-08-04,80,26.0,0.5,0,0.0,0.9230769230769231
AnkiDroid/src/main/res/values-zu/06-statistics.xml,2,0,52,52,2,2,2025-01-05,2025-08-04,80,26.0,0.5,0,0.0,0.9230769230769231
AnkiDroid/src/test/java/com/ichi2/anki/servicelayer/scopedstorage/MockMigrationContextTest.kt,2,1,51,52,2,2,2024-07-15,2024-08-27,422,26.0,0.5,0,0.0,0.9615384615384616
AnkiDroid/src/main/res/layout/activity_multimedia.xml,1,52,0,52,1,1,2024-06-13,2024-06-13,497,52.0,1.0,0,0.0,1.0
AnkiDroid/src/main/res/values-ml/08-widget.xml,10,32,19,51,1,10,2024-08-28,2025-08-26,58,5.1,1.0,0,0.0,0.3137254901960784
AnkiDroid/src/main/java/com/ichi2/anki/servicelayer/LanguageHintService.kt,8,26,25,51,4,7,2024-07-15,2025-07-05,110,6.375,0.625,0,0.0,0.49019607843137253
AnkiDroid/src/main/res/values-hi/08-widget.xml,8,32,19,51,1,8,2024-08-28,2025-08-26,58,6.375,1.0,0,0.0,0.39215686274509803
AnkiDroid/src/main/res/values-tr/08-widget.xml,8,32,19,51,1,8,2024-08-28,2025-08-26,58,6.375,1.0,0,0.0,0.27450980392156865
AnkiDroid/src/main/res/values-lt/08-widget.xml,7,33,18,51,1,7,2024-08-28,2025-08-26,58,7.285714285714286,1.0,0,0.0,0.35294117647058826
AnkiDroid/src/test/java/com/ichi2/anki/libanki/SchedulerTest.kt,7,28,23,51,1,3,2025-06-15,2025-07-07,108,7.285714285714286,1.0,0,0.0,0.29411764705882354
AnkiDroid/src/main/java/com/ichi2/anki/ui/windows/reviewer/autoadvance/QuestionAction.kt,5,42,9,51,3,4,2024-06-22,2025-07-05,110,10.2,0.6,1,0.2,0.5882352941176471
AnkiDroid/src/main/java/com/ichi2/anki/ui/dialogs/tools/AsyncDialogs.kt,4,33,18,51,2,2,2024-06-05,2024-12-09,318,12.75,0.75,1,0.25,0.43137254901960786
AnkiDroid/src/main/java/com/ichi2/libanki/utils/PythonExtensions.kt,4,26,25,51,3,4,2024-07-15,2025-06-25,120,12.75,0.5,1,0.25,0.6274509803921569
AnkiDroid/src/main/res/layout-xlarge/homescreen.xml,4,33,18,51,2,4,2024-10-26,2025-07-25,90,12.75,0.75,1,0.25,0.3333333333333333
AnkiDroid/src/main/java/com/ichi2/anki/preferences/ExtendedPreferenceCategory.kt,3,26,25,51,2,2,2024-12-09,2025-07-11,104,17.0,0.6666666666666666,0,0.0,0.8627450980392157
AnkiDroid/src/main/res/menu/study_options_fragment.xml,3,19,32,51,3,3,2024-06-21,2025-06-15,130,17.0,0.3333333333333333,1,0.3333333333333333,0.5686274509803921
AnkiDroid/src/main/res/values-iw/18-standard-models.xml,3,41,10,51,1,3,2024-05-02,2025-04-10,196,17.0,1.0,0,0.0,0.7843137254901961
AnkiDroid/src/main/java/com/ichi2/anki/utils/Translations.kt,2,1,50,51,1,2,2024-12-09,2025-01-04,292,25.5,1.0,0,0.0,0.9607843137254902
AnkiDroid/src/main/res/layout/gesture_display.xml,1,33,18,51,1,1,2025-01-26,2025-01-26,270,51.0,1.0,0,0.0,1.0
AnkiDroid/src/test/java/com/ichi2/anki/dialogs/EmptyCardsReportTest.kt,1,51,0,51,1,1,2025-02-14,2025-02-14,251,51.0,1.0,1,1.0,1.0
AnkiDroid/src/test/java/com/ichi2/anki/pages/PostRequestHandlerTest.kt,1,51,0,51,1,1,2024-11-10,2024-11-10,347,51.0,1.0,0,0.0,1.0
AnkiDroid/src/test/java/com/ichi2/anki/servicelayer/scopedstorage/MockExecutor.kt,1,0,51,51,1,1,2024-08-27,2024-08-27,422,51.0,1.0,0,0.0,1.0
AnkiDroid/src/main/res/values-hi/07-cardbrowser.xml,15,31,19,50,1,14,2024-04-27,2025-08-30,54,3.3333333333333335,1.0,0,0.0,0.42
AnkiDroid/src/main/res/values-te/07-cardbrowser.xml,15,31,19,50,1,15,2024-05-01,2025-08-30,54,3.3333333333333335,1.0,0,0.0,0.28
AnkiDroid/src/main/res/values-ja/08-widget.xml,11,31,19,50,1,11,2024-08-28,2025-08-26,58,4.545454545454546,1.0,0,0.0,0.2
AnkiDroid/src/main/res/values-ja/11-arrays.xml,10,18,32,50,1,10,2024-06-27,2025-08-03,81,5.0,1.0,0,0.0,0.32
AnkiDroid/src/main/res/values-pt-rBR/11-arrays.xml,9,18,32,50,1,9,2024-08-01,2025-08-03,81,5.555555555555555,1.0,0,0.0,0.36
AnkiDroid/proguard-rules.pro,6,27,23,50,4,6,2024-06-25,2025-07-02,113,8.333333333333334,0.3333333333333333,5,0.8333333333333334,0.68
AnkiDroid/src/main/java/com/ichi2/anki/dialogs/InsertFieldDialog.kt,3,28,22,50,1,1,2024-12-09,2024-12-09,318,16.666666666666668,1.0,1,0.3333333333333333,0.8
AnkiDroid/src/test/java/com/ichi2/anki/utils/ext/JSONObjectTest.kt,3,48,2,50,1,2,2024-12-23,2025-06-18,127,16.666666666666668,1.0,1,0.3333333333333333,0.88
AnkiDroid/src/test/java/com/ichi2/anki/CardBrowserCardCollectionTest.kt,2,2,48,50,2,2,2024-07-15,2024-07-21,459,25.0,0.5,0,0.0,0.92
.gitattributes,1,47,3,50,1,1,2024-07-08,2024-07-08,472,50.0,1.0,0,0.0,1.0
common/src/test/java/com/ichi2/anki/common/utils/ext/FloatTest.kt,1,50,0,50,1,1,2024-06-19,2024-06-19,491,50.0,1.0,0,0.0,1.0
AnkiDroid/src/main/res/values/theme_dark.xml,12,32,17,49,7,12,2024-04-07,2025-07-08,107,4.083333333333333,0.25,1,0.08333333333333333,0.24489795918367346
AnkiDroid/src/main/java/com/ichi2/ui/AppCompatPreferenceActivity.kt,8,37,12,49,4,7,2024-07-10,2025-07-05,110,6.125,0.625,2,0.25,0.4489795918367347
AnkiDroid/src/main/res/values-ka/08-widget.xml,8,31,18,49,1,8,2024-08-28,2025-08-26,58,6.125,1.0,0,0.0,0.24489795918367346
AnkiDroid/src/main/res/values-bn/08-widget.xml,7,31,18,49,1,7,2024-08-28,2025-08-26,58,7.0,1.0,0,0.0,0.4489795918367347
AnkiDroid/src/main/res/values-fi/08-widget.xml,7,31,18,49,1,7,2024-08-28,2025-08-26,58,7.0,1.0,0,0.0,0.4489795918367347
AnkiDroid/src/main/res/values-te/08-widget.xml,7,31,18,49,1,7,2024-05-01,2025-08-26,58,7.0,1.0,0,0.0,0.40816326530612246
AnkiDroid/src/main/java/com/ichi2/widget/AddNoteWidget.kt,5,17,32,49,4,5,2024-06-04,2025-09-09,44,9.8,0.4,0,0.0,0.5510204081632653
AnkiDroid/src/main/java/com/ichi2/anki/JavaScriptTTS.kt,4,24,25,49,1,2,2024-12-09,2025-07-22,93,12.25,1.0,1,0.25,0.4897959183673469
AnkiDroid/src/main/res/layout/reviewer_menu_view.xml,2,43,6,49,1,2,2024-12-13,2025-02-08,257,24.5,1.0,0,0.0,0.7551020408163265
AnkiDroid/src/main/java/com/ichi2/anki/ui/ResizingDivider.kt,1,49,0,49,1,1,2025-07-25,2025-07-25,90,49.0,1.0,0,0.0,1.0
AnkiDroid/src/main/java/com/ichi2/anki/ui/windows/permissions/AllPermissionsExplanationActivity.kt,1,49,0,49,1,1,2025-08-27,2025-08-27,57,49.0,1.0,0,0.0,1.0
AnkiDroid/src/main/res/values-it/07-cardbrowser.xml,14,30,18,48,1,14,2024-04-25,2025-09-10,43,3.4285714285714284,1.0,0,0.0,0.4375
AnkiDroid/src/main/res/values-es-rAR/16-multimedia-editor.xml,13,17,31,48,1,13,2024-07-20,2025-07-12,103,3.6923076923076925,1.0,0,0.0,0.3125
AnkiDroid/src/main/res/values-sv/07-cardbrowser.xml,12,30,18,48,1,11,2024-08-08,2025-08-30,54,4.0,1.0,0,0.0,0.3333333333333333
AnkiDroid/src/main/res/values-bn/16-multimedia-editor.xml,11,17,31,48,1,11,2024-07-20,2025-07-12,103,4.363636363636363,1.0,0,0.0,0.3333333333333333
AnkiDroid/src/main/java/com/ichi2/anki/previewer/CardViewerActivity.kt,9,29,19,48,4,6,2024-06-30,2025-07-04,111,5.333333333333333,0.3333333333333333,2,0.2222222222222222,0.25
AnkiDroid/src/main/java/com/ichi2/anki/reviewer/EaseButton.kt,8,30,18,48,5,7,2024-11-03,2025-07-28,87,6.0,0.5,0,0.0,0.2916666666666667
AnkiDroid/src/main/java/com/ichi2/utils/Permissions.kt,7,30,18,48,5,6,2024-05-29,2025-08-27,57,6.857142857142857,0.2857142857142857,2,0.2857142857142857,0.375
AnkiDroid/src/main/res/values-zh-rTW/08-widget.xml,7,30,18,48,1,6,2024-08-28,2025-08-26,58,6.857142857142857,1.0,0,0.0,0.25
docs/marketing/localized_description/marketdescription-ug.txt,5,42,6,48,1,5,2025-01-04,2025-07-05,110,9.6,1.0,0,0.0,0.75
AnkiDroid/src/main/java/com/ichi2/anki/ui/windows/permissions/AndroidPermanentlyRevokedPermissionsDialog.kt,4,13,35,48,3,4,2024-04-24,2025-05-21,155,12.0,0.5,0,0.0,0.5416666666666666
AnkiDroid/src/main/res/values-lv/09-backup.xml,4,24,24,48,1,4,2025-04-19,2025-06-13,132,12.0,1.0,0,0.0,0.8333333333333334
AnkiDroid/src/main/res/xml/widget_provider_card_analysis.xml,3,38,10,48,2,3,2024-08-27,2025-05-19,157,16.0,0.6666666666666666,0,0.0,0.5833333333333334
AnkiDroid/src/main/java/com/ichi2/anki/browser/CardOrNoteId.kt,2,46,2,48,1,2,2024-06-19,2025-07-05,110,24.0,1.0,0,0.0,0.9166666666666666
AnkiDroid/src/main/java/com/ichi2/anki/dialogs/customstudy/CreateCustomStudySessionListener.kt,2,0,48,48,2,2,2024-07-11,2024-11-29,328,24.0,0.5,0,0.0,0.9583333333333334
AnkiDroid/src/main/res/layout/schedule_reminders_list_item.xml,2,47,1,48,1,2,2025-07-13,2025-09-27,26,24.0,1.0,0,0.0,0.9583333333333334
AnkiDroid/src/main/java/com/ichi2/themes/Themes.kt,4,27,20,47,2,4,2024-05-29,2025-03-22,215,11.75,0.75,0,0.0,0.46808510638297873
AnkiDroid/src/main/java/com/ichi2/anki/AnkiDroidJsAPIConstants.kt,3,24,23,47,2,2,2024-10-20,2024-12-09,318,15.666666666666666,0.6666666666666666,0,0.0,0.5106382978723404
AnkiDroid/src/main/java/com/ichi2/anki/utils/ext/Scheduler.kt,2,47,0,47,2,2,2025-08-13,2025-08-26,58,23.5,0.5,0,0.0,0.6595744680851063
tools/discord/format-for-discord.sh,1,47,0,47,1,1,2024-08-02,2024-08-02,447,47.0,1.0,0,0.0,1.0
AnkiDroid/src/main/res/values-sat/16-multimedia-editor.xml,10,16,30,46,1,10,2024-07-20,2025-07-12,103,4.6,1.0,0,0.0,0.32608695652173914
AnkiDroid/src/main/res/values-sat/11-arrays.xml,9,16,30,46,1,9,2024-08-19,2025-08-03,81,5.111111111111111,1.0,0,0.0,0.34782608695652173
AnkiDroid/src/main/res/values-sv/11-arrays.xml,9,16,30,46,1,9,2024-07-30,2025-08-03,81,5.111111111111111,1.0,0,0.0,0.34782608695652173
.github/workflows/publish.yml,7,26,20,46,5,7,2024-06-22,2025-08-01,83,6.571428571428571,0.2857142857142857,2,0.2857142857142857,0.30434782608695654
AnkiDroid/src/main/java/com/ichi2/anki/multimedia/audio/AudioWaveform.kt,4,27,19,46,3,3,2024-08-03,2025-03-22,215,11.5,0.5,1,0.25,0.5869565217391305
AnkiDroid/src/test/java/com/ichi2/anki/EaseTest.kt,4,39,7,46,3,4,2024-10-02,2025-07-28,87,11.5,0.5,0,0.0,0.6739130434782609
docs/marketing/localized_description/marketdescription-got.txt,4,23,23,46,1,4,2025-05-10,2025-09-09,44,11.5,1.0,0,0.0,0.4782608695652174
AnkiDroid/src/main/java/com/ichi2/anki/preferences/CustomSyncServerSettingsFragment.kt,3,35,11,46,2,2,2024-06-25,2024-12-09,318,15.333333333333334,0.6666666666666666,0,0.0,0.45652173913043476
AnkiDroid/src/main/java/com/ichi2/anki/utils/Layout.kt,2,23,23,46,1,2,2025-01-06,2025-02-08,257,23.0,1.0,1,0.5,0.5
AnkiDroid/src/main/java/com/ichi2/libanki/backend/model/SortOrderUtil.kt,2,24,22,46,2,2,2024-12-09,2024-12-12,315,23.0,0.5,1,0.5,0.8695652173913043
AnkiDroid/src/test/java/com/ichi2/preferences/PreferenceExtensionsTest.kt,2,43,3,46,2,2,2025-03-15,2025-07-07,108,23.0,0.5,0,0.0,0.9565217391304348
AnkiDroid/src/main/java/com/ichi2/anki/contextmenu/MenuContentProvider.kt,1,46,0,46,1,1,2025-08-20,2025-08-20,64,46.0,1.0,0,0.0,1.0
AnkiDroid/src/main/res/layout/dialog_listview_message.xml,1,46,0,46,1,1,2024-04-23,2024-04-23,548,46.0,1.0,0,0.0,1.0
AnkiDroid/src/main/res/layout/dialog_with_progress_indicator.xml,1,0,46,46,1,1,2024-08-27,2024-08-27,422,46.0,1.0,0,0.0,1.0
AnkiDroid/src/test/java/com/ichi2/anki/ui/windows/reviewer/whiteboard/WhiteboardRepositoryTest.kt,1,46,0,46,1,1,2025-09-05,2025-09-05,48,46.0,1.0,0,0.0,1.0
libanki/src/test/java/com/ichi2/anki/libanki/CollectionOnDiskTest.kt,1,46,0,46,1,1,2025-07-30,2025-07-30,85,46.0,1.0,1,1.0,1.0
AnkiDroid/src/main/res/values-mr/07-cardbrowser.xml,13,30,15,45,1,13,2024-06-27,2025-08-30,54,3.4615384615384617,1.0,0,0.0,0.4
AnkiDroid/src/main/res/values-hr/07-cardbrowser.xml,12,28,17,45,1,12,2024-08-08,2025-08-30,54,3.75,1.0,0,0.0,0.4888888888888889
AnkiDroid/src/main/res/values-fil/17-model-manager.xml,7,22,23,45,1,7,2024-06-03,2025-06-17,128,6.428571428571429,1.0,0,0.0,0.6666666666666666
AnkiDroid/src/main/java/com/ichi2/anki/BackendImporting.kt,6,24,21,45,2,5,2024-06-18,2025-07-05,110,7.5,0.8333333333333334,1,0.16666666666666666,0.3111111111111111
AnkiDroid/src/main/java/com/ichi2/anki/dialogs/WhiteBoardWidthDialog.kt,5,28,17,45,3,3,2024-07-15,2024-12-26,301,9.0,0.6,2,0.4,0.6
AnkiDroid/src/main/java/com/ichi2/anki/servicelayer/MediaService.kt,3,3,42,45,3,3,2024-08-27,2025-02-19,246,15.0,0.3333333333333333,1,0.3333333333333333,0.6222222222222222
AnkiDroid/src/main/java/com/ichi2/compat/CompatV33.kt,3,27,18,45,3,3,2024-12-09,2025-08-28,56,15.0,0.3333333333333333,1,0.3333333333333333,0.5333333333333333
AnkiDroid/src/main/java/com/ichi2/anki/DatabaseCheck.kt,2,24,21,45,1,1,2024-12-09,2024-12-09,318,22.5,1.0,0,0.0,0.9555555555555556
AnkiDroid/src/main/java/com/ichi2/anki/utils/ext/Flow.kt,2,39,6,45,2,2,2024-03-23,2024-12-09,318,22.5,0.5,1,0.5,0.7777777777777778
AnkiDroid/src/main/res/layout/browser_columns_selection.xml,1,45,0,45,1,1,2025-01-08,2025-01-08,288,45.0,1.0,0,0.0,1.0
AnkiDroid/src/test/java/com/ichi2/anki/OnboardingUtilsTest.kt,1,0,45,45,1,1,2024-08-24,2024-08-24,425,45.0,1.0,0,0.0,1.0
libanki/src/main/java/com/ichi2/anki/libanki/LibAnki.kt,1,45,0,45,1,1,2025-07-21,2025-07-21,94,45.0,1.0,0,0.0,1.0
AnkiDroid/src/main/res/values-el/16-multimedia-editor.xml,13,15,29,44,1,13,2024-07-20,2025-07-12,103,3.3846153846153846,1.0,0,0.0,0.3409090909090909
AnkiDroid/src/main/res/values-fr/16-multimedia-editor.xml,12,15,29,44,1,12,2024-07-20,2025-09-05,48,3.6666666666666665,1.0,0,0.0,0.3409090909090909
AnkiDroid/src/main/res/values-kk/07-cardbrowser.xml,12,28,16,44,1,12,2024-08-08,2025-08-30,54,3.6666666666666665,1.0,0,0.0,0.4772727272727273
AnkiDroid/src/main/res/values-ko/16-multimedia-editor.xml,12,15,29,44,1,12,2024-07-20,2025-07-12,103,3.6666666666666665,1.0,0,0.0,0.3409090909090909
AnkiDroid/src/main/res/values-ku/07-cardbrowser.xml,12,28,16,44,1,12,2024-08-08,2025-08-30,54,3.6666666666666665,1.0,0,0.0,0.4772727272727273
AnkiDroid/src/main/res/values-ky/07-cardbrowser.xml,12,28,16,44,1,12,2024-08-08,2025-08-30,54,3.6666666666666665,1.0,0,0.0,0.4772727272727273
AnkiDroid/src/main/res/values-mk/07-cardbrowser.xml,12,28,16,44,1,12,2024-08-08,2025-08-30,54,3.6666666666666665,1.0,0,0.0,0.4772727272727273
AnkiDroid/src/main/res/values-mn/07-cardbrowser.xml,12,28,16,44,1,12,2024-08-08,2025-08-30,54,3.6666666666666665,1.0,0,0.0,0.4772727272727273
AnkiDroid/src/main/java/com/ichi2/anki/cardviewer/Gesture.kt,9,31,13,44,3,7,2024-12-09,2025-07-31,84,4.888888888888889,0.4444444444444444,1,0.1111111111111111,0.29545454545454547
AnkiDroid/src/main/res/values/colors.xml,8,34,10,44,4,8,2024-04-22,2025-09-05,48,5.5,0.5,0,0.0,0.2727272727272727
AnkiDroid/src/main/res/values-hr/11-arrays.xml,7,15,29,44,1,7,2024-09-28,2025-08-03,81,6.285714285714286,1.0,0,0.0,0.45454545454545453
AnkiDroid/src/main/res/values-vi/08-widget.xml,7,28,16,44,1,7,2024-08-28,2025-08-26,58,6.285714285714286,1.0,0,0.0,0.2727272727272727
AnkiDroid/src/main/java/com/ichi2/anki/model/SortType.kt,6,28,16,44,2,4,2024-05-31,2025-07-05,110,7.333333333333333,0.8333333333333334,2,0.3333333333333333,0.38636363636363635
docs/marketing/localized_description/marketdescription-ar.txt,6,22,22,44,1,5,2025-05-10,2025-07-16,99,7.333333333333333,1.0,0,0.0,0.6363636363636364
AnkiDroid/src/main/java/com/ichi2/anki/CollectionIntegrityStorageCheck.kt,4,20,24,44,2,2,2024-12-09,2025-05-21,155,11.0,0.75,1,0.25,0.4318181818181818
AnkiDroid/src/main/java/com/ichi2/anki/deckpicker/BackgroundImage.kt,4,29,15,44,1,2,2024-08-14,2024-12-09,318,11.0,1.0,1,0.25,0.3409090909090909
AnkiDroid/src/test/java/com/ichi2/anki/analytics/AnalyticsConstantsTest.kt,4,30,14,44,4,4,2023-12-04,2025-03-31,206,11.0,0.25,1,0.25,0.75
AnkiDroid/src/test/java/com/ichi2/anki/reviewer/BindingTest.kt,3,30,14,44,2,2,2024-10-20,2025-02-05,260,14.666666666666666,0.6666666666666666,0,0.0,0.45454545454545453
AnkiDroid/src/main/res/layout/card_browser_item_my_searches_dialog.xml,2,32,12,44,2,2,2024-12-26,2025-08-12,72,22.0,0.5,1,0.5,0.9090909090909091
AnkiDroid/src/test/java/com/ichi2/anki/multimediacard/fields/MediaClipTest.kt,2,1,43,44,2,2,2024-07-17,2024-08-01,448,22.0,0.5,0,0.0,0.9545454545454546
AnkiDroid/src/test/java/com/ichi2/anki/previewer/TemplatePreviewerViewModelFileSystemTest.kt,2,44,0,44,1,2,2025-07-07,2025-07-21,94,22.0,1.0,0,0.0,0.9318181818181818
AnkiDroid/src/test/java/com/ichi2/libanki/TagsTest.kt,2,23,21,44,2,2,2024-07-15,2024-10-20,368,22.0,0.5,0,0.0,0.9090909090909091
AnkiDroid/src/main/java/com/ichi2/anki/utils/Dialog.kt,1,44,0,44,1,1,2024-11-29,2024-11-29,328,44.0,1.0,0,0.0,1.0
AnkiDroid/src/main/res/values-ind/07-cardbrowser.xml,12,28,15,43,1,12,2024-08-08,2025-08-30,54,3.5833333333333335,1.0,0,0.0,0.46511627906976744
AnkiDroid/src/main/java/com/ichi2/anki/cardviewer/OnRenderProcessGoneDelegate.kt,6,30,13,43,3,4,2024-07-15,2025-07-05,110,7.166666666666667,0.6666666666666666,1,0.16666666666666666,0.5116279069767442
AnkiDroid/src/main/res/values-sc/08-widget.xml,6,28,15,43,1,5,2024-08-28,2025-08-26,58,7.166666666666667,1.0,0,0.0,0.4186046511627907
AnkiDroid/src/main/res/values-ur/08-widget.xml,6,28,15,43,1,6,2024-05-01,2025-08-26,58,7.166666666666667,1.0,0,0.0,0.37209302325581395
AnkiDroid/src/main/res/values-sat/08-widget.xml,5,28,15,43,1,5,2024-08-28,2025-08-26,58,8.6,1.0,0,0.0,0.5116279069767442
AnkiDroid/src/main/res/values-sv/08-widget.xml,5,28,15,43,1,5,2024-08-28,2025-08-26,58,8.6,1.0,0,0.0,0.5116279069767442
AnkiDroid/src/main/java/com/ichi2/anki/observability/OpChangesNotifier.kt,3,40,3,43,1,2,2025-06-18,2025-07-05,110,14.333333333333334,1.0,0,0.0,0.8837209302325582
AnkiDroid/src/main/java/com/ichi2/utils/BundleUtils.kt,3,43,0,43,2,3,2024-09-23,2025-01-16,280,14.333333333333334,0.6666666666666666,0,0.0,0.37209302325581395
AnkiDroid/src/main/res/layout/all_permissions_explanation_activity.xml,1,43,0,43,1,1,2025-08-27,2025-08-27,57,43.0,1.0,0,0.0,1.0
AnkiDroid/src/main/res/layout/migration_progress_menu_layout.xml,1,0,43,43,1,1,2024-08-27,2024-08-27,422,43.0,1.0,0,0.0,1.0
AnkiDroid/src/main/res/layout/settings_fragment.xml,1,43,0,43,1,1,2025-07-01,2025-07-01,114,43.0,1.0,0,0.0,1.0
AnkiDroid/src/test/java/com/ichi2/anki/SharedDecksDownloadFragmentTest.kt,1,43,0,43,1,1,2024-11-02,2024-11-02,355,43.0,1.0,0,0.0,1.0
AnkiDroid/src/test/java/com/ichi2/utils/SequenceUtilTest.kt,1,0,43,43,1,1,2024-06-23,2024-06-23,487,43.0,1.0,0,0.0,1.0
common/src/main/java/com/ichi2/anki/common/annotations/LegacyNotifications.kt,1,43,0,43,1,1,2025-07-23,2025-07-23,92,43.0,1.0,0,0.0,1.0
tools/localization/eslint.config.mjs,1,43,0,43,1,1,2024-08-16,2024-08-16,433,43.0,1.0,0,0.0,1.0
AnkiDroid/src/main/res/values-eo/16-multimedia-editor.xml,15,14,28,42,1,15,2024-07-20,2025-07-12,103,2.8,1.0,0,0.0,0.35714285714285715
AnkiDroid/src/main/res/values-uk/16-multimedia-editor.xml,14,14,28,42,1,14,2024-07-20,2025-08-03,81,3.0,1.0,0,0.0,0.35714285714285715
AnkiDroid/src/main/res/values/theme_light.xml,13,29,13,42,7,13,2024-04-07,2025-07-27,88,3.230769230769231,0.23076923076923078,2,0.15384615384615385,0.2857142857142857
AnkiDroid/src/main/res/values-mr/16-multimedia-editor.xml,10,14,28,42,1,10,2024-06-17,2025-07-12,103,4.2,1.0,0,0.0,0.35714285714285715
AnkiDroid/src/main/res/values-ga/08-widget.xml,8,29,13,42,1,8,2024-08-28,2025-08-26,58,5.25,1.0,0,0.0,0.30952380952380953
testlib/build.gradle.kts,7,26,16,42,3,7,2024-04-27,2025-10-14,9,6.0,0.5714285714285714,1,0.14285714285714285,0.3333333333333333
AnkiDroid/src/main/java/com/ichi2/anki/notetype/NotetypeUiModel.kt,5,26,16,42,2,4,2024-07-07,2025-07-05,110,8.4,0.6,0,0.0,0.5952380952380952
AnkiDroid/src/main/java/com/ichi2/anki/preferences/GeneralSettingsFragment.kt,5,25,17,42,3,3,2024-07-15,2025-06-26,119,8.4,0.6,0,0.0,0.47619047619047616
AnkiDroid/src/main/res/values-pa/09-backup.xml,4,21,21,42,1,4,2024-08-27,2025-05-24,152,10.5,1.0,0,0.0,0.47619047619047616
AnkiDroid/src/main/java/com/ichi2/anki/JavaScriptSTT.kt,3,24,18,42,1,1,2024-12-09,2024-12-09,318,14.0,1.0,1,0.3333333333333333,0.7380952380952381
AnkiDroid/src/main/res/values-is/18-standard-models.xml,3,1,41,42,2,3,2024-07-18,2025-08-04,80,14.0,0.6666666666666666,0,0.0,0.7380952380952381
AnkiDroid/src/main/res/values-jv/18-standard-models.xml,3,1,41,42,2,3,2024-07-18,2025-08-04,80,14.0,0.6666666666666666,0,0.0,0.7380952380952381
AnkiDroid/src/main/res/values-ss/18-standard-models.xml,3,1,41,42,2,3,2024-07-18,2025-08-04,80,14.0,0.6666666666666666,0,0.0,0.7380952380952381
AnkiDroid/src/main/res/values-sw/18-standard-models.xml,3,1,41,42,2,3,2024-07-18,2025-08-04,80,14.0,0.6666666666666666,0,0.0,0.7380952380952381
AnkiDroid/src/main/res/values-tg/18-standard-models.xml,3,1,41,42,2,3,2024-07-18,2025-08-04,80,14.0,0.6666666666666666,0,0.0,0.7380952380952381
AnkiDroid/src/main/res/values-tn/18-standard-models.xml,3,1,41,42,2,3,2024-07-18,2025-08-04,80,14.0,0.6666666666666666,0,0.0,0.7380952380952381
AnkiDroid/src/main/res/values-ts/18-standard-models.xml,3,1,41,42,2,3,2024-07-18,2025-08-04,80,14.0,0.6666666666666666,0,0.0,0.7380952380952381
AnkiDroid/src/main/res/values-ve/18-standard-models.xml,3,1,41,42,2,3,2024-07-18,2025-08-04,80,14.0,0.6666666666666666,0,0.0,0.7380952380952381
AnkiDroid/src/main/res/values-wo/18-standard-models.xml,3,1,41,42,2,3,2024-07-18,2025-08-04,80,14.0,0.6666666666666666,0,0.0,0.7380952380952381
AnkiDroid/src/main/res/values-xh/18-standard-models.xml,3,1,41,42,2,3,2024-07-18,2025-08-04,80,14.0,0.6666666666666666,0,0.0,0.7380952380952381
AnkiDroid/src/main/res/values-yue/18-standard-models.xml,3,1,41,42,2,3,2024-07-18,2025-08-04,80,14.0,0.6666666666666666,0,0.0,0.7380952380952381
AnkiDroid/src/main/res/values-zu/18-standard-models.xml,3,1,41,42,2,3,2024-07-18,2025-08-04,80,14.0,0.6666666666666666,0,0.0,0.7380952380952381
AnkiDroid/src/main/java/com/ichi2/anki/OnboardingFlag.kt,1,0,42,42,1,1,2024-08-24,2024-08-24,425,42.0,1.0,0,0.0,1.0
AnkiDroid/src/main/res/layout/grade_now_list_item.xml,1,42,0,42,1,1,2025-07-18,2025-07-18,97,42.0,1.0,0,0.0,1.0
AnkiDroid/src/test/java/com/ichi2/testutils/EmptyAnkiActivity.kt,1,42,0,42,1,1,2024-11-28,2024-11-28,329,42.0,1.0,0,0.0,1.0
AnkiDroid/src/test/java/com/ichi2/testutils/Robolectric.kt,1,42,0,42,1,1,2024-11-28,2024-11-28,329,42.0,1.0,0,0.0,1.0
tools/discord/macos-clipboard-to-discord.sh,1,42,0,42,1,1,2024-08-02,2024-08-02,447,42.0,1.0,0,0.0,1.0
AnkiDroid/src/main/java/com/ichi2/anki/reviewer/PreviousAnswerIndicator.kt,6,20,21,41,3,5,2024-11-03,2025-07-28,87,6.833333333333333,0.6666666666666666,1,0.16666666666666666,0.4146341463414634
AnkiDroid/src/main/res/values-ar/04-network.xml,6,21,20,41,1,6,2024-06-09,2025-07-21,94,6.833333333333333,1.0,0,0.0,0.6829268292682927
AnkiDroid/src/main/java/com/ichi2/anki/utils/ext/NoteType.kt,4,21,20,41,3,4,2024-05-18,2025-07-05,110,10.25,0.5,0,0.0,0.4634146341463415
AnkiDroid/src/main/res/layout/statistics.xml,3,28,13,41,3,3,2024-02-24,2024-10-13,375,13.666666666666666,0.3333333333333333,1,0.3333333333333333,0.6341463414634146
AnkiDroid/src/test/java/com/ichi2/testutils/CollectionManagerTestAdapter.kt,3,39,2,41,1,2,2025-07-07,2025-07-21,94,13.666666666666666,1.0,0,0.0,0.8536585365853658
libanki/src/main/java/com/ichi2/anki/libanki/PythonTypes.kt,3,34,7,41,1,3,2025-07-06,2025-09-09,44,13.666666666666666,1.0,0,0.0,0.6585365853658537
libanki/src/main/java/com/ichi2/anki/libanki/BackendUndo.kt,2,23,18,41,1,2,2025-06-18,2025-07-06,109,20.5,1.0,0,0.0,1.0
AnkiDroid/src/main/java/com/ichi2/ui/AccessibleSearchView.kt,1,41,0,41,1,1,2024-09-08,2024-09-08,410,41.0,1.0,0,0.0,1.0
AnkiDroid/src/test/java/com/ichi2/anki/dialogs/utils/FragmentTestActivity.kt,1,0,41,41,1,1,2024-11-29,2024-11-29,328,41.0,1.0,0,0.0,1.0
AnkiDroid/src/main/res/values-cs/16-multimedia-editor.xml,14,13,27,40,1,14,2024-07-20,2025-07-16,99,2.857142857142857,1.0,0,0.0,0.375
AnkiDroid/src/main/res/values-ja/16-multimedia-editor.xml,14,13,27,40,1,13,2024-05-01,2025-07-12,103,2.857142857142857,1.0,0,0.0,0.375
AnkiDroid/src/main/res/values-fa/16-multimedia-editor.xml,13,13,27,40,1,13,2024-07-20,2025-07-12,103,3.076923076923077,1.0,0,0.0,0.375
AnkiDroid/src/main/res/values-pt-rPT/16-multimedia-editor.xml,13,13,27,40,1,13,2024-07-20,2025-07-12,103,3.076923076923077,1.0,0,0.0,0.425
AnkiDroid/src/main/res/values-de/16-multimedia-editor.xml,12,13,27,40,1,12,2024-07-20,2025-09-03,50,3.3333333333333335,1.0,0,0.0,0.375
AnkiDroid/src/main/res/values-es-rES/16-multimedia-editor.xml,12,13,27,40,1,12,2024-07-20,2025-07-12,103,3.3333333333333335,1.0,0,0.0,0.375
AnkiDroid/src/main/res/values-lt/16-multimedia-editor.xml,10,13,27,40,1,10,2024-07-20,2025-07-12,103,4.0,1.0,0,0.0,0.375
AnkiDroid/src/main/res/values-pl/11-arrays.xml,9,13,27,40,1,8,2024-05-19,2025-08-03,81,4.444444444444445,1.0,0,0.0,0.325
AnkiDroid/src/main/res/values-zh-rCN/08-widget.xml,8,26,14,40,1,8,2024-08-28,2025-08-26,58,5.0,1.0,0,0.0,0.225
AnkiDroid/src/main/res/values-ar/09-backup.xml,7,20,20,40,1,7,2024-05-01,2025-09-17,36,5.714285714285714,1.0,0,0.0,0.45
AnkiDroid/src/main/res/layout/widget_deck_picker_large.xml,4,36,4,40,1,4,2024-05-22,2024-12-27,300,10.0,1.0,0,0.0,0.5
libanki/src/main/java/com/ichi2/anki/libanki/Media.kt,4,26,14,40,1,4,2025-07-06,2025-08-25,59,10.0,1.0,1,0.25,0.525
AnkiDroid/src/main/java/com/ichi2/anki/reviewreminders/ScheduleRemindersDestination.kt,3,36,4,40,2,3,2025-06-15,2025-07-10,105,13.333333333333334,0.6666666666666666,0,0.0,0.725
docs/marketing/localized_description/marketdescription-el.txt,3,20,20,40,1,3,2025-05-10,2025-06-30,115,13.333333333333334,1.0,0,0.0,0.85
AnkiDroid/src/main/java/com/ichi2/anki/settings/enums/HideSystemBars.kt,2,35,5,40,1,2,2025-01-16,2025-08-03,81,20.0,1.0,0,0.0,0.625
AnkiDroid/src/main/res/layout/browser_column_divider.xml,2,20,20,40,2,2,2025-01-07,2025-01-30,266,20.0,0.5,1,0.5,0.5
common/src/main/java/com/ichi2/anki/common/utils/ext/Float.kt,2,39,1,40,1,2,2024-06-19,2025-06-26,119,20.0,1.0,0,0.0,0.675
AnkiDroid/src/main/res/drawable/bg_rounded_drop_shadow.xml,1,40,0,40,1,1,2024-04-22,2024-04-22,549,40.0,1.0,0,0.0,1.0
AnkiDroid/src/main/res/layout/browser_columns_selection_heading.xml,1,40,0,40,1,1,2025-01-08,2025-01-08,288,40.0,1.0,0,0.0,1.0
AnkiDroid/src/main/res/layout/check_pronunciation_fragment.xml,1,40,0,40,1,1,2025-08-10,2025-08-10,74,40.0,1.0,0,0.0,1.0
AnkiDroid/src/main/res/values-uz/09-backup.xml,1,20,20,40,1,1,2025-06-24,2025-06-24,121,40.0,1.0,0,0.0,1.0
AnkiDroid/src/test/java/com/ichi2/anki/browser/StringNormalizationTest.kt,1,40,0,40,1,1,2025-02-06,2025-02-06,259,40.0,1.0,0,0.0,1.0
common/src/main/java/com/ichi2/anki/common/annotations/UseContextParameter.kt,1,40,0,40,1,1,2025-07-07,2025-07-07,108,40.0,1.0,0,0.0,1.0
AnkiDroid/src/main/res/values-or/08-widget.xml,9,26,13,39,1,9,2024-08-28,2025-08-26,58,4.333333333333333,1.0,0,0.0,0.2564102564102564
AnkiDroid/src/main/res/values-kn/17-model-manager.xml,7,19,20,39,1,7,2024-04-27,2025-06-17,128,5.571428571428571,1.0,0,0.0,0.5128205128205128
.editorconfig,6,23,16,39,4,4,2023-12-04,2024-12-09,318,6.5,0.5,1,0.16666666666666666,0.3333333333333333
AnkiDroid/src/main/res/values-lt/17-model-manager.xml,6,19,20,39,1,6,2025-02-08,2025-06-17,128,6.5,1.0,0,0.0,0.7692307692307693
AnkiDroid/src/main/java/com/ichi2/anki/settings/enums/ShouldFetchMedia.kt,3,34,5,39,1,3,2025-07-27,2025-08-09,75,13.0,1.0,1,0.3333333333333333,0.6153846153846154
AnkiDroid/src/main/java/com/ichi2/libanki/CardTemplates.kt,3,37,2,39,2,3,2024-12-28,2025-06-25,120,13.0,0.6666666666666666,0,0.0,0.8974358974358975
AnkiDroid/src/main/java/com/ichi2/utils/CollectionUtils.kt,1,0,39,39,1,1,2024-07-21,2024-07-21,459,39.0,1.0,0,0.0,1.0
AnkiDroid/src/main/res/layout/tags_dialog.xml,1,33,6,39,1,1,2025-05-10,2025-05-10,166,39.0,1.0,0,0.0,1.0
AnkiDroid/src/test/java/com/ichi2/anki/browser/CardBrowserColumnNonParamTest.kt,1,39,0,39,1,1,2024-06-14,2024-06-14,496,39.0,1.0,0,0.0,1.0
AnkiDroid/src/test/java/com/ichi2/anki/dialogs/CustomExceptionDataTest.kt,1,39,0,39,1,1,2024-12-06,2024-12-06,321,39.0,1.0,1,1.0,1.0
AnkiDroid/src/test/java/com/ichi2/utils/CollectionUtilsTest.kt,1,0,39,39,1,1,2024-07-21,2024-07-21,459,39.0,1.0,0,0.0,1.0
AnkiDroid/src/main/res/values-tr/16-multimedia-editor.xml,13,12,26,38,1,12,2024-07-20,2025-07-12,103,2.923076923076923,1.0,0,0.0,0.39473684210526316
AnkiDroid/src/main/res/values-pt-rBR/16-multimedia-editor.xml,12,12,26,38,1,12,2024-07-20,2025-07-12,103,3.1666666666666665,1.0,0,0.0,0.39473684210526316
AnkiDroid/src/main/res/values-kn/16-multimedia-editor.xml,11,12,26,38,1,11,2024-04-27,2025-07-12,103,3.4545454545454546,1.0,0,0.0,0.39473684210526316
AnkiDroid/src/main/res/values-nl/16-multimedia-editor.xml,11,12,26,38,1,11,2024-07-20,2025-07-12,103,3.4545454545454546,1.0,0,0.0,0.39473684210526316
AnkiDroid/src/main/res/values-ru/11-arrays.xml,9,12,26,38,1,9,2024-09-28,2025-09-03,50,4.222222222222222,1.0,0,0.0,0.34210526315789475
AnkiDroid/src/main/res/values-th/16-multimedia-editor.xml,9,12,26,38,1,9,2024-07-20,2025-07-12,103,4.222222222222222,1.0,0,0.0,0.39473684210526316
AnkiDroid/src/main/res/values-uk/11-arrays.xml,9,12,26,38,1,9,2024-09-28,2025-08-03,81,4.222222222222222,1.0,0,0.0,0.34210526315789475
AnkiDroid/src/main/res/values-vi/11-arrays.xml,9,12,26,38,1,9,2024-09-28,2025-10-05,18,4.222222222222222,1.0,0,0.0,0.34210526315789475
AnkiDroid/src/main/java/com/ichi2/anki/DayRolloverHandler.kt,7,28,10,38,2,4,2024-07-15,2025-08-09,75,5.428571428571429,0.8571428571428571,1,0.14285714285714285,0.2631578947368421
AnkiDroid/src/main/res/values/12-dont-translate.xml,7,30,8,38,2,4,2025-03-17,2025-08-21,63,5.428571428571429,0.7142857142857143,0,0.0,0.3684210526315789
AnkiDroid/src/main/java/com/ichi2/anki/pages/AnkiServer.kt,6,17,21,38,2,4,2024-05-21,2025-05-25,151,6.333333333333333,0.5,3,0.5,0.3684210526315789
AnkiDroid/src/main/res/values-ko/09-backup.xml,6,19,19,38,1,6,2024-04-27,2025-09-09,44,6.333333333333333,1.0,0,0.0,0.5789473684210527
AnkiDroid/src/test/java/com/ichi2/anki/servicemodel/UpgradeGesturesToControlsTest.kt,5,22,16,38,3,4,2023-12-04,2025-02-07,258,7.6,0.6,0,0.0,0.3157894736842105
AnkiDroid/src/main/java/com/ichi2/anki/TtsParser.kt,4,24,14,38,2,3,2024-07-15,2025-07-05,110,9.5,0.75,0,0.0,0.631578947368421
AnkiDroid/src/main/java/com/ichi2/anki/dialogs/SimpleMessageDialog.kt,3,25,13,38,1,2,2024-11-29,2024-12-09,318,12.666666666666666,1.0,0,0.0,0.7894736842105263
AnkiDroid/src/main/res/values-gu/09-backup.xml,3,19,19,38,1,3,2024-07-30,2025-05-24,152,12.666666666666666,1.0,0,0.0,0.6842105263157895
AnkiDroid/src/main/res/values-ml/09-backup.xml,3,19,19,38,1,3,2024-09-29,2025-05-24,152,12.666666666666666,1.0,0,0.0,0.8421052631578947
AnkiDroid/src/test/java/com/ichi2/testutils/libanki/CollectionAssert.kt,3,4,34,38,2,3,2024-11-03,2025-01-04,292,12.666666666666666,0.6666666666666666,0,0.0,0.8157894736842105
AnkiDroid/src/test/java/com/ichi2/utils/LanguageUtilsTest.kt,3,19,19,38,2,3,2023-12-04,2025-08-04,80,12.666666666666666,0.6666666666666666,0,0.0,0.5526315789473685
AnkiDroid/src/main/java/com/ichi2/anki/browser/BrowserDestination.kt,2,37,1,38,1,2,2025-06-05,2025-07-05,110,19.0,1.0,0,0.0,0.9473684210526315
AnkiDroid/src/main/res/menu/multimedia_menu.xml,2,35,3,38,1,2,2024-06-13,2024-07-21,459,19.0,1.0,0,0.0,0.868421052631579
libanki/src/main/java/com/ichi2/anki/libanki/CardTemplate.kt,2,9,29,38,1,2,2025-07-06,2025-07-18,97,19.0,1.0,0,0.0,1.0
AnkiDroid/src/main/java/com/ichi2/anki/dialogs/ScopedStorageMigration.kt,1,0,38,38,1,1,2024-08-27,2024-08-27,422,38.0,1.0,0,0.0,1.0
AnkiDroid/src/main/java/com/ichi2/utils/DeckNameComparator.kt,1,0,38,38,1,1,2024-03-21,2024-03-21,581,38.0,1.0,0,0.0,1.0
AnkiDroid/src/test/java/com/ichi2/utils/LanguageUtilRobolectricTest.kt,1,38,0,38,1,1,2024-05-12,2024-05-12,529,38.0,1.0,1,1.0,1.0
AnkiDroid/src/main/res/values/sentence-case.xml,16,31,6,37,5,15,2024-04-29,2025-09-10,43,2.3125,0.375,1,0.0625,0.35135135135135137
AnkiDroid/src/main/res/values/attrs.xml,11,34,3,37,5,10,2024-04-07,2025-07-06,109,3.3636363636363638,0.36363636363636365,0,0.0,0.24324324324324326
AnkiDroid/src/main/res/values/08-widget.xml,9,26,11,37,4,9,2024-05-22,2025-08-21,63,4.111111111111111,0.6666666666666666,0,0.0,0.32432432432432434
AnkiDroid/src/main/res/values-hu/08-widget.xml,8,25,12,37,1,8,2024-08-28,2025-08-26,58,4.625,1.0,0,0.0,0.2702702702702703
AnkiDroid/src/main/java/com/ichi2/anki/IntroductionActivity.kt,6,22,15,37,4,5,2024-07-15,2025-06-18,127,6.166666666666667,0.5,1,0.16666666666666666,0.43243243243243246
AnkiDroid/src/main/java/com/ichi2/anki/ui/NoteTypeSpinnerUtils.kt,5,21,16,37,2,4,2024-12-09,2025-07-05,110,7.4,0.8,0,0.0,0.6756756756756757
AnkiDroid/src/main/res/values-ur/17-model-manager.xml,5,18,19,37,1,5,2024-08-19,2025-06-17,128,7.4,1.0,0,0.0,0.8648648648648649
AnkiDroid/src/main/java/com/ichi2/anki/ui/internationalization/SentenceCase.kt,4,18,19,37,2,3,2024-08-14,2024-12-09,318,9.25,0.75,0,0.0,0.35135135135135137
AnkiDroid/src/main/java/com/ichi2/anki/android/input/ShortcutGroup.kt,3,35,2,37,2,2,2024-11-06,2024-12-09,318,12.333333333333334,0.6666666666666666,0,0.0,0.8108108108108109
AnkiDroid/src/main/java/com/ichi2/anki/dialogs/tags/TagsDialogListener.kt,3,24,13,37,2,2,2024-12-09,2025-03-31,206,12.333333333333334,0.6666666666666666,0,0.0,0.7837837837837838
AnkiDroid/src/main/java/com/ichi2/anki/settings/enums/ToolbarPosition.kt,3,32,5,37,1,3,2025-06-06,2025-08-09,75,12.333333333333334,1.0,1,0.3333333333333333,0.6486486486486487
AnkiDroid/src/main/java/com/ichi2/anki/ui/windows/reviewer/AnswerButtonsNextTime.kt,3,35,2,37,2,3,2024-06-23,2025-07-05,110,12.333333333333334,0.6666666666666666,0,0.0,0.8918918918918919
AnkiDroid/src/main/java/com/ichi2/anki/browser/CardBrowserFragmentViewModel.kt,2,36,1,37,1,2,2025-06-30,2025-08-07,77,18.5,1.0,0,0.0,0.5675675675675675
AnkiDroid/src/main/res/layout/card_template_editor_activity.xml,2,1,36,37,2,2,2024-07-25,2024-08-17,432,18.5,0.5,1,0.5,0.9459459459459459
AnkiDroid/src/main/res/layout/instant_editor_field_layout.xml,2,37,0,37,1,2,2024-05-14,2024-06-10,500,18.5,1.0,0,0.0,0.972972972972973
AnkiDroid/src/test/java/com/ichi2/testutils/ext/TestClass.kt,2,36,1,37,1,1,2025-07-07,2025-07-07,108,18.5,1.0,0,0.0,0.9459459459459459
common/proguard-rules.pro,2,36,1,37,2,2,2024-05-29,2024-06-20,490,18.5,0.5,0,0.0,0.5675675675675675
AnkiDroid/src/main/java/com/ichi2/anki/utils/ext/LinearLayoutManager.kt,1,37,0,37,1,1,2025-07-16,2025-07-16,99,37.0,1.0,1,1.0,1.0
AnkiDroid/src/main/java/com/ichi2/utils/Assert.kt,1,0,37,37,1,1,2024-12-07,2024-12-07,320,37.0,1.0,0,0.0,1.0
AnkiDroid/src/main/res/layout/alert_dialog_title_with_help.xml,1,37,0,37,1,1,2024-12-02,2024-12-02,325,37.0,1.0,0,0.0,1.0
AnkiDroid/src/test/java/com/ichi2/testutils/DialogUtils.kt,1,0,37,37,1,1,2024-04-27,2024-04-27,544,37.0,1.0,0,0.0,1.0
AnkiDroid/src/test/java/com/ichi2/testutils/TaskSchedulerRule.kt,1,0,37,37,1,1,2025-07-22,2025-07-22,93,37.0,1.0,0,0.0,1.0
AnkiDroid/src/main/res/values-heb/16-multimedia-editor.xml,12,11,25,36,1,12,2024-07-20,2025-08-10,74,3.0,1.0,0,0.0,0.4166666666666667
AnkiDroid/src/main/res/values-sc/07-cardbrowser.xml,12,24,12,36,1,11,2024-08-08,2025-08-30,54,3.0,1.0,0,0.0,0.3333333333333333
AnkiDroid/src/main/res/values-zh-rCN/16-multimedia-editor.xml,12,11,25,36,1,10,2024-07-20,2025-07-12,103,3.0,1.0,0,0.0,0.4166666666666667
AnkiDroid/src/main/res/values-ca/16-multimedia-editor.xml,11,11,25,36,1,11,2024-07-20,2025-07-12,103,3.272727272727273,1.0,0,0.0,0.4166666666666667
AnkiDroid/src/main/res/values-fi/16-multimedia-editor.xml,11,11,25,36,1,11,2024-07-20,2025-07-12,103,3.272727272727273,1.0,0,0.0,0.4166666666666667
AnkiDroid/src/main/res/values/16-multimedia-editor.xml,10,10,26,36,4,9,2024-06-13,2025-07-08,107,3.6,0.5,2,0.2,0.5
AnkiDroid/src/main/java/com/ichi2/libanki/Storage.kt,7,21,15,36,3,3,2025-05-10,2025-06-18,127,5.142857142857143,0.7142857142857143,0,0.0,0.4166666666666667
AnkiDroid/src/main/res/values-km/08-widget.xml,7,24,12,36,1,7,2024-08-28,2025-08-26,58,5.142857142857143,1.0,0,0.0,0.3333333333333333
docs/marketing/localized_description/marketdescription-pt-BR.txt,4,18,18,36,1,4,2024-07-30,2025-07-05,110,9.0,1.0,0,0.0,0.6666666666666666
AnkiDroid/src/androidTest/java/com/ichi2/anki/TestUtils.kt,3,17,19,36,1,1,2024-12-09,2024-12-09,318,12.0,1.0,1,0.3333333333333333,0.4722222222222222
AnkiDroid/src/main/res/layout/preferences.xml,2,4,32,36,1,2,2024-11-23,2025-07-01,114,18.0,1.0,0,0.0,0.8888888888888888
common/src/test/java/com/ichi2/anki/common/utils/ext/LongTest.kt,1,36,0,36,1,1,2025-06-18,2025-06-18,127,36.0,1.0,0,0.0,1.0
AnkiDroid/src/main/java/com/ichi2/anki/contextmenu/SystemContextMenu.kt,3,22,13,35,1,1,2024-12-09,2024-12-09,318,11.666666666666666,1.0,1,0.3333333333333333,0.7142857142857143
AnkiDroid/src/androidTest/java/com/ichi2/anki/testutil/DatabaseUtils.kt,2,18,17,35,1,1,2024-12-09,2024-12-09,318,17.5,1.0,0,0.0,0.9428571428571428
AnkiDroid/src/main/java/com/ichi2/libanki/utils/Time.kt,2,1,34,35,2,2,2024-12-09,2025-05-10,166,17.5,0.5,1,0.5,0.8857142857142857
AnkiDroid/src/test/java/com/ichi2/anki/AnkiDroidAppFailureTest.kt,2,33,2,35,1,1,2024-10-11,2024-10-11,377,17.5,1.0,2,1.0,0.9428571428571428
AnkiDroid/src/test/java/com/ichi2/anki/reviewer/BindingAndroidTest.kt,2,17,18,35,2,2,2024-10-20,2025-02-05,260,17.5,0.5,0,0.0,0.8571428571428571
AnkiDroid/src/test/java/com/ichi2/anki/ui/windows/reviewer/ReviewerBigScreenTest.kt,2,35,0,35,2,2,2025-02-09,2025-07-07,108,17.5,0.5,0,0.0,0.9714285714285714
AnkiDroid/src/main/java/com/ichi2/anki/AbstractIntentHandler.kt,1,35,0,35,1,1,2024-07-02,2024-07-02,478,35.0,1.0,0,0.0,1.0
AnkiDroid/src/main/java/com/ichi2/anki/utils/Reflection.kt,1,35,0,35,1,1,2024-12-10,2024-12-10,317,35.0,1.0,0,0.0,1.0
AnkiDroid/src/main/java/com/ichi2/anki/utils/ext/BitmapDrawable.kt,1,35,0,35,1,1,2024-09-03,2024-09-03,415,35.0,1.0,0,0.0,1.0
AnkiDroid/src/main/java/com/ichi2/anki/utils/ext/FragmentManager.kt,1,35,0,35,1,1,2024-04-23,2024-04-23,548,35.0,1.0,1,1.0,1.0
AnkiDroid/src/main/java/com/ichi2/anki/utils/ext/FragmentResult.kt,1,35,0,35,1,1,2025-03-30,2025-03-30,207,35.0,1.0,0,0.0,1.0
AnkiDroid/src/main/res/menu/activity_edit_text.xml,1,0,35,35,1,1,2024-08-01,2024-08-01,448,35.0,1.0,0,0.0,1.0
AnkiDroid/src/test/java/com/ichi2/anki/multimediacard/fields/BasicMediaClipFieldControllerComplexTest.kt,1,0,35,35,1,1,2024-08-01,2024-08-01,448,35.0,1.0,0,0.0,1.0
testlib/src/main/java/com/ichi2/testutils/AnkiAssert.kt,1,35,0,35,1,1,2024-04-29,2024-04-29,542,35.0,1.0,0,0.0,1.0
AnkiDroid/src/main/res/values-zh-rTW/07-cardbrowser.xml,13,23,11,34,1,13,2024-08-07,2025-08-30,54,2.6153846153846154,1.0,0,0.0,0.20588235294117646
AnkiDroid/src/main/res/values-be/16-multimedia-editor.xml,11,10,24,34,1,11,2024-07-20,2025-07-12,103,3.090909090909091,1.0,0,0.0,0.4411764705882353
AnkiDroid/src/main/res/values-pl/16-multimedia-editor.xml,11,10,24,34,1,11,2024-07-20,2025-07-12,103,3.090909090909091,1.0,0,0.0,0.4411764705882353
AnkiDroid/src/main/res/values-ru/16-multimedia-editor.xml,11,10,24,34,1,11,2024-07-20,2025-09-03,50,3.090909090909091,1.0,0,0.0,0.4411764705882353
AnkiDroid/src/main/res/values-vi/16-multimedia-editor.xml,11,10,24,34,1,11,2024-07-20,2025-08-10,74,3.090909090909091,1.0,0,0.0,0.4411764705882353
AnkiDroid/src/main/res/values-zh-rTW/16-multimedia-editor.xml,9,10,24,34,1,9,2024-07-20,2025-08-22,62,3.7777777777777777,1.0,0,0.0,0.5
AnkiDroid/src/main/res/values-hu/11-arrays.xml,8,10,24,34,1,8,2024-09-28,2025-08-03,81,4.25,1.0,0,0.0,0.38235294117647056
AnkiDroid/src/main/res/values-zh-rCN/11-arrays.xml,8,10,24,34,1,7,2024-09-28,2025-08-03,81,4.25,1.0,0,0.0,0.38235294117647056
AnkiDroid/src/androidTest/java/com/ichi2/anki/tests/libanki/DBTest.kt,7,19,15,34,2,4,2024-07-15,2025-07-21,94,4.857142857142857,0.8571428571428571,1,0.14285714285714285,0.4117647058823529
AnkiDroid/src/main/java/com/ichi2/anki/dialogs/ModelEditorContextMenu.kt,3,11,23,34,2,2,2024-11-06,2024-12-09,318,11.333333333333334,0.6666666666666666,0,0.0,0.5
AnkiDroid/src/main/java/com/ichi2/anki/multimedia/audio/AudioTimer.kt,3,20,14,34,2,2,2024-08-03,2024-12-09,318,11.333333333333334,0.6666666666666666,1,0.3333333333333333,0.7941176470588235
AnkiDroid/src/main/java/com/ichi2/anki/settings/enums/FrameStyle.kt,2,31,3,34,1,2,2025-01-16,2025-08-03,81,17.0,1.0,0,0.0,0.6764705882352942
AnkiDroid/src/main/res/values-hy/09-backup.xml,2,17,17,34,1,2,2024-07-04,2025-05-24,152,17.0,1.0,0,0.0,0.9411764705882353
AnkiDroid/src/main/assets/mathjax/input/tex/extensions/all-packages.js,1,0,34,34,1,1,2024-10-11,2024-10-11,377,34.0,1.0,0,0.0,1.0
AnkiDroid/src/main/assets/mathjax/input/tex/extensions/mhchem.js,1,0,34,34,1,1,2024-10-11,2024-10-11,377,34.0,1.0,0,0.0,1.0
AnkiDroid/src/main/res/layout-land/introduction_layout.xml,1,20,14,34,1,1,2024-11-06,2024-11-06,351,34.0,1.0,0,0.0,1.0
AnkiDroid/src/main/res/layout/multimedia_edit_field_activity.xml,1,0,34,34,1,1,2024-08-01,2024-08-01,448,34.0,1.0,0,0.0,1.0
AnkiDroid/src/main/res/values-hy/08-widget.xml,7,23,10,33,1,6,2024-08-28,2025-08-26,58,4.714285714285714,1.0,0,0.0,0.30303030303030304
AnkiDroid/src/main/res/values-hy/17-model-manager.xml,6,16,17,33,1,6,2024-07-04,2025-06-17,128,5.5,1.0,0,0.0,0.7272727272727273
tools/release-description.md,4,28,5,33,3,4,2024-12-18,2025-08-03,81,8.25,0.5,0,0.0,0.7878787878787878
AnkiDroid/src/main/java/com/ichi2/anki/utils/AndroidUtils.kt,3,30,3,33,3,3,2025-02-03,2025-08-03,81,11.0,0.3333333333333333,1,0.3333333333333333,0.6060606060606061
AnkiDroid/src/main/res/xml/preferences_reviewing.xml,3,9,24,33,2,3,2024-11-19,2025-09-06,47,11.0,0.6666666666666666,0,0.0,0.45454545454545453
AnkiDroid/src/androidTest/java/com/ichi2/anki/testutil/GrantPermissions.kt,2,19,14,33,1,1,2024-12-09,2024-12-09,318,16.5,1.0,1,0.5,0.8484848484848485
AnkiDroid/src/main/java/com/ichi2/anki/ui/windows/reviewer/AnswerTimerStatus.kt,2,32,1,33,1,2,2025-06-13,2025-08-09,75,16.5,1.0,1,0.5,0.9393939393939394
AnkiDroid/src/main/res/values-ug/18-standard-models.xml,2,32,1,33,1,2,2025-01-04,2025-04-10,196,16.5,1.0,0,0.0,0.9393939393939394
libanki/src/main/java/com/ichi2/anki/libanki/Field.kt,2,9,24,33,1,2,2025-07-06,2025-07-18,97,16.5,1.0,0,0.0,1.0
AnkiDroid/src/test/java/com/ichi2/testutils/MockCursor.kt,1,0,33,33,1,1,2025-01-04,2025-01-04,292,33.0,1.0,0,0.0,1.0
common/src/main/java/com/ichi2/anki/common/utils/TestUtils.kt,1,33,0,33,1,1,2024-05-29,2024-05-29,512,33.0,1.0,0,0.0,1.0
AnkiDroid/src/main/res/values-af/16-multimedia-editor.xml,10,9,23,32,1,10,2024-07-20,2025-07-12,103,3.2,1.0,0,0.0,0.46875
AnkiDroid/src/main/res/values-am/16-multimedia-editor.xml,10,9,23,32,1,10,2024-07-20,2025-07-12,103,3.2,1.0,0,0.0,0.46875
AnkiDroid/src/main/res/values-az/16-multimedia-editor.xml,10,9,23,32,1,10,2024-07-20,2025-07-12,103,3.2,1.0,0,0.0,0.46875
AnkiDroid/src/main/res/values-bg/16-multimedia-editor.xml,10,9,23,32,1,10,2024-07-20,2025-07-12,103,3.2,1.0,0,0.0,0.46875
AnkiDroid/src/main/res/values-ckb/16-multimedia-editor.xml,10,9,23,32,1,10,2024-07-20,2025-07-12,103,3.2,1.0,0,0.0,0.46875
AnkiDroid/src/main/res/values-et/16-multimedia-editor.xml,10,9,23,32,1,10,2024-07-20,2025-07-12,103,3.2,1.0,0,0.0,0.46875
AnkiDroid/src/main/res/values-eu/16-multimedia-editor.xml,10,9,23,32,1,10,2024-07-20,2025-07-12,103,3.2,1.0,0,0.0,0.46875
AnkiDroid/src/main/res/values-fy/16-multimedia-editor.xml,10,9,23,32,1,10,2024-07-20,2025-07-12,103,3.2,1.0,0,0.0,0.46875
AnkiDroid/src/main/res/values-ga/16-multimedia-editor.xml,10,9,23,32,1,10,2024-07-20,2025-07-12,103,3.2,1.0,0,0.0,0.46875
AnkiDroid/src/main/res/values-hi/16-multimedia-editor.xml,10,9,23,32,1,10,2024-07-20,2025-07-12,103,3.2,1.0,0,0.0,0.46875
AnkiDroid/src/main/res/values-ka/16-multimedia-editor.xml,10,9,23,32,1,10,2024-07-20,2025-07-12,103,3.2,1.0,0,0.0,0.46875
AnkiDroid/src/main/res/values-sv/16-multimedia-editor.xml,10,9,23,32,1,10,2024-07-20,2025-07-12,103,3.2,1.0,0,0.0,0.46875
AnkiDroid/src/main/res/values-te/16-multimedia-editor.xml,10,9,23,32,1,10,2024-05-01,2025-07-12,103,3.2,1.0,0,0.0,0.53125
AnkiDroid/src/main/res/values-hi/11-arrays.xml,9,9,23,32,1,9,2024-05-31,2025-08-03,81,3.5555555555555554,1.0,0,0.0,0.40625
AnkiDroid/src/main/res/values-sc/16-multimedia-editor.xml,9,9,23,32,1,9,2024-07-20,2025-07-12,103,3.5555555555555554,1.0,0,0.0,0.46875
AnkiDroid/src/main/res/values-heb/11-arrays.xml,8,9,23,32,1,8,2024-09-28,2025-08-10,74,4.0,1.0,0,0.0,0.40625
AnkiDroid/src/main/res/values-zh-rTW/11-arrays.xml,6,9,23,32,1,6,2024-08-07,2025-08-03,81,5.333333333333333,1.0,0,0.0,0.40625
AnkiDroid/src/main/java/com/ichi2/anki/SyncActionProvider.kt,5,20,12,32,3,4,2024-05-03,2025-06-24,121,6.4,0.6,2,0.4,0.40625
AnkiDroid/src/main/java/com/ichi2/compat/CompatV23.kt,4,30,2,32,2,3,2024-07-24,2024-08-16,433,8.0,0.75,0,0.0,0.40625
AnkiDroid/src/main/java/com/ichi2/preferences/IncrementerNumberRangePreference.kt,4,15,17,32,3,4,2024-05-21,2025-03-31,206,8.0,0.5,0,0.0,0.84375
AnkiDroid/src/main/res/layout/browser_column_heading.xml,3,29,3,32,2,2,2025-01-08,2025-01-30,266,10.666666666666666,0.6666666666666666,1,0.3333333333333333,0.78125
AnkiDroid/src/main/res/values-got/09-backup.xml,3,16,16,32,1,3,2025-05-24,2025-09-09,44,10.666666666666666,1.0,0,0.0,0.8125
docs/marketing/localized_description/marketdescription-hy-AM.txt,3,16,16,32,1,3,2024-10-25,2025-06-30,115,10.666666666666666,1.0,0,0.0,0.8125
AnkiDroid/src/androidTest/java/com/ichi2/anki/dialogs/ModelEditorContextMenuTest.kt,2,3,29,32,2,2,2024-11-06,2024-12-09,318,16.0,0.5,0,0.0,0.9375
AnkiDroid/src/main/res/layout/card_browser_searchview.xml,2,21,11,32,1,1,2025-08-07,2025-08-07,77,16.0,1.0,0,0.0,0.53125
AnkiDroid/src/androidTest/java/com/ichi2/anki/testutil/StudyOptionsFragment.kt,1,32,0,32,1,1,2024-11-11,2024-11-11,346,32.0,1.0,0,0.0,1.0
AnkiDroid/src/main/java/com/ichi2/anki/utils/ext/DeckConfig.kt,1,0,32,32,1,1,2025-01-17,2025-01-17,279,32.0,1.0,0,0.0,1.0
AnkiDroid/src/main/res/menu/image_cropper_menu.xml,1,32,0,32,1,1,2025-07-08,2025-07-08,107,32.0,1.0,1,1.0,1.0
AnkiDroid/src/test/java/com/ichi2/testutils/MockContentResolver.kt,1,0,32,32,1,1,2025-01-04,2025-01-04,292,32.0,1.0,0,0.0,1.0
tools/crashes-data-mining/cube.xml,1,0,32,32,1,1,2024-07-07,2024-07-07,473,32.0,1.0,0,0.0,1.0
AnkiDroid/src/main/res/values-el/17-model-manager.xml,8,15,16,31,1,8,2024-07-30,2025-06-24,121,3.875,1.0,0,0.0,0.3225806451612903
AnkiDroid/src/main/res/values-fil/08-widget.xml,7,22,9,31,1,7,2024-06-03,2025-08-26,58,4.428571428571429,1.0,0,0.0,0.3225806451612903
AnkiDroid/src/main/res/values-it/08-widget.xml,7,22,9,31,1,7,2024-08-28,2025-08-26,58,4.428571428571429,1.0,0,0.0,0.3225806451612903
AnkiDroid/src/main/java/com/ichi2/anki/preferences/SyncSettingsFragment.kt,6,17,14,31,2,4,2024-11-23,2025-07-27,88,5.166666666666667,0.6666666666666666,1,0.16666666666666666,0.2903225806451613
AnkiDroid/src/main/java/com/ichi2/anki/ui/windows/permissions/PermissionsUntil29Fragment.kt,5,17,14,31,3,3,2024-12-09,2025-08-27,57,6.2,0.4,0,0.0,0.5161290322580645
AnkiDroid/src/main/res/values-fil/18-standard-models.xml,4,11,20,31,1,4,2024-06-03,2025-04-10,196,7.75,1.0,0,0.0,0.5161290322580645
AnkiDroid/src/main/java/com/ichi2/utils/JSONArray.kt,3,12,19,31,2,3,2024-04-29,2025-03-31,206,10.333333333333334,0.6666666666666666,0,0.0,0.8387096774193549
AnkiDroid/src/main/res/values-gu/18-standard-models.xml,3,11,20,31,1,3,2024-06-01,2025-04-10,196,10.333333333333334,1.0,0,0.0,0.6451612903225806
AnkiDroid/src/main/res/layout/card_template_editor_top.xml,2,30,1,31,1,2,2024-08-17,2024-08-30,419,15.5,1.0,2,1.0,0.8709677419354839
AnkiDroid/src/main/res/layout/widget_item_deck_config.xml,2,29,2,31,1,2,2024-05-22,2024-08-26,423,15.5,1.0,0,0.0,0.9032258064516129
AnkiDroid/src/test/java/com/ichi2/anki/dialogs/DeckSelectionDialogTest.kt,2,25,6,31,2,2,2024-03-21,2025-08-07,77,15.5,0.5,0,0.0,0.6451612903225806
libanki/src/main/java/com/ichi2/anki/libanki/Storage.kt,2,22,9,31,1,2,2025-07-06,2025-07-21,94,15.5,1.0,0,0.0,1.0
AnkiDroid/src/main/java/com/ichi2/libanki/CollectionFiles.kt,1,31,0,31,1,1,2025-06-18,2025-06-18,127,31.0,1.0,0,0.0,1.0
AnkiDroid/src/main/java/com/ichi2/utils/SequenceUtil.kt,1,0,31,31,1,1,2024-06-23,2024-06-23,487,31.0,1.0,0,0.0,1.0
AnkiDroid/src/main/res/menu/whiteboard.xml,1,31,0,31,1,1,2025-09-05,2025-09-05,48,31.0,1.0,0,0.0,1.0
AnkiDroid/src/test/java/com/ichi2/testutils/AnkiDroidAppWithFatalError.kt,1,31,0,31,1,1,2024-10-11,2024-10-11,377,31.0,1.0,1,1.0,1.0
AnkiDroid/src/main/res/values-hu/16-multimedia-editor.xml,10,8,22,30,1,10,2024-07-20,2025-07-12,103,3.0,1.0,0,0.0,0.5
AnkiDroid/src/main/res/values-tt/16-multimedia-editor.xml,9,8,22,30,1,9,2024-07-20,2025-07-12,103,3.3333333333333335,1.0,0,0.0,0.5
AnkiDroid/src/main/res/values-sc/11-arrays.xml,7,8,22,30,1,7,2024-09-28,2025-08-03,81,4.285714285714286,1.0,0,0.0,0.43333333333333335
AnkiDroid/src/main/res/values-sk/11-arrays.xml,7,8,22,30,1,7,2024-09-28,2025-08-03,81,4.285714285714286,1.0,0,0.0,0.43333333333333335
AnkiDroid/src/main/java/com/ichi2/anki/ImageOcclusionIntentBuilder.kt,6,14,16,30,4,5,2024-07-02,2025-07-09,106,5.0,0.3333333333333333,1,0.16666666666666666,0.26666666666666666
AnkiDroid/src/main/java/com/ichi2/anki/servicelayer/SchedulerService.kt,6,14,16,30,3,5,2024-07-15,2025-07-05,110,5.0,0.6666666666666666,0,0.0,0.3333333333333333
AnkiDroid/src/main/res/values-hr/08-widget.xml,6,22,8,30,1,6,2024-08-28,2025-08-26,58,5.0,1.0,0,0.0,0.36666666666666664
AnkiDroid/src/test/java/com/ichi2/anki/libanki/FinderTest.kt,5,15,15,30,1,3,2025-06-17,2025-07-07,108,6.0,1.0,0,0.0,0.3333333333333333
AnkiDroid/src/main/res/values-bn/09-backup.xml,3,15,15,30,1,3,2024-10-23,2025-05-24,152,10.0,1.0,0,0.0,0.8666666666666667
AnkiDroid/src/test/java/com/ichi2/anki/ModelFieldEditorTest.kt,3,16,14,30,3,3,2024-05-20,2025-04-26,180,10.0,0.3333333333333333,0,0.0,0.6666666666666666
AnkiDroid/src/androidTest/java/com/ichi2/anki/testutil/CollectionUtils.kt,2,28,2,30,1,2,2025-01-10,2025-07-05,110,15.0,1.0,0,0.0,0.8666666666666667
AnkiDroid/src/main/java/com/ichi2/anki/utils/ext/Collection.kt,2,29,1,30,2,2,2025-03-02,2025-07-05,110,15.0,0.5,0,0.0,0.9333333333333333
AnkiDroid/src/main/res/layout/reviewer_topbar.xml,2,23,7,30,2,2,2024-04-06,2024-12-26,301,15.0,0.5,2,1.0,0.8666666666666667
AnkiDroid/src/test/java/com/ichi2/testutils/AnkiActivityUtils.kt,2,2,28,30,1,1,2024-11-29,2024-11-29,328,15.0,1.0,0,0.0,0.9
api/src/main/java/com/ichi2/anki/api/Ease.kt,2,30,0,30,2,2,2024-10-02,2024-11-03,354,15.0,0.5,0,0.0,0.8
testlib/src/main/AndroidManifest.xml,2,15,15,30,2,2,2024-07-24,2024-11-16,341,15.0,0.5,0,0.0,0.5
AnkiDroid/src/main/java/com/ichi2/anki/utils/ext/MenuItemImpl.kt,1,30,0,30,1,1,2024-12-10,2024-12-10,317,30.0,1.0,0,0.0,1.0
AnkiDroid/src/main/res/drawable-v24/intro_ankidroid_logo.xml,1,0,30,30,1,1,2024-11-06,2024-11-06,351,30.0,1.0,0,0.0,1.0
AnkiDroid/src/main/res/layout/item_column_selection.xml,1,30,0,30,1,1,2025-02-12,2025-02-12,253,30.0,1.0,0,0.0,1.0
AnkiDroid/src/main/res/values-ur/09-backup.xml,1,15,15,30,1,1,2024-07-30,2024-07-30,450,30.0,1.0,0,0.0,1.0
AnkiDroid/src/test/java/com/ichi2/utils/CreateTempDir.kt,1,0,30,30,1,1,2024-08-27,2024-08-27,422,30.0,1.0,0,0.0,1.0
jitpack.yml,1,15,15,30,1,1,2024-07-15,2024-07-15,465,30.0,1.0,0,0.0,1.0
AnkiDroid/src/main/res/values-nl/07-cardbrowser.xml,14,22,7,29,1,14,2024-07-30,2025-08-30,54,2.0714285714285716,1.0,0,0.0,0.2413793103448276
AnkiDroid/src/main/java/com/ichi2/anki/analytics/AnkiDroidCrashReportDialog.kt,7,16,13,29,3,4,2024-06-05,2025-09-10,43,4.142857142857143,0.7142857142857143,2,0.2857142857142857,0.27586206896551724
AnkiDroid/src/main/res/values-af/08-widget.xml,7,21,8,29,1,7,2024-08-28,2025-08-26,58,4.142857142857143,1.0,0,0.0,0.3448275862068966
AnkiDroid/src/main/res/values-or/17-model-manager.xml,6,14,15,29,1,6,2025-02-08,2025-08-03,81,4.833333333333333,1.0,0,0.0,0.6896551724137931
AnkiDroid/src/test/java/com/ichi2/anki/CardTemplateNotetypeTest.kt,6,18,11,29,3,6,2024-07-15,2025-07-05,110,4.833333333333333,0.6666666666666666,0,0.0,0.3448275862068966
AnkiDroid/src/androidTest/java/com/ichi2/anki/reviewer/PeripheralKeymapTest.kt,5,11,18,29,2,3,2024-12-09,2025-04-05,201,5.8,0.6,1,0.2,0.41379310344827586
AnkiDroid/src/main/java/com/ichi2/anki/dialogs/help/HelpItemActionsDispatcher.kt,4,17,12,29,3,3,2024-12-09,2025-08-03,81,7.25,0.5,0,0.0,0.3103448275862069
AnkiDroid/src/main/java/com/ichi2/anki/noteeditor/CustomToolbarButton.kt,4,17,12,29,2,3,2024-07-15,2025-07-05,110,7.25,0.75,1,0.25,0.4827586206896552
AnkiDroid/src/main/res/layout/note_editor.xml,4,23,6,29,4,4,2024-05-14,2025-07-16,99,7.25,0.25,0,0.0,0.5172413793103449
AnkiDroid/src/main/java/com/ichi2/ui/GestureDisplay.kt,3,23,6,29,3,3,2024-07-15,2025-09-11,42,9.666666666666666,0.3333333333333333,0,0.0,0.5172413793103449
AnkiDroid/src/main/java/com/ichi2/preferences/DialogFragmentProvider.kt,2,0,29,29,1,1,2025-07-11,2025-07-11,104,14.5,1.0,0,0.0,1.0
AnkiDroid/src/main/res/layout/reviewer_answer_buttons.xml,2,19,10,29,2,2,2024-04-07,2025-01-16,280,14.5,0.5,0,0.0,0.6551724137931034
AnkiDroid/src/main/res/drawable/ic_crop.xml,1,29,0,29,1,1,2024-06-13,2024-06-13,497,29.0,1.0,0,0.0,1.0
AnkiDroid/src/main/res/drawable/ic_rounded_draw.xml,1,29,0,29,1,1,2024-06-13,2024-06-13,497,29.0,1.0,0,0.0,1.0
AnkiDroid/src/main/res/layout/page_fragment.xml,1,26,3,29,1,1,2025-01-28,2025-01-28,268,29.0,1.0,1,1.0,1.0
AnkiDroid/src/main/res/menu/popupmenu_multimedia_options.xml,1,0,29,29,1,1,2024-08-01,2024-08-01,448,29.0,1.0,0,0.0,1.0
AnkiDroid/src/test/java/com/ichi2/anki/scheduling/FsrsTest.kt,1,29,0,29,1,1,2025-07-09,2025-07-09,106,29.0,1.0,0,0.0,1.0
AnkiDroid/src/main/java/com/ichi2/anki/multimediacard/fields/TextField.kt,9,14,14,28,4,7,2024-07-17,2025-07-05,110,3.111111111111111,0.6666666666666666,2,0.2222222222222222,0.17857142857142858
AnkiDroid/src/main/res/values-hr/16-multimedia-editor.xml,9,7,21,28,1,9,2024-07-20,2025-07-12,103,3.111111111111111,1.0,0,0.0,0.5357142857142857
AnkiDroid/src/main/res/values-hy/16-multimedia-editor.xml,9,7,21,28,1,9,2024-07-20,2025-07-12,103,3.111111111111111,1.0,0,0.0,0.5357142857142857
AnkiDroid/src/main/res/values-ind/16-multimedia-editor.xml,9,7,21,28,1,9,2024-07-20,2025-07-12,103,3.111111111111111,1.0,0,0.0,0.5357142857142857
AnkiDroid/src/main/res/values-it/16-multimedia-editor.xml,9,7,21,28,1,9,2024-07-20,2025-07-12,103,3.111111111111111,1.0,0,0.0,0.5357142857142857
AnkiDroid/src/main/res/values-kk/16-multimedia-editor.xml,9,7,21,28,1,9,2024-07-20,2025-07-12,103,3.111111111111111,1.0,0,0.0,0.5357142857142857
AnkiDroid/src/main/res/values-km/16-multimedia-editor.xml,9,7,21,28,1,9,2024-07-20,2025-07-12,103,3.111111111111111,1.0,0,0.0,0.5357142857142857
AnkiDroid/src/main/res/values-ku/16-multimedia-editor.xml,9,7,21,28,1,9,2024-07-20,2025-07-12,103,3.111111111111111,1.0,0,0.0,0.5357142857142857
AnkiDroid/src/main/res/values-ky/16-multimedia-editor.xml,9,7,21,28,1,9,2024-07-20,2025-07-12,103,3.111111111111111,1.0,0,0.0,0.5357142857142857
AnkiDroid/src/main/res/values-mk/16-multimedia-editor.xml,9,7,21,28,1,9,2024-07-20,2025-07-12,103,3.111111111111111,1.0,0,0.0,0.5357142857142857
AnkiDroid/src/main/res/values-mn/16-multimedia-editor.xml,9,7,21,28,1,9,2024-07-20,2025-07-12,103,3.111111111111111,1.0,0,0.0,0.5357142857142857
AnkiDroid/src/main/res/xml/preferences_custom_buttons.xml,8,21,7,28,4,8,2024-05-28,2025-06-27,118,3.5,0.5,2,0.25,0.25
AnkiDroid/src/main/res/values-nl/11-arrays.xml,7,7,21,28,1,7,2024-07-30,2025-08-03,81,4.0,1.0,0,0.0,0.4642857142857143
AnkiDroid/src/test/java/com/ichi2/libanki/AbstractSchedTest.kt,7,13,15,28,3,7,2024-04-29,2025-06-18,127,4.0,0.42857142857142855,0,0.0,0.32142857142857145
AnkiDroid/src/main/java/com/ichi2/anki/cardviewer/MediaErrorHandler.kt,4,19,9,28,1,3,2024-12-09,2025-07-05,110,7.0,1.0,0,0.0,0.6428571428571429
AnkiDroid/src/main/res/xml/preferences_accessibility.xml,4,24,4,28,2,4,2024-04-23,2025-09-06,47,7.0,0.75,0,0.0,0.35714285714285715
AnkiDroid/src/androidTest/java/com/ichi2/anki/testutil/TestEnvironment.kt,3,2,26,28,2,3,2024-07-15,2025-01-04,292,9.333333333333334,0.6666666666666666,1,0.3333333333333333,0.7857142857142857
AnkiDroid/src/main/java/com/ichi2/anki/libanki/sched/Scheduler.kt,2,14,14,28,1,1,2025-07-05,2025-07-05,110,14.0,1.0,0,0.0,1.0
AnkiDroid/src/main/java/com/ichi2/anki/utils/ext/Int.kt,2,26,2,28,1,1,2025-06-26,2025-06-26,119,14.0,1.0,1,0.5,0.8571428571428571
AnkiDroid/src/main/res/layout/my_account.xml,2,21,7,28,2,2,2024-04-23,2024-10-06,382,14.0,0.5,0,0.0,0.5357142857142857
AnkiDroid/src/main/res/menu/menu_deck_description.xml,2,1,27,28,1,2,2025-07-02,2025-07-13,102,14.0,1.0,0,0.0,0.9642857142857143
libanki/src/main/java/com/ichi2/anki/libanki/Lang.kt,2,28,0,28,2,2,2025-07-07,2025-07-17,98,14.0,0.5,0,0.0,0.8928571428571429
AnkiDroid/src/androidTest/java/com/ichi2/anki/testutil/IntroductionSlide.kt,1,28,0,28,1,1,2024-11-11,2024-11-11,346,28.0,1.0,0,0.0,1.0
AnkiDroid/src/main/assets/mathjax/conf.js,1,0,28,28,1,1,2024-10-11,2024-10-11,377,28.0,1.0,0,0.0,1.0
AnkiDroid/src/main/java/com/ichi2/anki/utils/MimeTypeUtils.kt,1,28,0,28,1,1,2025-01-27,2025-01-27,269,28.0,1.0,0,0.0,1.0
AnkiDroid/src/main/java/com/ichi2/utils/DeckComparator.kt,1,0,28,28,1,1,2024-03-21,2024-03-21,581,28.0,1.0,0,0.0,1.0
AnkiDroid/src/main/java/com/ichi2/utils/MaterialBuilderUtil.kt,1,0,28,28,1,1,2024-04-23,2024-04-23,548,28.0,1.0,0,0.0,1.0
AnkiDroid/src/main/res/drawable/footer_button_ripple.xml,1,28,0,28,1,1,2024-04-07,2024-04-07,564,28.0,1.0,0,0.0,1.0
AnkiDroid/src/test/java/com/ichi2/anki/dialogs/utils/TagTestData.kt,1,28,0,28,1,1,2024-05-27,2024-05-27,514,28.0,1.0,1,1.0,1.0
AnkiDroid/src/main/res/values-am/08-widget.xml,6,20,7,27,1,6,2024-08-28,2025-08-26,58,4.5,1.0,0,0.0,0.37037037037037035
AnkiDroid/src/main/res/values-az/08-widget.xml,6,20,7,27,1,6,2024-08-28,2025-08-26,58,4.5,1.0,0,0.0,0.37037037037037035
AnkiDroid/src/main/res/values-bg/08-widget.xml,6,20,7,27,1,6,2024-08-28,2025-08-26,58,4.5,1.0,0,0.0,0.37037037037037035
AnkiDroid/src/main/res/values-ca/08-widget.xml,6,20,7,27,1,6,2024-08-28,2025-08-26,58,4.5,1.0,0,0.0,0.37037037037037035
AnkiDroid/src/main/res/values-ckb/08-widget.xml,6,20,7,27,1,6,2024-08-28,2025-08-26,58,4.5,1.0,0,0.0,0.37037037037037035
AnkiDroid/src/main/res/values-da/08-widget.xml,6,20,7,27,1,6,2024-08-28,2025-08-26,58,4.5,1.0,0,0.0,0.37037037037037035
AnkiDroid/src/main/res/values-et/08-widget.xml,6,20,7,27,1,6,2024-08-28,2025-08-26,58,4.5,1.0,0,0.0,0.37037037037037035
AnkiDroid/src/main/res/values-eu/08-widget.xml,6,20,7,27,1,6,2024-08-28,2025-08-26,58,4.5,1.0,0,0.0,0.37037037037037035
AnkiDroid/src/main/res/values-fy/08-widget.xml,6,20,7,27,1,6,2024-08-28,2025-08-26,58,4.5,1.0,0,0.0,0.37037037037037035
AnkiDroid/src/main/res/values-kk/08-widget.xml,6,20,7,27,1,6,2024-08-28,2025-08-26,58,4.5,1.0,0,0.0,0.37037037037037035
AnkiDroid/src/main/res/values-ku/08-widget.xml,6,20,7,27,1,6,2024-08-28,2025-08-26,58,4.5,1.0,0,0.0,0.37037037037037035
AnkiDroid/src/main/res/values-ky/08-widget.xml,6,20,7,27,1,6,2024-08-28,2025-08-26,58,4.5,1.0,0,0.0,0.37037037037037035
AnkiDroid/src/main/res/values-mk/08-widget.xml,6,20,7,27,1,6,2024-08-28,2025-08-26,58,4.5,1.0,0,0.0,0.37037037037037035
AnkiDroid/src/main/res/values-mn/08-widget.xml,6,20,7,27,1,6,2024-08-28,2025-08-26,58,4.5,1.0,0,0.0,0.37037037037037035
AnkiDroid/src/main/res/values-mr/08-widget.xml,6,20,7,27,1,6,2024-08-28,2025-08-26,58,4.5,1.0,0,0.0,0.37037037037037035
AnkiDroid/src/main/res/values-nn/08-widget.xml,6,20,7,27,1,6,2024-08-28,2025-08-26,58,4.5,1.0,0,0.0,0.37037037037037035
AnkiDroid/src/main/res/values-no/08-widget.xml,6,20,7,27,1,6,2024-08-28,2025-08-26,58,4.5,1.0,0,0.0,0.37037037037037035
AnkiDroid/src/main/java/com/ichi2/anki/dialogs/CardSideSelectionDialog.kt,5,15,12,27,4,4,2024-10-20,2025-06-03,142,5.4,0.4,0,0.0,0.6296296296296297
AnkiDroid/src/main/java/com/ichi2/anki/notetype/RenameCardTemplateDialog.kt,5,17,10,27,2,3,2024-06-03,2025-06-16,129,5.4,0.8,1,0.2,0.48148148148148145
AnkiDroid/src/test/java/com/ichi2/anki/servicemodel/PreferenceUpgradeServiceTest.kt,5,22,5,27,4,5,2024-07-15,2025-07-05,110,5.4,0.4,0,0.0,0.6296296296296297
AnkiDroid/src/androidTest/java/com/ichi2/anki/TtsVoicesTest.kt,4,16,11,27,2,3,2024-11-06,2025-07-31,84,6.75,0.5,0,0.0,0.48148148148148145
AnkiDroid/src/main/java/com/ichi2/anki/reviewer/AnswerButtons.kt,4,13,14,27,2,2,2024-10-26,2024-12-09,318,6.75,0.75,1,0.25,0.37037037037037035
AnkiDroid/src/main/java/com/ichi2/libanki/backend/BackendUtils.kt,4,13,14,27,2,4,2024-08-03,2025-06-25,120,6.75,0.75,1,0.25,0.37037037037037035
AnkiDroid/src/main/res/values-ko/04-network.xml,4,14,13,27,1,4,2024-06-09,2025-03-02,235,6.75,1.0,0,0.0,0.4444444444444444
AnkiDroid/src/main/res/layout/card_template_editor.xml,3,24,3,27,2,3,2024-05-30,2024-08-30,419,9.0,0.6666666666666666,2,0.6666666666666666,0.5925925925925926
AnkiDroid/src/test/java/com/ichi2/anki/cardviewer/VideoPlayerTest.kt,3,21,6,27,2,3,2024-09-16,2025-07-05,110,9.0,0.6666666666666666,0,0.0,0.7777777777777778
AnkiDroid/src/main/java/com/ichi2/anki/workarounds/DialogTitleView.kt,2,15,12,27,2,2,2024-07-04,2025-03-22,215,13.5,0.5,0,0.0,0.8888888888888888
AnkiDroid/src/main/java/com/ichi2/utils/DisplayUtils.kt,2,18,9,27,2,2,2025-01-22,2025-05-13,163,13.5,0.5,1,0.5,0.7407407407407407
AnkiDroid/src/main/res/layout/card_item_browser.xml,2,15,12,27,2,2,2024-12-26,2025-01-08,288,13.5,0.5,1,0.5,0.9259259259259259
lint-rules/src/main/java/com/ichi2/anki/lint/utils/ext/XmlContext.kt,2,26,1,27,2,2,2024-04-25,2024-05-03,538,13.5,0.5,1,0.5,0.9259259259259259
AnkiDroid/src/main/java/com/ichi2/anki/ui/windows/managespace/ManageSpaceActivity.kt,1,10,17,27,1,1,2025-08-02,2025-08-02,82,27.0,1.0,1,1.0,1.0
AnkiDroid/src/main/java/com/ichi2/compat/CompatV28.kt,1,27,0,27,1,1,2025-07-02,2025-07-02,113,27.0,1.0,1,1.0,1.0
AnkiDroid/src/main/res/layout/rename_flag_layout.xml,1,27,0,27,1,1,2024-04-22,2024-04-22,549,27.0,1.0,0,0.0,1.0
AnkiDroid/src/main/res/menu/browser_column_selection.xml,1,27,0,27,1,1,2025-01-08,2025-01-08,288,27.0,1.0,0,0.0,1.0
AnkiDroid/src/main/res/values-tt/07-cardbrowser.xml,11,19,7,26,1,11,2024-08-08,2025-08-30,54,2.3636363636363638,1.0,0,0.0,0.2692307692307692
AnkiDroid/src/main/res/values-ms/16-multimedia-editor.xml,8,6,20,26,1,8,2024-07-20,2025-07-12,103,3.25,1.0,0,0.0,0.5769230769230769
AnkiDroid/src/main/res/values-my/16-multimedia-editor.xml,8,6,20,26,1,8,2024-07-20,2025-07-12,103,3.25,1.0,0,0.0,0.5769230769230769
AnkiDroid/src/main/res/values-nn/16-multimedia-editor.xml,8,6,20,26,1,8,2024-07-20,2025-07-12,103,3.25,1.0,0,0.0,0.5769230769230769
AnkiDroid/src/main/res/values-no/16-multimedia-editor.xml,8,6,20,26,1,8,2024-07-20,2025-07-12,103,3.25,1.0,0,0.0,0.5769230769230769
AnkiDroid/src/main/res/values-or/16-multimedia-editor.xml,8,6,20,26,1,8,2024-07-20,2025-07-12,103,3.25,1.0,0,0.0,0.5769230769230769
AnkiDroid/src/main/res/values-ro/16-multimedia-editor.xml,8,6,20,26,1,8,2024-07-20,2025-07-12,103,3.25,1.0,0,0.0,0.5769230769230769
AnkiDroid/src/main/res/values-sk/16-multimedia-editor.xml,8,6,20,26,1,8,2024-07-20,2025-07-12,103,3.25,1.0,0,0.0,0.5769230769230769
AnkiDroid/src/main/res/values-sl/16-multimedia-editor.xml,8,6,20,26,1,8,2024-07-20,2025-07-12,103,3.25,1.0,0,0.0,0.5769230769230769
AnkiDroid/src/main/res/values-sq/16-multimedia-editor.xml,8,6,20,26,1,8,2024-07-20,2025-07-12,103,3.25,1.0,0,0.0,0.5769230769230769
AnkiDroid/src/main/res/values-sr/16-multimedia-editor.xml,8,6,20,26,1,8,2024-07-20,2025-07-12,103,3.25,1.0,0,0.0,0.5769230769230769
AnkiDroid/src/main/res/values-tgl/16-multimedia-editor.xml,8,6,20,26,1,8,2024-07-20,2025-07-12,103,3.25,1.0,0,0.0,0.5769230769230769
AnkiDroid/src/main/res/values-ti/16-multimedia-editor.xml,8,6,20,26,1,8,2024-07-20,2025-07-12,103,3.25,1.0,0,0.0,0.5769230769230769
AnkiDroid/src/main/java/com/ichi2/anki/cardviewer/VideoPlayer.kt,7,14,12,26,3,6,2024-12-09,2025-07-27,88,3.7142857142857144,0.7142857142857143,1,0.14285714285714285,0.23076923076923078
AnkiDroid/src/main/res/values-or/11-arrays.xml,7,6,20,26,1,6,2024-09-28,2025-08-03,81,3.7142857142857144,1.0,0,0.0,0.5
AnkiDroid/src/test/java/com/ichi2/anki/dialogs/AsyncDialogFragmentsTest.kt,6,4,22,26,4,5,2024-11-03,2025-03-03,234,4.333333333333333,0.5,0,0.0,0.34615384615384615
README.md,6,16,10,26,6,6,2024-05-17,2025-05-09,167,4.333333333333333,0.16666666666666666,0,0.0,0.23076923076923078
AnkiDroid/src/main/java/com/ichi2/anki/cardviewer/CardSoundConfig.kt,5,16,10,26,1,3,2024-08-14,2025-07-05,110,5.2,1.0,1,0.2,0.2692307692307692
AnkiDroid/src/main/java/com/ichi2/anki/cardviewer/CardTemplate.kt,3,18,8,26,1,1,2024-12-09,2024-12-09,318,8.666666666666666,1.0,1,0.3333333333333333,0.5384615384615384
AnkiDroid/src/main/res/values-da/09-backup.xml,3,13,13,26,1,3,2024-07-14,2025-05-24,152,8.666666666666666,1.0,0,0.0,0.8461538461538461
AnkiDroid/src/test/java/com/ichi2/libanki/NoteTypeTest.kt,3,25,1,26,3,3,2025-05-29,2025-07-05,110,8.666666666666666,0.3333333333333333,0,0.0,0.9230769230769231
common/src/main/java/com/ichi2/anki/common/utils/ext/JSONObject.kt,3,24,2,26,2,2,2025-03-31,2025-06-18,127,8.666666666666666,0.6666666666666666,1,0.3333333333333333,0.8461538461538461
AnkiDroid/src/androidTest/java/com/ichi2/anki/FieldEditLineTest.kt,2,14,12,26,2,2,2024-07-02,2024-12-09,318,13.0,0.5,0,0.0,0.8461538461538461
AnkiDroid/src/main/java/com/ichi2/utils/WebViewDebugging.kt,2,5,21,26,2,2,2024-12-09,2025-10-12,11,13.0,0.5,1,0.5,0.6153846153846154
AnkiDroid/src/main/res/layout/browser_column_cell.xml,2,25,1,26,2,2,2025-01-07,2025-01-30,266,13.0,0.5,1,0.5,0.9230769230769231
AnkiDroid/src/main/res/layout/controls_tab_layout.xml,2,26,0,26,1,2,2025-06-13,2025-06-29,116,13.0,1.0,1,0.5,0.9230769230769231
AnkiDroid/src/main/res/menu/search.xml,2,25,1,26,2,2,2024-05-18,2024-09-08,410,13.0,0.5,1,0.5,0.9230769230769231
AnkiDroid/src/main/java/com/ichi2/anki/utils/ext/RecyclerView.kt,1,26,0,26,1,1,2025-01-06,2025-01-06,290,26.0,1.0,0,0.0,1.0
AnkiDroid/src/main/java/com/ichi2/anki/utils/ext/View.kt,1,26,0,26,1,1,2025-07-06,2025-07-06,109,26.0,1.0,0,0.0,1.0
AnkiDroid/src/test/java/com/ichi2/anki/utils/ext/Card.kt,1,26,0,26,1,1,2025-02-24,2025-02-24,241,26.0,1.0,0,0.0,1.0
AnkiDroid/src/test/java/com/ichi2/testutils/libanki/DeckConfig.kt,1,0,26,26,1,1,2025-01-17,2025-01-17,279,26.0,1.0,0,0.0,1.0
AnkiDroid/src/test/java/com/ichi2/utils/DeckNameComparatorTest.kt,1,0,26,26,1,1,2024-03-21,2024-03-21,581,26.0,1.0,0,0.0,1.0
AnkiDroid/src/main/res/values-az/17-model-manager.xml,7,12,13,25,1,7,2024-10-23,2025-10-14,9,3.5714285714285716,1.0,0,0.0,0.4
AnkiDroid/src/androidTest/java/com/ichi2/anki/tests/LayoutValidationTest.kt,6,16,9,25,3,5,2024-05-21,2025-08-10,74,4.166666666666667,0.5,2,0.3333333333333333,0.36
AnkiDroid/src/main/java/com/ichi2/anki/reviewer/AnswerTimer.kt,6,14,11,25,2,4,2024-08-14,2025-07-05,110,4.166666666666667,0.8333333333333334,1,0.16666666666666666,0.24
AnkiDroid/src/main/res/values-sk/08-widget.xml,5,20,5,25,1,5,2024-08-28,2025-08-26,58,5.0,1.0,0,0.0,0.48
api/build.gradle.kts,5,14,11,25,3,5,2024-06-14,2025-10-14,9,5.0,0.6,0,0.0,0.52
AnkiDroid/src/main/java/com/ichi2/anki/dialogs/KeySelectionDialogUtils.kt,2,13,12,25,1,1,2024-12-09,2024-12-09,318,12.5,1.0,0,0.0,0.92
AnkiDroid/src/main/java/com/ichi2/anki/settings/enums/PrefEnum.kt,2,24,1,25,1,2,2025-01-16,2025-08-03,81,12.5,1.0,0,0.0,0.8
AnkiDroid/src/main/java/com/ichi2/anki/utils/ext/SavedStateHandle.kt,2,24,1,25,1,2,2025-06-05,2025-08-09,75,12.5,1.0,2,1.0,0.92
AnkiDroid/src/test/java/com/ichi2/anki/reviewer/AutomaticAnswerAndroidTest.kt,2,16,9,25,2,2,2024-11-19,2025-01-17,279,12.5,0.5,0,0.0,0.92
AnkiDroid/src/test/java/com/ichi2/utils/JSONObjectTest.kt,2,21,4,25,2,2,2023-12-04,2025-06-18,127,12.5,0.5,1,0.5,0.84
AnkiDroid/src/main/java/com/ichi2/anki/android/input/ShortcutGroupProvider.kt,1,25,0,25,1,1,2024-11-06,2024-11-06,351,25.0,1.0,0,0.0,1.0
AnkiDroid/src/main/res/anim/jump.xml,1,25,0,25,1,1,2025-08-11,2025-08-11,73,25.0,1.0,0,0.0,1.0
AnkiDroid/src/main/res/anim/jump_fast.xml,1,25,0,25,1,1,2025-08-11,2025-08-11,73,25.0,1.0,0,0.0,1.0
AnkiDroid/src/main/res/drawable/ic_audioclip_white.xml,1,0,25,25,1,1,2024-08-01,2024-08-01,448,25.0,1.0,0,0.0,1.0
AnkiDroid/src/test/java/com/ichi2/testutils/ext/AnkiActivity.kt,1,25,0,25,1,1,2025-07-07,2025-07-07,108,25.0,1.0,0,0.0,1.0
AnkiDroid/src/test/java/com/ichi2/utils/ExceptionUtilTest.kt,1,0,25,25,1,1,2024-08-27,2024-08-27,422,25.0,1.0,0,0.0,1.0
libanki/testutils/src/main/java/com/ichi2/anki/libanki/testutils/ext/Card.kt,1,25,0,25,1,1,2025-07-21,2025-07-21,94,25.0,1.0,0,0.0,1.0
gradle/wrapper/gradle-wrapper.properties,12,12,12,24,3,12,2024-06-17,2025-08-01,83,2.0,0.75,0,0.0,0.08333333333333333
AnkiDroid/src/test/java/com/ichi2/anki/ui/internationalization/SentenceCaseTest.kt,8,19,5,24,2,8,2024-04-29,2025-07-18,97,3.0,0.875,0,0.0,0.4166666666666667
.github/workflows/milestone.yml,6,12,12,24,4,6,2024-05-14,2025-09-03,50,4.0,0.5,0,0.0,0.25
AnkiDroid/src/main/res/values-ind/08-widget.xml,6,18,6,24,1,6,2024-08-28,2025-08-26,58,4.0,1.0,0,0.0,0.375
AnkiDroid/src/main/res/values-it/11-arrays.xml,6,5,19,24,1,6,2024-09-28,2025-08-03,81,4.0,1.0,0,0.0,0.5416666666666666
AnkiDroid/src/main/res/values-ms/08-widget.xml,6,18,6,24,1,6,2024-08-28,2025-08-26,58,4.0,1.0,0,0.0,0.375
AnkiDroid/src/main/res/values-my/08-widget.xml,6,18,6,24,1,6,2024-08-28,2025-08-26,58,4.0,1.0,0,0.0,0.375
docs/marketing/localized_description/marketdescription-eo.txt,6,12,12,24,1,6,2024-09-21,2025-07-29,86,4.0,1.0,0,0.0,0.25
docs/marketing/localized_description/marketdescription-tr.txt,5,12,12,24,1,5,2025-01-26,2025-07-05,110,4.8,1.0,0,0.0,0.5
AnkiDroid/src/main/java/com/ichi2/anki/DrawingActivity.kt,4,20,4,24,4,4,2024-04-28,2025-05-10,166,6.0,0.25,0,0.0,0.625
docs/marketing/localized_description/marketdescription-am.txt,3,12,12,24,1,3,2024-09-03,2025-06-30,115,8.0,1.0,0,0.0,0.75
AnkiDroid/src/main/java/com/ichi2/anki/LeakCanaryConfiguration.kt,2,14,10,24,1,1,2024-12-09,2024-12-09,318,12.0,1.0,0,0.0,0.8333333333333334
AnkiDroid/src/main/java/com/ichi2/anki/libanki/Notetypes.kt,2,12,12,24,1,1,2025-07-05,2025-07-05,110,12.0,1.0,0,0.0,1.0
AnkiDroid/src/main/res/drawable/ic_add_photo.xml,2,12,12,24,1,2,2024-06-13,2024-07-21,459,12.0,1.0,0,0.0,0.5
libanki/src/main/java/com/ichi2/anki/libanki/Sync.kt,2,0,24,24,1,2,2025-06-18,2025-07-06,109,12.0,1.0,0,0.0,1.0
AnkiDroid/src/main/java/com/ichi2/anki/pages/StatisticsDestination.kt,1,24,0,24,1,1,2025-09-06,2025-09-06,47,24.0,1.0,0,0.0,1.0
AnkiDroid/src/main/java/com/ichi2/libanki/Sync.kt,1,10,14,24,1,1,2024-12-09,2024-12-09,318,24.0,1.0,1,1.0,1.0
AnkiDroid/src/main/res/anim/blink.xml,1,24,0,24,1,1,2025-08-11,2025-08-11,73,24.0,1.0,0,0.0,1.0
AnkiDroid/src/main/res/layout/reviewer_menu_display_type.xml,1,24,0,24,1,1,2024-12-13,2024-12-13,314,24.0,1.0,0,0.0,1.0
AnkiDroid/src/main/res/values-v35/theme_light.xml,1,24,0,24,1,1,2025-07-05,2025-07-05,110,24.0,1.0,0,0.0,1.0
AnkiDroid/src/test/java/com/ichi2/anki/dialogs/utils/MaterialDialogUtils.kt,1,0,24,24,1,1,2024-05-21,2024-05-21,520,24.0,1.0,0,0.0,1.0
AnkiDroid/src/main/res/values-ms/07-cardbrowser.xml,11,19,4,23,1,11,2024-08-08,2025-08-30,54,2.090909090909091,1.0,0,0.0,0.30434782608695654
AnkiDroid/src/main/res/values-my/07-cardbrowser.xml,11,19,4,23,1,11,2024-08-08,2025-08-30,54,2.090909090909091,1.0,0,0.0,0.30434782608695654
AnkiDroid/src/main/res/values-nn/07-cardbrowser.xml,11,19,4,23,1,11,2024-08-08,2025-08-30,54,2.090909090909091,1.0,0,0.0,0.30434782608695654
AnkiDroid/src/main/res/values-no/07-cardbrowser.xml,11,19,4,23,1,11,2024-08-08,2025-08-30,54,2.090909090909091,1.0,0,0.0,0.30434782608695654
AnkiDroid/src/main/res/values-cs/17-model-manager.xml,9,11,12,23,1,9,2024-10-23,2025-06-27,118,2.5555555555555554,1.0,0,0.0,0.2608695652173913
AnkiDroid/src/main/res/values-fa/17-model-manager.xml,8,11,12,23,1,8,2024-10-23,2025-06-17,128,2.875,1.0,0,0.0,0.2608695652173913
AnkiDroid/src/main/java/com/ichi2/anki/preferences/NotificationsSettingsFragment.kt,5,12,11,23,4,4,2024-10-20,2025-05-10,166,4.6,0.4,0,0.0,0.6521739130434783
AnkiDroid/src/main/res/values-gl/04-network.xml,5,12,11,23,1,5,2024-06-09,2025-06-13,132,4.6,1.0,0,0.0,0.6956521739130435
AnkiDroid/src/main/java/com/ichi2/anki/introduction/SetupCollectionFragment.kt,4,8,15,23,3,3,2024-07-15,2025-03-30,207,5.75,0.5,0,0.0,0.43478260869565216
AnkiDroid/src/main/java/com/ichi2/anki/utils/ext/Fragment.kt,4,20,3,23,3,4,2024-05-16,2024-12-21,306,5.75,0.5,1,0.25,0.391304347826087
AnkiDroid/src/main/res/values-sl/08-widget.xml,4,19,4,23,1,4,2024-08-28,2025-08-26,58,5.75,1.0,0,0.0,0.5217391304347826
AnkiDroid/src/main/res/values-az/04-network.xml,3,12,11,23,1,3,2024-06-09,2025-10-14,9,7.666666666666667,1.0,0,0.0,0.8695652173913043
AnkiDroid/src/main/res/values-sat/04-network.xml,3,12,11,23,1,3,2024-06-09,2025-03-17,220,7.666666666666667,1.0,0,0.0,0.5217391304347826
AnkiDroid/src/main/java/com/ichi2/preferences/HeaderPreference.kt,2,20,3,23,2,2,2024-05-23,2024-11-26,331,11.5,0.5,1,0.5,0.6956521739130435
AnkiDroid/src/main/java/com/ichi2/widget/deckpicker/DeckPickerWidgetPreferences.kt,2,9,14,23,2,2,2024-08-27,2025-09-09,44,11.5,0.5,0,0.0,0.6086956521739131
AnkiDroid/src/main/java/com/ichi2/anki/preferences/profiles/SwitchProfilesFragment.kt,1,23,0,23,1,1,2025-08-26,2025-08-26,58,23.0,1.0,0,0.0,1.0
AnkiDroid/src/main/java/com/ichi2/anki/utils/Destination.kt,1,23,0,23,1,1,2025-02-07,2025-02-07,258,23.0,1.0,0,0.0,1.0
AnkiDroid/src/main/res/drawable/edit_text_color_enabled_selector.xml,1,0,23,23,1,1,2024-10-26,2024-10-26,362,23.0,1.0,0,0.0,1.0
AnkiDroid/src/main/res/layout/activity_instant_note_editor.xml,1,23,0,23,1,1,2024-05-29,2024-05-29,512,23.0,1.0,0,0.0,1.0
AnkiDroid/src/main/res/layout/item_media_check.xml,1,23,0,23,1,1,2025-02-19,2025-02-19,246,23.0,1.0,0,0.0,1.0
AnkiDroid/src/main/res/layout/item_stats_deck.xml,1,23,0,23,1,1,2024-02-24,2024-02-24,607,23.0,1.0,0,0.0,1.0
AnkiDroid/src/main/res/values-v35/theme_black.xml,1,23,0,23,1,1,2025-07-05,2025-07-05,110,23.0,1.0,0,0.0,1.0
AnkiDroid/src/main/res/values-v35/theme_dark.xml,1,23,0,23,1,1,2025-07-05,2025-07-05,110,23.0,1.0,0,0.0,1.0
AnkiDroid/src/main/res/values-v35/theme_plain.xml,1,23,0,23,1,1,2025-07-05,2025-07-05,110,23.0,1.0,0,0.0,1.0
AnkiDroid/src/test/java/com/ichi2/anki/RunInBackground.kt,1,0,23,23,1,1,2025-07-22,2025-07-22,93,23.0,1.0,0,0.0,1.0
AnkiDroid/src/test/java/com/ichi2/testutils/MockUtils.kt,1,23,0,23,1,1,2024-04-26,2024-04-26,545,23.0,1.0,0,0.0,1.0
tools/crashes-data-mining/readme.txt,1,0,23,23,1,1,2024-07-07,2024-07-07,473,23.0,1.0,0,0.0,1.0
.github/workflows/sync_translations.yml,7,11,11,22,4,6,2024-04-25,2025-09-03,50,3.142857142857143,0.42857142857142855,1,0.14285714285714285,0.4090909090909091
tools/localization/src/constants.ts,6,5,17,22,3,5,2024-05-04,2025-08-04,80,3.6666666666666665,0.6666666666666666,1,0.16666666666666666,0.5454545454545454
AnkiDroid/src/main/java/com/ichi2/anki/model/CardsOrNotes.kt,5,12,10,22,2,4,2024-08-14,2025-07-05,110,4.4,0.8,0,0.0,0.45454545454545453
AnkiDroid/src/main/java/com/ichi2/anki/multimediacard/fields/IField.kt,5,10,12,22,3,4,2024-07-17,2025-07-05,110,4.4,0.6,0,0.0,0.4090909090909091
.github/workflows/label.yml,4,10,12,22,3,4,2024-05-04,2025-09-03,50,5.5,0.5,0,0.0,0.5909090909090909
AnkiDroid/src/main/assets/flashcard.css,4,11,11,22,3,4,2024-10-18,2025-06-08,137,5.5,0.5,3,0.75,0.3181818181818182
AnkiDroid/src/main/res/values-ro/08-widget.xml,4,18,4,22,1,4,2024-08-28,2025-08-26,58,5.5,1.0,0,0.0,0.5
AnkiDroid/src/main/res/values-sr/08-widget.xml,4,18,4,22,1,4,2024-08-28,2025-08-26,58,5.5,1.0,0,0.0,0.5
.github/ISSUE_TEMPLATE/bug_report_form.yml,3,6,16,22,1,3,2024-08-27,2024-12-18,309,7.333333333333333,1.0,3,1.0,0.7272727272727273
AnkiDroid/src/androidTest/java/com/ichi2/anki/tests/libanki/RetryRule.kt,3,14,8,22,1,1,2024-12-09,2024-12-09,318,7.333333333333333,1.0,1,0.3333333333333333,0.45454545454545453
AnkiDroid/src/main/res/values-kn/09-backup.xml,3,11,11,22,1,3,2024-04-27,2025-05-24,152,7.333333333333333,1.0,0,0.0,0.45454545454545453
libanki/src/test/java/com/ichi2/anki/libanki/FinderTest.kt,3,7,15,22,2,3,2025-07-07,2025-07-28,87,7.333333333333333,0.6666666666666666,0,0.0,0.5909090909090909
AnkiDroid/src/androidTest/java/com/ichi2/anki/testutil/NoteEditorFragment.kt,2,10,12,22,1,2,2025-07-09,2025-07-16,99,11.0,1.0,0,0.0,0.6818181818181818
AnkiDroid/src/main/res/layout/permissions_tiramisu.xml,2,1,21,22,2,2,2025-08-03,2025-08-27,57,11.0,0.5,0,0.0,0.9090909090909091
AnkiDroid/src/main/res/values-uz/05-feedback.xml,2,11,11,22,1,2,2025-06-24,2025-06-27,118,11.0,1.0,0,0.0,0.9090909090909091
AnkiDroid/src/test/java/com/ichi2/testutils/IntentAssert.kt,2,15,7,22,2,2,2024-07-02,2024-07-15,465,11.0,0.5,0,0.0,0.8181818181818182
lint-rules/src/test/java/com/ichi2/anki/lint/testutils/LintAssert.kt,2,19,3,22,1,2,2024-09-30,2025-03-13,224,11.0,1.0,1,0.5,0.8181818181818182
AnkiDroid/src/main/java/com/ichi2/anki/dialogs/DeckPickerBackupNoSpaceLeftDialog.kt,1,11,11,22,1,1,2024-12-09,2024-12-09,318,22.0,1.0,1,1.0,1.0
AnkiDroid/src/main/res/drawable/ic_round_open_in_new.xml,1,22,0,22,1,1,2024-05-14,2024-05-14,527,22.0,1.0,0,0.0,1.0
AnkiDroid/src/main/res/layout/fragment_switch_profiles.xml,1,22,0,22,1,1,2025-08-26,2025-08-26,58,22.0,1.0,0,0.0,1.0
tools/crashes-data-mining/create-database.sql,1,0,22,22,1,1,2024-07-07,2024-07-07,473,22.0,1.0,0,0.0,1.0
AnkiDroid/src/main/res/values-ja/17-model-manager.xml,9,10,11,21,1,9,2024-08-01,2025-06-25,120,2.3333333333333335,1.0,0,0.0,0.19047619047619047
AnkiDroid/src/main/res/values-pt-rBR/17-model-manager.xml,9,10,11,21,1,9,2024-08-01,2025-06-30,115,2.3333333333333335,1.0,0,0.0,0.19047619047619047
AnkiDroid/src/main/res/values-de/17-model-manager.xml,8,10,11,21,1,8,2024-10-23,2025-09-03,50,2.625,1.0,0,0.0,0.2857142857142857
AnkiDroid/src/main/res/values-es-rAR/17-model-manager.xml,8,10,11,21,1,8,2024-10-23,2025-06-17,128,2.625,1.0,0,0.0,0.2857142857142857
AnkiDroid/src/main/res/values-es-rES/17-model-manager.xml,8,10,11,21,1,8,2024-10-23,2025-06-17,128,2.625,1.0,0,0.0,0.2857142857142857
AnkiDroid/src/main/res/values-fr/17-model-manager.xml,8,10,11,21,1,8,2024-10-23,2025-07-25,90,2.625,1.0,0,0.0,0.2857142857142857
AnkiDroid/src/main/res/values-am/17-model-manager.xml,7,10,11,21,1,7,2024-09-03,2025-06-17,128,3.0,1.0,0,0.0,0.2857142857142857
AnkiDroid/src/main/res/values-tr/17-model-manager.xml,6,10,11,21,1,6,2025-02-08,2025-07-05,110,3.5,1.0,0,0.0,0.6666666666666666
AnkiDroid/src/main/java/com/ichi2/anki/BackendBackups.kt,5,9,12,21,2,5,2024-12-09,2025-08-03,81,4.2,0.8,0,0.0,0.5714285714285714
AnkiDroid/src/main/res/values-kn/18-standard-models.xml,5,6,15,21,1,5,2024-04-27,2025-04-10,196,4.2,1.0,0,0.0,0.42857142857142855
AnkiDroid/src/main/res/values-fa/04-network.xml,4,11,10,21,1,4,2024-06-09,2025-07-30,85,5.25,1.0,0,0.0,0.7619047619047619
AnkiDroid/src/main/res/values-sq/08-widget.xml,4,17,4,21,1,4,2024-08-28,2025-08-26,58,5.25,1.0,0,0.0,0.47619047619047616
AnkiDroid/src/main/res/values-tgl/08-widget.xml,4,17,4,21,1,4,2024-08-28,2025-08-26,58,5.25,1.0,0,0.0,0.47619047619047616
AnkiDroid/src/main/res/values-ti/08-widget.xml,4,17,4,21,1,4,2024-08-28,2025-08-26,58,5.25,1.0,0,0.0,0.47619047619047616
AnkiDroid/src/test/java/com/ichi2/compat/Test21And26.kt,4,13,8,21,3,4,2024-07-15,2025-03-22,215,5.25,0.5,0,0.0,0.47619047619047616
AnkiDroid/src/main/java/com/ichi2/anki/multimediacard/fields/MediaClipField.kt,3,14,7,21,2,3,2024-10-20,2025-01-10,286,7.0,0.6666666666666666,0,0.0,0.7142857142857143
AnkiDroid/src/main/java/com/ichi2/anki/reviewer/FullScreenMode.kt,3,13,8,21,1,1,2024-12-09,2024-12-09,318,7.0,1.0,1,0.3333333333333333,0.6190476190476191
AnkiDroid/src/main/java/com/ichi2/anki/utils/Resources.kt,3,11,10,21,2,3,2024-11-23,2025-06-18,127,7.0,0.6666666666666666,1,0.3333333333333333,0.6666666666666666
AnkiDroid/src/main/java/com/ichi2/utils/AndroidUiUtils.kt,2,21,0,21,2,2,2025-06-30,2025-10-11,12,10.5,0.5,2,1.0,0.6190476190476191
AnkiDroid/src/test/java/com/ichi2/testutils/ReflectionUtils.kt,2,9,12,21,1,2,2024-12-05,2024-12-10,317,10.5,1.0,0,0.0,0.8095238095238095
lint-rules/src/main/java/com/ichi2/anki/lint/rules/DuplicateCrowdInStrings.kt,2,17,4,21,2,2,2023-12-04,2024-07-15,465,10.5,0.5,0,0.0,0.7619047619047619
tools/check-keystore.sh,2,21,0,21,2,2,2024-06-22,2024-09-30,388,10.5,0.5,1,0.5,1.0
AnkiDroid/src/main/res/drawable/ic_menu_24.xml,1,21,0,21,1,1,2025-08-07,2025-08-07,77,21.0,1.0,0,0.0,1.0
AnkiDroid/src/main/res/drawable/ic_remove.xml,1,21,0,21,1,1,2025-01-08,2025-01-08,288,21.0,1.0,0,0.0,1.0
AnkiDroid/src/main/res/values/19-onboarding.xml,1,0,21,21,1,1,2024-08-24,2024-08-24,425,21.0,1.0,0,0.0,1.0
common/src/main/java/com/ichi2/anki/common/utils/android/TestUtils.kt,1,21,0,21,1,1,2024-05-29,2024-05-29,512,21.0,1.0,0,0.0,1.0
AnkiDroid/src/main/res/values-ro/07-cardbrowser.xml,10,16,4,20,1,10,2024-08-08,2025-08-30,54,2.0,1.0,0,0.0,0.35
AnkiDroid/src/main/res/values-sk/07-cardbrowser.xml,10,16,4,20,1,10,2024-08-08,2025-08-30,54,2.0,1.0,0,0.0,0.35
AnkiDroid/src/main/res/values-sl/07-cardbrowser.xml,10,16,4,20,1,10,2024-08-08,2025-08-30,54,2.0,1.0,0,0.0,0.35
AnkiDroid/src/main/res/values-sq/07-cardbrowser.xml,10,16,4,20,1,10,2024-08-08,2025-08-30,54,2.0,1.0,0,0.0,0.35
AnkiDroid/src/main/res/values-sr/07-cardbrowser.xml,10,16,4,20,1,10,2024-08-08,2025-08-30,54,2.0,1.0,0,0.0,0.35
AnkiDroid/src/main/res/values-tgl/07-cardbrowser.xml,10,16,4,20,1,10,2024-08-08,2025-08-30,54,2.0,1.0,0,0.0,0.35
AnkiDroid/src/main/res/values-th/07-cardbrowser.xml,10,16,4,20,1,10,2024-08-08,2025-08-30,54,2.0,1.0,0,0.0,0.35
AnkiDroid/src/main/res/values-ti/07-cardbrowser.xml,10,16,4,20,1,10,2024-08-08,2025-08-30,54,2.0,1.0,0,0.0,0.35
AnkiDroid/src/test/java/com/ichi2/anki/libanki/DecksTest.kt,5,10,10,20,1,3,2025-06-15,2025-07-07,108,4.0,1.0,0,0.0,0.6
AnkiDroid/src/androidTest/java/com/ichi2/anki/tests/NotificationChannelTest.kt,4,8,12,20,2,3,2024-04-29,2025-03-31,206,5.0,0.75,1,0.25,0.5
AnkiDroid/src/main/res/values-th/08-widget.xml,4,16,4,20,1,4,2024-08-28,2025-08-26,58,5.0,1.0,0,0.0,0.45
AnkiDroid/src/main/res/values-tt/08-widget.xml,4,16,4,20,1,4,2024-08-28,2025-08-26,58,5.0,1.0,0,0.0,0.45
tools/localization/src/download.ts,4,10,10,20,1,1,2025-08-02,2025-08-02,82,5.0,1.0,2,0.5,0.3
AnkiDroid/src/main/java/com/ichi2/anki/LanguageUtils.kt,3,12,8,20,3,3,2024-07-15,2025-07-31,84,6.666666666666667,0.3333333333333333,0,0.0,0.5
AnkiDroid/src/main/java/com/ichi2/anki/cardviewer/CardAppearance.kt,3,13,7,20,1,1,2024-12-09,2024-12-09,318,6.666666666666667,1.0,1,0.3333333333333333,0.6
AnkiDroid/src/main/java/com/ichi2/anki/multimediacard/fields/AudioRecordingField.kt,3,14,6,20,2,3,2024-10-20,2025-01-10,286,6.666666666666667,0.6666666666666666,0,0.0,0.7
AnkiDroid/src/main/java/com/ichi2/preferences/NumberRangePreferenceCompat.kt,3,17,3,20,3,3,2024-11-26,2025-06-26,119,6.666666666666667,0.3333333333333333,1,0.3333333333333333,0.7
AnkiDroid/src/main/java/com/ichi2/preferences/SliderPreference.kt,3,17,3,20,3,3,2024-07-13,2025-06-26,119,6.666666666666667,0.3333333333333333,0,0.0,0.7
AnkiDroid/src/main/res/values-ta/05-feedback.xml,3,10,10,20,1,3,2024-09-01,2024-10-02,386,6.666666666666667,1.0,0,0.0,0.5
AnkiDroid/src/main/java/com/ichi2/anki/libanki/Collection.kt,2,10,10,20,1,1,2025-07-05,2025-07-05,110,10.0,1.0,0,0.0,1.0
AnkiDroid/src/main/res/values-pa/05-feedback.xml,2,10,10,20,1,2,2024-09-28,2025-01-02,294,10.0,1.0,0,0.0,0.8
.github/ISSUE_TEMPLATE/feature_request.md,1,0,20,20,1,1,2024-05-10,2024-05-10,531,20.0,1.0,0,0.0,1.0
AnkiDroid/src/main/java/com/ichi2/utils/ReflectionUtils.kt,1,0,20,20,1,1,2024-12-05,2024-12-05,322,20.0,1.0,0,0.0,1.0
AnkiDroid/src/main/res/drawable/ic_deselect_white.xml,1,20,0,20,1,1,2025-06-20,2025-06-20,125,20.0,1.0,0,0.0,1.0
AnkiDroid/src/main/res/values-gu/05-feedback.xml,1,10,10,20,1,1,2024-06-01,2024-06-01,509,20.0,1.0,0,0.0,1.0
AnkiDroid/src/main/res/values-lv/05-feedback.xml,1,10,10,20,1,1,2025-04-19,2025-04-19,187,20.0,1.0,0,0.0,1.0
tools/localization/.eslintrc.js,1,0,20,20,1,1,2024-08-16,2024-08-16,433,20.0,1.0,0,0.0,1.0
AnkiDroid/src/main/res/values-sv/17-model-manager.xml,8,9,10,19,1,8,2024-07-30,2025-08-22,62,2.375,1.0,0,0.0,0.3157894736842105
AnkiDroid/src/main/res/values-da/17-model-manager.xml,7,9,10,19,1,7,2024-07-14,2025-06-17,128,2.7142857142857144,1.0,0,0.0,0.3157894736842105
AnkiDroid/src/test/java/com/ichi2/anki/ActivityStartupUnderBackupTest.kt,7,11,8,19,4,7,2024-04-29,2025-07-22,93,2.7142857142857144,0.42857142857142855,1,0.14285714285714285,0.42105263157894735
AnkiDroid/src/main/res/values/theme_plain.xml,6,13,6,19,5,6,2024-05-21,2025-06-29,116,3.1666666666666665,0.3333333333333333,1,0.16666666666666666,0.42105263157894735
AnkiDroid/src/main/java/com/ichi2/anki/Ease.kt,5,16,3,19,3,3,2024-10-02,2024-12-09,318,3.8,0.6,1,0.2,0.3684210526315789
AnkiDroid/src/main/java/com/ichi2/anki/ui/windows/managespace/FileUtils.kt,4,15,4,19,2,3,2024-07-15,2024-12-09,318,4.75,0.75,2,0.5,0.42105263157894735
AnkiDroid/src/main/res/values-am/18-standard-models.xml,4,5,14,19,1,4,2024-07-18,2025-04-10,196,4.75,1.0,0,0.0,0.47368421052631576
AnkiDroid/src/main/res/values-ar/18-standard-models.xml,4,5,14,19,1,4,2024-07-18,2025-07-05,110,4.75,1.0,0,0.0,0.47368421052631576
AnkiDroid/src/main/res/values-eo/04-network.xml,4,10,9,19,1,4,2024-06-09,2024-10-23,365,4.75,1.0,0,0.0,0.7368421052631579
AnkiDroid/src/main/res/values-gl/18-standard-models.xml,4,5,14,19,1,4,2024-07-18,2025-04-19,187,4.75,1.0,0,0.0,0.47368421052631576
AnkiDroid/src/main/res/values-got/18-standard-models.xml,4,5,14,19,1,4,2024-07-18,2025-09-09,44,4.75,1.0,0,0.0,0.47368421052631576
AnkiDroid/src/main/res/values-te/18-standard-models.xml,4,5,14,19,1,4,2024-05-01,2025-04-10,196,4.75,1.0,0,0.0,0.47368421052631576
AnkiDroid/src/main/java/com/ichi2/anki/ui/windows/permissions/PermissionItem.kt,3,17,2,19,3,3,2024-06-11,2025-07-11,104,6.333333333333333,0.3333333333333333,1,0.3333333333333333,0.631578947368421
AnkiDroid/src/main/res/values-kn/04-network.xml,3,10,9,19,1,3,2024-04-27,2024-06-09,501,6.333333333333333,1.0,0,0.0,0.8421052631578947
AnkiDroid/src/test/java/com/ichi2/anki/dialogs/utils/AlertDialogUtils.kt,3,17,2,19,3,3,2024-02-28,2024-12-13,314,6.333333333333333,0.3333333333333333,0,0.0,0.7894736842105263
AnkiDroid/src/main/java/com/ichi2/libanki/BackendUndo.kt,2,6,13,19,1,2,2024-12-09,2025-07-05,110,9.5,1.0,1,0.5,0.8947368421052632
AnkiDroid/src/main/res/layout/locale_selection_dialog.xml,2,8,11,19,2,2,2024-09-27,2025-03-22,215,9.5,0.5,0,0.0,0.8947368421052632
AnkiDroid/src/main/res/layout/spinner_custom_layout.xml,1,0,19,19,1,1,2025-01-08,2025-01-08,288,19.0,1.0,0,0.0,1.0
AnkiDroid/src/test/java/com/ichi2/testutils/LintTests.kt,1,0,19,19,1,1,2025-01-04,2025-01-04,292,19.0,1.0,0,0.0,1.0
libanki/src/test/java/com/ichi2/anki/libanki/NotetypesTest.kt,1,8,11,19,1,1,2025-07-07,2025-07-07,108,19.0,1.0,0,0.0,1.0
libanki/testutils/src/main/java/com/ichi2/anki/libanki/testutils/HtmlUtils.kt,1,19,0,19,1,1,2025-07-07,2025-07-07,108,19.0,1.0,0,0.0,1.0
tools/localization/.gitignore,1,18,1,19,1,1,2024-12-02,2024-12-02,325,19.0,1.0,0,0.0,1.0
AnkiDroid/src/test/java/com/ichi2/utils/UniqueArrayListTest.kt,6,10,8,18,6,6,2023-12-04,2025-03-23,214,3.0,0.16666666666666666,0,0.0,0.3888888888888889
gradlew,6,10,8,18,2,6,2024-06-17,2025-08-01,83,3.0,0.8333333333333334,0,0.0,0.2777777777777778
.github/workflows/conflict.yaml,5,15,3,18,4,5,2024-04-29,2025-09-03,50,3.6,0.4,2,0.4,0.6111111111111112
AnkiDroid/src/main/res/values-ta/06-statistics.xml,5,7,11,18,1,5,2024-08-27,2025-01-05,291,3.6,1.0,0,0.0,0.3333333333333333
api/src/main/java/com/ichi2/anki/api/AddContentApi.kt,4,10,8,18,3,4,2024-07-15,2025-03-16,221,4.5,0.5,0,0.0,0.5555555555555556
.github/ISSUE_TEMPLATE/config.yml,3,15,3,18,2,3,2024-05-10,2024-11-13,344,6.0,0.6666666666666666,1,0.3333333333333333,0.5555555555555556
AnkiDroid/src/androidTest/java/com/ichi2/anki/FilteredDeckOptionsTest.kt,3,9,9,18,2,3,2024-11-11,2025-06-05,140,6.0,0.6666666666666666,0,0.0,0.5555555555555556
AnkiDroid/src/main/java/com/ichi2/anki/dialogs/DeckPickerAnalyticsOptInDialog.kt,3,11,7,18,2,3,2024-07-15,2024-12-09,318,6.0,0.6666666666666666,1,0.3333333333333333,0.4444444444444444
AnkiDroid/src/test/java/com/ichi2/anki/NoteTypeFieldEditorTest.kt,3,9,9,18,2,3,2025-05-29,2025-07-22,93,6.0,0.6666666666666666,0,0.0,0.6666666666666666
AnkiDroid/src/test/java/com/ichi2/ui/BindingPreferenceTest.kt,3,9,9,18,1,3,2025-02-05,2025-03-22,215,6.0,1.0,0,0.0,0.6666666666666666
libanki/src/test/java/com/ichi2/anki/libanki/AbstractSchedTest.kt,3,8,10,18,2,3,2025-07-07,2025-07-28,87,6.0,0.6666666666666666,0,0.0,0.5555555555555556
AnkiDroid/src/main/java/com/ichi2/anki/dialogs/AsyncDialogFragment.kt,2,15,3,18,1,2,2024-12-09,2025-06-17,128,9.0,1.0,2,1.0,0.7222222222222222
AnkiDroid/src/main/res/values-night/colors.xml,2,9,9,18,1,2,2025-02-17,2025-06-29,116,9.0,1.0,0,0.0,0.5
AnkiDroid/src/main/java/com/ichi2/anki/utils/ext/CharSequence.kt,1,18,0,18,1,1,2025-01-16,2025-01-16,280,18.0,1.0,0,0.0,1.0
AnkiDroid/src/main/res/drawable/brush_preview_background.xml,1,18,0,18,1,1,2025-09-05,2025-09-05,48,18.0,1.0,0,0.0,1.0
AnkiDroid/src/main/res/menu/media_check_menu.xml,1,12,6,18,1,1,2025-05-17,2025-05-17,159,18.0,1.0,0,0.0,1.0
AnkiDroid/src/main/res/values-uk/17-model-manager.xml,7,8,9,17,1,7,2025-02-08,2025-08-03,81,2.4285714285714284,1.0,0,0.0,0.35294117647058826
AnkiDroid/src/main/res/values-el/04-network.xml,5,9,8,17,1,5,2024-06-09,2025-06-24,121,3.4,1.0,0,0.0,0.47058823529411764
AnkiDroid/src/main/res/values-fa/18-standard-models.xml,4,4,13,17,1,4,2024-07-18,2025-08-23,61,4.25,1.0,0,0.0,0.5294117647058824
AnkiDroid/src/main/java/com/ichi2/anki/libanki/Decks.kt,3,8,9,17,1,2,2025-07-05,2025-07-06,109,5.666666666666667,1.0,0,0.0,0.8235294117647058
AnkiDroid/src/test/java/com/ichi2/anki/cardviewer/MediaErrorHandlerTest.kt,3,9,8,17,2,3,2025-03-22,2025-07-07,108,5.666666666666667,0.6666666666666666,0,0.0,0.7058823529411765
AnkiDroid/src/main/res/layout/control_preference_list_item.xml,2,15,2,17,1,2,2025-02-05,2025-02-14,251,8.5,1.0,0,0.0,0.8235294117647058
AnkiDroid/src/test/java/com/ichi2/anki/preferences/SettingsSearchBarTest.kt,2,9,8,17,1,2,2024-11-23,2024-12-10,317,8.5,1.0,0,0.0,0.5882352941176471
AnkiDroid/src/test/java/com/ichi2/anki/reviewer/AutomaticAnswerTest.kt,2,11,6,17,2,2,2024-11-19,2025-06-23,122,8.5,0.5,1,0.5,0.8823529411764706
AnkiDroid/src/test/java/com/ichi2/testutils/AndroidTest.kt,2,14,3,17,1,2,2024-12-17,2025-07-08,107,8.5,1.0,1,0.5,0.8823529411764706
AnkiDroid/src/main/java/com/ichi2/utils/KotlinCleanup.kt,1,0,17,17,1,1,2024-06-23,2024-06-23,487,17.0,1.0,0,0.0,1.0
AnkiDroid/src/test/java/com/ichi2/utils/NamedJSONComparatorTest.kt,1,8,9,17,1,1,2025-03-13,2025-03-13,224,17.0,1.0,0,0.0,1.0
AnkiDroid/src/main/res/values-fa/09-backup.xml,7,8,8,16,1,6,2024-07-30,2025-08-23,61,2.2857142857142856,1.0,0,0.0,0.25
AnkiDroid/src/main/res/values-gl/09-backup.xml,6,8,8,16,1,6,2024-10-23,2025-06-10,135,2.6666666666666665,1.0,0,0.0,0.375
AnkiDroid/src/main/java/com/ichi2/compat/CompatV31.kt,5,8,8,16,4,5,2024-08-01,2025-08-28,56,3.2,0.4,1,0.2,0.3125
docs/marketing/localized_description/marketdescription-uk.txt,5,8,8,16,1,5,2025-02-04,2025-08-03,81,3.2,1.0,0,0.0,0.375
AnkiDroid/src/main/java/com/ichi2/anki/dialogs/DiscardChangesDialog.kt,4,13,3,16,4,4,2024-06-11,2025-10-17,6,4.0,0.25,0,0.0,0.625
AnkiDroid/src/main/res/values-ar/05-feedback.xml,4,8,8,16,1,4,2024-10-23,2025-09-17,36,4.0,1.0,0,0.0,0.375
AnkiDroid/src/test/java/com/ichi2/anki/libanki/SoundOrVideoTagTest.kt,4,9,7,16,1,3,2025-07-05,2025-07-21,94,4.0,1.0,0,0.0,0.4375
docs/marketing/localized_description/marketdescription-gl.txt,4,8,8,16,1,4,2025-05-10,2025-07-05,110,4.0,1.0,0,0.0,0.375
AnkiDroid/src/main/res/values-got/05-feedback.xml,3,8,8,16,1,3,2025-08-10,2025-09-10,43,5.333333333333333,1.0,0,0.0,0.75
AnkiDroid/src/main/res/values-zh-rCN/09-backup.xml,3,8,8,16,1,3,2024-04-27,2025-05-29,147,5.333333333333333,1.0,0,0.0,0.75
AnkiDroid/src/main/res/values/18-standard-models.xml,3,3,13,16,3,3,2024-06-23,2025-02-07,258,5.333333333333333,0.3333333333333333,0,0.0,0.625
docs/marketing/localized_description/marketdescription-zh-CN.txt,3,8,8,16,1,3,2025-05-10,2025-07-05,110,5.333333333333333,1.0,0,0.0,0.75
AnkiDroid/src/main/java/com/ichi2/anki/snackbar/SwipeDismissBehaviorFix.kt,2,12,4,16,1,1,2024-12-09,2024-12-09,318,8.0,1.0,0,0.0,0.75
AnkiDroid/src/main/java/com/ichi2/utils/ViewGroupUtils.kt,2,14,2,16,2,2,2024-10-26,2025-01-07,289,8.0,0.5,0,0.0,0.8125
AnkiDroid/src/main/res/layout/tab_layout.xml,2,8,8,16,1,2,2025-02-07,2025-06-13,132,8.0,1.0,1,0.5,0.5
lint-rules/src/test/java/com/ichi2/anki/lint/rules/DirectSystemTimeInstantiationTest.kt,2,8,8,16,2,2,2024-07-15,2025-07-05,110,8.0,0.5,0,0.0,0.625
AnkiDroid/src/androidTest/java/com/ichi2/anki/dialogs/NoteTypeFieldEditorContextMenuTest.kt,1,10,6,16,1,1,2025-06-12,2025-06-12,133,16.0,1.0,0,0.0,1.0
AnkiDroid/src/main/java/com/ichi2/libanki/stats/BackendStats.kt,1,6,10,16,1,1,2024-12-09,2024-12-09,318,16.0,1.0,1,1.0,1.0
AnkiDroid/src/main/res/drawable/browser_heading_bottom_divider.xml,1,16,0,16,1,1,2025-01-30,2025-01-30,266,16.0,1.0,1,1.0,1.0
AnkiDroid/src/main/res/drawable/ic_arrow_u_left_top.xml,1,16,0,16,1,1,2025-06-21,2025-06-21,124,16.0,1.0,0,0.0,1.0
AnkiDroid/src/main/res/layout/fragment_shared_decks_download.xml,1,16,0,16,1,1,2024-11-02,2024-11-02,355,16.0,1.0,0,0.0,1.0
common/src/test/java/com/ichi2/anki/common/json/NamedJSONComparatorTest.kt,1,7,9,16,1,1,2025-06-18,2025-06-18,127,16.0,1.0,0,0.0,1.0
lint.gradle,1,8,8,16,1,1,2025-06-10,2025-06-10,135,16.0,1.0,0,0.0,1.0
AnkiDroid/src/main/res/values-heb/17-model-manager.xml,7,7,8,15,1,7,2025-02-08,2025-08-10,74,2.142857142857143,1.0,0,0.0,0.26666666666666666
AnkiDroid/src/main/res/values-pl/17-model-manager.xml,7,7,8,15,1,7,2025-02-08,2025-06-22,123,2.142857142857143,1.0,0,0.0,0.26666666666666666
AnkiDroid/src/main/res/values-pt-rPT/17-model-manager.xml,7,7,8,15,1,7,2025-02-08,2025-06-22,123,2.142857142857143,1.0,0,0.0,0.26666666666666666
AnkiDroid/src/main/res/values-te/17-model-manager.xml,7,7,8,15,1,7,2024-05-01,2025-06-17,128,2.142857142857143,1.0,0,0.0,0.26666666666666666
AnkiDroid/src/main/res/values-af/17-model-manager.xml,6,7,8,15,1,6,2024-10-23,2025-06-17,128,2.5,1.0,0,0.0,0.4
AnkiDroid/src/main/res/values-be/17-model-manager.xml,6,7,8,15,1,6,2024-10-23,2025-06-17,128,2.5,1.0,0,0.0,0.4
AnkiDroid/src/main/res/values-bg/17-model-manager.xml,6,7,8,15,1,6,2024-10-23,2025-06-17,128,2.5,1.0,0,0.0,0.4
AnkiDroid/src/main/res/values-ca/17-model-manager.xml,6,7,8,15,1,6,2024-10-23,2025-06-17,128,2.5,1.0,0,0.0,0.4
AnkiDroid/src/main/res/values-ckb/17-model-manager.xml,6,7,8,15,1,6,2024-10-23,2025-06-17,128,2.5,1.0,0,0.0,0.4
AnkiDroid/src/main/res/values-et/17-model-manager.xml,6,7,8,15,1,6,2024-10-23,2025-06-17,128,2.5,1.0,0,0.0,0.4
AnkiDroid/src/main/res/values-eu/17-model-manager.xml,6,7,8,15,1,6,2024-10-23,2025-06-17,128,2.5,1.0,0,0.0,0.4
AnkiDroid/src/main/res/values-fi/17-model-manager.xml,6,7,8,15,1,6,2024-10-23,2025-06-17,128,2.5,1.0,0,0.0,0.4
AnkiDroid/src/main/res/values-fy/17-model-manager.xml,6,7,8,15,1,6,2024-10-23,2025-06-17,128,2.5,1.0,0,0.0,0.4
AnkiDroid/src/main/res/values-ga/17-model-manager.xml,6,7,8,15,1,6,2024-10-23,2025-06-17,128,2.5,1.0,0,0.0,0.4
AnkiDroid/src/main/res/values-it/17-model-manager.xml,6,7,8,15,1,6,2025-02-08,2025-06-27,118,2.5,1.0,0,0.0,0.4
AnkiDroid/src/main/res/values-nn/17-model-manager.xml,6,7,8,15,1,6,2025-02-08,2025-10-05,18,2.5,1.0,0,0.0,0.4
AnkiDroid/src/main/res/values-ru/17-model-manager.xml,6,7,8,15,1,6,2025-02-08,2025-09-03,50,2.5,1.0,0,0.0,0.4
AnkiDroid/src/main/res/values/17-model-manager.xml,6,7,8,15,3,6,2024-10-10,2025-06-16,129,2.5,0.5,1,0.16666666666666666,0.4
AnkiDroid/src/main/res/values-de/04-network.xml,5,8,7,15,1,5,2024-06-03,2025-01-02,294,3.0,1.0,0,0.0,0.4
AnkiDroid/src/androidTest/java/com/ichi2/anki/tests/libanki/NotetypeTest.kt,4,7,8,15,2,3,2024-12-09,2025-03-16,221,3.75,0.5,0,0.0,0.6666666666666666
AnkiDroid/src/main/java/com/ichi2/libanki/sched/DummyScheduler.kt,4,7,8,15,3,4,2024-07-15,2025-06-18,127,3.75,0.5,1,0.25,0.5333333333333333
AnkiDroid/src/main/res/values-be/04-network.xml,4,8,7,15,1,4,2024-06-09,2024-10-23,365,3.75,1.0,0,0.0,0.6666666666666666
AnkiDroid/src/main/res/values-bn/06-statistics.xml,4,6,9,15,1,4,2024-05-01,2025-01-05,291,3.75,1.0,0,0.0,0.5333333333333333
AnkiDroid/src/main/res/values-ml/06-statistics.xml,4,6,9,15,1,4,2024-09-29,2025-01-05,291,3.75,1.0,0,0.0,0.5333333333333333
AnkiDroid/src/main/res/values-pa/06-statistics.xml,4,6,9,15,1,4,2024-09-28,2025-01-05,291,3.75,1.0,0,0.0,0.5333333333333333
AnkiDroid/src/main/res/values-ta/18-standard-models.xml,4,3,12,15,1,4,2024-07-18,2025-04-10,196,3.75,1.0,0,0.0,0.6
settings.gradle.kts,4,3,12,15,2,4,2024-05-29,2025-07-07,108,3.75,0.75,0,0.0,0.6
AnkiDroid/src/main/java/com/ichi2/anki/cardviewer/ViewerRefresh.kt,3,11,4,15,1,1,2024-12-09,2024-12-09,318,5.0,1.0,1,0.3333333333333333,0.4
AnkiDroid/src/main/java/com/ichi2/anki/dialogs/tags/TagsDialogFactory.kt,3,9,6,15,1,1,2024-12-09,2024-12-09,318,5.0,1.0,1,0.3333333333333333,0.5333333333333333
AnkiDroid/src/main/res/values-af/18-standard-models.xml,3,3,12,15,1,3,2024-07-18,2025-04-10,196,5.0,1.0,0,0.0,0.6
AnkiDroid/src/main/res/values-az/18-standard-models.xml,3,3,12,15,1,3,2024-07-18,2025-04-10,196,5.0,1.0,0,0.0,0.6
AnkiDroid/src/main/res/values-be/18-standard-models.xml,3,3,12,15,1,3,2024-07-18,2025-04-10,196,5.0,1.0,0,0.0,0.6
AnkiDroid/src/main/res/values-bg/18-standard-models.xml,3,3,12,15,1,3,2024-07-18,2025-04-10,196,5.0,1.0,0,0.0,0.6
AnkiDroid/src/main/res/values-bn/18-standard-models.xml,3,3,12,15,1,3,2024-07-18,2025-04-10,196,5.0,1.0,0,0.0,0.6
AnkiDroid/src/main/res/values-ca/18-standard-models.xml,3,3,12,15,1,3,2024-07-18,2025-04-10,196,5.0,1.0,0,0.0,0.6
AnkiDroid/src/main/res/values-ckb/18-standard-models.xml,3,3,12,15,1,3,2024-07-18,2025-04-10,196,5.0,1.0,0,0.0,0.6
AnkiDroid/src/main/res/values-cs/18-standard-models.xml,3,3,12,15,1,3,2024-07-18,2025-04-10,196,5.0,1.0,0,0.0,0.6
AnkiDroid/src/main/res/values-da/18-standard-models.xml,3,3,12,15,1,3,2024-07-18,2025-04-10,196,5.0,1.0,0,0.0,0.6
AnkiDroid/src/main/res/values-de/18-standard-models.xml,3,3,12,15,1,3,2024-07-18,2025-04-10,196,5.0,1.0,0,0.0,0.6
AnkiDroid/src/main/res/values-el/18-standard-models.xml,3,3,12,15,1,3,2024-07-18,2025-04-10,196,5.0,1.0,0,0.0,0.6
AnkiDroid/src/main/res/values-eo/18-standard-models.xml,3,3,12,15,1,3,2024-07-18,2025-04-10,196,5.0,1.0,0,0.0,0.6
AnkiDroid/src/main/res/values-es-rAR/18-standard-models.xml,3,3,12,15,1,3,2024-07-18,2025-04-10,196,5.0,1.0,0,0.0,0.6
AnkiDroid/src/main/res/values-es-rES/18-standard-models.xml,3,3,12,15,1,3,2024-07-18,2025-04-10,196,5.0,1.0,0,0.0,0.6
AnkiDroid/src/main/res/values-et/18-standard-models.xml,3,3,12,15,1,3,2024-07-18,2025-04-10,196,5.0,1.0,0,0.0,0.6
AnkiDroid/src/main/res/values-eu/18-standard-models.xml,3,3,12,15,1,3,2024-07-18,2025-04-10,196,5.0,1.0,0,0.0,0.6
AnkiDroid/src/main/res/values-fi/18-standard-models.xml,3,3,12,15,1,3,2024-07-18,2025-04-10,196,5.0,1.0,0,0.0,0.6
AnkiDroid/src/main/res/values-fil/04-network.xml,3,8,7,15,1,3,2024-05-31,2024-10-23,365,5.0,1.0,0,0.0,0.8
AnkiDroid/src/main/res/values-fr/18-standard-models.xml,3,3,12,15,1,3,2024-07-18,2025-04-10,196,5.0,1.0,0,0.0,0.6
AnkiDroid/src/main/res/values-fy/18-standard-models.xml,3,3,12,15,1,3,2024-07-18,2025-04-10,196,5.0,1.0,0,0.0,0.6
AnkiDroid/src/main/res/values-ga/18-standard-models.xml,3,3,12,15,1,3,2024-07-18,2025-04-10,196,5.0,1.0,0,0.0,0.6
AnkiDroid/src/main/res/values-hy/18-standard-models.xml,3,3,12,15,1,3,2024-07-18,2025-04-10,196,5.0,1.0,0,0.0,0.6
AnkiDroid/src/main/res/values-ka/04-network.xml,3,8,7,15,1,3,2024-06-09,2025-03-02,235,5.0,1.0,0,0.0,0.6666666666666666
AnkiDroid/src/main/res/values-ko/18-standard-models.xml,3,3,12,15,1,3,2024-07-18,2025-04-10,196,5.0,1.0,0,0.0,0.6
AnkiDroid/src/main/res/values-lv/18-standard-models.xml,3,3,12,15,1,3,2024-07-18,2025-04-19,187,5.0,1.0,0,0.0,0.6
AnkiDroid/src/main/res/values-pa/18-standard-models.xml,3,3,12,15,1,3,2024-07-18,2025-04-10,196,5.0,1.0,0,0.0,0.6
AnkiDroid/src/main/res/values-te/04-network.xml,3,8,7,15,1,3,2024-05-01,2024-08-07,442,5.0,1.0,0,0.0,0.8
AnkiDroid/src/main/res/values-uz/18-standard-models.xml,3,3,12,15,1,3,2024-07-18,2025-06-24,121,5.0,1.0,0,0.0,0.6
AnkiDroid/src/main/java/com/ichi2/anki/dialogs/NoteTypeFieldEditorContextMenu.kt,2,7,8,15,1,1,2025-06-12,2025-06-12,133,7.5,1.0,0,0.0,0.8
AnkiDroid/src/main/res/values-km/04-network.xml,2,8,7,15,1,2,2024-06-09,2025-02-25,240,7.5,1.0,0,0.0,0.9333333333333333
AnkiDroid/src/main/java/dev/androidbroadcast/vbpd/README.md,1,15,0,15,1,1,2025-09-18,2025-09-18,35,15.0,1.0,0,0.0,1.0
AnkiDroid/src/main/res/layout/button_color_brush.xml,1,15,0,15,1,1,2025-09-05,2025-09-05,48,15.0,1.0,0,0.0,1.0
AnkiDroid/src/main/res/layout/item_manage_note_type.xml,1,12,3,15,1,1,2024-09-29,2024-09-29,389,15.0,1.0,0,0.0,1.0
AnkiDroid/src/main/res/values-el/09-backup.xml,5,7,7,14,1,5,2024-04-27,2025-06-24,121,2.8,1.0,0,0.0,0.42857142857142855
AnkiDroid/src/test/java/com/ichi2/anki/libanki/NoteTypeTest.kt,5,6,8,14,1,3,2025-07-05,2025-07-21,94,2.8,1.0,0,0.0,0.5
lint-rules/src/main/java/com/ichi2/anki/lint/IssueRegistry.kt,5,11,3,14,4,4,2024-06-05,2025-03-19,218,2.8,0.4,1,0.2,0.2857142857142857
AnkiDroid/src/main/java/com/ichi2/anki/FlagToDisplay.kt,4,6,8,14,2,2,2024-11-03,2024-12-09,318,3.5,0.75,1,0.25,0.42857142857142855
AnkiDroid/src/main/java/com/ichi2/anki/reviewer/CardMarker.kt,4,10,4,14,2,2,2024-12-09,2025-03-22,215,3.5,0.75,1,0.25,0.35714285714285715
AnkiDroid/src/main/res/values-az/09-backup.xml,4,7,7,14,1,4,2024-04-27,2025-10-14,9,3.5,1.0,0,0.0,0.5714285714285714
AnkiDroid/src/main/java/com/ichi2/anki/browser/LastDeckIdRepository.kt,3,8,6,14,1,2,2024-12-09,2025-07-05,110,4.666666666666667,1.0,1,0.3333333333333333,0.5
AnkiDroid/src/main/java/com/ichi2/anki/model/Directory.kt,3,4,10,14,2,2,2024-08-27,2024-12-09,318,4.666666666666667,0.6666666666666666,1,0.3333333333333333,0.5714285714285714
AnkiDroid/src/main/java/com/ichi2/anki/ui/BasicItemSelectedListener.kt,3,10,4,14,1,1,2024-12-09,2024-12-09,318,4.666666666666667,1.0,1,0.3333333333333333,0.5714285714285714
AnkiDroid/src/main/java/com/ichi2/anki/ui/windows/permissions/PermissionsActivity.kt,3,10,4,14,2,2,2024-12-09,2025-08-03,81,4.666666666666667,0.6666666666666666,1,0.3333333333333333,0.5
AnkiDroid/src/main/java/com/ichi2/anki/utils/ext/Deck.kt,3,4,10,14,1,3,2025-06-15,2025-07-05,110,4.666666666666667,1.0,0,0.0,0.42857142857142855
libanki/src/test/java/com/ichi2/anki/libanki/CardTest.kt,3,6,8,14,2,3,2025-07-07,2025-07-28,87,4.666666666666667,0.6666666666666666,0,0.0,0.6428571428571429
AnkiDroid/proguard-test-rules.pro,2,14,0,14,2,2,2024-06-25,2025-07-31,84,7.0,0.5,0,0.0,0.7857142857142857
AnkiDroid/src/main/java/com/ichi2/anki/browser/CardBrowserLaunchOptions.kt,2,11,3,14,1,1,2024-12-09,2024-12-09,318,7.0,1.0,1,0.5,0.9285714285714286
AnkiDroid/src/main/java/com/ichi2/anki/cardviewer/Gamepad.kt,2,10,4,14,1,1,2024-12-09,2024-12-09,318,7.0,1.0,0,0.0,0.7142857142857143
AnkiDroid/src/main/java/com/ichi2/anki/dialogs/NoteTypeEditorContextMenu.kt,2,7,7,14,1,2,2025-03-16,2025-05-29,147,7.0,1.0,0,0.0,0.7142857142857143
AnkiDroid/src/main/res/values-gl/05-feedback.xml,2,7,7,14,1,2,2024-10-23,2025-04-13,193,7.0,1.0,0,0.0,0.8571428571428571
.github/pull_request_template.md,1,14,0,14,1,1,2025-05-15,2025-05-15,161,14.0,1.0,0,0.0,1.0
AnkiDroid/src/androidTest/java/com/ichi2/testutils/common/DO_NOT_EDIT_HERE.txt,1,14,0,14,1,1,2024-06-24,2024-06-24,486,14.0,1.0,0,0.0,1.0
AnkiDroid/src/main/java/com/ichi2/utils/HandlerUtils.kt,1,14,0,14,1,1,2025-06-16,2025-06-16,129,14.0,1.0,1,1.0,1.0
AnkiDroid/src/main/java/com/ichi2/utils/NamedJSONComparator.kt,1,8,6,14,1,1,2025-03-13,2025-03-13,224,14.0,1.0,0,0.0,1.0
AnkiDroid/src/main/res/layout/card_template_editor_main.xml,1,14,0,14,1,1,2024-08-17,2024-08-17,432,14.0,1.0,1,1.0,1.0
AnkiDroid/src/main/res/values-nl/17-model-manager.xml,6,6,7,13,1,6,2025-02-08,2025-06-17,128,2.1666666666666665,1.0,0,0.0,0.3076923076923077
AnkiDroid/src/main/res/values-sat/17-model-manager.xml,6,6,7,13,1,6,2025-02-08,2025-06-17,128,2.1666666666666665,1.0,0,0.0,0.3076923076923077
AnkiDroid/src/main/res/values-es-rAR/04-network.xml,5,7,6,13,1,5,2024-05-31,2025-03-17,220,2.6,1.0,0,0.0,0.46153846153846156
AnkiDroid/src/main/res/values-es-rES/04-network.xml,5,7,6,13,1,5,2024-05-31,2025-03-17,220,2.6,1.0,0,0.0,0.46153846153846156
AnkiDroid/src/main/res/values-gu/06-statistics.xml,5,5,8,13,1,5,2024-09-30,2025-06-12,133,2.6,1.0,0,0.0,0.3076923076923077
.github/workflows/opencollective_notices.yml,4,8,5,13,3,4,2024-09-11,2025-09-03,50,3.25,0.5,2,0.5,0.46153846153846156
AnkiDroid/src/main/res/values-hi/04-network.xml,4,7,6,13,1,4,2024-04-27,2025-03-17,220,3.25,1.0,0,0.0,0.6153846153846154
AnkiDroid/src/main/res/xml/preferences_appearance.xml,4,11,2,13,4,4,2024-08-19,2025-08-14,70,3.25,0.25,0,0.0,0.38461538461538464
AnkiDroid/src/test/java/com/ichi2/testutils/DbUtils.kt,4,6,7,13,1,4,2025-06-18,2025-07-21,94,3.25,1.0,0,0.0,0.3076923076923077
AnkiDroid/src/main/java/com/ichi2/anki/CardUtils.kt,3,8,5,13,1,2,2024-12-09,2025-07-05,110,4.333333333333333,1.0,0,0.0,0.46153846153846156
AnkiDroid/src/main/java/com/ichi2/anki/dialogs/help/HelpItem.kt,3,8,5,13,1,1,2024-12-09,2024-12-09,318,4.333333333333333,1.0,1,0.3333333333333333,0.38461538461538464
AnkiDroid/src/main/res/values-ca/04-network.xml,3,7,6,13,1,3,2024-06-09,2024-11-19,338,4.333333333333333,1.0,0,0.0,0.7692307692307693
AnkiDroid/src/main/res/values-da/06-statistics.xml,3,5,8,13,1,3,2024-07-14,2025-01-05,291,4.333333333333333,1.0,0,0.0,0.6153846153846154
AnkiDroid/src/main/res/values-fi/04-network.xml,3,7,6,13,1,3,2024-06-09,2025-02-04,261,4.333333333333333,1.0,0,0.0,0.7692307692307693
AnkiDroid/src/main/res/values-kn/06-statistics.xml,3,5,8,13,1,3,2024-04-27,2025-01-05,291,4.333333333333333,1.0,0,0.0,0.6153846153846154
AnkiDroid/src/main/res/values-nl/04-network.xml,3,7,6,13,1,3,2024-06-09,2025-07-30,85,4.333333333333333,1.0,0,0.0,0.7692307692307693
AnkiDroid/src/main/res/values-sat/18-standard-models.xml,3,2,11,13,1,3,2024-07-18,2025-04-10,196,4.333333333333333,1.0,0,0.0,0.6923076923076923
AnkiDroid/src/main/res/values-uk/18-standard-models.xml,3,2,11,13,1,3,2024-07-18,2025-04-10,196,4.333333333333333,1.0,0,0.0,0.6923076923076923
AnkiDroid/src/main/res/values-zh-rCN/04-network.xml,3,7,6,13,1,3,2024-06-09,2025-05-10,166,4.333333333333333,1.0,0,0.0,0.7692307692307693
AnkiDroid/src/test/java/com/ichi2/anki/dialogs/tags/TagsListTest.kt,3,8,5,13,3,3,2023-12-04,2024-10-20,368,4.333333333333333,0.3333333333333333,0,0.0,0.46153846153846156
AnkiDroid/src/main/java/com/ichi2/anki/model/CardStateFilter.kt,2,7,6,13,1,1,2024-12-09,2024-12-09,318,6.5,1.0,0,0.0,0.8461538461538461
AnkiDroid/src/main/res/layout/note_type_field_editor_list_item.xml,2,10,3,13,2,2,2025-05-29,2025-08-05,79,6.5,0.5,0,0.0,1.0
AnkiDroid/src/test/java/com/ichi2/anki/reviewer/AnswerTimerTest.kt,2,10,3,13,2,2,2024-07-15,2025-07-05,110,6.5,0.5,0,0.0,0.6923076923076923
AnkiDroid/src/main/res/drawable/round_audio_file_24.xml,1,9,4,13,1,1,2024-07-21,2024-07-21,459,13.0,1.0,0,0.0,1.0
tools/parallel-package-release.sh,1,3,10,13,1,1,2024-06-22,2024-06-22,488,13.0,1.0,0,0.0,1.0
AnkiDroid/src/main/java/com/ichi2/utils/UniqueArrayList.kt,5,8,4,12,5,5,2024-07-15,2025-05-10,166,2.4,0.2,0,0.0,0.3333333333333333
docs/marketing/localized_description/marketdescription-cs.txt,4,6,6,12,1,4,2025-05-10,2025-07-16,99,3.0,1.0,0,0.0,0.3333333333333333
docs/marketing/localized_description/marketdescription-es-AR.txt,4,6,6,12,1,4,2025-05-10,2025-07-05,110,3.0,1.0,0,0.0,0.3333333333333333
docs/marketing/localized_description/marketdescription-es-ES.txt,4,6,6,12,1,4,2025-05-10,2025-07-05,110,3.0,1.0,0,0.0,0.3333333333333333
docs/marketing/localized_description/marketdescription-fr.txt,4,6,6,12,1,4,2025-05-10,2025-07-25,90,3.0,1.0,0,0.0,0.3333333333333333
docs/marketing/localized_description/marketdescription-he.txt,4,6,6,12,1,4,2025-05-10,2025-08-10,74,3.0,1.0,0,0.0,0.3333333333333333
docs/marketing/localized_description/marketdescription-ja.txt,4,6,6,12,1,4,2025-05-10,2025-07-08,107,3.0,1.0,0,0.0,0.3333333333333333
docs/marketing/localized_description/marketdescription-ru.txt,4,6,6,12,1,4,2025-05-10,2025-07-29,86,3.0,1.0,0,0.0,0.3333333333333333
AnkiDroid/src/androidTest/java/com/ichi2/testutils/NewCollectionPathTestRunner.kt,3,7,5,12,1,1,2024-12-09,2024-12-09,318,4.0,1.0,1,0.3333333333333333,0.5
AnkiDroid/src/main/java/com/ichi2/anki/reviewer/CardSide.kt,3,7,5,12,1,1,2024-12-09,2024-12-09,318,4.0,1.0,1,0.3333333333333333,0.5
AnkiDroid/src/main/java/com/ichi2/anki/ui/windows/permissions/PermissionsStartingAt30Fragment.kt,3,6,6,12,1,1,2025-08-27,2025-08-27,57,4.0,1.0,0,0.0,0.5
AnkiDroid/src/main/res/values-pt-rPT/09-backup.xml,3,6,6,12,1,3,2024-05-01,2025-06-02,143,4.0,1.0,0,0.0,0.5
docs/marketing/localized_description/marketdescription-de.txt,3,6,6,12,1,3,2025-05-10,2025-09-03,50,4.0,1.0,0,0.0,0.5
docs/marketing/localized_description/marketdescription-or.txt,3,6,6,12,1,3,2025-05-10,2025-08-03,81,4.0,1.0,0,0.0,0.5
AnkiDroid/src/main/java/com/ichi2/anki/libanki/TemplateManager.kt,2,6,6,12,1,1,2025-07-05,2025-07-05,110,6.0,1.0,0,0.0,1.0
AnkiDroid/src/main/java/com/ichi2/anki/workarounds/ClosableDrawerLayout.kt,2,7,5,12,2,2,2024-07-04,2024-12-09,318,6.0,0.5,0,0.0,0.8333333333333334
AnkiDroid/src/main/java/com/ichi2/libanki/BackendDeckOptions.kt,2,2,10,12,2,2,2024-11-10,2024-12-09,318,6.0,0.5,1,0.5,0.6666666666666666
AnkiDroid/src/main/res/drawable/divider_handle_background.xml,2,9,3,12,1,2,2025-06-02,2025-06-08,137,6.0,1.0,0,0.0,0.5833333333333334
AnkiDroid/src/main/res/values-da/05-feedback.xml,2,6,6,12,1,2,2024-07-14,2024-10-23,365,6.0,1.0,0,0.0,0.8333333333333334
AnkiDroid/src/main/res/values-ur/06-statistics.xml,2,4,8,12,1,2,2024-05-01,2025-01-05,291,6.0,1.0,0,0.0,0.6666666666666666
AnkiDroid/src/test/java/com/ichi2/anki/ReadTextTest.kt,2,6,6,12,2,2,2024-07-15,2025-07-22,93,6.0,0.5,0,0.0,0.6666666666666666
AnkiDroid/src/test/java/com/ichi2/anki/cardviewer/OnRenderProcessGoneDelegateTest.kt,2,9,3,12,2,2,2024-07-15,2025-07-05,110,6.0,0.5,0,0.0,0.6666666666666666
AnkiDroid/src/test/java/com/ichi2/anki/widget/deckpicker/DeckNameAndStatsTest.kt,2,6,6,12,1,2,2024-08-26,2024-08-31,418,6.0,1.0,0,0.0,0.6666666666666666
lint-rules/build.gradle.kts,2,6,6,12,1,2,2024-05-21,2025-10-14,9,6.0,1.0,0,0.0,0.5833333333333334
lint-rules/src/main/java/com/ichi2/anki/lint/rules/PrintStackTraceUsage.kt,2,10,2,12,2,2,2023-12-04,2024-07-15,465,6.0,0.5,0,0.0,0.6666666666666666
AnkiDroid/src/main/res/drawable/footer_button_again_dark_ripple.xml,1,0,12,12,1,1,2024-04-07,2024-04-07,564,12.0,1.0,0,0.0,1.0
AnkiDroid/src/main/res/drawable/footer_button_again_ripple.xml,1,0,12,12,1,1,2024-04-07,2024-04-07,564,12.0,1.0,0,0.0,1.0
AnkiDroid/src/main/res/drawable/footer_button_easy_dark_ripple.xml,1,0,12,12,1,1,2024-04-07,2024-04-07,564,12.0,1.0,0,0.0,1.0
AnkiDroid/src/main/res/drawable/footer_button_easy_ripple.xml,1,0,12,12,1,1,2024-04-07,2024-04-07,564,12.0,1.0,0,0.0,1.0
AnkiDroid/src/main/res/drawable/footer_button_good_dark_ripple.xml,1,0,12,12,1,1,2024-04-07,2024-04-07,564,12.0,1.0,0,0.0,1.0
AnkiDroid/src/main/res/drawable/footer_button_good_ripple.xml,1,0,12,12,1,1,2024-04-07,2024-04-07,564,12.0,1.0,0,0.0,1.0
AnkiDroid/src/main/res/drawable/footer_button_hard_dark_ripple.xml,1,0,12,12,1,1,2024-04-07,2024-04-07,564,12.0,1.0,0,0.0,1.0
AnkiDroid/src/main/res/drawable/footer_button_hard_ripple.xml,1,0,12,12,1,1,2024-04-07,2024-04-07,564,12.0,1.0,0,0.0,1.0
AnkiDroid/src/main/res/drawable/ic_eraser.xml,1,12,0,12,1,1,2025-06-21,2025-06-21,124,12.0,1.0,0,0.0,1.0
AnkiDroid/src/main/res/drawable/ic_flag_lightgrey.xml,1,12,0,12,1,1,2024-06-24,2024-06-24,486,12.0,1.0,0,0.0,1.0
AnkiDroid/src/main/res/drawable/ic_flag_transparent.xml,1,6,6,12,1,1,2025-01-06,2025-01-06,290,12.0,1.0,0,0.0,1.0
AnkiDroid/src/main/res/drawable/ic_image_not_supported.xml,1,12,0,12,1,1,2024-07-21,2024-07-21,459,12.0,1.0,0,0.0,1.0
AnkiDroid/src/main/res/drawable/ic_small_up_arrow.xml,1,0,12,12,1,1,2024-08-27,2024-08-27,422,12.0,1.0,0,0.0,1.0
AnkiDroid/src/main/res/layout/locale_dialog_fragment_textview.xml,1,8,4,12,1,1,2025-03-22,2025-03-22,215,12.0,1.0,0,0.0,1.0
AnkiDroid/src/main/res/values-ka/17-model-manager.xml,6,5,6,11,1,6,2025-02-08,2025-06-17,128,1.8333333333333333,1.0,0,0.0,0.36363636363636365
AnkiDroid/src/main/res/values-zh-rCN/17-model-manager.xml,6,5,6,11,1,6,2025-02-08,2025-06-18,127,1.8333333333333333,1.0,0,0.0,0.36363636363636365
AnkiDroid/src/main/res/values-vi/17-model-manager.xml,5,5,6,11,1,5,2025-02-08,2025-08-10,74,2.2,1.0,0,0.0,0.5454545454545454
AnkiDroid/src/main/res/values-zh-rTW/17-model-manager.xml,5,5,6,11,1,5,2025-02-08,2025-08-22,62,2.2,1.0,0,0.0,0.5454545454545454
AnkiDroid/src/main/java/com/ichi2/compat/ResolveInfoCompat.kt,4,6,5,11,3,4,2024-07-15,2024-12-09,318,2.75,0.5,2,0.5,0.45454545454545453
AnkiDroid/src/test/java/com/ichi2/anki/cardviewer/CardSoundConfigTest.kt,4,6,5,11,2,4,2024-08-14,2025-07-05,110,2.75,0.5,0,0.0,0.36363636363636365
.git-blame-ignore-revs,3,11,0,11,2,3,2024-07-17,2025-07-22,93,3.6666666666666665,0.6666666666666666,0,0.0,0.6363636363636364
AnkiDroid/robolectricDownloader.gradle,3,7,4,11,1,3,2024-10-09,2024-11-21,336,3.6666666666666665,1.0,0,0.0,0.5454545454545454
AnkiDroid/src/main/java/com/ichi2/anki/contextmenu/AnkiCardContextMenu.kt,3,8,3,11,1,1,2024-12-09,2024-12-09,318,3.6666666666666665,1.0,1,0.3333333333333333,0.45454545454545453
AnkiDroid/src/main/java/com/ichi2/anki/contextmenu/CardBrowserContextMenu.kt,3,8,3,11,1,1,2024-12-09,2024-12-09,318,3.6666666666666665,1.0,1,0.3333333333333333,0.45454545454545453
AnkiDroid/src/main/res/values-pl/04-network.xml,3,6,5,11,1,3,2024-05-19,2024-07-08,472,3.6666666666666665,1.0,0,0.0,0.7272727272727273
AnkiDroid/src/main/res/values-sk/04-network.xml,3,6,5,11,1,3,2024-05-19,2025-07-30,85,3.6666666666666665,1.0,0,0.0,0.7272727272727273
AnkiDroid/src/main/assets/ankidroid.css,2,8,3,11,1,2,2025-06-08,2025-07-02,113,5.5,1.0,1,0.5,0.5454545454545454
AnkiDroid/src/main/java/com/ichi2/anki/multimediacard/IMultimediaEditableNote.kt,2,9,2,11,1,1,2024-12-09,2024-12-09,318,5.5,1.0,0,0.0,0.8181818181818182
AnkiDroid/src/main/java/com/ichi2/anki/utils/ext/Card.kt,2,3,8,11,2,2,2025-03-02,2025-07-05,110,5.5,0.5,0,0.0,0.8181818181818182
AnkiDroid/src/main/java/com/ichi2/ui/CardBrowserSearchView.kt,2,3,8,11,1,1,2024-09-08,2024-09-08,410,5.5,1.0,0,0.0,0.7272727272727273
AnkiDroid/src/main/res/layout/homescreen.xml,2,10,1,11,2,2,2024-10-26,2025-09-09,44,5.5,0.5,1,0.5,0.9090909090909091
AnkiDroid/src/main/res/values-heb/18-standard-models.xml,2,1,10,11,1,2,2024-07-18,2025-04-10,196,5.5,1.0,0,0.0,0.8181818181818182
AnkiDroid/src/main/res/values-hi/18-standard-models.xml,2,1,10,11,1,2,2024-07-18,2025-04-10,196,5.5,1.0,0,0.0,0.8181818181818182
AnkiDroid/src/main/res/values-hr/18-standard-models.xml,2,1,10,11,1,2,2024-07-18,2025-04-10,196,5.5,1.0,0,0.0,0.8181818181818182
AnkiDroid/src/main/res/values-hu/18-standard-models.xml,2,1,10,11,1,2,2024-07-18,2025-04-10,196,5.5,1.0,0,0.0,0.8181818181818182
AnkiDroid/src/main/res/values-ind/18-standard-models.xml,2,1,10,11,1,2,2024-07-18,2025-04-10,196,5.5,1.0,0,0.0,0.8181818181818182
AnkiDroid/src/main/res/values-it/18-standard-models.xml,2,1,10,11,1,2,2024-07-18,2025-04-10,196,5.5,1.0,0,0.0,0.8181818181818182
AnkiDroid/src/main/res/values-ja/18-standard-models.xml,2,1,10,11,1,2,2024-07-18,2025-04-10,196,5.5,1.0,0,0.0,0.8181818181818182
AnkiDroid/src/main/res/values-ka/18-standard-models.xml,2,1,10,11,1,2,2024-07-18,2025-04-10,196,5.5,1.0,0,0.0,0.8181818181818182
AnkiDroid/src/main/res/values-kk/18-standard-models.xml,2,1,10,11,1,2,2024-07-18,2025-04-10,196,5.5,1.0,0,0.0,0.8181818181818182
AnkiDroid/src/main/res/values-km/18-standard-models.xml,2,1,10,11,1,2,2024-07-18,2025-04-10,196,5.5,1.0,0,0.0,0.8181818181818182
AnkiDroid/src/main/res/values-ku/18-standard-models.xml,2,1,10,11,1,2,2024-07-18,2025-04-10,196,5.5,1.0,0,0.0,0.8181818181818182
AnkiDroid/src/main/res/values-ky/18-standard-models.xml,2,1,10,11,1,2,2024-07-18,2025-04-10,196,5.5,1.0,0,0.0,0.8181818181818182
AnkiDroid/src/main/res/values-lt/18-standard-models.xml,2,1,10,11,1,2,2024-07-18,2025-04-10,196,5.5,1.0,0,0.0,0.8181818181818182
AnkiDroid/src/main/res/values-mk/18-standard-models.xml,2,1,10,11,1,2,2024-07-18,2025-04-10,196,5.5,1.0,0,0.0,0.8181818181818182
AnkiDroid/src/main/res/values-ml/18-standard-models.xml,2,1,10,11,1,2,2024-07-18,2025-04-10,196,5.5,1.0,0,0.0,0.8181818181818182
AnkiDroid/src/main/res/values-mn/18-standard-models.xml,2,1,10,11,1,2,2024-07-18,2025-04-10,196,5.5,1.0,0,0.0,0.8181818181818182
AnkiDroid/src/main/res/values-mr/04-network.xml,2,6,5,11,1,2,2024-06-09,2024-07-30,450,5.5,1.0,0,0.0,0.9090909090909091
AnkiDroid/src/main/res/values-mr/18-standard-models.xml,2,1,10,11,1,2,2024-07-18,2025-04-10,196,5.5,1.0,0,0.0,0.8181818181818182
AnkiDroid/src/main/res/values-ms/18-standard-models.xml,2,1,10,11,1,2,2024-07-18,2025-04-10,196,5.5,1.0,0,0.0,0.8181818181818182
AnkiDroid/src/main/res/values-my/18-standard-models.xml,2,1,10,11,1,2,2024-07-18,2025-04-10,196,5.5,1.0,0,0.0,0.8181818181818182
AnkiDroid/src/main/res/values-nl/18-standard-models.xml,2,1,10,11,1,2,2024-07-18,2025-04-10,196,5.5,1.0,0,0.0,0.8181818181818182
AnkiDroid/src/main/res/values-nn/18-standard-models.xml,2,1,10,11,1,2,2024-07-18,2025-04-10,196,5.5,1.0,0,0.0,0.8181818181818182
AnkiDroid/src/main/res/values-no/18-standard-models.xml,2,1,10,11,1,2,2024-07-18,2025-04-10,196,5.5,1.0,0,0.0,0.8181818181818182
AnkiDroid/src/main/res/values-or/18-standard-models.xml,2,1,10,11,1,2,2024-07-18,2025-04-10,196,5.5,1.0,0,0.0,0.8181818181818182
AnkiDroid/src/main/res/values-pl/18-standard-models.xml,2,1,10,11,1,2,2024-07-18,2025-04-10,196,5.5,1.0,0,0.0,0.8181818181818182
AnkiDroid/src/main/res/values-pt-rBR/18-standard-models.xml,2,1,10,11,1,2,2024-07-18,2025-04-10,196,5.5,1.0,0,0.0,0.8181818181818182
AnkiDroid/src/main/res/values-pt-rPT/18-standard-models.xml,2,1,10,11,1,2,2024-07-18,2025-04-10,196,5.5,1.0,0,0.0,0.8181818181818182
AnkiDroid/src/main/res/values-ro/18-standard-models.xml,2,1,10,11,1,2,2024-07-18,2025-04-10,196,5.5,1.0,0,0.0,0.8181818181818182
AnkiDroid/src/main/res/values-ru/18-standard-models.xml,2,1,10,11,1,2,2024-07-18,2025-04-10,196,5.5,1.0,0,0.0,0.8181818181818182
AnkiDroid/src/main/res/values-sc/04-network.xml,2,6,5,11,1,2,2024-06-09,2024-10-20,368,5.5,1.0,0,0.0,0.9090909090909091
AnkiDroid/src/main/res/values-sc/18-standard-models.xml,2,1,10,11,1,2,2024-07-18,2025-04-10,196,5.5,1.0,0,0.0,0.8181818181818182
AnkiDroid/src/main/res/values-sk/18-standard-models.xml,2,1,10,11,1,2,2024-07-18,2025-04-10,196,5.5,1.0,0,0.0,0.8181818181818182
AnkiDroid/src/main/res/values-sl/18-standard-models.xml,2,1,10,11,1,2,2024-07-18,2025-04-10,196,5.5,1.0,0,0.0,0.8181818181818182
AnkiDroid/src/main/res/values-sq/18-standard-models.xml,2,1,10,11,1,2,2024-07-18,2025-04-10,196,5.5,1.0,0,0.0,0.8181818181818182
AnkiDroid/src/main/res/values-sr/18-standard-models.xml,2,1,10,11,1,2,2024-07-18,2025-04-10,196,5.5,1.0,0,0.0,0.8181818181818182
AnkiDroid/src/main/res/values-sv/18-standard-models.xml,2,1,10,11,1,2,2024-07-18,2025-04-10,196,5.5,1.0,0,0.0,0.8181818181818182
AnkiDroid/src/main/res/values-tgl/18-standard-models.xml,2,1,10,11,1,2,2024-07-18,2025-04-10,196,5.5,1.0,0,0.0,0.8181818181818182
AnkiDroid/src/main/res/values-th/18-standard-models.xml,2,1,10,11,1,2,2024-07-18,2025-04-10,196,5.5,1.0,0,0.0,0.8181818181818182
AnkiDroid/src/main/res/values-ti/18-standard-models.xml,2,1,10,11,1,2,2024-07-18,2025-04-10,196,5.5,1.0,0,0.0,0.8181818181818182
AnkiDroid/src/main/res/values-tr/18-standard-models.xml,2,1,10,11,1,2,2024-07-18,2025-04-10,196,5.5,1.0,0,0.0,0.8181818181818182
AnkiDroid/src/main/res/values-tt/18-standard-models.xml,2,1,10,11,1,2,2024-07-18,2025-04-10,196,5.5,1.0,0,0.0,0.8181818181818182
AnkiDroid/src/main/res/values-ur/18-standard-models.xml,2,1,10,11,1,2,2024-07-18,2025-04-10,196,5.5,1.0,0,0.0,0.8181818181818182
AnkiDroid/src/main/res/values-vi/18-standard-models.xml,2,1,10,11,1,2,2024-07-18,2025-04-10,196,5.5,1.0,0,0.0,0.8181818181818182
AnkiDroid/src/main/res/values-zh-rCN/18-standard-models.xml,2,1,10,11,1,2,2024-07-18,2025-04-10,196,5.5,1.0,0,0.0,0.8181818181818182
AnkiDroid/src/main/res/values-zh-rTW/04-network.xml,2,6,5,11,1,2,2024-06-09,2024-08-07,442,5.5,1.0,0,0.0,0.9090909090909091
AnkiDroid/src/main/res/values-zh-rTW/18-standard-models.xml,2,1,10,11,1,2,2024-07-18,2025-04-10,196,5.5,1.0,0,0.0,0.8181818181818182
AnkiDroid/src/test/java/com/ichi2/anki/reviewer/MappableBindingTest.kt,2,9,2,11,1,2,2024-11-23,2025-02-05,260,5.5,1.0,0,0.0,0.8181818181818182
AnkiDroid/src/main/assets/mathjax/sre/sre-node.js,1,0,11,11,1,1,2024-10-11,2024-10-11,377,11.0,1.0,0,0.0,1.0
AnkiDroid/src/main/java/com/ichi2/utils/FragmentFactoryUtils.kt,1,9,2,11,1,1,2024-12-05,2024-12-05,322,11.0,1.0,0,0.0,1.0
AnkiDroid/src/main/res/drawable/ic_align_left.xml,1,11,0,11,1,1,2025-09-05,2025-09-05,48,11.0,1.0,0,0.0,1.0
AnkiDroid/src/main/res/drawable/ic_align_right.xml,1,11,0,11,1,1,2025-09-05,2025-09-05,48,11.0,1.0,0,0.0,1.0
AnkiDroid/src/main/res/drawable/ic_replay.xml,1,3,8,11,1,1,2025-08-10,2025-08-10,74,11.0,1.0,0,0.0,1.0
AnkiDroid/src/main/res/drawable/ic_sort.xml,1,11,0,11,1,1,2025-08-05,2025-08-05,79,11.0,1.0,0,0.0,1.0
AnkiDroid/src/main/res/layout/item_require_exclude_tag.xml,1,11,0,11,1,1,2025-02-09,2025-02-09,256,11.0,1.0,0,0.0,1.0
AnkiDroid/src/main/res/layout/resizing_divider_internal.xml,1,11,0,11,1,1,2025-07-25,2025-07-25,90,11.0,1.0,0,0.0,1.0
AnkiDroid/src/test/java/com/ichi2/anki/AnalyticsTest.kt,1,9,2,11,1,1,2024-07-15,2024-07-15,465,11.0,1.0,0,0.0,1.0
AnkiDroid/src/test/java/com/ichi2/anki/reviewer/PeripheralKeymapTest.kt,1,3,8,11,1,1,2025-02-07,2025-02-07,258,11.0,1.0,0,0.0,1.0
jacocoSupport.gradle,1,11,0,11,1,1,2025-07-06,2025-07-06,109,11.0,1.0,0,0.0,1.0
AnkiDroid/src/main/res/values/dimens.xml,6,8,2,10,1,6,2024-12-22,2025-07-06,109,1.6666666666666667,1.0,1,0.16666666666666666,0.3
AnkiDroid/src/main/res/values-es-rAR/09-backup.xml,5,5,5,10,1,5,2024-04-27,2025-05-29,147,2.0,1.0,0,0.0,0.2
AnkiDroid/src/main/res/values-eo/09-backup.xml,4,5,5,10,1,4,2024-08-23,2025-05-29,147,2.5,1.0,0,0.0,0.4
AnkiDroid/src/test/java/com/ichi2/compat/CompatDeleteFileTest.kt,4,7,3,10,4,4,2024-07-15,2025-07-07,108,2.5,0.25,0,0.0,0.4
docs/marketing/localized_description/marketdescription-pl.txt,4,5,5,10,1,4,2025-04-02,2025-06-30,115,2.5,1.0,0,0.0,0.4
AnkiDroid/src/main/java/com/ichi2/anki/cardviewer/SingleCardSide.kt,3,5,5,10,1,1,2024-12-09,2024-12-09,318,3.3333333333333335,1.0,1,0.3333333333333333,0.5
AnkiDroid/src/main/java/com/ichi2/preferences/StepsPreference.kt,3,5,5,10,3,3,2024-05-21,2025-06-08,137,3.3333333333333335,0.3333333333333333,1,0.3333333333333333,0.6
AnkiDroid/src/main/res/layout/card_template_editor_item.xml,3,2,8,10,2,2,2024-06-02,2025-06-17,128,3.3333333333333335,0.6666666666666666,0,0.0,0.7
AnkiDroid/src/main/res/values-fil/09-backup.xml,3,5,5,10,1,3,2024-06-03,2025-05-24,152,3.3333333333333335,1.0,0,0.0,0.6
AnkiDroid/src/main/res/values-pt-rBR/09-backup.xml,3,5,5,10,1,3,2024-11-19,2025-07-05,110,3.3333333333333335,1.0,0,0.0,0.4
docs/marketing/localized_description/marketdescription-ko.txt,3,5,5,10,1,3,2025-05-10,2025-06-30,115,3.3333333333333335,1.0,0,0.0,0.4
docs/marketing/localized_description/marketdescription-lt.txt,3,5,5,10,1,3,2025-05-10,2025-06-30,115,3.3333333333333335,1.0,0,0.0,0.4
docs/marketing/localized_description/marketdescription-nl.txt,3,5,5,10,1,3,2025-05-10,2025-06-30,115,3.3333333333333335,1.0,0,0.0,0.4
docs/marketing/localized_description/marketdescription-pt-PT.txt,3,5,5,10,1,3,2025-05-10,2025-06-30,115,3.3333333333333335,1.0,0,0.0,0.4
docs/marketing/localized_description/marketdescription-vi.txt,3,5,5,10,1,3,2025-05-10,2025-08-10,74,3.3333333333333335,1.0,0,0.0,0.4
AnkiDroid/src/main/java/com/ichi2/anki/jsaddons/AddonModel.kt,2,7,3,10,1,1,2024-12-09,2024-12-09,318,5.0,1.0,0,0.0,0.6
AnkiDroid/src/main/java/com/ichi2/anki/libanki/Media.kt,2,5,5,10,1,1,2025-07-05,2025-07-05,110,5.0,1.0,0,0.0,1.0
AnkiDroid/src/main/java/com/ichi2/anki/libanki/Note.kt,2,5,5,10,1,1,2025-07-05,2025-07-05,110,5.0,1.0,0,0.0,1.0
AnkiDroid/src/main/java/com/ichi2/anki/libanki/sched/DeckNode.kt,2,5,5,10,1,1,2025-07-05,2025-07-05,110,5.0,1.0,0,0.0,1.0
AnkiDroid/src/main/java/com/ichi2/libanki/sched/Counts.kt,2,7,3,10,1,2,2024-08-03,2024-12-09,318,5.0,1.0,1,0.5,0.6
AnkiDroid/src/main/java/com/ichi2/ui/RtlCompliantActionProvider.kt,2,3,7,10,2,2,2024-09-08,2024-12-22,305,5.0,0.5,0,0.0,0.6
AnkiDroid/src/main/java/com/ichi2/utils/VersionUtils.kt,2,6,4,10,2,2,2024-11-05,2025-03-03,234,5.0,0.5,0,0.0,0.8
AnkiDroid/src/main/res/drawable/black_round_alert_dialog_background.xml,2,5,5,10,1,2,2025-06-16,2025-06-24,121,5.0,1.0,2,1.0,0.5
AnkiDroid/src/test/java/com/ichi2/anki/ProductionCrashReportingTreeTest.kt,2,6,4,10,2,2,2024-07-15,2025-07-07,108,5.0,0.5,0,0.0,0.6
libanki/src/test/java/com/ichi2/anki/libanki/NoteWithColTest.kt,2,3,7,10,1,2,2025-07-07,2025-07-21,94,5.0,1.0,0,0.0,0.9
tools/localization/src/upload.ts,2,0,10,10,1,2,2024-06-02,2024-08-16,433,5.0,1.0,1,0.5,0.7
AnkiDroid/src/androidTest/java/com/ichi2/anki/dialogs/NoteTypeEditorContextMenuTest.kt,1,5,5,10,1,1,2025-03-16,2025-03-16,221,10.0,1.0,0,0.0,1.0
AnkiDroid/src/main/java/com/ichi2/anki/model/WhiteboardPenColor.kt,1,6,4,10,1,1,2024-12-09,2024-12-09,318,10.0,1.0,1,1.0,1.0
AnkiDroid/src/main/java/com/ichi2/compat/customtabs/CustomTabActivityHelper.kt,1,9,1,10,1,1,2025-02-03,2025-02-03,262,10.0,1.0,1,1.0,1.0
AnkiDroid/src/main/java/com/ichi2/libanki/PythonTypes.kt,1,5,5,10,1,1,2025-06-19,2025-06-19,126,10.0,1.0,0,0.0,1.0
AnkiDroid/src/main/java/com/ichi2/libanki/Tts.kt,1,8,2,10,1,1,2024-12-09,2024-12-09,318,10.0,1.0,1,1.0,1.0
AnkiDroid/src/main/java/com/ichi2/utils/ExceptionUtil.kt,1,0,10,10,1,1,2024-08-27,2024-08-27,422,10.0,1.0,0,0.0,1.0
AnkiDroid/src/main/res/drawable/ic_add_bell.xml,1,10,0,10,1,1,2025-07-13,2025-07-13,102,10.0,1.0,0,0.0,1.0
AnkiDroid/src/main/res/drawable/ic_align.xml,1,10,0,10,1,1,2025-09-05,2025-09-05,48,10.0,1.0,0,0.0,1.0
AnkiDroid/src/main/res/drawable/ic_align_bottom.xml,1,10,0,10,1,1,2025-09-05,2025-09-05,48,10.0,1.0,0,0.0,1.0
AnkiDroid/src/main/res/drawable/ic_camera.xml,1,10,0,10,1,1,2024-05-14,2024-05-14,527,10.0,1.0,0,0.0,1.0
AnkiDroid/src/main/res/drawable/ic_cards_star.xml,1,10,0,10,1,1,2025-06-21,2025-06-21,124,10.0,1.0,0,0.0,1.0
AnkiDroid/src/main/res/drawable/ic_donate_black_24dp.xml,1,0,10,10,1,1,2024-09-01,2024-09-01,417,10.0,1.0,0,0.0,1.0
AnkiDroid/src/main/res/drawable/ic_ease_hard.xml,1,10,0,10,1,1,2025-07-01,2025-07-01,114,10.0,1.0,0,0.0,1.0
AnkiDroid/src/main/res/drawable/ic_edit_off.xml,1,10,0,10,1,1,2025-09-05,2025-09-05,48,10.0,1.0,0,0.0,1.0
AnkiDroid/src/main/res/drawable/ic_flip_horizontal.xml,1,10,0,10,1,1,2025-07-08,2025-07-08,107,10.0,1.0,1,1.0,1.0
AnkiDroid/src/main/res/drawable/ic_gallery.xml,1,10,0,10,1,1,2024-05-14,2024-05-14,527,10.0,1.0,0,0.0,1.0
AnkiDroid/src/main/res/drawable/ic_lock_open.xml,1,10,0,10,1,1,2025-08-11,2025-08-11,73,10.0,1.0,0,0.0,1.0
AnkiDroid/src/main/res/drawable/ic_more_vertical.xml,1,10,0,10,1,1,2025-09-05,2025-09-05,48,10.0,1.0,0,0.0,1.0
AnkiDroid/src/main/res/drawable/ic_numbers.xml,1,10,0,10,1,1,2025-08-14,2025-08-14,70,10.0,1.0,0,0.0,1.0
AnkiDroid/src/main/res/drawable/ic_remove_done.xml,1,10,0,10,1,1,2025-08-18,2025-08-18,66,10.0,1.0,0,0.0,1.0
AnkiDroid/src/main/res/drawable/ic_replace_audio.xml,1,10,0,10,1,1,2024-07-21,2024-07-21,459,10.0,1.0,0,0.0,1.0
AnkiDroid/src/main/res/drawable/ic_replace_image.xml,1,10,0,10,1,1,2024-07-21,2024-07-21,459,10.0,1.0,0,0.0,1.0
AnkiDroid/src/main/res/drawable/ic_replace_video.xml,1,10,0,10,1,1,2024-07-21,2024-07-21,459,10.0,1.0,0,0.0,1.0
AnkiDroid/src/main/res/drawable/ic_rotate_right.xml,1,10,0,10,1,1,2025-07-08,2025-07-08,107,10.0,1.0,1,1.0,1.0
AnkiDroid/src/main/res/drawable/ic_running_clock.xml,1,10,0,10,1,1,2025-08-15,2025-08-15,69,10.0,1.0,0,0.0,1.0
AnkiDroid/src/main/res/drawable/ic_shelf_auto_hide.xml,1,10,0,10,1,1,2025-08-15,2025-08-15,69,10.0,1.0,0,0.0,1.0
AnkiDroid/src/main/res/drawable/ic_skip_next.xml,1,10,0,10,1,1,2024-04-22,2024-04-22,549,10.0,1.0,0,0.0,1.0
AnkiDroid/src/main/res/drawable/ic_switch_profile.xml,1,10,0,10,1,1,2025-08-26,2025-08-26,58,10.0,1.0,0,0.0,1.0
AnkiDroid/src/main/res/drawable/ic_toolbar.xml,1,10,0,10,1,1,2025-06-15,2025-06-15,130,10.0,1.0,0,0.0,1.0
AnkiDroid/src/main/res/menu/activity_study_options.xml,1,10,0,10,1,1,2024-10-26,2024-10-26,362,10.0,1.0,1,1.0,1.0
lint-rules/src/main/java/com/ichi2/anki/lint/rules/CopyrightHeaderExists.kt,1,8,2,10,1,1,2024-07-15,2024-07-15,465,10.0,1.0,0,0.0,1.0
testlib/src/main/java/com/ichi2/testutils/IgnoreFlakyTestsInCIRule.kt,1,9,1,10,1,1,2024-05-19,2024-05-19,522,10.0,1.0,0,0.0,1.0
tools/local-release.sh,1,3,7,10,1,1,2024-06-22,2024-06-22,488,10.0,1.0,0,0.0,1.0
AnkiDroid/src/main/res/values-hi/17-model-manager.xml,5,4,5,9,1,5,2025-02-08,2025-06-17,128,1.8,1.0,0,0.0,0.4444444444444444
AnkiDroid/src/main/res/values-hr/17-model-manager.xml,5,4,5,9,1,5,2025-02-08,2025-06-17,128,1.8,1.0,0,0.0,0.4444444444444444
AnkiDroid/src/main/res/values-hu/17-model-manager.xml,5,4,5,9,1,5,2025-02-08,2025-06-17,128,1.8,1.0,0,0.0,0.4444444444444444
AnkiDroid/src/main/res/values-ind/17-model-manager.xml,5,4,5,9,1,5,2025-02-08,2025-06-17,128,1.8,1.0,0,0.0,0.4444444444444444
AnkiDroid/src/main/res/values-kk/17-model-manager.xml,5,4,5,9,1,5,2025-02-08,2025-06-17,128,1.8,1.0,0,0.0,0.4444444444444444
AnkiDroid/src/main/res/values-km/17-model-manager.xml,5,4,5,9,1,5,2025-02-08,2025-06-17,128,1.8,1.0,0,0.0,0.4444444444444444
AnkiDroid/src/main/res/values-ku/17-model-manager.xml,5,4,5,9,1,5,2025-02-08,2025-06-17,128,1.8,1.0,0,0.0,0.4444444444444444
AnkiDroid/src/main/res/values-ky/17-model-manager.xml,5,4,5,9,1,5,2025-02-08,2025-06-17,128,1.8,1.0,0,0.0,0.4444444444444444
AnkiDroid/src/main/res/values-mk/17-model-manager.xml,5,4,5,9,1,5,2025-02-08,2025-06-17,128,1.8,1.0,0,0.0,0.4444444444444444
AnkiDroid/src/main/res/values-mn/17-model-manager.xml,5,4,5,9,1,5,2025-02-08,2025-06-17,128,1.8,1.0,0,0.0,0.4444444444444444
AnkiDroid/src/main/res/values-mr/17-model-manager.xml,5,4,5,9,1,5,2025-02-08,2025-06-17,128,1.8,1.0,0,0.0,0.4444444444444444
AnkiDroid/src/main/res/values-ms/17-model-manager.xml,5,4,5,9,1,5,2025-02-08,2025-06-17,128,1.8,1.0,0,0.0,0.4444444444444444
AnkiDroid/src/main/res/values-my/17-model-manager.xml,5,4,5,9,1,5,2025-02-08,2025-06-17,128,1.8,1.0,0,0.0,0.4444444444444444
AnkiDroid/src/main/res/values-no/17-model-manager.xml,5,4,5,9,1,5,2025-02-08,2025-06-17,128,1.8,1.0,0,0.0,0.4444444444444444
AnkiDroid/src/main/res/values-ro/17-model-manager.xml,5,4,5,9,1,5,2025-02-08,2025-06-17,128,1.8,1.0,0,0.0,0.4444444444444444
AnkiDroid/src/main/res/values-sc/17-model-manager.xml,5,4,5,9,1,5,2025-02-08,2025-06-17,128,1.8,1.0,0,0.0,0.4444444444444444
AnkiDroid/src/main/res/values-sk/17-model-manager.xml,5,4,5,9,1,5,2025-02-08,2025-06-17,128,1.8,1.0,0,0.0,0.4444444444444444
AnkiDroid/src/main/res/values-sl/17-model-manager.xml,5,4,5,9,1,5,2025-02-08,2025-06-17,128,1.8,1.0,0,0.0,0.4444444444444444
AnkiDroid/src/main/res/values-sq/17-model-manager.xml,5,4,5,9,1,5,2025-02-08,2025-06-17,128,1.8,1.0,0,0.0,0.4444444444444444
AnkiDroid/src/main/res/values-sr/17-model-manager.xml,5,4,5,9,1,5,2025-02-08,2025-06-17,128,1.8,1.0,0,0.0,0.4444444444444444
AnkiDroid/src/main/res/values-cs/06-statistics.xml,4,3,6,9,1,4,2024-10-06,2025-04-06,200,2.25,1.0,0,0.0,0.4444444444444444
AnkiDroid/src/main/res/values-de/06-statistics.xml,4,3,6,9,1,4,2024-10-06,2025-01-05,291,2.25,1.0,0,0.0,0.4444444444444444
AnkiDroid/src/main/res/values-fa/06-statistics.xml,4,3,6,9,1,4,2024-10-06,2025-08-23,61,2.25,1.0,0,0.0,0.4444444444444444
AnkiDroid/src/main/res/values-got/06-statistics.xml,4,3,6,9,1,4,2024-10-06,2025-09-09,44,2.25,1.0,0,0.0,0.4444444444444444
AnkiDroid/src/main/res/values-nn/06-statistics.xml,4,3,6,9,1,4,2024-10-06,2025-09-03,50,2.25,1.0,0,0.0,0.4444444444444444
AnkiDroid/src/main/java/com/ichi2/anki/analytics/AcraAnalyticsInteraction.kt,3,7,2,9,2,2,2024-12-09,2025-03-25,212,3.0,0.6666666666666666,1,0.3333333333333333,0.6666666666666666
AnkiDroid/src/main/java/com/ichi2/anki/browser/ReverseDirection.kt,3,5,4,9,1,2,2024-12-09,2025-07-05,110,3.0,1.0,1,0.3333333333333333,0.4444444444444444
AnkiDroid/src/main/java/com/ichi2/ui/GesturePicker.kt,3,5,4,9,2,3,2024-12-09,2025-09-11,42,3.0,0.6666666666666666,0,0.0,0.4444444444444444
AnkiDroid/src/main/res/values-heb/04-network.xml,3,5,4,9,1,3,2024-05-27,2024-08-15,434,3.0,1.0,0,0.0,0.6666666666666666
AnkiDroid/src/main/res/values-vi/04-network.xml,3,5,4,9,1,3,2024-05-01,2024-12-02,325,3.0,1.0,0,0.0,0.6666666666666666
AnkiDroid/src/androidTest/java/com/ichi2/anki/utils/GrantAllFilesAccessRule.kt,2,6,3,9,1,1,2024-12-09,2024-12-09,318,4.5,1.0,0,0.0,0.5555555555555556
AnkiDroid/src/main/java/com/ichi2/anki/backend/README.md,2,8,1,9,1,2,2025-06-27,2025-07-05,110,4.5,1.0,0,0.0,0.7777777777777778
AnkiDroid/src/main/java/com/ichi2/anki/logging/ProductionCrashReportingTree.kt,2,7,2,9,1,1,2024-12-09,2024-12-09,318,4.5,1.0,0,0.0,0.7777777777777778
AnkiDroid/src/main/java/com/ichi2/anki/logging/RobolectricDebugTree.kt,2,7,2,9,1,1,2024-12-09,2024-12-09,318,4.5,1.0,0,0.0,0.7777777777777778
AnkiDroid/src/main/java/com/ichi2/libanki/exception/ConfirmModSchemaException.kt,2,1,8,9,2,2,2024-10-20,2025-01-04,292,4.5,0.5,0,0.0,0.7777777777777778
AnkiDroid/src/main/java/com/ichi2/ui/AxisValueDisplay.kt,2,5,4,9,2,2,2025-03-14,2025-05-13,163,4.5,0.5,0,0.0,0.6666666666666666
AnkiDroid/src/main/res/drawable/ic_play.xml,2,6,3,9,2,2,2024-04-22,2025-08-10,74,4.5,0.5,0,0.0,0.5555555555555556
AnkiDroid/src/main/res/drawable/ic_stop.xml,2,6,3,9,2,2,2024-04-22,2025-08-10,74,4.5,0.5,0,0.0,0.5555555555555556
AnkiDroid/src/main/res/values-hu/04-network.xml,2,5,4,9,1,2,2024-06-09,2025-06-22,123,4.5,1.0,0,0.0,0.8888888888888888
AnkiDroid/src/main/res/values-lt/04-network.xml,2,5,4,9,1,2,2024-06-09,2025-05-29,147,4.5,1.0,0,0.0,0.8888888888888888
AnkiDroid/src/test/java/com/ichi2/libanki/MathJaxClozeTest.kt,2,6,3,9,2,2,2024-07-15,2025-01-06,290,4.5,0.5,0,0.0,0.7777777777777778
AnkiDroid/src/test/java/com/ichi2/libanki/SoundOrVideoTagTest.kt,2,5,4,9,1,2,2025-06-18,2025-06-28,117,4.5,1.0,0,0.0,0.8888888888888888
lint-rules/src/main/java/com/ichi2/anki/lint/rules/DirectSystemTimeInstantiation.kt,2,7,2,9,2,2,2024-07-15,2025-07-05,110,4.5,0.5,0,0.0,0.7777777777777778
AnkiDroid/src/main/java/com/ichi2/libanki/SortOrder.kt,1,7,2,9,1,1,2024-12-09,2024-12-09,318,9.0,1.0,1,1.0,1.0
AnkiDroid/src/main/java/com/ichi2/ui/OnGestureListener.kt,1,5,4,9,1,1,2025-03-22,2025-03-22,215,9.0,1.0,0,0.0,1.0
AnkiDroid/src/main/res/drawable/ic_lightbulb.xml,1,9,0,9,1,1,2024-12-10,2024-12-10,317,9.0,1.0,0,0.0,1.0
AnkiDroid/src/main/res/drawable/ic_paste.xml,1,9,0,9,1,1,2024-05-14,2024-05-14,527,9.0,1.0,0,0.0,1.0
libanki/src/test/java/com/ichi2/anki/libanki/StorageRustTest.kt,1,2,7,9,1,1,2025-07-07,2025-07-07,108,9.0,1.0,0,0.0,1.0
AnkiDroid/src/main/res/values-ca/09-backup.xml,4,4,4,8,1,4,2024-04-27,2025-05-24,152,2.0,1.0,0,0.0,0.25
AnkiDroid/src/main/res/values-de/09-backup.xml,4,4,4,8,1,4,2024-06-03,2025-09-03,50,2.0,1.0,0,0.0,0.25
AnkiDroid/src/main/res/values-es-rES/09-backup.xml,4,4,4,8,1,4,2024-05-31,2025-05-29,147,2.0,1.0,0,0.0,0.25
AnkiDroid/src/main/res/values-pl/09-backup.xml,4,4,4,8,1,4,2024-04-27,2025-06-18,127,2.0,1.0,0,0.0,0.25
AnkiDroid/src/main/java/com/ichi2/anki/logging/LogType.kt,3,5,3,8,1,2,2024-05-29,2024-12-09,318,2.6666666666666665,1.0,0,0.0,0.5
AnkiDroid/src/main/java/com/ichi2/anki/pages/PageChromeClient.kt,3,5,3,8,2,3,2024-10-26,2025-01-28,268,2.6666666666666665,0.6666666666666666,0,0.0,0.5
AnkiDroid/src/main/java/com/ichi2/anki/ui/windows/permissions/Full30and31PermissionsFragment.kt,3,4,4,8,2,2,2024-12-09,2025-08-03,81,2.6666666666666665,0.6666666666666666,0,0.0,0.5
AnkiDroid/src/main/java/com/ichi2/compat/CompatV29.kt,3,4,4,8,3,3,2024-10-02,2025-05-10,166,2.6666666666666665,0.3333333333333333,0,0.0,0.5
AnkiDroid/src/main/res/layout/deck_picker.xml,3,5,3,8,3,3,2024-10-26,2025-01-11,285,2.6666666666666665,0.3333333333333333,2,0.6666666666666666,0.5
AnkiDroid/src/test/java/com/ichi2/anki/libanki/AbstractSchedTest.kt,3,4,4,8,1,2,2025-07-05,2025-07-07,108,2.6666666666666665,1.0,0,0.0,0.75
AnkiDroid/src/test/java/com/ichi2/anki/libanki/CardTest.kt,3,4,4,8,1,2,2025-07-05,2025-07-07,108,2.6666666666666665,1.0,0,0.0,0.75
docs/marketing/localized_description/marketdescription-da.txt,3,4,4,8,1,3,2024-07-14,2025-06-30,115,2.6666666666666665,1.0,0,0.0,0.5
docs/marketing/localized_description/marketdescription-fa.txt,3,4,4,8,1,3,2024-07-30,2025-06-30,115,2.6666666666666665,1.0,0,0.0,0.5
AnkiDroid/src/main/assets/card_template.html,2,4,4,8,1,1,2024-10-11,2024-10-11,377,4.0,1.0,0,0.0,0.75
AnkiDroid/src/main/java/com/ichi2/anki/dialogs/ConfirmationDialog.kt,2,6,2,8,1,1,2024-12-09,2024-12-09,318,4.0,1.0,0,0.0,0.75
AnkiDroid/src/main/java/com/ichi2/anki/libanki/Card.kt,2,4,4,8,1,1,2025-07-05,2025-07-05,110,4.0,1.0,0,0.0,1.0
AnkiDroid/src/main/res/layout-w340dp/set_due_date_range.xml,2,6,2,8,1,1,2025-06-22,2025-06-22,123,4.0,1.0,0,0.0,0.625
AnkiDroid/src/main/res/layout/set_due_date_range.xml,2,6,2,8,1,1,2025-06-22,2025-06-22,123,4.0,1.0,0,0.0,0.625
AnkiDroid/src/main/res/layout/set_due_date_single.xml,2,5,3,8,1,1,2025-06-22,2025-06-22,123,4.0,1.0,1,0.5,0.625
AnkiDroid/src/main/res/layout/styled_custom_study_details_dialog.xml,2,6,2,8,1,1,2025-02-09,2025-02-09,256,4.0,1.0,0,0.0,0.75
AnkiDroid/src/main/res/values-fa/20-search-preference.xml,2,4,4,8,1,2,2024-07-18,2025-08-23,61,4.0,1.0,0,0.0,0.5
AnkiDroid/src/main/res/values-fil/05-feedback.xml,2,4,4,8,1,2,2024-06-03,2024-10-23,365,4.0,1.0,0,0.0,0.75
AnkiDroid/src/main/res/values-got/20-search-preference.xml,2,4,4,8,1,2,2025-07-30,2025-09-09,44,4.0,1.0,0,0.0,0.5
AnkiDroid/src/main/res/values-lt/09-backup.xml,2,4,4,8,1,2,2025-05-24,2025-05-29,147,4.0,1.0,0,0.0,0.75
AnkiDroid/src/main/res/values-mr/09-backup.xml,2,4,4,8,1,2,2024-06-27,2025-05-24,152,4.0,1.0,0,0.0,0.75
AnkiDroid/src/main/res/values-ta/09-backup.xml,2,4,4,8,1,2,2024-04-27,2024-10-02,386,4.0,1.0,0,0.0,0.75
AnkiDroid/src/main/res/values-zh-rTW/20-search-preference.xml,2,4,4,8,1,2,2024-08-07,2024-08-19,430,4.0,1.0,0,0.0,0.5
AnkiDroid/src/main/res/xml/preferences_general.xml,2,7,1,8,2,2,2025-04-02,2025-07-06,109,4.0,0.5,0,0.0,0.625
AnkiDroid/src/test/java/com/ichi2/anki/ui/windows/permissions/PermissionsActivityTest.kt,2,5,3,8,2,2,2024-11-30,2025-08-03,81,4.0,0.5,0,0.0,0.75
AnkiDroid/src/test/java/com/ichi2/testutils/ext/AnkiTest.kt,2,4,4,8,1,2,2025-07-07,2025-09-07,46,4.0,1.0,0,0.0,0.5
libanki/src/test/java/com/ichi2/anki/libanki/CollectionTest.kt,2,3,5,8,1,2,2025-07-07,2025-07-21,94,4.0,1.0,0,0.0,0.875
libanki/src/test/java/com/ichi2/anki/libanki/DecksTest.kt,2,3,5,8,1,2,2025-07-07,2025-07-21,94,4.0,1.0,0,0.0,0.875
libanki/src/test/java/com/ichi2/anki/libanki/FlagTest.kt,2,3,5,8,1,2,2025-07-07,2025-07-21,94,4.0,1.0,0,0.0,0.875
AnkiDroid/src/main/java/com/ichi2/anki/multimediacard/fields/FieldBase.kt,1,0,8,8,1,1,2024-12-28,2024-12-28,299,8.0,1.0,1,1.0,1.0
AnkiDroid/src/main/java/com/ichi2/utils/EditTextUtils.kt,1,8,0,8,1,1,2024-12-16,2024-12-16,311,8.0,1.0,0,0.0,1.0
AnkiDroid/src/main/res/drawable/widget_card_analysis_rounded_inner_background.xml,1,8,0,8,1,1,2024-12-27,2024-12-27,300,8.0,1.0,0,0.0,1.0
AnkiDroid/src/main/res/layout/feedback.xml,1,4,4,8,1,1,2024-12-26,2024-12-26,301,8.0,1.0,1,1.0,1.0
AnkiDroid/src/main/res/layout/reviewer.xml,1,6,2,8,1,1,2024-04-06,2024-04-06,565,8.0,1.0,1,1.0,1.0
AnkiDroid/src/main/res/menu/card_template_editor.xml,1,7,1,8,1,1,2024-10-05,2024-10-05,383,8.0,1.0,0,0.0,1.0
AnkiDroid/src/test/java/com/ichi2/anki/FlagToDisplayTest.kt,1,4,4,8,1,1,2024-11-03,2024-11-03,354,8.0,1.0,0,0.0,1.0
AnkiDroid/src/test/java/com/ichi2/anki/MyAccountTest.kt,1,8,0,8,1,1,2025-01-16,2025-01-16,280,8.0,1.0,0,0.0,1.0
AnkiDroid/src/test/java/com/ichi2/compat/CompatDirectoryContentTest.kt,1,6,2,8,1,1,2024-07-15,2024-07-15,465,8.0,1.0,0,0.0,1.0
common/src/test/java/com/ichi2/anki/common/utils/StringUtilsTest.kt,1,5,3,8,1,1,2025-06-18,2025-06-18,127,8.0,1.0,0,0.0,1.0
AnkiDroid/src/main/res/values-ja/04-network.xml,4,4,3,7,1,4,2024-04-27,2024-09-21,397,1.75,1.0,0,0.0,0.2857142857142857
.github/dependabot.yml,3,5,2,7,1,3,2024-06-17,2024-12-04,323,2.3333333333333335,1.0,0,0.0,0.42857142857142855
AnkiDroid/src/main/java/com/ichi2/anki/LoginActivity.kt,3,4,3,7,1,2,2024-12-09,2025-06-18,127,2.3333333333333335,1.0,1,0.3333333333333333,0.5714285714285714
AnkiDroid/src/main/java/com/ichi2/compat/CompatV34.kt,3,4,3,7,2,3,2024-10-02,2025-03-22,215,2.3333333333333335,0.6666666666666666,0,0.0,0.5714285714285714
AnkiDroid/src/main/res/values-ar/06-statistics.xml,3,2,5,7,1,3,2024-10-06,2025-02-09,256,2.3333333333333335,1.0,0,0.0,0.5714285714285714
AnkiDroid/src/main/res/values-be/06-statistics.xml,3,2,5,7,1,3,2024-10-06,2025-01-05,291,2.3333333333333335,1.0,0,0.0,0.5714285714285714
AnkiDroid/src/main/res/values-ca/06-statistics.xml,3,2,5,7,1,3,2024-10-06,2025-01-05,291,2.3333333333333335,1.0,0,0.0,0.5714285714285714
AnkiDroid/src/main/res/values-el/06-statistics.xml,3,2,5,7,1,3,2024-10-06,2025-01-05,291,2.3333333333333335,1.0,0,0.0,0.5714285714285714
AnkiDroid/src/main/res/values-eo/06-statistics.xml,3,2,5,7,1,3,2024-10-06,2025-01-05,291,2.3333333333333335,1.0,0,0.0,0.5714285714285714
AnkiDroid/src/main/res/values-es-rAR/06-statistics.xml,3,2,5,7,1,3,2024-10-06,2025-01-05,291,2.3333333333333335,1.0,0,0.0,0.5714285714285714
AnkiDroid/src/main/res/values-es-rES/06-statistics.xml,3,2,5,7,1,3,2024-10-06,2025-01-05,291,2.3333333333333335,1.0,0,0.0,0.5714285714285714
AnkiDroid/src/main/res/values-fi/06-statistics.xml,3,2,5,7,1,3,2024-10-06,2025-02-04,261,2.3333333333333335,1.0,0,0.0,0.5714285714285714
AnkiDroid/src/main/res/values-fr/06-statistics.xml,3,2,5,7,1,3,2024-10-06,2025-01-05,291,2.3333333333333335,1.0,0,0.0,0.5714285714285714
AnkiDroid/src/main/res/values-gl/06-statistics.xml,3,2,5,7,1,3,2024-10-06,2025-04-13,193,2.3333333333333335,1.0,0,0.0,0.5714285714285714
AnkiDroid/src/main/res/values-heb/06-statistics.xml,3,2,5,7,1,3,2024-10-06,2025-01-05,291,2.3333333333333335,1.0,0,0.0,0.5714285714285714
AnkiDroid/src/main/res/values-hi/06-statistics.xml,3,2,5,7,1,3,2024-10-06,2025-01-05,291,2.3333333333333335,1.0,0,0.0,0.5714285714285714
AnkiDroid/src/main/res/values-hu/06-statistics.xml,3,2,5,7,1,3,2024-10-06,2025-01-26,270,2.3333333333333335,1.0,0,0.0,0.5714285714285714
AnkiDroid/src/main/res/values-hy/06-statistics.xml,3,2,5,7,1,3,2024-10-06,2025-01-05,291,2.3333333333333335,1.0,0,0.0,0.5714285714285714
AnkiDroid/src/main/res/values-it/06-statistics.xml,3,2,5,7,1,3,2024-10-06,2025-06-27,118,2.3333333333333335,1.0,0,0.0,0.5714285714285714
AnkiDroid/src/main/res/values-ja/06-statistics.xml,3,2,5,7,1,3,2024-10-06,2025-01-05,291,2.3333333333333335,1.0,0,0.0,0.5714285714285714
AnkiDroid/src/main/res/values-ka/06-statistics.xml,3,2,5,7,1,3,2024-10-06,2025-02-04,261,2.3333333333333335,1.0,0,0.0,0.5714285714285714
AnkiDroid/src/main/res/values-ko/06-statistics.xml,3,2,5,7,1,3,2024-10-06,2025-01-05,291,2.3333333333333335,1.0,0,0.0,0.5714285714285714
AnkiDroid/src/main/res/values-lt/06-statistics.xml,3,2,5,7,1,3,2024-10-06,2025-05-29,147,2.3333333333333335,1.0,0,0.0,0.5714285714285714
AnkiDroid/src/main/res/values-lv/06-statistics.xml,3,2,5,7,1,3,2024-10-06,2025-04-19,187,2.3333333333333335,1.0,0,0.0,0.5714285714285714
AnkiDroid/src/main/res/values-no/06-statistics.xml,3,2,5,7,1,3,2024-10-06,2025-08-10,74,2.3333333333333335,1.0,0,0.0,0.5714285714285714
AnkiDroid/src/main/res/values-pl/06-statistics.xml,3,2,5,7,1,3,2024-10-06,2025-04-02,204,2.3333333333333335,1.0,0,0.0,0.5714285714285714
AnkiDroid/src/main/res/values-pt-rBR/06-statistics.xml,3,2,5,7,1,3,2024-10-06,2025-01-05,291,2.3333333333333335,1.0,0,0.0,0.5714285714285714
AnkiDroid/src/test/java/com/ichi2/anki/ActivityStartupMetaTest.kt,3,5,2,7,2,3,2023-12-04,2024-11-05,352,2.3333333333333335,0.6666666666666666,0,0.0,0.5714285714285714
libanki/src/main/java/com/ichi2/anki/libanki/Card.kt,3,6,1,7,1,2,2025-07-06,2025-07-21,94,2.3333333333333335,1.0,0,0.0,0.5714285714285714
AnkiDroid/src/main/java/com/ichi2/anki/WhiteboardMultiTouchMethods.kt,2,5,2,7,1,1,2024-12-09,2024-12-09,318,3.5,1.0,0,0.0,0.7142857142857143
AnkiDroid/src/main/java/com/ichi2/anki/preferences/BackupLimitsSettingsFragment.kt,2,6,1,7,2,2,2024-08-25,2024-12-09,318,3.5,0.5,0,0.0,0.8571428571428571
AnkiDroid/src/main/java/com/ichi2/anki/receiver/SdCardReceiver.kt,2,5,2,7,1,1,2024-12-09,2024-12-09,318,3.5,1.0,0,0.0,0.7142857142857143
AnkiDroid/src/main/java/com/ichi2/anki/reviewer/ActionButtons.kt,2,5,2,7,1,1,2024-12-09,2024-12-09,318,3.5,1.0,0,0.0,0.7142857142857143
AnkiDroid/src/main/java/com/ichi2/compat/customtabs/CustomTabsHelper.kt,2,4,3,7,2,2,2024-10-27,2025-03-22,215,3.5,0.5,1,0.5,0.5714285714285714
AnkiDroid/src/main/java/com/ichi2/libanki/Deck.kt,2,1,6,7,2,2,2024-07-13,2025-06-18,127,3.5,0.5,1,0.5,0.7142857142857143
AnkiDroid/src/main/java/com/ichi2/utils/AssetHelper.kt,2,6,1,7,2,2,2024-06-03,2025-03-14,223,3.5,0.5,0,0.0,0.7142857142857143
AnkiDroid/src/main/res/layout/dialog_generic_text_input.xml,2,5,2,7,2,2,2024-07-12,2024-12-26,301,3.5,0.5,1,0.5,0.5714285714285714
AnkiDroid/src/main/res/layout/dialog_set_due_date.xml,2,6,1,7,2,2,2024-07-25,2025-02-26,239,3.5,0.5,0,0.0,0.7142857142857143
AnkiDroid/src/main/res/layout/gesture_picker.xml,2,4,3,7,2,2,2024-10-02,2025-07-09,106,3.5,0.5,1,0.5,0.7142857142857143
AnkiDroid/src/main/res/values/06-statistics.xml,2,1,6,7,2,2,2024-07-21,2024-08-16,433,3.5,0.5,0,0.0,0.8571428571428571
AnkiDroid/src/main/res/xml/preferences_sync.xml,2,6,1,7,1,2,2025-03-16,2025-04-21,185,3.5,1.0,0,0.0,0.8571428571428571
AnkiDroid/src/test/java/com/ichi2/anki/utils/OnlyOnceTest.kt,2,3,4,7,2,2,2024-07-15,2024-08-14,435,3.5,0.5,0,0.0,0.7142857142857143
AnkiDroid/src/test/java/com/ichi2/compat/customtabs/CustomTabActivityHelperTest.kt,2,4,3,7,2,2,2024-07-15,2025-03-22,215,3.5,0.5,0,0.0,0.5714285714285714
AnkiDroid/src/test/java/com/ichi2/utils/ContentResolverUtilTest.kt,2,2,5,7,2,2,2025-03-22,2025-06-12,133,3.5,0.5,0,0.0,0.5714285714285714
AnkiDroid/src/test/java/com/ichi2/utils/ImportUtilsTest.kt,2,4,3,7,2,2,2024-11-12,2025-03-22,215,3.5,0.5,0,0.0,0.5714285714285714
libanki/testutils/src/main/java/com/ichi2/anki/libanki/testutils/AnkiTest.kt,2,3,4,7,2,2,2025-07-07,2025-08-29,55,3.5,0.5,0,0.0,0.7142857142857143
AnkiDroid/src/main/res/drawable/browser_divider.xml,1,7,0,7,1,1,2025-01-07,2025-01-07,289,7.0,1.0,1,1.0,1.0
AnkiDroid/src/main/res/drawable/ic_double_arrow_down.xml,1,7,0,7,1,1,2024-12-10,2024-12-10,317,7.0,1.0,0,0.0,1.0
AnkiDroid/src/main/res/drawable/ic_double_arrow_up.xml,1,7,0,7,1,1,2024-12-10,2024-12-10,317,7.0,1.0,0,0.0,1.0
SECURITY.md,1,7,0,7,1,1,2025-03-25,2025-03-25,212,7.0,1.0,0,0.0,1.0
libanki/src/test/java/com/ichi2/anki/libanki/ConfigTest.kt,1,2,5,7,1,1,2025-07-07,2025-07-07,108,7.0,1.0,0,0.0,1.0
libanki/src/test/java/com/ichi2/anki/libanki/MathJaxClozeTest.kt,1,2,5,7,1,1,2025-07-07,2025-07-07,108,7.0,1.0,0,0.0,1.0
libanki/src/test/java/com/ichi2/anki/libanki/MetaTest.kt,1,2,5,7,1,1,2025-07-07,2025-07-07,108,7.0,1.0,0,0.0,1.0
libanki/src/test/java/com/ichi2/anki/libanki/TagsTest.kt,1,2,5,7,1,1,2025-07-07,2025-07-07,108,7.0,1.0,0,0.0,1.0
lint-rules/src/main/java/com/ichi2/anki/lint/rules/DirectCalendarInstanceUsage.kt,1,6,1,7,1,1,2024-07-15,2024-07-15,465,7.0,1.0,0,0.0,1.0
lint-rules/src/main/java/com/ichi2/anki/lint/rules/DirectDateInstantiation.kt,1,6,1,7,1,1,2024-07-15,2024-07-15,465,7.0,1.0,0,0.0,1.0
lint-rules/src/main/java/com/ichi2/anki/lint/rules/DirectGregorianInstantiation.kt,1,6,1,7,1,1,2024-07-15,2024-07-15,465,7.0,1.0,0,0.0,1.0
lint-rules/src/main/java/com/ichi2/anki/lint/rules/DirectSnackbarMakeUsage.kt,1,6,1,7,1,1,2024-07-15,2024-07-15,465,7.0,1.0,0,0.0,1.0
lint-rules/src/main/java/com/ichi2/anki/lint/rules/DirectSystemCurrentTimeMillisUsage.kt,1,6,1,7,1,1,2024-07-15,2024-07-15,465,7.0,1.0,0,0.0,1.0
lint-rules/src/main/java/com/ichi2/anki/lint/rules/DirectToastMakeTextUsage.kt,1,6,1,7,1,1,2024-07-15,2024-07-15,465,7.0,1.0,0,0.0,1.0
AnkiDroid/src/test/java/com/ichi2/anki/libanki/CollectionTest.kt,4,3,3,6,1,3,2025-07-05,2025-07-20,95,1.5,1.0,0,0.0,0.3333333333333333
AnkiDroid/src/test/java/com/ichi2/anki/libanki/FlagTest.kt,4,3,3,6,1,3,2025-07-05,2025-07-21,94,1.5,1.0,0,0.0,0.3333333333333333
.idea/dictionaries/usernames.xml,3,6,0,6,3,3,2024-07-07,2025-08-02,82,2.0,0.3333333333333333,0,0.0,0.6666666666666666
AnkiDroid/src/main/java/com/ichi2/compat/PackageManagerCompat.kt,3,4,2,6,2,3,2024-09-25,2024-12-09,318,2.0,0.6666666666666666,2,0.6666666666666666,0.6666666666666666
AnkiDroid/src/main/res/values-be/09-backup.xml,3,3,3,6,1,3,2024-07-08,2025-05-24,152,2.0,1.0,0,0.0,0.3333333333333333
AnkiDroid/src/main/res/values-cs/09-backup.xml,3,3,3,6,1,3,2024-10-23,2025-06-09,136,2.0,1.0,0,0.0,0.3333333333333333
AnkiDroid/src/main/res/values-el/05-feedback.xml,3,3,3,6,1,3,2024-10-23,2025-06-24,121,2.0,1.0,0,0.0,0.3333333333333333
AnkiDroid/src/main/res/values-et/09-backup.xml,3,3,3,6,1,3,2024-04-27,2025-05-24,152,2.0,1.0,0,0.0,0.3333333333333333
AnkiDroid/src/main/res/values-fi/09-backup.xml,3,3,3,6,1,3,2024-10-23,2025-05-24,152,2.0,1.0,0,0.0,0.3333333333333333
AnkiDroid/src/main/res/values-fr/09-backup.xml,3,3,3,6,1,3,2024-10-23,2025-07-25,90,2.0,1.0,0,0.0,0.3333333333333333
AnkiDroid/src/main/res/values-heb/09-backup.xml,3,3,3,6,1,3,2024-05-27,2025-08-10,74,2.0,1.0,0,0.0,0.3333333333333333
AnkiDroid/src/main/res/values-ja/09-backup.xml,3,3,3,6,1,3,2024-04-27,2025-06-12,133,2.0,1.0,0,0.0,0.3333333333333333
AnkiDroid/src/main/res/values-ka/09-backup.xml,3,3,3,6,1,3,2025-03-02,2025-05-24,152,2.0,1.0,0,0.0,0.3333333333333333
AnkiDroid/src/main/res/values-nl/09-backup.xml,3,3,3,6,1,3,2024-04-27,2025-05-24,152,2.0,1.0,0,0.0,0.3333333333333333
.github/workflows/update-gradle-wrapper.yml,2,3,3,6,2,2,2024-09-16,2025-08-01,83,3.0,0.5,0,0.0,0.6666666666666666
.gitignore,2,6,0,6,2,2,2024-06-19,2024-11-08,349,3.0,0.5,0,0.0,0.6666666666666666
AnkiDroid/src/main/java/com/ichi2/anki/libanki/LaTeX.kt,2,3,3,6,1,1,2025-07-05,2025-07-05,110,3.0,1.0,0,0.0,1.0
AnkiDroid/src/main/java/com/ichi2/anki/libanki/Sound.kt,2,3,3,6,1,1,2025-07-05,2025-07-05,110,3.0,1.0,0,0.0,1.0
AnkiDroid/src/main/java/com/ichi2/anki/libanki/Tags.kt,2,3,3,6,1,1,2025-07-05,2025-07-05,110,3.0,1.0,0,0.0,1.0
AnkiDroid/src/main/java/com/ichi2/anki/libanki/sched/DummyScheduler.kt,2,3,3,6,1,1,2025-07-05,2025-07-05,110,3.0,1.0,0,0.0,1.0
AnkiDroid/src/main/java/com/ichi2/libanki/utils/LibAnkiAlias.kt,2,4,2,6,1,2,2024-12-09,2025-01-04,292,3.0,1.0,1,0.5,0.6666666666666666
AnkiDroid/src/main/java/com/ichi2/utils/HtmlUtils.kt,2,3,3,6,2,2,2025-03-22,2025-06-18,127,3.0,0.5,0,0.0,0.6666666666666666
AnkiDroid/src/main/res/values-ar/20-search-preference.xml,2,3,3,6,1,2,2025-07-05,2025-07-12,103,3.0,1.0,0,0.0,0.6666666666666666
AnkiDroid/src/main/res/values-bn/05-feedback.xml,2,3,3,6,1,2,2024-04-27,2024-10-23,365,3.0,1.0,0,0.0,0.6666666666666666
AnkiDroid/src/main/res/values-fi/05-feedback.xml,2,3,3,6,1,2,2024-04-27,2024-10-23,365,3.0,1.0,0,0.0,0.6666666666666666
AnkiDroid/src/main/res/values-km/09-backup.xml,2,3,3,6,1,2,2025-02-25,2025-05-24,152,3.0,1.0,0,0.0,0.6666666666666666
AnkiDroid/src/main/res/values-kn/05-feedback.xml,2,3,3,6,1,2,2024-04-27,2024-05-27,514,3.0,1.0,0,0.0,0.6666666666666666
AnkiDroid/src/main/res/values-ko/05-feedback.xml,2,3,3,6,1,2,2024-10-14,2025-03-02,235,3.0,1.0,0,0.0,0.6666666666666666
AnkiDroid/src/main/res/values-ko/20-search-preference.xml,2,3,3,6,1,2,2025-01-05,2025-03-02,235,3.0,1.0,0,0.0,0.6666666666666666
AnkiDroid/src/main/res/values-pt-rPT/06-statistics.xml,2,1,5,6,1,2,2024-10-20,2025-01-05,291,3.0,1.0,0,0.0,0.6666666666666666
AnkiDroid/src/main/res/values-ru/06-statistics.xml,2,1,5,6,1,2,2025-01-02,2025-01-05,291,3.0,1.0,0,0.0,0.6666666666666666
AnkiDroid/src/main/res/values-sat/06-statistics.xml,2,1,5,6,1,2,2024-12-02,2025-01-05,291,3.0,1.0,0,0.0,0.6666666666666666
AnkiDroid/src/main/res/values-sat/09-backup.xml,2,3,3,6,1,2,2024-12-02,2025-03-17,220,3.0,1.0,0,0.0,0.6666666666666666
AnkiDroid/src/main/res/values-sc/06-statistics.xml,2,1,5,6,1,2,2024-10-20,2025-01-05,291,3.0,1.0,0,0.0,0.6666666666666666
AnkiDroid/src/main/res/values-sv/06-statistics.xml,2,1,5,6,1,2,2025-01-05,2025-01-21,275,3.0,1.0,0,0.0,0.6666666666666666
AnkiDroid/src/main/res/values-te/05-feedback.xml,2,3,3,6,1,2,2024-05-01,2024-05-19,522,3.0,1.0,0,0.0,0.6666666666666666
AnkiDroid/src/main/res/values-te/06-statistics.xml,2,1,5,6,1,2,2024-10-14,2025-01-05,291,3.0,1.0,0,0.0,0.6666666666666666
AnkiDroid/src/main/res/values-tr/05-feedback.xml,2,3,3,6,1,2,2024-04-27,2025-01-05,291,3.0,1.0,0,0.0,0.6666666666666666
AnkiDroid/src/main/res/values-tr/06-statistics.xml,2,1,5,6,1,2,2024-10-11,2025-01-05,291,3.0,1.0,0,0.0,0.6666666666666666
AnkiDroid/src/main/res/values-uk/06-statistics.xml,2,1,5,6,1,2,2024-10-11,2025-01-05,291,3.0,1.0,0,0.0,0.6666666666666666
AnkiDroid/src/main/res/values-uk/09-backup.xml,2,3,3,6,1,2,2024-04-27,2025-08-03,81,3.0,1.0,0,0.0,0.6666666666666666
AnkiDroid/src/main/res/values-uz/06-statistics.xml,2,1,5,6,1,2,2025-01-05,2025-06-24,121,3.0,1.0,0,0.0,0.6666666666666666
AnkiDroid/src/main/res/values-vi/06-statistics.xml,2,1,5,6,1,2,2024-12-02,2025-01-05,291,3.0,1.0,0,0.0,0.6666666666666666
AnkiDroid/src/main/res/values-zh-rCN/06-statistics.xml,2,1,5,6,1,2,2024-10-11,2025-01-05,291,3.0,1.0,0,0.0,0.6666666666666666
AnkiDroid/src/main/res/values-zh-rTW/06-statistics.xml,2,1,5,6,1,2,2025-01-05,2025-08-22,62,3.0,1.0,0,0.0,0.6666666666666666
AnkiDroid/src/test/java/com/ichi2/anki/DeckAdapterFilterTest.kt,2,4,2,6,2,2,2025-06-05,2025-07-05,110,3.0,0.5,0,0.0,0.6666666666666666
AnkiDroid/src/test/java/com/ichi2/anki/observability/ChangeManagerTest.kt,2,2,4,6,1,2,2025-07-05,2025-07-07,108,3.0,1.0,0,0.0,0.5
AnkiDroid/src/test/java/com/ichi2/anki/previewer/PreviewerFragmentTest.kt,2,3,3,6,2,2,2025-01-03,2025-05-04,172,3.0,0.5,0,0.0,0.6666666666666666
AnkiDroid/src/test/java/com/ichi2/anki/reviewer/ActionButtonStatusTest.kt,2,3,3,6,2,2,2024-07-15,2025-03-31,206,3.0,0.5,0,0.0,0.6666666666666666
AnkiDroid/src/test/java/com/ichi2/libanki/StorageRustTest.kt,2,3,3,6,1,2,2025-03-13,2025-04-26,180,3.0,1.0,0,0.0,0.6666666666666666
AnkiDroid/src/test/java/com/ichi2/testutils/FileUtil.kt,2,2,4,6,2,2,2024-07-15,2024-08-27,422,3.0,0.5,0,0.0,0.5
AnkiDroid/src/test/java/com/ichi2/testutils/MockTime.kt,2,4,2,6,2,2,2024-07-15,2025-05-10,166,3.0,0.5,0,0.0,0.6666666666666666
docs/marketing/localized_description/marketdescription-af.txt,2,3,3,6,1,2,2025-05-10,2025-06-30,115,3.0,1.0,0,0.0,0.6666666666666666
docs/marketing/localized_description/marketdescription-az.txt,2,3,3,6,1,2,2025-05-10,2025-06-30,115,3.0,1.0,0,0.0,0.6666666666666666
docs/marketing/localized_description/marketdescription-be.txt,2,3,3,6,1,2,2025-05-10,2025-06-30,115,3.0,1.0,0,0.0,0.6666666666666666
docs/marketing/localized_description/marketdescription-bg.txt,2,3,3,6,1,2,2025-05-10,2025-06-30,115,3.0,1.0,0,0.0,0.6666666666666666
docs/marketing/localized_description/marketdescription-bn.txt,2,3,3,6,1,2,2025-05-10,2025-06-30,115,3.0,1.0,0,0.0,0.6666666666666666
docs/marketing/localized_description/marketdescription-ca.txt,2,3,3,6,1,2,2025-05-10,2025-06-30,115,3.0,1.0,0,0.0,0.6666666666666666
docs/marketing/localized_description/marketdescription-ckb.txt,2,3,3,6,1,2,2025-05-10,2025-06-30,115,3.0,1.0,0,0.0,0.6666666666666666
docs/marketing/localized_description/marketdescription-et.txt,2,3,3,6,1,2,2025-05-10,2025-06-30,115,3.0,1.0,0,0.0,0.6666666666666666
docs/marketing/localized_description/marketdescription-eu.txt,2,3,3,6,1,2,2025-05-10,2025-06-30,115,3.0,1.0,0,0.0,0.6666666666666666
docs/marketing/localized_description/marketdescription-fi.txt,2,3,3,6,1,2,2025-05-10,2025-06-30,115,3.0,1.0,0,0.0,0.6666666666666666
docs/marketing/localized_description/marketdescription-fil.txt,2,3,3,6,1,2,2025-05-10,2025-06-30,115,3.0,1.0,0,0.0,0.6666666666666666
docs/marketing/localized_description/marketdescription-fy-NL.txt,2,3,3,6,1,2,2025-05-10,2025-06-30,115,3.0,1.0,0,0.0,0.6666666666666666
docs/marketing/localized_description/marketdescription-ga-IE.txt,2,3,3,6,1,2,2025-05-10,2025-06-30,115,3.0,1.0,0,0.0,0.6666666666666666
docs/marketing/localized_description/marketdescription-gu-IN.txt,2,3,3,6,1,2,2025-05-10,2025-06-30,115,3.0,1.0,0,0.0,0.6666666666666666
docs/marketing/localized_description/marketdescription-hi.txt,2,3,3,6,1,2,2025-05-10,2025-06-30,115,3.0,1.0,0,0.0,0.6666666666666666
docs/marketing/localized_description/marketdescription-hr.txt,2,3,3,6,1,2,2025-05-10,2025-06-30,115,3.0,1.0,0,0.0,0.6666666666666666
docs/marketing/localized_description/marketdescription-hu.txt,2,3,3,6,1,2,2025-05-10,2025-06-30,115,3.0,1.0,0,0.0,0.6666666666666666
docs/marketing/localized_description/marketdescription-id.txt,2,3,3,6,1,2,2025-05-10,2025-06-30,115,3.0,1.0,0,0.0,0.6666666666666666
docs/marketing/localized_description/marketdescription-is.txt,2,3,3,6,1,2,2025-05-10,2025-06-30,115,3.0,1.0,0,0.0,0.6666666666666666
docs/marketing/localized_description/marketdescription-it.txt,2,3,3,6,1,2,2025-05-10,2025-06-30,115,3.0,1.0,0,0.0,0.6666666666666666
docs/marketing/localized_description/marketdescription-jv.txt,2,3,3,6,1,2,2025-05-10,2025-06-30,115,3.0,1.0,0,0.0,0.6666666666666666
docs/marketing/localized_description/marketdescription-ka.txt,2,3,3,6,1,2,2025-05-10,2025-06-30,115,3.0,1.0,0,0.0,0.6666666666666666
docs/marketing/localized_description/marketdescription-kk.txt,2,3,3,6,1,2,2025-05-10,2025-06-30,115,3.0,1.0,0,0.0,0.6666666666666666
docs/marketing/localized_description/marketdescription-km.txt,2,3,3,6,1,2,2025-05-10,2025-06-30,115,3.0,1.0,0,0.0,0.6666666666666666
docs/marketing/localized_description/marketdescription-kn.txt,2,3,3,6,1,2,2025-05-10,2025-06-30,115,3.0,1.0,0,0.0,0.6666666666666666
docs/marketing/localized_description/marketdescription-ku.txt,2,3,3,6,1,2,2025-05-10,2025-06-30,115,3.0,1.0,0,0.0,0.6666666666666666
docs/marketing/localized_description/marketdescription-ky.txt,2,3,3,6,1,2,2025-05-10,2025-06-30,115,3.0,1.0,0,0.0,0.6666666666666666
docs/marketing/localized_description/marketdescription-mk.txt,2,3,3,6,1,2,2025-05-10,2025-06-30,115,3.0,1.0,0,0.0,0.6666666666666666
docs/marketing/localized_description/marketdescription-ml-IN.txt,2,3,3,6,1,2,2025-05-10,2025-06-30,115,3.0,1.0,0,0.0,0.6666666666666666
docs/marketing/localized_description/marketdescription-mn.txt,2,3,3,6,1,2,2025-05-10,2025-06-30,115,3.0,1.0,0,0.0,0.6666666666666666
docs/marketing/localized_description/marketdescription-mr.txt,2,3,3,6,1,2,2025-05-10,2025-06-30,115,3.0,1.0,0,0.0,0.6666666666666666
docs/marketing/localized_description/marketdescription-ms.txt,2,3,3,6,1,2,2025-05-10,2025-06-30,115,3.0,1.0,0,0.0,0.6666666666666666
docs/marketing/localized_description/marketdescription-my.txt,2,3,3,6,1,2,2025-05-10,2025-06-30,115,3.0,1.0,0,0.0,0.6666666666666666
docs/marketing/localized_description/marketdescription-nn-NO.txt,2,3,3,6,1,2,2025-05-10,2025-06-30,115,3.0,1.0,0,0.0,0.6666666666666666
docs/marketing/localized_description/marketdescription-no.txt,2,3,3,6,1,2,2025-05-10,2025-06-30,115,3.0,1.0,0,0.0,0.6666666666666666
docs/marketing/localized_description/marketdescription-pa-IN.txt,2,3,3,6,1,2,2025-05-10,2025-06-30,115,3.0,1.0,0,0.0,0.6666666666666666
docs/marketing/localized_description/marketdescription-ro.txt,2,3,3,6,1,2,2025-05-10,2025-06-30,115,3.0,1.0,0,0.0,0.6666666666666666
docs/marketing/localized_description/marketdescription-sat.txt,2,3,3,6,1,2,2025-05-10,2025-06-30,115,3.0,1.0,0,0.0,0.6666666666666666
docs/marketing/localized_description/marketdescription-sc.txt,2,3,3,6,1,2,2025-05-10,2025-06-30,115,3.0,1.0,0,0.0,0.6666666666666666
docs/marketing/localized_description/marketdescription-sk.txt,2,3,3,6,1,2,2025-05-10,2025-06-30,115,3.0,1.0,0,0.0,0.6666666666666666
docs/marketing/localized_description/marketdescription-sl.txt,2,3,3,6,1,2,2025-05-10,2025-06-30,115,3.0,1.0,0,0.0,0.6666666666666666
docs/marketing/localized_description/marketdescription-sq.txt,2,3,3,6,1,2,2025-05-10,2025-06-30,115,3.0,1.0,0,0.0,0.6666666666666666
docs/marketing/localized_description/marketdescription-sr.txt,2,3,3,6,1,2,2025-05-10,2025-06-30,115,3.0,1.0,0,0.0,0.6666666666666666
docs/marketing/localized_description/marketdescription-ss.txt,2,3,3,6,1,2,2025-05-10,2025-06-30,115,3.0,1.0,0,0.0,0.6666666666666666
docs/marketing/localized_description/marketdescription-sv-SE.txt,2,3,3,6,1,2,2025-05-10,2025-06-30,115,3.0,1.0,0,0.0,0.6666666666666666
docs/marketing/localized_description/marketdescription-sw.txt,2,3,3,6,1,2,2025-05-10,2025-06-30,115,3.0,1.0,0,0.0,0.6666666666666666
docs/marketing/localized_description/marketdescription-ta.txt,2,3,3,6,1,2,2025-05-10,2025-06-30,115,3.0,1.0,0,0.0,0.6666666666666666
docs/marketing/localized_description/marketdescription-te.txt,2,3,3,6,1,2,2025-05-10,2025-06-30,115,3.0,1.0,0,0.0,0.6666666666666666
docs/marketing/localized_description/marketdescription-tg.txt,2,3,3,6,1,2,2025-05-10,2025-06-30,115,3.0,1.0,0,0.0,0.6666666666666666
docs/marketing/localized_description/marketdescription-th.txt,2,3,3,6,1,2,2025-05-10,2025-06-30,115,3.0,1.0,0,0.0,0.6666666666666666
docs/marketing/localized_description/marketdescription-ti.txt,2,3,3,6,1,2,2025-05-10,2025-06-30,115,3.0,1.0,0,0.0,0.6666666666666666
docs/marketing/localized_description/marketdescription-tl.txt,2,3,3,6,1,2,2025-05-10,2025-06-30,115,3.0,1.0,0,0.0,0.6666666666666666
docs/marketing/localized_description/marketdescription-tn.txt,2,3,3,6,1,2,2025-05-10,2025-06-30,115,3.0,1.0,0,0.0,0.6666666666666666
docs/marketing/localized_description/marketdescription-ts.txt,2,3,3,6,1,2,2025-05-10,2025-06-30,115,3.0,1.0,0,0.0,0.6666666666666666
docs/marketing/localized_description/marketdescription-tt-RU.txt,2,3,3,6,1,2,2025-05-10,2025-06-30,115,3.0,1.0,0,0.0,0.6666666666666666
docs/marketing/localized_description/marketdescription-ve.txt,2,3,3,6,1,2,2025-05-10,2025-06-30,115,3.0,1.0,0,0.0,0.6666666666666666
docs/marketing/localized_description/marketdescription-wo.txt,2,3,3,6,1,2,2025-05-10,2025-06-30,115,3.0,1.0,0,0.0,0.6666666666666666
docs/marketing/localized_description/marketdescription-xh.txt,2,3,3,6,1,2,2025-05-10,2025-06-30,115,3.0,1.0,0,0.0,0.6666666666666666
docs/marketing/localized_description/marketdescription-yu.txt,2,3,3,6,1,2,2025-05-10,2025-06-30,115,3.0,1.0,0,0.0,0.6666666666666666
docs/marketing/localized_description/marketdescription-zh-TW.txt,2,3,3,6,1,2,2025-05-10,2025-06-30,115,3.0,1.0,0,0.0,0.6666666666666666
docs/marketing/localized_description/marketdescription-zu.txt,2,3,3,6,1,2,2025-05-10,2025-06-30,115,3.0,1.0,0,0.0,0.6666666666666666
docs/marketing/localized_description/marketdescription.txt,2,3,3,6,2,2,2025-05-09,2025-06-28,117,3.0,0.5,0,0.0,0.6666666666666666
gradlew.bat,2,4,2,6,1,2,2024-07-18,2025-06-03,142,3.0,1.0,0,0.0,0.6666666666666666
libanki/src/main/java/com/ichi2/anki/libanki/MyClass.kt,2,3,3,6,1,1,2025-06-18,2025-06-18,127,3.0,1.0,0,0.0,0.5
testlib/src/main/java/com/ichi2/testutils/common/AnkiAssert.kt,2,2,4,6,2,2,2024-06-24,2025-01-03,293,3.0,0.5,0,0.0,0.6666666666666666
AnkiDroid/src/main/java/com/ichi2/anki/workarounds/FullDraggableContainerFix.kt,1,4,2,6,1,1,2024-12-09,2024-12-09,318,6.0,1.0,1,1.0,1.0
AnkiDroid/src/main/java/com/ichi2/utils/TagsUtil.kt,1,3,3,6,1,1,2024-10-20,2024-10-20,368,6.0,1.0,0,0.0,1.0
AnkiDroid/src/main/res/drawable/ic_bar_chart_black.xml,1,4,2,6,1,1,2025-09-06,2025-09-06,47,6.0,1.0,0,0.0,1.0
AnkiDroid/src/main/res/drawable/ic_format_color_text_white.xml,1,0,6,6,1,1,2024-08-01,2024-08-01,448,6.0,1.0,0,0.0,1.0
AnkiDroid/src/main/res/drawable/ic_migrate.xml,1,0,6,6,1,1,2024-08-27,2024-08-27,422,6.0,1.0,0,0.0,1.0
AnkiDroid/src/main/res/values-te/09-backup.xml,1,3,3,6,1,1,2024-05-01,2024-05-01,540,6.0,1.0,0,0.0,1.0
AnkiDroid/src/test/java/com/ichi2/anki/AnkiDroidAppTest.kt,1,3,3,6,1,1,2025-07-07,2025-07-07,108,6.0,1.0,0,0.0,1.0
AnkiDroid/src/test/java/com/ichi2/anki/DeckPickerFloatingActionMenuTest.kt,1,5,1,6,1,1,2024-07-15,2024-07-15,465,6.0,1.0,0,0.0,1.0
AnkiDroid/src/test/java/com/ichi2/anki/LoginActivityTest.kt,1,3,3,6,1,1,2025-01-16,2025-01-16,280,6.0,1.0,0,0.0,1.0
AnkiDroid/src/test/java/com/ichi2/anki/reviewer/AutomaticAnswerActionTest.kt,1,5,1,6,1,1,2024-07-15,2024-07-15,465,6.0,1.0,0,0.0,1.0
AnkiDroid/src/test/java/com/ichi2/anki/reviewer/BindingMapTest.kt,1,3,3,6,1,1,2025-04-05,2025-04-05,201,6.0,1.0,0,0.0,1.0
AnkiDroid/src/test/java/com/ichi2/anki/servicemodel/UpgradeGesturesToControlsTestNoParam.kt,1,3,3,6,1,1,2024-10-20,2024-10-20,368,6.0,1.0,0,0.0,1.0
AnkiDroid/src/test/java/com/ichi2/compat/CompatCopyFileTest.kt,1,5,1,6,1,1,2024-07-15,2024-07-15,465,6.0,1.0,0,0.0,1.0
api/src/test/java/com/ichi2/anki/api/ApiUtilsTest.kt,1,3,3,6,1,1,2024-10-20,2024-10-20,368,6.0,1.0,0,0.0,1.0
common/src/main/java/com/ichi2/anki/common/time/MockTime.kt,1,4,2,6,1,1,2025-07-07,2025-07-07,108,6.0,1.0,0,0.0,1.0
common/src/main/java/com/ichi2/anki/common/utils/ext/Long.kt,1,5,1,6,1,1,2025-06-18,2025-06-18,127,6.0,1.0,0,0.0,1.0
lint-rules/src/main/java/com/ichi2/anki/lint/rules/HardcodedPreferenceKey.kt,1,5,1,6,1,1,2024-07-15,2024-07-15,465,6.0,1.0,0,0.0,1.0
lint-rules/src/main/java/com/ichi2/anki/lint/rules/InvalidStringFormatDetector.kt,1,4,2,6,1,1,2024-07-15,2024-07-15,465,6.0,1.0,0,0.0,1.0
lint-rules/src/main/java/com/ichi2/anki/lint/rules/JUnitNullAssertionDetector.kt,1,5,1,6,1,1,2024-07-15,2024-07-15,465,6.0,1.0,0,0.0,1.0
lint-rules/src/test/java/com/ichi2/anki/lint/rules/DirectSystemCurrentTimeMillisUsageTest.kt,1,3,3,6,1,1,2024-07-15,2024-07-15,465,6.0,1.0,0,0.0,1.0
lint-rules/src/test/java/com/ichi2/anki/lint/rules/DirectToastMakeTextUsageTest.kt,1,3,3,6,1,1,2024-07-15,2024-07-15,465,6.0,1.0,0,0.0,1.0
AnkiDroid/src/main/res/values-tgl/17-model-manager.xml,4,2,3,5,1,4,2025-02-08,2025-06-17,128,1.25,1.0,0,0.0,0.4
AnkiDroid/src/main/res/values-th/17-model-manager.xml,4,2,3,5,1,4,2025-02-08,2025-06-17,128,1.25,1.0,0,0.0,0.4
AnkiDroid/src/main/res/values-ti/17-model-manager.xml,4,2,3,5,1,4,2025-02-08,2025-06-17,128,1.25,1.0,0,0.0,0.4
AnkiDroid/src/main/res/values-tt/17-model-manager.xml,4,2,3,5,1,4,2025-02-08,2025-06-17,128,1.25,1.0,0,0.0,0.4
.idea/dictionaries/anki.xml,3,5,0,5,2,3,2024-06-14,2024-12-28,299,1.6666666666666667,0.6666666666666666,0,0.0,0.4
AnkiDroid/src/main/res/values-cs/04-network.xml,3,3,2,5,1,3,2024-06-09,2024-10-23,365,1.6666666666666667,1.0,0,0.0,0.4
AnkiDroid/src/main/res/values-fr/04-network.xml,3,3,2,5,1,3,2024-06-09,2024-11-19,338,1.6666666666666667,1.0,0,0.0,0.4
AnkiDroid/src/main/res/values-or/04-network.xml,3,3,2,5,1,3,2024-06-09,2025-08-03,81,1.6666666666666667,1.0,0,0.0,0.4
AnkiDroid/src/main/res/values-pt-rPT/04-network.xml,3,3,2,5,1,3,2024-06-09,2024-12-02,325,1.6666666666666667,1.0,0,0.0,0.4
AnkiDroid/src/main/res/values-ru/04-network.xml,3,3,2,5,1,3,2024-06-09,2024-09-10,408,1.6666666666666667,1.0,0,0.0,0.4
AnkiDroid/src/main/res/values-sw600dp/dimens.xml,3,4,1,5,1,3,2025-02-08,2025-07-03,112,1.6666666666666667,1.0,1,0.3333333333333333,0.6
AnkiDroid/src/main/res/values-uk/04-network.xml,3,3,2,5,1,3,2024-06-09,2025-05-10,166,1.6666666666666667,1.0,0,0.0,0.4
AnkiDroid/src/test/java/com/ichi2/anki/cardviewer/ViewerCommandTest.kt,3,3,2,5,3,3,2024-05-14,2025-06-21,124,1.6666666666666667,0.3333333333333333,0,0.0,0.6
AnkiDroid/src/test/java/com/ichi2/anki/libanki/MathJaxClozeTest.kt,3,3,2,5,1,2,2025-07-05,2025-07-07,108,1.6666666666666667,1.0,0,0.0,0.8
AnkiDroid/src/test/java/com/ichi2/anki/scheduling/SetDueDateDialogTest.kt,3,3,2,5,1,3,2025-01-03,2025-07-05,110,1.6666666666666667,1.0,0,0.0,0.4
AnkiDroid/src/main/java/com/ichi2/anki/ActionProviderCompat.kt,2,3,2,5,1,1,2024-12-09,2024-12-09,318,2.5,1.0,1,0.5,0.8
AnkiDroid/src/main/java/com/ichi2/ui/FixedTextView.kt,2,2,3,5,2,2,2023-12-04,2024-12-02,325,2.5,0.5,0,0.0,0.6
AnkiDroid/src/main/java/com/ichi2/widget/WidgetPermissionReceiver.kt,2,2,3,5,2,2,2024-06-10,2025-09-09,44,2.5,0.5,1,0.5,0.6
AnkiDroid/src/main/res/layout/activity_audio_recording.xml,2,3,2,5,2,2,2024-05-02,2024-08-03,446,2.5,0.5,0,0.0,0.8
AnkiDroid/src/main/res/layout/sync_progress_layout.xml,2,3,2,5,2,2,2024-05-03,2025-01-16,280,2.5,0.5,1,0.5,0.8
AnkiDroid/src/main/res/values-af/06-statistics.xml,2,1,4,5,1,2,2024-10-06,2025-01-05,291,2.5,1.0,0,0.0,0.8
AnkiDroid/src/main/res/values-am/06-statistics.xml,2,1,4,5,1,2,2024-10-06,2025-01-05,291,2.5,1.0,0,0.0,0.8
AnkiDroid/src/main/res/values-az/06-statistics.xml,2,1,4,5,1,2,2024-10-06,2025-01-05,291,2.5,1.0,0,0.0,0.8
AnkiDroid/src/main/res/values-bg/06-statistics.xml,2,1,4,5,1,2,2024-10-06,2025-01-05,291,2.5,1.0,0,0.0,0.8
AnkiDroid/src/main/res/values-ckb/06-statistics.xml,2,1,4,5,1,2,2024-10-06,2025-01-05,291,2.5,1.0,0,0.0,0.8
AnkiDroid/src/main/res/values-et/06-statistics.xml,2,1,4,5,1,2,2024-10-06,2025-01-05,291,2.5,1.0,0,0.0,0.8
AnkiDroid/src/main/res/values-eu/06-statistics.xml,2,1,4,5,1,2,2024-10-06,2025-01-05,291,2.5,1.0,0,0.0,0.8
AnkiDroid/src/main/res/values-fil/06-statistics.xml,2,1,4,5,1,2,2024-10-06,2025-01-05,291,2.5,1.0,0,0.0,0.8
AnkiDroid/src/main/res/values-fy/06-statistics.xml,2,1,4,5,1,2,2024-10-06,2025-01-05,291,2.5,1.0,0,0.0,0.8
AnkiDroid/src/main/res/values-ga/06-statistics.xml,2,1,4,5,1,2,2024-10-06,2025-01-05,291,2.5,1.0,0,0.0,0.8
AnkiDroid/src/main/res/values-hr/06-statistics.xml,2,1,4,5,1,2,2024-10-06,2025-01-05,291,2.5,1.0,0,0.0,0.8
AnkiDroid/src/main/res/values-ind/06-statistics.xml,2,1,4,5,1,2,2024-10-06,2025-01-05,291,2.5,1.0,0,0.0,0.8
AnkiDroid/src/main/res/values-kk/06-statistics.xml,2,1,4,5,1,2,2024-10-06,2025-01-05,291,2.5,1.0,0,0.0,0.8
AnkiDroid/src/main/res/values-km/06-statistics.xml,2,1,4,5,1,2,2024-10-06,2025-01-05,291,2.5,1.0,0,0.0,0.8
AnkiDroid/src/main/res/values-ku/06-statistics.xml,2,1,4,5,1,2,2024-10-06,2025-01-05,291,2.5,1.0,0,0.0,0.8
AnkiDroid/src/main/res/values-ky/06-statistics.xml,2,1,4,5,1,2,2024-10-06,2025-01-05,291,2.5,1.0,0,0.0,0.8
AnkiDroid/src/main/res/values-mk/06-statistics.xml,2,1,4,5,1,2,2024-10-06,2025-01-05,291,2.5,1.0,0,0.0,0.8
AnkiDroid/src/main/res/values-mn/06-statistics.xml,2,1,4,5,1,2,2024-10-06,2025-01-05,291,2.5,1.0,0,0.0,0.8
AnkiDroid/src/main/res/values-mr/06-statistics.xml,2,1,4,5,1,2,2024-10-06,2025-01-05,291,2.5,1.0,0,0.0,0.8
AnkiDroid/src/main/res/values-ms/06-statistics.xml,2,1,4,5,1,2,2024-10-06,2025-01-05,291,2.5,1.0,0,0.0,0.8
AnkiDroid/src/main/res/values-my/06-statistics.xml,2,1,4,5,1,2,2024-10-06,2025-01-05,291,2.5,1.0,0,0.0,0.8
AnkiDroid/src/main/res/values-nl/06-statistics.xml,2,1,4,5,1,2,2024-10-06,2025-01-05,291,2.5,1.0,0,0.0,0.8
AnkiDroid/src/main/res/values-or/06-statistics.xml,2,1,4,5,1,2,2024-10-06,2025-01-05,291,2.5,1.0,0,0.0,0.8
AnkiDroid/src/main/res/xml/preferences_custom_sync_server.xml,2,5,0,5,2,2,2024-06-25,2025-04-21,185,2.5,0.5,0,0.0,0.8
tools/localization/.yarnrc.yml,2,4,1,5,1,2,2024-12-02,2025-07-31,84,2.5,1.0,0,0.0,0.6
AnkiDroid/src/amazon/AndroidManifest.xml,1,0,5,5,1,1,2024-10-31,2024-10-31,357,5.0,1.0,0,0.0,1.0
AnkiDroid/src/androidTest/java/com/ichi2/testutils/common/.gitignore,1,5,0,5,1,1,2024-06-24,2024-06-24,486,5.0,1.0,0,0.0,1.0
AnkiDroid/src/main/aidl/android/content/pm/IPackageStatsObserver.aidl,1,5,0,5,1,1,2024-08-19,2024-08-19,430,5.0,1.0,0,0.0,1.0
AnkiDroid/src/main/java/com/ichi2/anki/utils/ext/CoroutineWorker.kt,1,2,3,5,1,1,2024-12-09,2024-12-09,318,5.0,1.0,1,1.0,1.0
AnkiDroid/src/main/res/color/selector_tool_background.xml,1,5,0,5,1,1,2025-09-05,2025-09-05,48,5.0,1.0,0,0.0,1.0
AnkiDroid/src/main/res/drawable-v31/circle_background.xml,1,5,0,5,1,1,2025-01-27,2025-01-27,269,5.0,1.0,0,0.0,1.0
AnkiDroid/src/main/res/drawable/hand_icon.xml,1,0,5,5,1,1,2024-08-24,2024-08-24,425,5.0,1.0,0,0.0,1.0
AnkiDroid/src/main/res/drawable/ic_arrow_back_white.xml,1,0,5,5,1,1,2024-10-25,2024-10-25,363,5.0,1.0,0,0.0,1.0
AnkiDroid/src/main/res/drawable/ic_baseline_arrow_back_24.xml,1,5,0,5,1,1,2024-05-21,2024-05-21,520,5.0,1.0,0,0.0,1.0
AnkiDroid/src/main/res/drawable/ic_drag_indicator_24.xml,1,5,0,5,1,1,2024-12-13,2024-12-13,314,5.0,1.0,0,0.0,1.0
AnkiDroid/src/main/res/drawable/ic_ease_easy.xml,1,5,0,5,1,1,2025-07-01,2025-07-01,114,5.0,1.0,0,0.0,1.0
AnkiDroid/src/main/res/drawable/ic_fast_forward.xml,1,5,0,5,1,1,2024-12-10,2024-12-10,317,5.0,1.0,0,0.0,1.0
AnkiDroid/src/main/res/drawable/ic_image_white.xml,1,0,5,5,1,1,2024-08-01,2024-08-01,448,5.0,1.0,0,0.0,1.0
AnkiDroid/src/main/res/drawable/ic_keyboard.xml,1,5,0,5,1,1,2025-02-09,2025-02-09,256,5.0,1.0,0,0.0,1.0
AnkiDroid/src/main/res/drawable/ic_lightbulb_stars.xml,1,5,0,5,1,1,2024-12-10,2024-12-10,317,5.0,1.0,0,0.0,1.0
AnkiDroid/src/main/res/drawable/ic_mark.xml,1,5,0,5,1,1,2025-07-03,2025-07-03,112,5.0,1.0,1,1.0,1.0
AnkiDroid/src/main/res/drawable/ic_mic_white.xml,1,0,5,5,1,1,2024-08-01,2024-08-01,448,5.0,1.0,0,0.0,1.0
AnkiDroid/src/main/res/drawable/ic_remove_circle_grey.xml,1,0,5,5,1,1,2025-08-12,2025-08-12,72,5.0,1.0,0,0.0,1.0
AnkiDroid/src/main/res/drawable/ic_remove_outline.xml,1,5,0,5,1,1,2025-02-05,2025-02-05,260,5.0,1.0,0,0.0,1.0
AnkiDroid/src/main/res/drawable/ic_round_favorite_24.xml,1,5,0,5,1,1,2024-09-01,2024-09-01,417,5.0,1.0,0,0.0,1.0
AnkiDroid/src/main/res/drawable/ic_videogame.xml,1,5,0,5,1,1,2025-02-05,2025-02-05,260,5.0,1.0,0,0.0,1.0
AnkiDroid/src/main/res/drawable/ic_widgets.xml,1,5,0,5,1,1,2025-06-15,2025-06-15,130,5.0,1.0,0,0.0,1.0
AnkiDroid/src/main/res/drawable/outline_notifications_off_24.xml,1,5,0,5,1,1,2025-10-02,2025-10-02,21,5.0,1.0,0,0.0,1.0
AnkiDroid/src/main/res/layout/dialog_help.xml,1,4,1,5,1,1,2025-06-17,2025-06-17,128,5.0,1.0,0,0.0,1.0
AnkiDroid/src/main/res/menu/drawing_menu.xml,1,5,0,5,1,1,2024-04-28,2024-04-28,543,5.0,1.0,0,0.0,1.0
AnkiDroid/src/main/res/xml/preferences_advanced.xml,1,5,0,5,1,1,2025-06-10,2025-06-10,135,5.0,1.0,0,0.0,1.0
AnkiDroid/src/test/java/com/ichi2/anki/cardviewer/GestureProcessorTest.kt,1,2,3,5,1,1,2025-02-05,2025-02-05,260,5.0,1.0,0,0.0,1.0
AnkiDroid/src/test/java/com/ichi2/anki/reviewer/AnswerButtonsTest.kt,1,4,1,5,1,1,2024-07-15,2024-07-15,465,5.0,1.0,0,0.0,1.0
AnkiDroid/src/test/java/com/ichi2/ui/KeyPickerTest.kt,1,4,1,5,1,1,2024-07-15,2024-07-15,465,5.0,1.0,0,0.0,1.0
.github/workflows/update_js_libs.yml,2,2,2,4,2,2,2025-08-01,2025-09-03,50,2.0,0.5,0,0.0,0.5
AnkiDroid/src/main/java/com/ichi2/anki/libanki/BrowserConfig.kt,2,2,2,4,1,1,2025-07-05,2025-07-05,110,2.0,1.0,0,0.0,1.0
AnkiDroid/src/main/java/com/ichi2/anki/libanki/CardTemplates.kt,2,2,2,4,1,1,2025-07-05,2025-07-05,110,2.0,1.0,0,0.0,1.0
AnkiDroid/src/main/java/com/ichi2/anki/libanki/CollectionFiles.kt,2,2,2,4,1,1,2025-07-05,2025-07-05,110,2.0,1.0,0,0.0,1.0
AnkiDroid/src/main/java/com/ichi2/anki/libanki/Config.kt,2,2,2,4,1,1,2025-07-05,2025-07-05,110,2.0,1.0,0,0.0,1.0
AnkiDroid/src/main/java/com/ichi2/anki/libanki/DeckConfig.kt,2,2,2,4,1,1,2025-07-05,2025-07-05,110,2.0,1.0,0,0.0,1.0
AnkiDroid/src/main/java/com/ichi2/anki/libanki/NotetypeJson.kt,2,2,2,4,1,1,2025-07-05,2025-07-05,110,2.0,1.0,0,0.0,1.0
AnkiDroid/src/main/java/com/ichi2/anki/libanki/Utils.kt,2,2,2,4,1,1,2025-07-05,2025-07-05,110,2.0,1.0,0,0.0,1.0
AnkiDroid/src/main/java/com/ichi2/anki/libanki/backend/BackendUtils.kt,2,2,2,4,1,1,2025-07-05,2025-07-05,110,2.0,1.0,0,0.0,1.0
AnkiDroid/src/main/java/com/ichi2/anki/libanki/backend/model/NoteUtil.kt,2,2,2,4,1,1,2025-07-05,2025-07-05,110,2.0,1.0,0,0.0,1.0
AnkiDroid/src/main/java/com/ichi2/anki/libanki/backend/model/SortOrderUtil.kt,2,2,2,4,1,1,2025-07-05,2025-07-05,110,2.0,1.0,0,0.0,1.0
AnkiDroid/src/main/java/com/ichi2/anki/libanki/stats/BackendStats.kt,2,2,2,4,1,1,2025-07-05,2025-07-05,110,2.0,1.0,0,0.0,1.0
AnkiDroid/src/main/java/com/ichi2/ui/CheckBoxTriStates.kt,2,2,2,4,2,2,2024-12-08,2025-03-31,206,2.0,0.5,0,0.0,0.5
AnkiDroid/src/main/res/drawable/ic_record.xml,2,2,2,4,2,2,2024-04-22,2025-08-11,73,2.0,0.5,0,0.0,0.5
AnkiDroid/src/main/res/drawable/ic_warning.xml,2,2,2,4,1,1,2024-06-05,2024-06-05,505,2.0,1.0,0,0.0,0.5
AnkiDroid/src/main/res/layout/activity_shared_decks.xml,2,2,2,4,2,2,2025-02-25,2025-05-17,159,2.0,0.5,1,0.5,0.5
AnkiDroid/src/main/res/layout/note_type_field_editor.xml,2,3,1,4,2,2,2025-05-29,2025-08-07,77,2.0,0.5,0,0.0,1.0
AnkiDroid/src/main/res/layout/permissions_item.xml,2,2,2,4,2,2,2025-08-03,2025-08-27,57,2.0,0.5,0,0.0,0.5
AnkiDroid/src/main/res/values-af/09-backup.xml,2,2,2,4,1,2,2024-10-23,2025-05-24,152,2.0,1.0,0,0.0,0.5
AnkiDroid/src/main/res/values-am/09-backup.xml,2,2,2,4,1,2,2024-10-23,2025-05-24,152,2.0,1.0,0,0.0,0.5
AnkiDroid/src/main/res/values-az/05-feedback.xml,2,2,2,4,1,2,2024-04-27,2024-10-23,365,2.0,1.0,0,0.0,0.5
AnkiDroid/src/main/res/values-be/05-feedback.xml,2,2,2,4,1,2,2024-04-27,2024-10-23,365,2.0,1.0,0,0.0,0.5
AnkiDroid/src/main/res/values-bg/09-backup.xml,2,2,2,4,1,2,2024-10-23,2025-05-24,152,2.0,1.0,0,0.0,0.5
AnkiDroid/src/main/res/values-ca/05-feedback.xml,2,2,2,4,1,2,2024-10-23,2025-03-17,220,2.0,1.0,0,0.0,0.5
AnkiDroid/src/main/res/values-ckb/09-backup.xml,2,2,2,4,1,2,2024-10-23,2025-05-24,152,2.0,1.0,0,0.0,0.5
AnkiDroid/src/main/res/values-cs/05-feedback.xml,2,2,2,4,1,2,2024-04-27,2024-10-23,365,2.0,1.0,0,0.0,0.5
AnkiDroid/src/main/res/values-es-rES/05-feedback.xml,2,2,2,4,1,2,2024-04-27,2024-10-23,365,2.0,1.0,0,0.0,0.5
AnkiDroid/src/main/res/values-eu/09-backup.xml,2,2,2,4,1,2,2024-10-23,2025-05-24,152,2.0,1.0,0,0.0,0.5
AnkiDroid/src/main/res/values-fy/09-backup.xml,2,2,2,4,1,2,2024-10-23,2025-05-24,152,2.0,1.0,0,0.0,0.5
AnkiDroid/src/main/res/values-ga/09-backup.xml,2,2,2,4,1,2,2024-10-23,2025-05-24,152,2.0,1.0,0,0.0,0.5
AnkiDroid/src/main/res/values-hi/09-backup.xml,2,2,2,4,1,2,2024-05-31,2025-05-24,152,2.0,1.0,0,0.0,0.5
AnkiDroid/src/main/res/values-it/09-backup.xml,2,2,2,4,1,2,2024-04-27,2025-05-24,152,2.0,1.0,0,0.0,0.5
AnkiDroid/src/main/res/values-nn/09-backup.xml,2,2,2,4,1,2,2024-04-27,2025-05-24,152,2.0,1.0,0,0.0,0.5
AnkiDroid/src/main/res/values-no/09-backup.xml,2,2,2,4,1,2,2024-04-27,2025-05-24,152,2.0,1.0,0,0.0,0.5
AnkiDroid/src/main/res/values-ru/09-backup.xml,2,2,2,4,1,2,2024-06-27,2025-09-03,50,2.0,1.0,0,0.0,0.5
AnkiDroid/src/main/res/values-tr/09-backup.xml,2,2,2,4,1,2,2024-04-27,2025-05-29,147,2.0,1.0,0,0.0,0.5
AnkiDroid/src/main/res/values-uk/05-feedback.xml,2,2,2,4,1,2,2024-04-27,2025-08-03,81,2.0,1.0,0,0.0,0.5
AnkiDroid/src/main/res/values-vi/09-backup.xml,2,2,2,4,1,2,2024-05-01,2025-07-08,107,2.0,1.0,0,0.0,0.5
AnkiDroid/src/main/res/values-zh-rTW/09-backup.xml,2,2,2,4,1,2,2024-04-27,2024-08-07,442,2.0,1.0,0,0.0,0.5
AnkiDroid/src/main/res/values/09-backup.xml,2,2,2,4,1,2,2024-10-10,2025-05-20,156,2.0,1.0,0,0.0,0.5
AnkiDroid/src/test/java/com/ichi2/anki/AbstractFlashcardViewerKeyboardInputTest.kt,2,1,3,4,2,2,2024-07-15,2025-07-22,93,2.0,0.5,0,0.0,0.5
AnkiDroid/src/test/java/com/ichi2/anki/cardviewer/CardTemplateTest.kt,2,2,2,4,2,2,2024-07-15,2025-07-07,108,2.0,0.5,0,0.0,0.5
AnkiDroid/src/test/java/com/ichi2/anki/libanki/DeckNodeTest.kt,2,2,2,4,1,1,2025-07-05,2025-07-05,110,2.0,1.0,0,0.0,1.0
AnkiDroid/src/test/java/com/ichi2/anki/libanki/NoteTest.kt,2,2,2,4,1,1,2025-07-05,2025-07-05,110,2.0,1.0,0,0.0,1.0
AnkiDroid/src/test/java/com/ichi2/anki/libanki/PythonExtensionsTest.kt,2,2,2,4,1,1,2025-07-05,2025-07-05,110,2.0,1.0,0,0.0,1.0
common/src/main/java/com/ichi2/anki/common/utils/ext/JSONArray.kt,2,2,2,4,2,2,2025-03-31,2025-06-18,127,2.0,0.5,1,0.5,0.75
testlib/src/main/java/com/ichi2/testutils/common/FailOnUnhandledExceptionRule.kt,2,2,2,4,1,2,2024-06-24,2024-10-26,362,2.0,1.0,0,0.0,0.5
testlib/src/main/java/com/ichi2/testutils/common/IgnoreFlakyTestsInCIRule.kt,2,2,2,4,2,2,2024-06-24,2024-07-15,465,2.0,0.5,0,0.0,0.5
AnkiDroid/src/main/java/com/ichi2/anki/dialogs/DeckPickerNoSpaceLeftDialog.kt,1,1,3,4,1,1,2024-12-09,2024-12-09,318,4.0,1.0,1,1.0,1.0
AnkiDroid/src/main/java/com/ichi2/anki/dialogs/GestureSelectionDialogUtils.kt,1,1,3,4,1,1,2024-12-09,2024-12-09,318,4.0,1.0,1,1.0,1.0
AnkiDroid/src/main/java/com/ichi2/anki/exception/ManuallyReportedException.kt,1,3,1,4,1,1,2024-12-09,2024-12-09,318,4.0,1.0,1,1.0,1.0
AnkiDroid/src/main/java/com/ichi2/anki/exception/UnknownDatabaseVersionException.kt,1,3,1,4,1,1,2024-12-09,2024-12-09,318,4.0,1.0,1,1.0,1.0
AnkiDroid/src/main/java/com/ichi2/anki/exception/UserSubmittedException.kt,1,3,1,4,1,1,2024-12-09,2024-12-09,318,4.0,1.0,1,1.0,1.0
AnkiDroid/src/main/java/com/ichi2/annotations/DuplicatedCode.kt,1,3,1,4,1,1,2024-12-09,2024-12-09,318,4.0,1.0,1,1.0,1.0
AnkiDroid/src/main/java/com/ichi2/annotations/NeedsTest.kt,1,3,1,4,1,1,2024-12-09,2024-12-09,318,4.0,1.0,1,1.0,1.0
AnkiDroid/src/main/java/com/ichi2/compat/customtabs/KeepAliveService.kt,1,1,3,4,1,1,2024-12-09,2024-12-09,318,4.0,1.0,1,1.0,1.0
AnkiDroid/src/main/java/com/ichi2/compat/customtabs/ServiceConnection.kt,1,3,1,4,1,1,2024-12-09,2024-12-09,318,4.0,1.0,1,1.0,1.0
AnkiDroid/src/main/java/com/ichi2/libanki/exception/InvalidSearchException.kt,1,3,1,4,1,1,2024-12-09,2024-12-09,318,4.0,1.0,1,1.0,1.0
AnkiDroid/src/main/java/com/ichi2/libanki/utils/SystemTime.kt,1,1,3,4,1,1,2024-12-09,2024-12-09,318,4.0,1.0,1,1.0,1.0
AnkiDroid/src/main/java/com/ichi2/preferences/PreferenceUtil.kt,1,2,2,4,1,1,2024-03-05,2024-03-05,597,4.0,1.0,0,0.0,1.0
AnkiDroid/src/main/java/com/ichi2/utils/ExtendedFragmentFactory.kt,1,2,2,4,1,1,2025-06-04,2025-06-04,141,4.0,1.0,0,0.0,1.0
AnkiDroid/src/main/res/anim/fade_in.xml,1,2,2,4,1,1,2025-01-15,2025-01-15,281,4.0,1.0,1,1.0,1.0
AnkiDroid/src/main/res/anim/fade_out.xml,1,2,2,4,1,1,2025-01-15,2025-01-15,281,4.0,1.0,1,1.0,1.0
AnkiDroid/src/main/res/drawable/list_border.xml,1,4,0,4,1,1,2025-02-09,2025-02-09,256,4.0,1.0,0,0.0,1.0
AnkiDroid/src/main/res/drawable/widget_card_analysis_rounded_background.xml,1,4,0,4,1,1,2024-12-27,2024-12-27,300,4.0,1.0,0,0.0,1.0
AnkiDroid/src/main/res/drawable/widget_deck_picker_rounded_background.xml,1,4,0,4,1,1,2024-12-27,2024-12-27,300,4.0,1.0,0,0.0,1.0
AnkiDroid/src/main/res/values-am/20-search-preference.xml,1,2,2,4,1,1,2024-09-03,2024-09-03,415,4.0,1.0,0,0.0,1.0
AnkiDroid/src/main/res/values-be/20-search-preference.xml,1,2,2,4,1,1,2024-07-08,2024-07-08,472,4.0,1.0,0,0.0,1.0
AnkiDroid/src/main/res/values-bn/20-search-preference.xml,1,2,2,4,1,1,2024-12-02,2024-12-02,325,4.0,1.0,0,0.0,1.0
AnkiDroid/src/main/res/values-ca/20-search-preference.xml,1,2,2,4,1,1,2024-11-19,2024-11-19,338,4.0,1.0,0,0.0,1.0
AnkiDroid/src/main/res/values-da/20-search-preference.xml,1,2,2,4,1,1,2024-07-14,2024-07-14,466,4.0,1.0,0,0.0,1.0
AnkiDroid/src/main/res/values-el/20-search-preference.xml,1,2,2,4,1,1,2024-07-30,2024-07-30,450,4.0,1.0,0,0.0,1.0
AnkiDroid/src/main/res/values-eo/20-search-preference.xml,1,2,2,4,1,1,2024-09-03,2024-09-03,415,4.0,1.0,0,0.0,1.0
AnkiDroid/src/main/res/values-fi/20-search-preference.xml,1,2,2,4,1,1,2025-02-04,2025-02-04,261,4.0,1.0,0,0.0,1.0
AnkiDroid/src/main/res/values-fil/20-search-preference.xml,1,2,2,4,1,1,2024-06-03,2024-06-03,507,4.0,1.0,0,0.0,1.0
AnkiDroid/src/main/res/values-gl/20-search-preference.xml,1,2,2,4,1,1,2025-04-13,2025-04-13,193,4.0,1.0,0,0.0,1.0
AnkiDroid/src/main/res/values-gu/20-search-preference.xml,1,2,2,4,1,1,2024-06-01,2024-06-01,509,4.0,1.0,0,0.0,1.0
AnkiDroid/src/main/res/values-hi/05-feedback.xml,1,2,2,4,1,1,2024-04-27,2024-04-27,544,4.0,1.0,0,0.0,1.0
AnkiDroid/src/main/res/values-hi/20-search-preference.xml,1,2,2,4,1,1,2024-04-27,2024-04-27,544,4.0,1.0,0,0.0,1.0
AnkiDroid/src/main/res/values-km/05-feedback.xml,1,2,2,4,1,1,2025-02-25,2025-02-25,240,4.0,1.0,0,0.0,1.0
AnkiDroid/src/main/res/values-lt/05-feedback.xml,1,2,2,4,1,1,2025-05-29,2025-05-29,147,4.0,1.0,0,0.0,1.0
AnkiDroid/src/main/res/values-lt/20-search-preference.xml,1,2,2,4,1,1,2025-05-29,2025-05-29,147,4.0,1.0,0,0.0,1.0
AnkiDroid/src/main/res/values-lv/20-search-preference.xml,1,2,2,4,1,1,2025-04-19,2025-04-19,187,4.0,1.0,0,0.0,1.0
AnkiDroid/src/main/res/values-ml/20-search-preference.xml,1,2,2,4,1,1,2024-09-30,2024-09-30,388,4.0,1.0,0,0.0,1.0
AnkiDroid/src/main/res/values-mr/20-search-preference.xml,1,2,2,4,1,1,2024-06-01,2024-06-01,509,4.0,1.0,0,0.0,1.0
AnkiDroid/src/main/res/values-nl/20-search-preference.xml,1,2,2,4,1,1,2024-07-30,2024-07-30,450,4.0,1.0,0,0.0,1.0
AnkiDroid/src/main/res/values-nn/20-search-preference.xml,1,2,2,4,1,1,2025-08-10,2025-08-10,74,4.0,1.0,0,0.0,1.0
AnkiDroid/src/main/res/values-no/20-search-preference.xml,1,2,2,4,1,1,2025-08-10,2025-08-10,74,4.0,1.0,0,0.0,1.0
AnkiDroid/src/main/res/values-pa/20-search-preference.xml,1,2,2,4,1,1,2024-09-28,2024-09-28,390,4.0,1.0,0,0.0,1.0
AnkiDroid/src/main/res/values-pl/20-search-preference.xml,1,2,2,4,1,1,2024-05-19,2024-05-19,522,4.0,1.0,0,0.0,1.0
AnkiDroid/src/main/res/values-ro/06-statistics.xml,1,0,4,4,1,1,2025-01-05,2025-01-05,291,4.0,1.0,0,0.0,1.0
AnkiDroid/src/main/res/values-sc/20-search-preference.xml,1,2,2,4,1,1,2024-10-20,2024-10-20,368,4.0,1.0,0,0.0,1.0
AnkiDroid/src/main/res/values-sk/06-statistics.xml,1,0,4,4,1,1,2025-01-05,2025-01-05,291,4.0,1.0,0,0.0,1.0
AnkiDroid/src/main/res/values-sl/06-statistics.xml,1,0,4,4,1,1,2025-01-05,2025-01-05,291,4.0,1.0,0,0.0,1.0
AnkiDroid/src/main/res/values-sq/06-statistics.xml,1,0,4,4,1,1,2025-01-05,2025-01-05,291,4.0,1.0,0,0.0,1.0
AnkiDroid/src/main/res/values-sr/06-statistics.xml,1,0,4,4,1,1,2025-01-05,2025-01-05,291,4.0,1.0,0,0.0,1.0
AnkiDroid/src/main/res/values-ta/20-search-preference.xml,1,2,2,4,1,1,2024-09-30,2024-09-30,388,4.0,1.0,0,0.0,1.0
AnkiDroid/src/main/res/values-tgl/06-statistics.xml,1,0,4,4,1,1,2025-01-05,2025-01-05,291,4.0,1.0,0,0.0,1.0
AnkiDroid/src/main/res/values-th/06-statistics.xml,1,0,4,4,1,1,2025-01-05,2025-01-05,291,4.0,1.0,0,0.0,1.0
AnkiDroid/src/main/res/values-th/20-search-preference.xml,1,2,2,4,1,1,2024-12-02,2024-12-02,325,4.0,1.0,0,0.0,1.0
AnkiDroid/src/main/res/values-ti/06-statistics.xml,1,0,4,4,1,1,2025-01-05,2025-01-05,291,4.0,1.0,0,0.0,1.0
AnkiDroid/src/main/res/values-tt/06-statistics.xml,1,0,4,4,1,1,2025-01-05,2025-01-05,291,4.0,1.0,0,0.0,1.0
AnkiDroid/src/main/res/values-ur/20-search-preference.xml,1,2,2,4,1,1,2024-05-01,2024-05-01,540,4.0,1.0,0,0.0,1.0
AnkiDroid/src/main/res/values-uz/20-search-preference.xml,1,2,2,4,1,1,2025-06-24,2025-06-24,121,4.0,1.0,0,0.0,1.0
AnkiDroid/src/test/java/com/ichi2/anki/DeckPickerImportTest.kt,1,2,2,4,1,1,2024-12-28,2024-12-28,299,4.0,1.0,0,0.0,1.0
AnkiDroid/src/test/java/com/ichi2/anki/jsaddons/AddonModelTest.kt,1,3,1,4,1,1,2024-07-15,2024-07-15,465,4.0,1.0,0,0.0,1.0
AnkiDroid/src/test/java/com/ichi2/anki/model/DirectoryTest.kt,1,3,1,4,1,1,2024-07-15,2024-07-15,465,4.0,1.0,0,0.0,1.0
AnkiDroid/src/test/java/com/ichi2/anki/preferences/PreferencesSimpleTest.kt,1,2,2,4,1,1,2024-10-20,2024-10-20,368,4.0,1.0,0,0.0,1.0
AnkiDroid/src/test/java/com/ichi2/compat/CompatHasFilesTest.kt,1,3,1,4,1,1,2024-07-15,2024-07-15,465,4.0,1.0,0,0.0,1.0
AnkiDroid/src/test/java/com/ichi2/utils/FileOperation.kt,1,0,4,4,1,1,2024-08-27,2024-08-27,422,4.0,1.0,0,0.0,1.0
AnkiDroid/src/test/java/com/ichi2/utils/FragmentFactoryUtilsTest.kt,1,3,1,4,1,1,2024-07-15,2024-07-15,465,4.0,1.0,0,0.0,1.0
common/src/main/AndroidManifest.xml,1,4,0,4,1,1,2024-05-29,2024-05-29,512,4.0,1.0,0,0.0,1.0
common/src/main/java/com/ichi2/anki/common/time/SystemTime.kt,1,3,1,4,1,1,2025-05-10,2025-05-10,166,4.0,1.0,0,0.0,1.0
AnkiDroid/src/androidTest/java/com/ichi2/anki/libanki/SoundTest.kt,2,1,2,3,1,2,2024-12-09,2025-06-18,127,1.5,1.0,0,0.0,0.6666666666666666
AnkiDroid/src/main/res/layout/previewer.xml,2,2,1,3,1,2,2024-12-21,2025-04-06,200,1.5,1.0,0,0.0,0.6666666666666666
AnkiDroid/src/main/res/values-af/04-network.xml,2,2,1,3,1,2,2024-06-09,2024-10-23,365,1.5,1.0,0,0.0,0.6666666666666666
AnkiDroid/src/main/res/values-am/04-network.xml,2,2,1,3,1,2,2024-06-09,2024-10-23,365,1.5,1.0,0,0.0,0.6666666666666666
AnkiDroid/src/main/res/values-bg/04-network.xml,2,2,1,3,1,2,2024-06-09,2024-10-23,365,1.5,1.0,0,0.0,0.6666666666666666
AnkiDroid/src/main/res/values-ckb/04-network.xml,2,2,1,3,1,2,2024-06-09,2024-10-23,365,1.5,1.0,0,0.0,0.6666666666666666
AnkiDroid/src/main/res/values-et/04-network.xml,2,2,1,3,1,2,2024-06-09,2024-10-23,365,1.5,1.0,0,0.0,0.6666666666666666
AnkiDroid/src/main/res/values-eu/04-network.xml,2,2,1,3,1,2,2024-06-09,2024-10-23,365,1.5,1.0,0,0.0,0.6666666666666666
AnkiDroid/src/main/res/values-fy/04-network.xml,2,2,1,3,1,2,2024-06-09,2024-10-23,365,1.5,1.0,0,0.0,0.6666666666666666
AnkiDroid/src/main/res/values-ga/04-network.xml,2,2,1,3,1,2,2024-06-09,2024-10-23,365,1.5,1.0,0,0.0,0.6666666666666666
AnkiDroid/src/main/res/values-hy/04-network.xml,2,2,1,3,1,2,2024-04-27,2024-06-09,501,1.5,1.0,0,0.0,0.6666666666666666
AnkiDroid/src/main/res/values-nn/04-network.xml,2,2,1,3,1,2,2024-06-09,2025-03-17,220,1.5,1.0,0,0.0,0.6666666666666666
AnkiDroid/src/main/res/values-no/04-network.xml,2,2,1,3,1,2,2024-06-09,2025-03-17,220,1.5,1.0,0,0.0,0.6666666666666666
AnkiDroid/src/main/res/values-pt-rBR/04-network.xml,2,2,1,3,1,2,2024-06-09,2024-07-14,466,1.5,1.0,0,0.0,0.6666666666666666
AnkiDroid/src/main/res/values-sv/04-network.xml,2,2,1,3,1,2,2024-06-09,2024-07-30,450,1.5,1.0,0,0.0,0.6666666666666666
AnkiDroid/src/main/res/values-tr/04-network.xml,2,2,1,3,1,2,2024-06-09,2024-06-12,498,1.5,1.0,0,0.0,0.6666666666666666
AnkiDroid/src/main/res/values/04-network.xml,2,2,1,3,2,2,2024-06-07,2024-10-10,378,1.5,0.5,1,0.5,0.6666666666666666
libanki/src/main/java/com/ichi2/anki/libanki/sched/DummyScheduler.kt,2,2,1,3,2,2,2025-07-06,2025-07-28,87,1.5,0.5,0,0.0,1.0
AnkiDroid/src/main/java/com/ichi2/anki/dialogs/CardBrowserOrderDialog.kt,1,2,1,3,1,1,2024-12-09,2024-12-09,318,3.0,1.0,1,1.0,1.0
AnkiDroid/src/main/java/com/ichi2/anki/dialogs/Utils.kt,1,1,2,3,1,1,2024-12-09,2024-12-09,318,3.0,1.0,0,0.0,1.0
AnkiDroid/src/main/java/com/ichi2/libanki/sched/Ease.kt,1,2,1,3,1,1,2025-06-18,2025-06-18,127,3.0,1.0,0,0.0,1.0
AnkiDroid/src/main/java/com/ichi2/utils/ContentResolverUtil.kt,1,2,1,3,1,1,2025-03-22,2025-03-22,215,3.0,1.0,0,0.0,1.0
AnkiDroid/src/main/res/drawable/ic_done_white.xml,1,2,1,3,1,1,2025-01-06,2025-01-06,290,3.0,1.0,1,1.0,1.0
AnkiDroid/src/main/res/drawable/ic_ease_again.xml,1,3,0,3,1,1,2025-07-01,2025-07-01,114,3.0,1.0,0,0.0,1.0
AnkiDroid/src/main/res/drawable/ic_ease_good.xml,1,3,0,3,1,1,2025-07-01,2025-07-01,114,3.0,1.0,0,0.0,1.0
AnkiDroid/src/main/res/layout/permission_item.xml,1,2,1,3,1,1,2024-06-11,2024-06-11,499,3.0,1.0,0,0.0,1.0
AnkiDroid/src/main/res/layout/studyoptions.xml,1,3,0,3,1,1,2024-10-26,2024-10-26,362,3.0,1.0,1,1.0,1.0
AnkiDroid/src/main/res/layout/tags_dialog_title.xml,1,2,1,3,1,1,2025-05-10,2025-05-10,166,3.0,1.0,0,0.0,1.0
AnkiDroid/src/main/res/layout/tags_item_list_dialog.xml,1,2,1,3,1,1,2024-04-30,2024-04-30,541,3.0,1.0,1,1.0,1.0
AnkiDroid/src/main/res/xml/preferences_backup_limits.xml,1,2,1,3,1,1,2024-09-24,2024-09-24,394,3.0,1.0,0,0.0,1.0
AnkiDroid/src/test/java/com/ichi2/anki/HandlerUtilsTest.kt,1,2,1,3,1,1,2024-07-15,2024-07-15,465,3.0,1.0,0,0.0,1.0
AnkiDroid/src/test/java/com/ichi2/anki/InitialActivityTest.kt,1,2,1,3,1,1,2024-07-15,2024-07-15,465,3.0,1.0,0,0.0,1.0
AnkiDroid/src/test/java/com/ichi2/anki/dialogs/help/HelpDialogTest.kt,1,2,1,3,1,1,2024-07-15,2024-07-15,465,3.0,1.0,0,0.0,1.0
AnkiDroid/src/test/java/com/ichi2/anki/multimediacard/AudioRecorderTest.kt,1,2,1,3,1,1,2024-07-15,2024-07-15,465,3.0,1.0,0,0.0,1.0
AnkiDroid/src/test/java/com/ichi2/testutils/BackupManagerTestUtilities.kt,1,1,2,3,1,1,2025-05-21,2025-05-21,155,3.0,1.0,0,0.0,1.0
common/src/test/java/com/ichi2/anki/common/time/MockTimeTest.kt,1,2,1,3,1,1,2025-07-07,2025-07-07,108,3.0,1.0,0,0.0,1.0
gradle.properties,1,3,0,3,1,1,2024-11-21,2024-11-21,336,3.0,1.0,0,0.0,1.0
libanki/src/test/java/com/ichi2/anki/libanki/PythonExtensionsTest.kt,1,0,3,3,1,1,2025-07-07,2025-07-07,108,3.0,1.0,0,0.0,1.0
.idea/dictionaries/android.xml,2,2,0,2,2,2,2024-11-10,2025-02-14,251,1.0,0.5,1,0.5,0.5
AnkiDroid/src/main/java/com/ichi2/anki/libanki/BackendDeckOptions.kt,2,1,1,2,1,1,2025-07-05,2025-07-05,110,1.0,1.0,0,0.0,1.0
AnkiDroid/src/main/java/com/ichi2/anki/libanki/BackendImportExport.kt,2,1,1,2,1,1,2025-07-05,2025-07-05,110,1.0,1.0,0,0.0,1.0
AnkiDroid/src/main/java/com/ichi2/anki/libanki/BackendUndo.kt,2,1,1,2,1,1,2025-07-05,2025-07-05,110,1.0,1.0,0,0.0,1.0
AnkiDroid/src/main/java/com/ichi2/anki/libanki/CardTemplate.kt,2,1,1,2,1,1,2025-07-05,2025-07-05,110,1.0,1.0,0,0.0,1.0
AnkiDroid/src/main/java/com/ichi2/anki/libanki/Consts.kt,2,1,1,2,1,1,2025-07-05,2025-07-05,110,1.0,1.0,0,0.0,1.0
AnkiDroid/src/main/java/com/ichi2/anki/libanki/DB.kt,2,1,1,2,1,1,2025-07-05,2025-07-05,110,1.0,1.0,0,0.0,1.0
AnkiDroid/src/main/java/com/ichi2/anki/libanki/Deck.kt,2,1,1,2,1,1,2025-07-05,2025-07-05,110,1.0,1.0,0,0.0,1.0
AnkiDroid/src/main/java/com/ichi2/anki/libanki/Field.kt,2,1,1,2,1,1,2025-07-05,2025-07-05,110,1.0,1.0,0,0.0,1.0
AnkiDroid/src/main/java/com/ichi2/anki/libanki/Fields.kt,2,1,1,2,1,1,2025-07-05,2025-07-05,110,1.0,1.0,0,0.0,1.0
AnkiDroid/src/main/java/com/ichi2/anki/libanki/PythonTypes.kt,2,1,1,2,1,1,2025-07-05,2025-07-05,110,1.0,1.0,0,0.0,1.0
AnkiDroid/src/main/java/com/ichi2/anki/libanki/SortOrder.kt,2,1,1,2,1,1,2025-07-05,2025-07-05,110,1.0,1.0,0,0.0,1.0
AnkiDroid/src/main/java/com/ichi2/anki/libanki/Storage.kt,2,1,1,2,1,1,2025-07-05,2025-07-05,110,1.0,1.0,0,0.0,1.0
AnkiDroid/src/main/java/com/ichi2/anki/libanki/Sync.kt,2,1,1,2,1,1,2025-07-05,2025-07-05,110,1.0,1.0,0,0.0,1.0
AnkiDroid/src/main/java/com/ichi2/anki/libanki/Tts.kt,2,1,1,2,1,1,2025-07-05,2025-07-05,110,1.0,1.0,0,0.0,1.0
AnkiDroid/src/main/java/com/ichi2/anki/libanki/exception/ConfirmModSchemaException.kt,2,1,1,2,1,1,2025-07-05,2025-07-05,110,1.0,1.0,0,0.0,1.0
AnkiDroid/src/main/java/com/ichi2/anki/libanki/exception/EmptyMediaException.kt,2,1,1,2,1,1,2025-07-05,2025-07-05,110,1.0,1.0,0,0.0,1.0
AnkiDroid/src/main/java/com/ichi2/anki/libanki/exception/InvalidSearchException.kt,2,1,1,2,1,1,2025-07-05,2025-07-05,110,1.0,1.0,0,0.0,1.0
AnkiDroid/src/main/java/com/ichi2/anki/libanki/sched/Counts.kt,2,1,1,2,1,1,2025-07-05,2025-07-05,110,1.0,1.0,0,0.0,1.0
AnkiDroid/src/main/java/com/ichi2/anki/libanki/sched/Ease.kt,2,1,1,2,1,1,2025-07-05,2025-07-05,110,1.0,1.0,0,0.0,1.0
AnkiDroid/src/main/java/com/ichi2/anki/libanki/template/MathJax.kt,2,1,1,2,1,1,2025-07-05,2025-07-05,110,1.0,1.0,0,0.0,1.0
AnkiDroid/src/main/java/com/ichi2/anki/libanki/template/TemplateFilters.kt,2,1,1,2,1,1,2025-07-05,2025-07-05,110,1.0,1.0,0,0.0,1.0
AnkiDroid/src/main/java/com/ichi2/anki/libanki/utils/LibAnkiAlias.kt,2,1,1,2,1,1,2025-07-05,2025-07-05,110,1.0,1.0,0,0.0,1.0
AnkiDroid/src/main/java/com/ichi2/anki/libanki/utils/NotInLibAnki.kt,2,1,1,2,1,1,2025-07-05,2025-07-05,110,1.0,1.0,0,0.0,1.0
AnkiDroid/src/main/java/com/ichi2/anki/libanki/utils/PythonExtensions.kt,2,1,1,2,1,1,2025-07-05,2025-07-05,110,1.0,1.0,0,0.0,1.0
AnkiDroid/src/test/java/com/ichi2/anki/libanki/ConfigTest.kt,2,1,1,2,1,1,2025-07-05,2025-07-05,110,1.0,1.0,0,0.0,1.0
AnkiDroid/src/test/java/com/ichi2/anki/libanki/FieldTest.kt,2,1,1,2,1,1,2025-07-05,2025-07-05,110,1.0,1.0,0,0.0,1.0
AnkiDroid/src/test/java/com/ichi2/anki/libanki/MetaTest.kt,2,1,1,2,1,1,2025-07-05,2025-07-05,110,1.0,1.0,0,0.0,1.0
AnkiDroid/src/test/java/com/ichi2/anki/libanki/NoteWithColTest.kt,2,1,1,2,1,1,2025-07-05,2025-07-05,110,1.0,1.0,0,0.0,1.0
AnkiDroid/src/test/java/com/ichi2/anki/libanki/NotetypesTest.kt,2,1,1,2,1,1,2025-07-05,2025-07-05,110,1.0,1.0,0,0.0,1.0
AnkiDroid/src/test/java/com/ichi2/anki/libanki/StorageRustTest.kt,2,1,1,2,1,1,2025-07-05,2025-07-05,110,1.0,1.0,0,0.0,1.0
AnkiDroid/src/test/java/com/ichi2/anki/libanki/TagsTest.kt,2,1,1,2,1,1,2025-07-05,2025-07-05,110,1.0,1.0,0,0.0,1.0
AnkiDroid/src/test/java/com/ichi2/anki/libanki/TtsParserTest.kt,2,1,1,2,1,1,2025-07-05,2025-07-05,110,1.0,1.0,0,0.0,1.0
AnkiDroid/src/test/java/com/ichi2/anki/libanki/UtilsTest.kt,2,1,1,2,1,1,2025-07-05,2025-07-05,110,1.0,1.0,0,0.0,1.0
libanki/src/main/java/com/ichi2/anki/libanki/Utils.kt,2,1,1,2,2,2,2025-07-06,2025-07-31,84,1.0,0.5,0,0.0,1.0
.github/workflows/assignees.yml,1,1,1,2,1,1,2025-09-03,2025-09-03,50,2.0,1.0,0,0.0,1.0
.github/workflows/stale.yml,1,1,1,2,1,1,2025-09-03,2025-09-03,50,2.0,1.0,0,0.0,1.0
AnkiDroid/src/androidTest/java/com/ichi2/anki/compat/CompatNormalizeTest.kt,1,1,1,2,1,1,2024-07-15,2024-07-15,465,2.0,1.0,0,0.0,1.0
AnkiDroid/src/main/assets/jquery.min.js,1,0,2,2,1,1,2024-10-11,2024-10-11,377,2.0,1.0,0,0.0,1.0
AnkiDroid/src/main/java/com/ichi2/anki/cardviewer/JavascriptEvaluator.kt,1,1,1,2,1,1,2024-12-09,2024-12-09,318,2.0,1.0,0,0.0,1.0
AnkiDroid/src/main/java/com/ichi2/anki/exception/StorageAccessException.kt,1,1,1,2,1,1,2024-12-09,2024-12-09,318,2.0,1.0,0,0.0,1.0
AnkiDroid/src/main/java/com/ichi2/anki/jsaddons/NpmUtils.kt,1,1,1,2,1,1,2024-07-15,2024-07-15,465,2.0,1.0,0,0.0,1.0
AnkiDroid/src/main/java/com/ichi2/anki/multimediacard/fields/EFieldType.kt,1,1,1,2,1,1,2024-12-09,2024-12-09,318,2.0,1.0,0,0.0,1.0
AnkiDroid/src/main/java/com/ichi2/anki/observability/ChangeManager.kt,1,1,1,2,1,1,2025-07-05,2025-07-05,110,2.0,1.0,0,0.0,1.0
AnkiDroid/src/main/java/com/ichi2/async/CollectionLoader.kt,1,1,1,2,1,1,2025-07-05,2025-07-05,110,2.0,1.0,0,0.0,1.0
AnkiDroid/src/main/java/com/ichi2/libanki/backend/model/NoteUtil.kt,1,1,1,2,1,1,2025-01-08,2025-01-08,288,2.0,1.0,0,0.0,1.0
AnkiDroid/src/main/java/com/ichi2/libanki/utils/TimeManager.kt,1,1,1,2,1,1,2024-07-15,2024-07-15,465,2.0,1.0,0,0.0,1.0
AnkiDroid/src/main/java/com/ichi2/preferences/NumberRangePreference.kt,1,1,1,2,1,1,2024-05-21,2024-05-21,520,2.0,1.0,0,0.0,1.0
AnkiDroid/src/main/java/com/ichi2/ui/AxisSelector.kt,1,1,1,2,1,1,2025-09-11,2025-09-11,42,2.0,1.0,0,0.0,1.0
AnkiDroid/src/main/java/com/ichi2/utils/JSONObject.kt,1,1,1,2,1,1,2025-01-03,2025-01-03,293,2.0,1.0,0,0.0,1.0
AnkiDroid/src/main/java/com/ichi2/utils/NoteFieldDecorator.kt,1,1,1,2,1,1,2024-07-15,2024-07-15,465,2.0,1.0,0,0.0,1.0
AnkiDroid/src/main/java/com/ichi2/utils/StringUtil.kt,1,1,1,2,1,1,2024-07-15,2024-07-15,465,2.0,1.0,0,0.0,1.0
AnkiDroid/src/main/java/com/ichi2/utils/TimeUtil.kt,1,1,1,2,1,1,2025-05-10,2025-05-10,166,2.0,1.0,0,0.0,1.0
AnkiDroid/src/main/res/drawable/eraser.xml,1,1,1,2,1,1,2024-04-28,2024-04-28,543,2.0,1.0,0,0.0,1.0
AnkiDroid/src/main/res/drawable/ic_baseline_check_box_24_inset.xml,1,1,1,2,1,1,2024-12-26,2024-12-26,301,2.0,1.0,1,1.0,1.0
AnkiDroid/src/main/res/drawable/ic_baseline_check_box_outline_blank_24_inset.xml,1,1,1,2,1,1,2024-12-26,2024-12-26,301,2.0,1.0,1,1.0,1.0
AnkiDroid/src/main/res/drawable/ic_baseline_indeterminate_check_box_24_inset.xml,1,1,1,2,1,1,2024-12-26,2024-12-26,301,2.0,1.0,1,1.0,1.0
AnkiDroid/src/main/res/drawable/ic_dialog_info.xml,1,1,1,2,1,1,2024-04-27,2024-04-27,544,2.0,1.0,0,0.0,1.0
AnkiDroid/src/main/res/drawable/ic_flag_orange.xml,1,1,1,2,1,1,2025-06-14,2025-06-14,131,2.0,1.0,1,1.0,1.0
AnkiDroid/src/main/res/drawable/ic_restore_variant.xml,1,2,0,2,1,1,2025-01-14,2025-01-14,282,2.0,1.0,0,0.0,1.0
AnkiDroid/src/main/res/drawable/ic_select_all_white.xml,1,1,1,2,1,1,2025-06-20,2025-06-20,125,2.0,1.0,0,0.0,1.0
AnkiDroid/src/main/res/layout/dialog_tts_voices.xml,1,1,1,2,1,1,2024-05-21,2024-05-21,520,2.0,1.0,0,0.0,1.0
AnkiDroid/src/main/res/layout/extended_category.xml,1,0,2,2,1,1,2024-05-16,2024-05-16,525,2.0,1.0,1,1.0,1.0
AnkiDroid/src/main/res/layout/introduction_layout.xml,1,1,1,2,1,1,2024-11-06,2024-11-06,351,2.0,1.0,0,0.0,1.0
AnkiDroid/src/main/res/layout/material_dialog_list_item.xml,1,0,2,2,1,1,2024-12-26,2024-12-26,301,2.0,1.0,1,1.0,1.0
AnkiDroid/src/main/res/layout/permissions_full_30_and_31.xml,1,1,1,2,1,1,2025-08-03,2025-08-03,81,2.0,1.0,0,0.0,1.0
AnkiDroid/src/main/res/layout/permissions_starting_at_30.xml,1,1,1,2,1,1,2025-08-27,2025-08-27,57,2.0,1.0,0,0.0,1.0
AnkiDroid/src/main/res/layout/permissions_until_29.xml,1,1,1,2,1,1,2025-08-03,2025-08-03,81,2.0,1.0,0,0.0,1.0
AnkiDroid/src/main/res/menu/card_template_browser_appearance_editor.xml,1,1,1,2,1,1,2025-01-14,2025-01-14,282,2.0,1.0,0,0.0,1.0
AnkiDroid/src/main/res/menu/deck_picker_dialog_menu.xml,1,1,1,2,1,1,2024-09-08,2024-09-08,410,2.0,1.0,0,0.0,1.0
AnkiDroid/src/main/res/menu/download_shared_decks_menu.xml,1,1,1,2,1,1,2024-09-08,2024-09-08,410,2.0,1.0,0,0.0,1.0
AnkiDroid/src/main/res/menu/locale_dialog_search_bar.xml,1,1,1,2,1,1,2024-09-08,2024-09-08,410,2.0,1.0,0,0.0,1.0
AnkiDroid/src/main/res/menu/tags_dialog_menu.xml,1,1,1,2,1,1,2024-09-08,2024-09-08,410,2.0,1.0,0,0.0,1.0
AnkiDroid/src/main/res/values-af/05-feedback.xml,1,1,1,2,1,1,2024-10-23,2024-10-23,365,2.0,1.0,0,0.0,1.0
AnkiDroid/src/main/res/values-am/05-feedback.xml,1,1,1,2,1,1,2024-10-23,2024-10-23,365,2.0,1.0,0,0.0,1.0
AnkiDroid/src/main/res/values-bg/05-feedback.xml,1,1,1,2,1,1,2024-10-23,2024-10-23,365,2.0,1.0,0,0.0,1.0
AnkiDroid/src/main/res/values-ckb/05-feedback.xml,1,1,1,2,1,1,2024-10-23,2024-10-23,365,2.0,1.0,0,0.0,1.0
AnkiDroid/src/main/res/values-cs/20-search-preference.xml,1,1,1,2,1,1,2024-04-27,2024-04-27,544,2.0,1.0,0,0.0,1.0
AnkiDroid/src/main/res/values-de/05-feedback.xml,1,1,1,2,1,1,2024-10-23,2024-10-23,365,2.0,1.0,0,0.0,1.0
AnkiDroid/src/main/res/values-eo/05-feedback.xml,1,1,1,2,1,1,2024-10-23,2024-10-23,365,2.0,1.0,0,0.0,1.0
AnkiDroid/src/main/res/values-es-rAR/05-feedback.xml,1,1,1,2,1,1,2024-10-23,2024-10-23,365,2.0,1.0,0,0.0,1.0
AnkiDroid/src/main/res/values-es-rAR/20-search-preference.xml,1,1,1,2,1,1,2025-02-04,2025-02-04,261,2.0,1.0,0,0.0,1.0
AnkiDroid/src/main/res/values-et/05-feedback.xml,1,1,1,2,1,1,2024-10-23,2024-10-23,365,2.0,1.0,0,0.0,1.0
AnkiDroid/src/main/res/values-eu/05-feedback.xml,1,1,1,2,1,1,2024-10-23,2024-10-23,365,2.0,1.0,0,0.0,1.0
AnkiDroid/src/main/res/values-fa/05-feedback.xml,1,1,1,2,1,1,2024-10-23,2024-10-23,365,2.0,1.0,0,0.0,1.0
AnkiDroid/src/main/res/values-fr/05-feedback.xml,1,1,1,2,1,1,2024-10-23,2024-10-23,365,2.0,1.0,0,0.0,1.0
AnkiDroid/src/main/res/values-fy/05-feedback.xml,1,1,1,2,1,1,2024-10-23,2024-10-23,365,2.0,1.0,0,0.0,1.0
AnkiDroid/src/main/res/values-ga/05-feedback.xml,1,1,1,2,1,1,2024-10-23,2024-10-23,365,2.0,1.0,0,0.0,1.0
AnkiDroid/src/main/res/values-heb/05-feedback.xml,1,1,1,2,1,1,2024-10-20,2024-10-20,368,2.0,1.0,0,0.0,1.0
AnkiDroid/src/main/res/values-hr/09-backup.xml,1,1,1,2,1,1,2025-05-24,2025-05-24,152,2.0,1.0,0,0.0,1.0
AnkiDroid/src/main/res/values-hu/05-feedback.xml,1,1,1,2,1,1,2024-04-27,2024-04-27,544,2.0,1.0,0,0.0,1.0
AnkiDroid/src/main/res/values-hu/09-backup.xml,1,1,1,2,1,1,2025-05-24,2025-05-24,152,2.0,1.0,0,0.0,1.0
AnkiDroid/src/main/res/values-hy/05-feedback.xml,1,1,1,2,1,1,2024-04-27,2024-04-27,544,2.0,1.0,0,0.0,1.0
AnkiDroid/src/main/res/values-ind/09-backup.xml,1,1,1,2,1,1,2025-05-24,2025-05-24,152,2.0,1.0,0,0.0,1.0
AnkiDroid/src/main/res/values-it/20-search-preference.xml,1,1,1,2,1,1,2024-04-27,2024-04-27,544,2.0,1.0,0,0.0,1.0
AnkiDroid/src/main/res/values-ja/20-search-preference.xml,1,1,1,2,1,1,2024-04-27,2024-04-27,544,2.0,1.0,0,0.0,1.0
AnkiDroid/src/main/res/values-kk/09-backup.xml,1,1,1,2,1,1,2025-05-24,2025-05-24,152,2.0,1.0,0,0.0,1.0
AnkiDroid/src/main/res/values-ku/09-backup.xml,1,1,1,2,1,1,2025-05-24,2025-05-24,152,2.0,1.0,0,0.0,1.0
AnkiDroid/src/main/res/values-ky/09-backup.xml,1,1,1,2,1,1,2025-05-24,2025-05-24,152,2.0,1.0,0,0.0,1.0
AnkiDroid/src/main/res/values-mk/09-backup.xml,1,1,1,2,1,1,2025-05-24,2025-05-24,152,2.0,1.0,0,0.0,1.0
AnkiDroid/src/main/res/values-mn/09-backup.xml,1,1,1,2,1,1,2025-05-24,2025-05-24,152,2.0,1.0,0,0.0,1.0
AnkiDroid/src/main/res/values-mr/05-feedback.xml,1,1,1,2,1,1,2024-07-30,2024-07-30,450,2.0,1.0,0,0.0,1.0
AnkiDroid/src/main/res/values-ms/09-backup.xml,1,1,1,2,1,1,2025-05-24,2025-05-24,152,2.0,1.0,0,0.0,1.0
AnkiDroid/src/main/res/values-my/09-backup.xml,1,1,1,2,1,1,2025-05-24,2025-05-24,152,2.0,1.0,0,0.0,1.0
AnkiDroid/src/main/res/values-nl/05-feedback.xml,1,1,1,2,1,1,2024-04-27,2024-04-27,544,2.0,1.0,0,0.0,1.0
AnkiDroid/src/main/res/values-or/09-backup.xml,1,1,1,2,1,1,2025-05-24,2025-05-24,152,2.0,1.0,0,0.0,1.0
AnkiDroid/src/main/res/values-sat/05-feedback.xml,1,1,1,2,1,1,2024-12-02,2024-12-02,325,2.0,1.0,0,0.0,1.0
AnkiDroid/src/main/res/values-sc/09-backup.xml,1,1,1,2,1,1,2024-10-20,2024-10-20,368,2.0,1.0,0,0.0,1.0
AnkiDroid/src/main/res/values-sr/09-backup.xml,1,1,1,2,1,1,2024-04-27,2024-04-27,544,2.0,1.0,0,0.0,1.0
AnkiDroid/src/main/res/values-sv/09-backup.xml,1,1,1,2,1,1,2024-04-27,2024-04-27,544,2.0,1.0,0,0.0,1.0
AnkiDroid/src/main/res/values-zh-rCN/05-feedback.xml,1,1,1,2,1,1,2025-05-10,2025-05-10,166,2.0,1.0,0,0.0,1.0
AnkiDroid/src/main/res/values/05-feedback.xml,1,1,1,2,1,1,2024-10-10,2024-10-10,378,2.0,1.0,1,1.0,1.0
AnkiDroid/src/main/res/values/disable-fullscreen-keyboard-highlight.xml,1,1,1,2,1,1,2024-05-11,2024-05-11,530,2.0,1.0,1,1.0,1.0
AnkiDroid/src/test/java/com/ichi2/anki/InitialActivityWithConflictTest.kt,1,1,1,2,1,1,2024-12-06,2024-12-06,321,2.0,1.0,1,1.0,1.0
AnkiDroid/src/test/java/com/ichi2/anki/jsaddons/TgzPackageExtractTest.kt,1,1,1,2,1,1,2025-05-21,2025-05-21,155,2.0,1.0,0,0.0,1.0
AnkiDroid/src/test/java/com/ichi2/anki/preferences/PrefsSearchBarTest.kt,1,1,1,2,1,1,2025-01-16,2025-01-16,280,2.0,1.0,0,0.0,1.0
AnkiDroid/src/test/java/com/ichi2/compat/CreateDirectoriesTest.kt,1,1,1,2,1,1,2025-07-07,2025-07-07,108,2.0,1.0,0,0.0,1.0
AnkiDroid/src/test/java/com/ichi2/libanki/NoteWithColTest.kt,1,1,1,2,1,1,2025-03-13,2025-03-13,224,2.0,1.0,0,0.0,1.0
AnkiDroid/src/test/java/com/ichi2/libanki/PythonExtensionsTest.kt,1,1,1,2,1,1,2025-03-31,2025-03-31,206,2.0,1.0,0,0.0,1.0
AnkiDroid/src/test/java/com/ichi2/testutils/BackendEmulatingOpenConflictTest.kt,1,1,1,2,1,1,2024-07-15,2024-07-15,465,2.0,1.0,0,0.0,1.0
AnkiDroid/src/test/java/com/ichi2/testutils/ProductionCollectionManager.kt,1,1,1,2,1,1,2025-07-21,2025-07-21,94,2.0,1.0,0,0.0,1.0
AnkiDroid/src/test/java/com/ichi2/testutils/rules/MockitoCollectionRule.kt,1,1,1,2,1,1,2025-07-05,2025-07-05,110,2.0,1.0,0,0.0,1.0
api/src/main/java/com/ichi2/anki/api/Utils.kt,1,1,1,2,1,1,2025-06-08,2025-06-08,137,2.0,1.0,1,1.0,1.0
common/src/main/java/com/ichi2/anki/common/annotations/DuplicatedCode.kt,1,1,1,2,1,1,2025-06-18,2025-06-18,127,2.0,1.0,0,0.0,1.0
common/src/main/java/com/ichi2/anki/common/annotations/NeedsTest.kt,1,1,1,2,1,1,2025-06-18,2025-06-18,127,2.0,1.0,0,0.0,1.0
common/src/main/java/com/ichi2/anki/common/json/NamedJSONComparator.kt,1,1,1,2,1,1,2025-06-18,2025-06-18,127,2.0,1.0,0,0.0,1.0
common/src/main/java/com/ichi2/anki/common/time/Time.kt,1,1,1,2,1,1,2025-05-10,2025-05-10,166,2.0,1.0,0,0.0,1.0
common/src/main/java/com/ichi2/anki/common/time/TimeManager.kt,1,1,1,2,1,1,2025-05-10,2025-05-10,166,2.0,1.0,0,0.0,1.0
common/src/main/java/com/ichi2/anki/common/utils/annotation/KotlinCleanup.kt,1,1,1,2,1,1,2025-03-31,2025-03-31,206,2.0,1.0,0,0.0,1.0
libanki/testutils/src/main/java/com/ichi2/anki/libanki/testutils/TestClass.kt,1,1,1,2,1,1,2025-07-07,2025-07-07,108,2.0,1.0,0,0.0,1.0
lint-rules/src/main/java/com/ichi2/anki/lint/utils/StringFormatDetector.kt,1,1,1,2,1,1,2025-06-08,2025-06-08,137,2.0,1.0,1,1.0,1.0
lint-rules/src/test/java/com/ichi2/anki/lint/rules/CopyrightHeaderExistsTest.kt,1,1,1,2,1,1,2025-07-05,2025-07-05,110,2.0,1.0,0,0.0,1.0
lint-rules/src/test/java/com/ichi2/anki/lint/rules/DuplicateCrowdInStringsTest.kt,1,1,1,2,1,1,2024-07-15,2024-07-15,465,2.0,1.0,0,0.0,1.0
libanki/src/main/java/com/ichi2/anki/libanki/sched/Ease.kt,2,1,0,1,2,2,2025-07-06,2025-07-28,87,0.5,0.5,0,0.0,1.0
.github/FUNDING.yml,1,1,0,1,1,1,2025-01-07,2025-01-07,289,1.0,1.0,0,0.0,1.0
.idea/dictionaries/davidallison.xml,1,1,0,1,1,1,2025-03-22,2025-03-22,215,1.0,1.0,0,0.0,1.0
AnkiDroid/src/androidTest/java/com/ichi2/anki/utils/KeyUtilsTest.kt,1,0,1,1,1,1,2024-12-09,2024-12-09,318,1.0,1.0,0,0.0,1.0
AnkiDroid/src/main/assets/mathjax/a11y/assistive-mml.js,1,0,1,1,1,1,2024-10-11,2024-10-11,377,1.0,1.0,0,0.0,1.0
AnkiDroid/src/main/assets/mathjax/a11y/complexity.js,1,0,1,1,1,1,2024-10-11,2024-10-11,377,1.0,1.0,0,0.0,1.0
AnkiDroid/src/main/assets/mathjax/a11y/explorer.js,1,0,1,1,1,1,2024-10-11,2024-10-11,377,1.0,1.0,0,0.0,1.0
AnkiDroid/src/main/assets/mathjax/a11y/semantic-enrich.js,1,0,1,1,1,1,2024-10-11,2024-10-11,377,1.0,1.0,0,0.0,1.0
AnkiDroid/src/main/assets/mathjax/input/tex/extensions/action.js,1,0,1,1,1,1,2024-10-11,2024-10-11,377,1.0,1.0,0,0.0,1.0
AnkiDroid/src/main/assets/mathjax/input/tex/extensions/ams.js,1,0,1,1,1,1,2024-10-11,2024-10-11,377,1.0,1.0,0,0.0,1.0
AnkiDroid/src/main/assets/mathjax/input/tex/extensions/amscd.js,1,0,1,1,1,1,2024-10-11,2024-10-11,377,1.0,1.0,0,0.0,1.0
AnkiDroid/src/main/assets/mathjax/input/tex/extensions/autoload.js,1,0,1,1,1,1,2024-10-11,2024-10-11,377,1.0,1.0,0,0.0,1.0
AnkiDroid/src/main/assets/mathjax/input/tex/extensions/bbox.js,1,0,1,1,1,1,2024-10-11,2024-10-11,377,1.0,1.0,0,0.0,1.0
AnkiDroid/src/main/assets/mathjax/input/tex/extensions/boldsymbol.js,1,0,1,1,1,1,2024-10-11,2024-10-11,377,1.0,1.0,0,0.0,1.0
AnkiDroid/src/main/assets/mathjax/input/tex/extensions/braket.js,1,0,1,1,1,1,2024-10-11,2024-10-11,377,1.0,1.0,0,0.0,1.0
AnkiDroid/src/main/assets/mathjax/input/tex/extensions/bussproofs.js,1,0,1,1,1,1,2024-10-11,2024-10-11,377,1.0,1.0,0,0.0,1.0
AnkiDroid/src/main/assets/mathjax/input/tex/extensions/cancel.js,1,0,1,1,1,1,2024-10-11,2024-10-11,377,1.0,1.0,0,0.0,1.0
AnkiDroid/src/main/assets/mathjax/input/tex/extensions/centernot.js,1,0,1,1,1,1,2024-10-11,2024-10-11,377,1.0,1.0,0,0.0,1.0
AnkiDroid/src/main/assets/mathjax/input/tex/extensions/color.js,1,0,1,1,1,1,2024-10-11,2024-10-11,377,1.0,1.0,0,0.0,1.0
AnkiDroid/src/main/assets/mathjax/input/tex/extensions/colortbl.js,1,0,1,1,1,1,2024-10-11,2024-10-11,377,1.0,1.0,0,0.0,1.0
AnkiDroid/src/main/assets/mathjax/input/tex/extensions/colorv2.js,1,0,1,1,1,1,2024-10-11,2024-10-11,377,1.0,1.0,0,0.0,1.0
AnkiDroid/src/main/assets/mathjax/input/tex/extensions/configmacros.js,1,0,1,1,1,1,2024-10-11,2024-10-11,377,1.0,1.0,0,0.0,1.0
AnkiDroid/src/main/assets/mathjax/input/tex/extensions/enclose.js,1,0,1,1,1,1,2024-10-11,2024-10-11,377,1.0,1.0,0,0.0,1.0
AnkiDroid/src/main/assets/mathjax/input/tex/extensions/extpfeil.js,1,0,1,1,1,1,2024-10-11,2024-10-11,377,1.0,1.0,0,0.0,1.0
AnkiDroid/src/main/assets/mathjax/input/tex/extensions/gensymb.js,1,0,1,1,1,1,2024-10-11,2024-10-11,377,1.0,1.0,0,0.0,1.0
AnkiDroid/src/main/assets/mathjax/input/tex/extensions/html.js,1,0,1,1,1,1,2024-10-11,2024-10-11,377,1.0,1.0,0,0.0,1.0
AnkiDroid/src/main/assets/mathjax/input/tex/extensions/mathtools.js,1,0,1,1,1,1,2024-10-11,2024-10-11,377,1.0,1.0,0,0.0,1.0
AnkiDroid/src/main/assets/mathjax/input/tex/extensions/newcommand.js,1,0,1,1,1,1,2024-10-11,2024-10-11,377,1.0,1.0,0,0.0,1.0
AnkiDroid/src/main/assets/mathjax/input/tex/extensions/noerrors.js,1,0,1,1,1,1,2024-10-11,2024-10-11,377,1.0,1.0,0,0.0,1.0
AnkiDroid/src/main/assets/mathjax/input/tex/extensions/noundefined.js,1,0,1,1,1,1,2024-10-11,2024-10-11,377,1.0,1.0,0,0.0,1.0
AnkiDroid/src/main/assets/mathjax/input/tex/extensions/physics.js,1,0,1,1,1,1,2024-10-11,2024-10-11,377,1.0,1.0,0,0.0,1.0
AnkiDroid/src/main/assets/mathjax/input/tex/extensions/require.js,1,0,1,1,1,1,2024-10-11,2024-10-11,377,1.0,1.0,0,0.0,1.0
AnkiDroid/src/main/assets/mathjax/input/tex/extensions/setoptions.js,1,0,1,1,1,1,2024-10-11,2024-10-11,377,1.0,1.0,0,0.0,1.0
AnkiDroid/src/main/assets/mathjax/input/tex/extensions/tagformat.js,1,0,1,1,1,1,2024-10-11,2024-10-11,377,1.0,1.0,0,0.0,1.0
AnkiDroid/src/main/assets/mathjax/input/tex/extensions/textcomp.js,1,0,1,1,1,1,2024-10-11,2024-10-11,377,1.0,1.0,0,0.0,1.0
AnkiDroid/src/main/assets/mathjax/input/tex/extensions/textmacros.js,1,0,1,1,1,1,2024-10-11,2024-10-11,377,1.0,1.0,0,0.0,1.0
AnkiDroid/src/main/assets/mathjax/input/tex/extensions/unicode.js,1,0,1,1,1,1,2024-10-11,2024-10-11,377,1.0,1.0,0,0.0,1.0
AnkiDroid/src/main/assets/mathjax/input/tex/extensions/upgreek.js,1,0,1,1,1,1,2024-10-11,2024-10-11,377,1.0,1.0,0,0.0,1.0
AnkiDroid/src/main/assets/mathjax/input/tex/extensions/verb.js,1,0,1,1,1,1,2024-10-11,2024-10-11,377,1.0,1.0,0,0.0,1.0
AnkiDroid/src/main/assets/mathjax/tex-chtml.js,1,0,1,1,1,1,2024-10-11,2024-10-11,377,1.0,1.0,0,0.0,1.0
AnkiDroid/src/main/java/com/ichi2/preferences/AutoFocusEditTextPreference.kt,1,1,0,1,1,1,2024-05-21,2024-05-21,520,1.0,1.0,0,0.0,1.0
AnkiDroid/src/main/java/com/ichi2/preferences/HtmlHelpPreference.kt,1,1,0,1,1,1,2025-07-11,2025-07-11,104,1.0,1.0,0,0.0,1.0
AnkiDroid/src/main/java/com/ichi2/ui/AnimationUtil.kt,1,1,0,1,1,1,2024-12-09,2024-12-09,318,1.0,1.0,0,0.0,1.0
AnkiDroid/src/main/java/com/ichi2/utils/HashUtil.kt,1,1,0,1,1,1,2025-03-31,2025-03-31,206,1.0,1.0,0,0.0,1.0
AnkiDroid/src/main/java/com/ichi2/utils/JSON.kt,1,1,0,1,1,1,2024-12-09,2024-12-09,318,1.0,1.0,0,0.0,1.0
AnkiDroid/src/main/java/com/ichi2/utils/NetworkUtils.kt,1,0,1,1,1,1,2024-12-09,2024-12-09,318,1.0,1.0,0,0.0,1.0
AnkiDroid/src/main/res/drawable/ic_delete.xml,1,1,0,1,1,1,2025-08-12,2025-08-12,72,1.0,1.0,0,0.0,1.0
AnkiDroid/src/main/res/layout/card_multimedia_editline.xml,1,1,0,1,1,1,2025-05-29,2025-05-29,147,1.0,1.0,0,0.0,1.0
AnkiDroid/src/main/res/layout/multiline_spinner_item.xml,1,1,0,1,1,1,2025-07-24,2025-07-24,91,1.0,1.0,1,1.0,1.0
AnkiDroid/src/main/res/layout/navigation_drawer.xml,1,1,0,1,1,1,2024-10-07,2024-10-07,381,1.0,1.0,0,0.0,1.0
AnkiDroid/src/main/res/values-hr/04-network.xml,1,1,0,1,1,1,2024-06-09,2024-06-09,501,1.0,1.0,0,0.0,1.0
AnkiDroid/src/main/res/values-ind/04-network.xml,1,1,0,1,1,1,2024-06-09,2024-06-09,501,1.0,1.0,0,0.0,1.0
AnkiDroid/src/main/res/values-it/04-network.xml,1,1,0,1,1,1,2024-06-09,2024-06-09,501,1.0,1.0,0,0.0,1.0
AnkiDroid/src/main/res/values-kk/04-network.xml,1,1,0,1,1,1,2024-06-09,2024-06-09,501,1.0,1.0,0,0.0,1.0
AnkiDroid/src/main/res/values-ku/04-network.xml,1,1,0,1,1,1,2024-06-09,2024-06-09,501,1.0,1.0,0,0.0,1.0
AnkiDroid/src/main/res/values-ky/04-network.xml,1,1,0,1,1,1,2024-06-09,2024-06-09,501,1.0,1.0,0,0.0,1.0
AnkiDroid/src/main/res/values-mk/04-network.xml,1,1,0,1,1,1,2024-06-09,2024-06-09,501,1.0,1.0,0,0.0,1.0
AnkiDroid/src/main/res/values-mn/04-network.xml,1,1,0,1,1,1,2024-06-09,2024-06-09,501,1.0,1.0,0,0.0,1.0
AnkiDroid/src/main/res/values-ms/04-network.xml,1,1,0,1,1,1,2024-06-09,2024-06-09,501,1.0,1.0,0,0.0,1.0
AnkiDroid/src/main/res/values-my/04-network.xml,1,1,0,1,1,1,2024-06-09,2024-06-09,501,1.0,1.0,0,0.0,1.0
AnkiDroid/src/main/res/values-ro/04-network.xml,1,1,0,1,1,1,2024-06-09,2024-06-09,501,1.0,1.0,0,0.0,1.0
AnkiDroid/src/main/res/values-sl/04-network.xml,1,1,0,1,1,1,2024-06-09,2024-06-09,501,1.0,1.0,0,0.0,1.0
AnkiDroid/src/main/res/values-sq/04-network.xml,1,1,0,1,1,1,2024-06-09,2024-06-09,501,1.0,1.0,0,0.0,1.0
AnkiDroid/src/main/res/values-sr/04-network.xml,1,1,0,1,1,1,2024-06-09,2024-06-09,501,1.0,1.0,0,0.0,1.0
AnkiDroid/src/main/res/values-tgl/04-network.xml,1,1,0,1,1,1,2024-06-09,2024-06-09,501,1.0,1.0,0,0.0,1.0
AnkiDroid/src/main/res/values-th/04-network.xml,1,1,0,1,1,1,2024-06-09,2024-06-09,501,1.0,1.0,0,0.0,1.0
AnkiDroid/src/main/res/values-ti/04-network.xml,1,1,0,1,1,1,2024-06-09,2024-06-09,501,1.0,1.0,0,0.0,1.0
AnkiDroid/src/main/res/values-tt/04-network.xml,1,1,0,1,1,1,2024-06-09,2024-06-09,501,1.0,1.0,0,0.0,1.0
AnkiDroid/src/main/res/values-ur/04-network.xml,1,1,0,1,1,1,2024-06-09,2024-06-09,501,1.0,1.0,0,0.0,1.0
api/src/main/java/com/ichi2/anki/api/BasicModel.kt,1,1,0,1,1,1,2023-12-04,2023-12-04,689,1.0,1.0,0,0.0,1.0
api/src/main/java/com/ichi2/anki/api/NoteInfo.kt,1,0,1,1,1,1,2024-07-15,2024-07-15,465,1.0,1.0,0,0.0,1.0
common/.gitignore,1,1,0,1,1,1,2024-05-29,2024-05-29,512,1.0,1.0,0,0.0,1.0
fastlane/metadata/android/en-US/short_description.txt,1,1,0,1,1,1,2023-07-30,2023-07-30,816,1.0,1.0,0,0.0,1.0
fastlane/metadata/android/en-US/title.txt,1,1,0,1,1,1,2023-07-30,2023-07-30,816,1.0,1.0,0,0.0,1.0
libanki/.gitignore,1,1,0,1,1,1,2025-06-18,2025-06-18,127,1.0,1.0,0,0.0,1.0
libanki/testutils/.gitignore,1,1,0,1,1,1,2025-07-07,2025-07-07,108,1.0,1.0,0,0.0,1.0
lint-rules/src/test/java/com/ichi2/anki/lint/rules/VariableNamingDetectorTest.kt,1,1,0,1,1,1,2023-12-04,2023-12-04,689,1.0,1.0,0,0.0,1.0
gradle/wrapper/gradle-wrapper.jar,5,0,0,0,2,5,2024-07-18,2025-08-01,83,0.0,0.8,0,0.0,0.0
fastlane/metadata/android/en-US/images/icon.png,3,0,0,0,1,2,2023-07-30,2024-07-14,466,0.0,1.0,0,0.0,0.0
AnkiDroid/src/main/res/drawable/widget_card_analysis_drawable.jpg,2,0,0,0,1,2,2024-08-27,2024-12-27,300,0.0,1.0,0,0.0,0.0
AnkiDroid/src/main/res/drawable/widget_deck_picker_drawable.jpg,2,0,0,0,1,2,2024-05-22,2024-12-27,300,0.0,1.0,0,0.0,0.0
tools/keeper-gradle-plugin.jar,2,0,0,0,1,2,2024-06-25,2024-06-29,481,0.0,1.0,0,0.0,0.0
AnkiDroid/src/main/assets/fonts/freefont/FreeMono.ttf,1,0,0,0,1,1,2025-06-08,2025-06-08,137,0.0,1.0,0,0.0,0.0
AnkiDroid/src/main/assets/fonts/noto/NotoSansMono.ttf,1,0,0,0,1,1,2025-06-08,2025-06-08,137,0.0,1.0,0,0.0,0.0
AnkiDroid/src/main/assets/mathjax/output/chtml/fonts/woff-v2/MathJax_AMS-Regular.woff,1,0,0,0,1,1,2024-10-11,2024-10-11,377,0.0,1.0,0,0.0,0.0
AnkiDroid/src/main/assets/mathjax/output/chtml/fonts/woff-v2/MathJax_Calligraphic-Bold.woff,1,0,0,0,1,1,2024-10-11,2024-10-11,377,0.0,1.0,0,0.0,0.0
AnkiDroid/src/main/assets/mathjax/output/chtml/fonts/woff-v2/MathJax_Calligraphic-Regular.woff,1,0,0,0,1,1,2024-10-11,2024-10-11,377,0.0,1.0,0,0.0,0.0
AnkiDroid/src/main/assets/mathjax/output/chtml/fonts/woff-v2/MathJax_Fraktur-Bold.woff,1,0,0,0,1,1,2024-10-11,2024-10-11,377,0.0,1.0,0,0.0,0.0
AnkiDroid/src/main/assets/mathjax/output/chtml/fonts/woff-v2/MathJax_Fraktur-Regular.woff,1,0,0,0,1,1,2024-10-11,2024-10-11,377,0.0,1.0,0,0.0,0.0
AnkiDroid/src/main/assets/mathjax/output/chtml/fonts/woff-v2/MathJax_Main-Bold.woff,1,0,0,0,1,1,2024-10-11,2024-10-11,377,0.0,1.0,0,0.0,0.0
AnkiDroid/src/main/assets/mathjax/output/chtml/fonts/woff-v2/MathJax_Main-Italic.woff,1,0,0,0,1,1,2024-10-11,2024-10-11,377,0.0,1.0,0,0.0,0.0
AnkiDroid/src/main/assets/mathjax/output/chtml/fonts/woff-v2/MathJax_Main-Regular.woff,1,0,0,0,1,1,2024-10-11,2024-10-11,377,0.0,1.0,0,0.0,0.0
AnkiDroid/src/main/assets/mathjax/output/chtml/fonts/woff-v2/MathJax_Math-BoldItalic.woff,1,0,0,0,1,1,2024-10-11,2024-10-11,377,0.0,1.0,0,0.0,0.0
AnkiDroid/src/main/assets/mathjax/output/chtml/fonts/woff-v2/MathJax_Math-Italic.woff,1,0,0,0,1,1,2024-10-11,2024-10-11,377,0.0,1.0,0,0.0,0.0
AnkiDroid/src/main/assets/mathjax/output/chtml/fonts/woff-v2/MathJax_Math-Regular.woff,1,0,0,0,1,1,2024-10-11,2024-10-11,377,0.0,1.0,0,0.0,0.0
AnkiDroid/src/main/assets/mathjax/output/chtml/fonts/woff-v2/MathJax_SansSerif-Bold.woff,1,0,0,0,1,1,2024-10-11,2024-10-11,377,0.0,1.0,0,0.0,0.0
AnkiDroid/src/main/assets/mathjax/output/chtml/fonts/woff-v2/MathJax_SansSerif-Italic.woff,1,0,0,0,1,1,2024-10-11,2024-10-11,377,0.0,1.0,0,0.0,0.0
AnkiDroid/src/main/assets/mathjax/output/chtml/fonts/woff-v2/MathJax_SansSerif-Regular.woff,1,0,0,0,1,1,2024-10-11,2024-10-11,377,0.0,1.0,0,0.0,0.0
AnkiDroid/src/main/assets/mathjax/output/chtml/fonts/woff-v2/MathJax_Script-Regular.woff,1,0,0,0,1,1,2024-10-11,2024-10-11,377,0.0,1.0,0,0.0,0.0
AnkiDroid/src/main/assets/mathjax/output/chtml/fonts/woff-v2/MathJax_Size1-Regular.woff,1,0,0,0,1,1,2024-10-11,2024-10-11,377,0.0,1.0,0,0.0,0.0
AnkiDroid/src/main/assets/mathjax/output/chtml/fonts/woff-v2/MathJax_Size2-Regular.woff,1,0,0,0,1,1,2024-10-11,2024-10-11,377,0.0,1.0,0,0.0,0.0
AnkiDroid/src/main/assets/mathjax/output/chtml/fonts/woff-v2/MathJax_Size3-Regular.woff,1,0,0,0,1,1,2024-10-11,2024-10-11,377,0.0,1.0,0,0.0,0.0
AnkiDroid/src/main/assets/mathjax/output/chtml/fonts/woff-v2/MathJax_Size4-Regular.woff,1,0,0,0,1,1,2024-10-11,2024-10-11,377,0.0,1.0,0,0.0,0.0
AnkiDroid/src/main/assets/mathjax/output/chtml/fonts/woff-v2/MathJax_Typewriter-Regular.woff,1,0,0,0,1,1,2024-10-11,2024-10-11,377,0.0,1.0,0,0.0,0.0
AnkiDroid/src/main/assets/mathjax/output/chtml/fonts/woff-v2/MathJax_Vector-Bold.woff,1,0,0,0,1,1,2024-10-11,2024-10-11,377,0.0,1.0,0,0.0,0.0
AnkiDroid/src/main/assets/mathjax/output/chtml/fonts/woff-v2/MathJax_Vector-Regular.woff,1,0,0,0,1,1,2024-10-11,2024-10-11,377,0.0,1.0,0,0.0,0.0
AnkiDroid/src/main/assets/mathjax/output/chtml/fonts/woff-v2/MathJax_Zero.woff,1,0,0,0,1,1,2024-10-11,2024-10-11,377,0.0,1.0,0,0.0,0.0
AnkiDroid/src/main/java/com/ichi2/anki/utils/ext/Parcel.kt,1,0,0,0,1,1,2025-07-02,2025-07-02,113,0.0,1.0,0,0.0,0.0
AnkiDroid/src/main/res/drawable/ic_launcher_background.xml,1,0,0,0,1,1,2024-11-06,2024-11-06,351,0.0,1.0,0,0.0,0.0
AnkiDroid/src/main/res/drawable/ic_launcher_foreground.xml,1,0,0,0,1,1,2024-11-06,2024-11-06,351,0.0,1.0,0,0.0,0.0
AnkiDroid/src/main/res/drawable/ic_launcher_monochrome.xml,1,0,0,0,1,1,2024-11-06,2024-11-06,351,0.0,1.0,0,0.0,0.0
AnkiDroid/src/main/res/drawable/widget_card_analysis_drawable.png,1,0,0,0,1,1,2024-12-27,2024-12-27,300,0.0,1.0,0,0.0,0.0
AnkiDroid/src/main/res/drawable/widget_deck_picker_drawable.png,1,0,0,0,1,1,2024-12-27,2024-12-27,300,0.0,1.0,0,0.0,0.0
AnkiDroid/src/main/res/layout/card_browser_fragment.xml,1,0,0,0,1,1,2025-09-09,2025-09-09,44,0.0,1.0,1,1.0,0.0
AnkiDroid/src/main/res/layout/card_browser_searchview_fragment.xml,1,0,0,0,1,1,2025-09-09,2025-09-09,44,0.0,1.0,1,1.0,0.0
AnkiDroid/src/main/res/menu/note_type_editor.xml,1,0,0,0,1,1,2025-05-29,2025-05-29,147,0.0,1.0,0,0.0,0.0
AnkiDroid/src/main/res/values-ts/09-backup.xml,1,0,0,0,1,1,2025-08-04,2025-08-04,80,0.0,1.0,0,0.0,0.0
AnkiDroid/src/test/java/com/ichi2/anki/utils/ext/ParcelTest.kt,1,0,0,0,1,1,2025-07-02,2025-07-02,113,0.0,1.0,0,0.0,0.0
common/consumer-rules.pro,1,0,0,0,1,1,2024-05-29,2024-05-29,512,0.0,1.0,0,0.0,0.0
docs/graphics/logos/google-badge.png,1,0,0,0,1,1,2025-10-14,2025-10-14,9,0.0,1.0,0,0.0,0.0
docs/graphics/logos/twitter_logo.png,1,0,0,0,1,1,2024-05-17,2024-05-17,524,0.0,1.0,0,0.0,0.0
docs/graphics/logos/twitter_logo_color.png,1,0,0,0,1,1,2024-05-17,2024-05-17,524,0.0,1.0,0,0.0,0.0
fastlane/metadata/android/en-US/images/featureGraphic.png,1,0,0,0,1,1,2023-07-30,2023-07-30,816,0.0,1.0,0,0.0,0.0
fastlane/metadata/android/en-US/images/phoneScreenshots/1.png,1,0,0,0,1,1,2023-07-30,2023-07-30,816,0.0,1.0,0,0.0,0.0
fastlane/metadata/android/en-US/images/phoneScreenshots/2.png,1,0,0,0,1,1,2023-07-30,2023-07-30,816,0.0,1.0,0,0.0,0.0
fastlane/metadata/android/en-US/images/phoneScreenshots/3.png,1,0,0,0,1,1,2023-07-30,2023-07-30,816,0.0,1.0,0,0.0,0.0
fastlane/metadata/android/en-US/images/phoneScreenshots/4.png,1,0,0,0,1,1,2023-07-30,2023-07-30,816,0.0,1.0,0,0.0,0.0
libanki/src/main/java/com/ichi2/anki/libanki/BackendDeckOptions.kt,1,0,0,0,1,1,2025-07-06,2025-07-06,109,0.0,1.0,0,0.0,0.0
libanki/src/main/java/com/ichi2/anki/libanki/BrowserConfig.kt,1,0,0,0,1,1,2025-07-06,2025-07-06,109,0.0,1.0,0,0.0,0.0
libanki/src/main/java/com/ichi2/anki/libanki/CardTemplates.kt,1,0,0,0,1,1,2025-07-06,2025-07-06,109,0.0,1.0,0,0.0,0.0
libanki/src/main/java/com/ichi2/anki/libanki/Config.kt,1,0,0,0,1,1,2025-07-06,2025-07-06,109,0.0,1.0,0,0.0,0.0
libanki/src/main/java/com/ichi2/anki/libanki/Consts.kt,1,0,0,0,1,1,2025-07-06,2025-07-06,109,0.0,1.0,0,0.0,0.0
libanki/src/main/java/com/ichi2/anki/libanki/Fields.kt,1,0,0,0,1,1,2025-07-06,2025-07-06,109,0.0,1.0,0,0.0,0.0
libanki/src/main/java/com/ichi2/anki/libanki/LaTeX.kt,1,0,0,0,1,1,2025-07-06,2025-07-06,109,0.0,1.0,0,0.0,0.0
libanki/src/main/java/com/ichi2/anki/libanki/Note.kt,1,0,0,0,1,1,2025-07-06,2025-07-06,109,0.0,1.0,0,0.0,0.0
libanki/src/main/java/com/ichi2/anki/libanki/Notetypes.kt,1,0,0,0,1,1,2025-07-06,2025-07-06,109,0.0,1.0,0,0.0,0.0
libanki/src/main/java/com/ichi2/anki/libanki/SortOrder.kt,1,0,0,0,1,1,2025-07-06,2025-07-06,109,0.0,1.0,0,0.0,0.0
libanki/src/main/java/com/ichi2/anki/libanki/Sound.kt,1,0,0,0,1,1,2025-07-06,2025-07-06,109,0.0,1.0,0,0.0,0.0
libanki/src/main/java/com/ichi2/anki/libanki/Tags.kt,1,0,0,0,1,1,2025-07-06,2025-07-06,109,0.0,1.0,0,0.0,0.0
libanki/src/main/java/com/ichi2/anki/libanki/TemplateManager.kt,1,0,0,0,1,1,2025-07-06,2025-07-06,109,0.0,1.0,0,0.0,0.0
libanki/src/main/java/com/ichi2/anki/libanki/Tts.kt,1,0,0,0,1,1,2025-07-06,2025-07-06,109,0.0,1.0,0,0.0,0.0
libanki/src/main/java/com/ichi2/anki/libanki/backend/BackendUtils.kt,1,0,0,0,1,1,2025-07-06,2025-07-06,109,0.0,1.0,0,0.0,0.0
libanki/src/main/java/com/ichi2/anki/libanki/backend/model/NoteUtil.kt,1,0,0,0,1,1,2025-07-06,2025-07-06,109,0.0,1.0,0,0.0,0.0
libanki/src/main/java/com/ichi2/anki/libanki/backend/model/SortOrderUtil.kt,1,0,0,0,1,1,2025-07-06,2025-07-06,109,0.0,1.0,0,0.0,0.0
libanki/src/main/java/com/ichi2/anki/libanki/exception/ConfirmModSchemaException.kt,1,0,0,0,1,1,2025-07-06,2025-07-06,109,0.0,1.0,0,0.0,0.0
libanki/src/main/java/com/ichi2/anki/libanki/exception/EmptyMediaException.kt,1,0,0,0,1,1,2025-07-06,2025-07-06,109,0.0,1.0,0,0.0,0.0
libanki/src/main/java/com/ichi2/anki/libanki/exception/InvalidSearchException.kt,1,0,0,0,1,1,2025-07-06,2025-07-06,109,0.0,1.0,0,0.0,0.0
libanki/src/main/java/com/ichi2/anki/libanki/sched/Counts.kt,1,0,0,0,1,1,2025-07-06,2025-07-06,109,0.0,1.0,0,0.0,0.0
libanki/src/main/java/com/ichi2/anki/libanki/sched/DeckNode.kt,1,0,0,0,1,1,2025-07-06,2025-07-06,109,0.0,1.0,0,0.0,0.0
libanki/src/main/java/com/ichi2/anki/libanki/stats/BackendStats.kt,1,0,0,0,1,1,2025-07-06,2025-07-06,109,0.0,1.0,0,0.0,0.0
libanki/src/main/java/com/ichi2/anki/libanki/template/MathJax.kt,1,0,0,0,1,1,2025-07-06,2025-07-06,109,0.0,1.0,0,0.0,0.0
libanki/src/main/java/com/ichi2/anki/libanki/template/TemplateFilters.kt,1,0,0,0,1,1,2025-07-06,2025-07-06,109,0.0,1.0,0,0.0,0.0
libanki/src/main/java/com/ichi2/anki/libanki/utils/LibAnkiAlias.kt,1,0,0,0,1,1,2025-07-06,2025-07-06,109,0.0,1.0,0,0.0,0.0
libanki/src/main/java/com/ichi2/anki/libanki/utils/NotInLibAnki.kt,1,0,0,0,1,1,2025-07-06,2025-07-06,109,0.0,1.0,0,0.0,0.0
libanki/src/main/java/com/ichi2/anki/libanki/utils/PythonExtensions.kt,1,0,0,0,1,1,2025-07-06,2025-07-06,109,0.0,1.0,0,0.0,0.0
libanki/src/test/java/com/ichi2/anki/libanki/NoteTest.kt,1,0,0,0,1,1,2025-07-07,2025-07-07,108,0.0,1.0,0,0.0,0.0
libanki/src/test/java/com/ichi2/anki/libanki/UtilsTest.kt,1,0,0,0,1,1,2025-07-07,2025-07-07,108,0.0,1.0,0,0.0,0.0
tools/crashes-data-mining/database-model.mwb,1,0,0,0,1,1,2024-07-07,2024-07-07,473,0.0,1.0,0,0.0,0.0
tools/crashes-data-mining/report-about-android-versions.prpt,1,0,0,0,1,1,2024-07-07,2024-07-07,473,0.0,1.0,0,0.0,0.0
tools/crashes-data-mining/result.png,1,0,0,0,1,1,2024-07-07,2024-07-07,473,0.0,1.0,0,0.0,0.0
tools/fallback-release-keystore.jks,1,0,0,0,1,1,2025-02-16,2025-02-16,249,0.0,1.0,0,0.0,0.0
