file_path,commit_count,additions,deletions,total_churn,unique_contributors,active_days,first_commit_date,last_commit_date,days_since_last_touch,avg_churn_per_commit,ownership_concentration,bugfix_commit_count,bugfix_commit_ratio,churn_burstiness
src/frontend/package-lock.json,93,24058,17483,41541,4,71,2024-07-01,2025-10-22,1,446.6774193548387,0.7741935483870968,9,0.0967741935483871,0.18998098264365326
src/sdk/consumer/.vite/deps/react-dom_client.js,1,21712,0,21712,1,1,2025-02-10,2025-02-10,255,21712.0,1.0,0,0.0,1.0
src/frontend/yarn.lock,4,13596,7537,21133,3,4,2024-11-22,2024-12-17,310,5283.25,0.5,0,0.0,0.28670799223962523
src/sdk/package-lock.json,35,9233,2275,11508,3,31,2025-02-10,2025-10-22,1,328.8,0.8285714285714286,0,0.0,0.660670837678137
src/frontend/visio/package-lock.json,2,3499,0,3499,1,2,2024-06-24,2024-06-25,485,1749.5,1.0,0,0.0,0.9302657902257788
src/sdk/consumer/package-lock.json,2,3231,175,3406,2,2,2025-02-10,2025-05-12,164,1703.0,0.5,0,0.0,0.9486200822078684
docker/auth/realm.json,3,2685,419,3104,3,3,2024-01-09,2024-12-06,321,1034.6666666666667,0.3333333333333333,0,0.0,0.7300257731958762
src/mail/yarn.lock,2,1292,1292,2584,2,2,2024-01-09,2024-08-06,443,1292.0,0.5,0,0.0,0.5
docs/examples/keycloak.values.yaml,1,2298,0,2298,1,1,2024-12-23,2024-12-23,304,2298.0,1.0,0,0.0,1.0
src/frontend/src/features/rooms/components/Join.tsx,47,1446,662,2108,3,31,2024-07-11,2025-09-17,36,44.851063829787236,0.851063829787234,11,0.23404255319148937,0.17836812144212524
src/sdk/consumer/.vite/deps/chunk-DEZHIYJM.js,1,1908,0,1908,1,1,2025-02-10,2025-02-10,255,1908.0,1.0,0,0.0,1.0
src/mail/package-lock.json,41,1809,81,1890,2,37,2024-08-06,2025-10-22,1,46.09756097560975,0.9512195121951219,8,0.1951219512195122,0.9021164021164021
src/backend/locale/fr_FR/LC_MESSAGES/django.po,17,966,511,1477,2,9,2024-01-09,2025-07-11,104,86.88235294117646,0.9411764705882353,0,0.0,0.2132701421800948
src/frontend/src/primitives/buttonRecipe.ts,29,938,493,1431,3,24,2024-08-05,2025-09-05,48,49.3448275862069,0.6206896551724138,3,0.10344827586206896,0.3305380852550664
src/backend/locale/en_US/LC_MESSAGES/django.po,16,939,489,1428,2,9,2024-01-09,2025-07-11,104,89.25,0.9375,0,0.0,0.22058823529411764
docs/installation.md,20,825,455,1280,8,16,2024-12-23,2025-08-01,83,64.0,0.45,0,0.0,0.18203125
src/frontend/src/features/rooms/livekit/components/effects/EffectsConfiguration.tsx,24,711,506,1217,3,13,2025-01-20,2025-09-02,51,50.708333333333336,0.5833333333333334,3,0.125,0.1799506984387839
src/frontend/src/locales/de/rooms.json,119,864,333,1197,4,76,2024-07-18,2025-10-16,7,10.058823529411764,0.8907563025210085,7,0.058823529411764705,0.3433583959899749
src/backend/core/tests/services/test_lobby_service.py,4,998,105,1103,1,3,2025-02-18,2025-03-06,231,275.75,1.0,0,0.0,0.6854034451495921
src/backend/locale/nl_NL/LC_MESSAGES/django.po,11,744,294,1038,1,6,2025-04-22,2025-07-11,104,94.36363636363636,1.0,0,0.0,0.41329479768786126
src/backend/core/api/viewsets.py,30,946,81,1027,2,25,2024-01-09,2025-09-08,45,34.233333333333334,0.9666666666666667,1,0.03333333333333333,0.1382667964946446
src/frontend/src/features/rooms/livekit/prefabs/ControlBar.tsx,20,512,489,1001,2,10,2024-08-06,2024-12-13,314,50.05,0.8,2,0.1,0.22377622377622378
src/backend/core/tests/test_api_resource_accesses.py,4,976,18,994,1,4,2024-06-24,2025-02-15,250,248.5,1.0,1,0.25,0.9587525150905433
src/backend/core/models.py,26,871,51,922,2,22,2024-01-09,2025-10-02,21,35.46153846153846,0.9615384615384616,4,0.15384615384615385,0.2874186550976139
src/sdk/consumer/.vite/deps/react_jsx-dev-runtime.js,1,911,0,911,1,1,2025-02-10,2025-02-10,255,911.0,1.0,0,0.0,1.0
src/frontend/src/features/home/routes/Home.tsx,42,544,317,861,3,29,2024-07-20,2025-08-05,79,20.5,0.5476190476190477,3,0.07142857142857142,0.3089430894308943
src/frontend/src/locales/fr/rooms.json,131,692,160,852,4,84,2024-07-18,2025-10-16,7,6.5038167938931295,0.8702290076335878,10,0.07633587786259542,0.028169014084507043
src/frontend/src/locales/en/rooms.json,128,675,143,818,4,82,2024-07-18,2025-10-16,7,6.390625,0.8671875,8,0.0625,0.029339853300733496
src/helm/meet/values.yaml,17,627,188,815,3,16,2024-07-02,2025-10-17,6,47.94117647058823,0.6470588235294118,1,0.058823529411764705,0.22699386503067484
src/frontend/src/layout/Header.tsx,39,515,298,813,3,26,2024-07-02,2025-06-26,119,20.846153846153847,0.5641025641025641,2,0.05128205128205128,0.1820418204182042
src/frontend/panda.config.ts,34,626,148,774,3,25,2024-07-02,2025-08-28,56,22.764705882352942,0.47058823529411764,2,0.058823529411764705,0.3992248062015504
src/backend/core/tests/rooms/test_api_rooms_lobby.py,5,689,56,745,1,5,2025-02-18,2025-08-26,58,149.0,1.0,0,0.0,0.8375838926174497
src/frontend/src/features/rooms/components/InviteDialog.tsx,14,457,270,727,3,10,2024-07-26,2025-08-07,77,51.92857142857143,0.6428571428571429,2,0.14285714285714285,0.24209078404401652
src/backend/core/tests/authentication/test_views.py,3,360,360,720,3,3,2024-01-09,2025-04-10,196,240.0,0.3333333333333333,0,0.0,0.4986111111111111
src/frontend/src/features/legalsTerms/TermsOfService.tsx,2,432,276,708,1,2,2025-03-10,2025-03-15,222,354.0,1.0,0,0.0,0.5240112994350282
src/frontend/src/locales/nl/rooms.json,61,619,88,707,3,34,2025-03-04,2025-10-16,7,11.59016393442623,0.9344262295081968,4,0.06557377049180328,0.29985855728429983
src/frontend/src/features/rooms/livekit/components/controls/SelectToggleDevice.tsx,21,354,348,702,2,13,2024-09-15,2025-08-21,63,33.42857142857143,0.6190476190476191,2,0.09523809523809523,0.24358974358974358
src/summary/summary/core/celery_worker.py,32,514,187,701,2,20,2024-11-29,2025-10-23,0,21.90625,0.9375,4,0.125,0.16547788873038516
src/frontend/src/features/rooms/livekit/components/controls/Participants/ParticipantsList.tsx,24,406,294,700,1,19,2024-08-12,2025-08-29,55,29.166666666666668,1.0,1,0.041666666666666664,0.22857142857142856
src/backend/core/tests/rooms/test_api_rooms_retrieve.py,17,600,94,694,1,17,2024-06-24,2025-08-26,58,40.8235294117647,1.0,2,0.11764705882352941,0.4956772334293948
Makefile,21,501,138,639,5,18,2024-01-09,2025-09-30,23,30.428571428571427,0.6666666666666666,3,0.14285714285714285,0.5054773082942097
src/helm/meet/README.md,10,409,220,629,2,9,2024-07-02,2025-07-31,84,62.9,0.6,1,0.1,0.2972972972972973
src/backend/pyproject.toml,91,386,242,628,7,75,2024-01-09,2025-10-22,1,6.9010989010989015,0.6263736263736264,10,0.10989010989010989,0.22611464968152867
src/backend/core/tests/authentication/test_backends.py,14,586,35,621,3,10,2024-01-09,2025-06-23,122,44.357142857142854,0.8571428571428571,1,0.07142857142857142,0.22705314009661837
src/backend/impress/settings.py,5,605,1,606,2,4,2024-01-09,2024-07-01,479,121.2,0.8,0,0.0,0.9735973597359736
src/helm/env.d/production/values.meet.yaml.gotmpl,35,229,376,605,3,25,2024-07-03,2024-12-20,307,17.285714285714285,0.8571428571428571,7,0.2,0.4793388429752066
src/frontend/src/features/home/components/LaterMeetingDialog.tsx,7,393,206,599,1,6,2024-08-21,2025-08-07,77,85.57142857142857,1.0,1,0.14285714285714285,0.44741235392320533
src/frontend/package.json,96,316,281,597,3,72,2024-07-01,2025-10-22,1,6.21875,0.7708333333333334,9,0.09375,0.09380234505862646
src/helm/env.d/staging/values.meet.yaml.gotmpl,31,217,364,581,2,23,2024-07-03,2024-12-20,307,18.741935483870968,0.8387096774193549,2,0.06451612903225806,0.5163511187607573
src/backend/locale/de_DE/LC_MESSAGES/django.po,5,514,59,573,1,4,2025-05-13,2025-07-11,104,114.6,1.0,0,0.0,0.7853403141361257
src/frontend/src/features/rooms/components/Conference.tsx,50,415,155,570,3,34,2024-07-11,2025-09-15,38,11.4,0.72,7,0.14,0.0912280701754386
src/backend/meet/settings.py,84,459,97,556,7,62,2024-07-01,2025-10-14,9,6.619047619047619,0.9047619047619048,10,0.11904761904761904,0.08093525179856115
src/helm/env.d/dev/secrets.enc.yaml,7,265,265,530,3,7,2024-01-09,2024-12-20,307,75.71428571428571,0.7142857142857143,1,0.14285714285714285,0.20566037735849058
src/frontend/src/features/settings/components/tabs/VideoTab.tsx,5,384,146,530,1,3,2025-08-12,2025-08-14,70,106.0,1.0,0,0.0,0.3490566037735849
src/frontend/src/features/rooms/livekit/prefabs/VideoConference.tsx,30,395,127,522,2,25,2024-08-06,2025-10-16,7,17.4,0.9666666666666667,1,0.03333333333333333,0.3946360153256705
src/frontend/src/primitives/Button.tsx,19,281,240,521,3,14,2024-07-02,2025-02-10,255,27.42105263157895,0.6842105263157895,0,0.0,0.3474088291746641
src/frontend/src/locales/en/termsOfService.json,2,307,213,520,1,2,2025-03-10,2025-03-15,222,260.0,1.0,0,0.0,0.575
src/frontend/src/locales/fr/termsOfService.json,2,307,213,520,1,2,2025-03-10,2025-03-15,222,260.0,1.0,0,0.0,0.575
src/frontend/src/locales/nl/termsOfService.json,2,307,213,520,1,2,2025-03-10,2025-03-15,222,260.0,1.0,0,0.0,0.575
src/frontend/src/features/rooms/livekit/components/controls/Participants/ParticipantListItem.tsx,23,340,178,518,2,16,2024-08-28,2025-09-17,36,22.52173913043478,0.9130434782608695,1,0.043478260869565216,0.1969111969111969
src/frontend/src/features/rooms/livekit/components/blur/FaceLandmarksProcessor.ts,6,432,86,518,2,3,2025-03-30,2025-04-30,176,86.33333333333333,0.8333333333333334,1,0.16666666666666666,0.48455598455598453
src/backend/core/api/serializers.py,35,410,107,517,2,31,2024-01-09,2025-09-03,50,14.771428571428572,0.9714285714285714,4,0.11428571428571428,0.23210831721470018
.github/workflows/docker-hub.yml,15,360,154,514,3,11,2024-01-09,2025-08-22,62,34.266666666666666,0.5333333333333333,3,0.2,0.35992217898832685
src/frontend/src/App.tsx,31,203,289,492,3,22,2024-07-01,2025-04-28,178,15.870967741935484,0.5483870967741935,2,0.06451612903225806,0.30284552845528456
src/helm/helmfile.yaml,15,245,245,490,3,12,2024-01-09,2025-09-08,45,32.666666666666664,0.5333333333333333,2,0.13333333333333333,0.20612244897959184
src/frontend/src/features/rooms/livekit/components/ParticipantTile.tsx,11,347,143,490,1,8,2024-08-22,2025-08-01,83,44.54545454545455,1.0,0,0.0,0.29591836734693877
docs/openapi.yaml,2,478,3,481,1,2,2025-10-03,2025-10-22,1,240.5,1.0,1,0.5,0.9875259875259875
src/backend/.pylintrc,2,474,2,476,2,2,2024-01-09,2024-11-04,353,238.0,0.5,1,0.5,0.9915966386554622
src/backend/core/tests/recording/worker/test_services.py,5,372,95,467,1,3,2024-11-07,2025-09-03,50,93.4,1.0,1,0.2,0.7880085653104925
src/frontend/src/primitives/Dialog.tsx,18,314,146,460,3,13,2024-07-21,2025-10-16,7,25.555555555555557,0.4444444444444444,1,0.05555555555555555,0.2826086956521739
src/backend/core/tests/test_api_users.py,7,453,6,459,2,7,2024-01-09,2025-04-22,184,65.57142857142857,0.8571428571428571,2,0.2857142857142857,0.9084967320261438
README.md,15,295,158,453,5,12,2024-01-09,2025-09-29,24,30.2,0.7333333333333333,0,0.0,0.4282560706401766
src/frontend/src/features/notifications/MainNotificationToast.tsx,29,338,104,442,2,22,2024-09-09,2025-08-28,56,15.241379310344827,0.9655172413793104,1,0.034482758620689655,0.09276018099547512
src/frontend/src/features/settings/components/tabs/AudioTab.tsx,12,281,142,423,2,10,2024-08-20,2025-08-21,63,35.25,0.9166666666666666,1,0.08333333333333333,0.21513002364066194
src/helm/env.d/dev-keycloak/values.meet.yaml.gotmpl,34,361,59,420,2,29,2024-12-06,2025-10-16,7,12.352941176470589,0.8529411764705882,3,0.08823529411764706,0.44761904761904764
src/backend/core/tests/rooms/test_api_rooms_participants_management.py,2,418,1,419,1,2,2025-08-26,2025-09-03,50,209.5,1.0,1,0.5,0.9952267303102625
src/frontend/src/features/notifications/components/WaitingParticipantNotification.tsx,4,308,83,391,1,4,2025-02-22,2025-06-06,139,97.75,1.0,0,0.0,0.6572890025575447
src/backend/core/authentication/backends.py,15,244,146,390,3,10,2024-01-09,2025-05-13,163,26.0,0.8666666666666667,0,0.0,0.33589743589743587
src/helm/impress/values.yaml,2,387,2,389,2,2,2024-01-09,2024-07-01,479,194.5,0.5,0,0.0,0.9897172236503856
src/frontend/src/features/rooms/components/Rating.tsx,10,359,23,382,2,8,2024-11-17,2025-04-28,178,38.2,0.8,2,0.2,0.36649214659685864
src/backend/core/tests/test_models_rooms.py,7,364,15,379,1,7,2024-06-24,2025-06-23,122,54.142857142857146,1.0,1,0.14285714285714285,0.45382585751978893
src/backend/core/authentication/views.py,6,189,189,378,3,6,2024-01-09,2025-04-10,196,63.0,0.6666666666666666,1,0.16666666666666666,0.47883597883597884
src/frontend/src/layout/Footer.tsx,11,342,35,377,2,9,2024-12-02,2025-08-22,62,34.27272727272727,0.9090909090909091,1,0.09090909090909091,0.7320954907161804
src/backend/core/services/lobby_service.py,3,371,2,373,1,3,2025-02-18,2025-03-06,231,124.33333333333333,1.0,0,0.0,0.9115281501340483
src/backend/core/utils.py,21,333,39,372,1,16,2024-06-25,2025-10-02,21,17.714285714285715,1.0,2,0.09523809523809523,0.12634408602150538
src/frontend/src/features/rooms/livekit/prefabs/Chat.tsx,7,262,110,372,1,5,2024-10-09,2025-06-20,125,53.142857142857146,1.0,0,0.0,0.40591397849462363
src/frontend/src/features/rooms/livekit/components/Transcript.tsx,11,284,87,371,1,5,2024-12-03,2025-04-10,196,33.72727272727273,1.0,0,0.0,0.42587601078167114
src/frontend/src/features/home/components/IntroSlider.tsx,18,310,60,370,2,12,2024-11-16,2025-06-26,119,20.555555555555557,0.8888888888888888,0,0.0,0.4783783783783784
src/frontend/src/features/rooms/livekit/components/controls/Device/AudioDevicesControl.tsx,14,251,111,362,1,4,2025-08-21,2025-09-15,38,25.857142857142858,1.0,0,0.0,0.3425414364640884
src/frontend/src/locales/de/termsOfService.json,3,228,134,362,1,3,2025-03-10,2025-05-13,163,120.66666666666667,1.0,0,0.0,0.4530386740331492
src/helm/env.d/dev/values.meet.yaml.gotmpl,40,268,89,357,2,33,2024-07-02,2025-09-17,36,8.925,0.9,1,0.025,0.16526610644257703
src/frontend/src/styles/livekit.css,3,254,101,355,1,3,2024-07-02,2024-07-29,451,118.33333333333333,1.0,0,0.0,0.5859154929577465
src/frontend/src/features/rooms/livekit/components/controls/Options/OptionsMenuItems.tsx,23,191,157,348,2,16,2024-08-13,2025-09-08,45,15.130434782608695,0.8260869565217391,2,0.08695652173913043,0.21264367816091953
src/frontend/src/features/recording/components/TranscriptSidePanel.tsx,15,243,104,347,1,9,2025-04-10,2025-09-08,45,23.133333333333333,1.0,0,0.0,0.3112391930835735
src/frontend/src/features/rooms/livekit/components/Admin.tsx,7,278,67,345,1,6,2025-02-24,2025-08-27,57,49.285714285714285,1.0,0,0.0,0.6
src/frontend/src/features/rooms/livekit/components/controls/Device/VideoDeviceControl.tsx,15,257,87,344,1,3,2025-08-21,2025-08-28,56,22.933333333333334,1.0,0,0.0,0.438953488372093
.github/workflows/impress-frontend.yml,2,171,171,342,2,2,2024-01-09,2024-07-01,479,171.0,0.5,0,0.0,0.5
src/backend/core/tests/services/test_livekit_events.py,4,323,14,337,1,4,2025-03-07,2025-10-09,14,84.25,1.0,0,0.0,0.3827893175074184
src/backend/core/tests/test_external_api_rooms.py,1,334,0,334,1,1,2025-10-02,2025-10-02,21,334.0,1.0,0,0.0,1.0
src/backend/core/tests/test_models_applications.py,1,331,0,331,1,1,2025-10-02,2025-10-02,21,331.0,1.0,0,0.0,1.0
src/frontend/src/primitives/Field.tsx,10,315,15,330,3,8,2024-07-23,2025-10-16,7,33.0,0.6,0,0.0,0.5666666666666667
src/frontend/src/features/rooms/livekit/components/controls/ReactionsToggle.tsx,10,251,78,329,2,9,2025-02-18,2025-05-15,161,32.9,0.9,1,0.1,0.44072948328267475
.github/workflows/meet.yml,22,173,148,321,4,16,2024-07-01,2025-09-05,48,14.590909090909092,0.8636363636363636,2,0.09090909090909091,0.19937694704049844
src/backend/core/tests/recording/event/test_parsers.py,3,315,2,317,1,3,2024-11-08,2025-09-03,50,105.66666666666667,1.0,1,0.3333333333333333,0.9779179810725552
src/backend/core/admin.py,13,304,8,312,2,9,2024-01-09,2025-10-23,0,24.0,0.9230769230769231,1,0.07692307692307693,0.20512820512820512
src/backend/core/tests/services/test_lobby.py,10,146,166,312,1,8,2025-03-07,2025-09-03,50,31.2,1.0,1,0.1,0.3974358974358974
src/backend/core/tests/test_models_recording_accesses.py,1,312,0,312,1,1,2024-11-05,2024-11-05,352,312.0,1.0,0,0.0,1.0
src/frontend/src/features/rooms/livekit/components/Effects.tsx,8,246,60,306,2,6,2024-09-18,2025-01-07,289,38.25,0.625,0,0.0,0.33986928104575165
src/backend/core/tests/services/test_telephony_service.py,1,305,0,305,1,1,2025-07-01,2025-07-01,114,305.0,1.0,0,0.0,1.0
src/backend/core/tests/recording/test_api_recordings_media_auth.py,2,294,10,304,1,2,2025-04-14,2025-04-23,183,152.0,1.0,0,0.0,0.9342105263157895
src/backend/core/tests/rooms/test_api_rooms_invite.py,3,298,4,302,1,3,2025-04-15,2025-09-03,50,100.66666666666667,1.0,2,0.6666666666666666,0.9768211920529801
src/helm/env.d/dev-dinum/values.meet.yaml.gotmpl,7,278,21,299,2,6,2025-06-26,2025-09-17,36,42.714285714285715,0.7142857142857143,0,0.0,0.7324414715719063
src/frontend/src/features/rooms/livekit/components/blur/BackgroundBlurCustomProcessor.ts,4,297,1,298,1,3,2025-01-07,2025-01-20,276,74.5,1.0,0,0.0,0.9328859060402684
src/backend/core/migrations/0001_initial.py,3,201,96,297,2,3,2024-01-09,2024-07-16,464,99.0,0.6666666666666666,0,0.0,0.5589225589225589
src/backend/core/tests/test_models_recording.py,5,292,2,294,1,4,2024-11-05,2025-04-18,188,58.8,1.0,0,0.0,0.7210884353741497
bin/start-kind.sh,6,148,145,293,3,6,2024-01-09,2025-01-13,283,48.833333333333336,0.5,0,0.0,0.4778156996587031
src/frontend/src/features/rooms/livekit/prefabs/ControlBar/DesktopControlBar.tsx,10,186,105,291,3,10,2024-12-13,2025-08-22,62,29.1,0.7,0,0.0,0.4054982817869416
src/frontend/src/features/rooms/livekit/components/controls/Options/OptionsMenu.tsx,4,145,145,290,1,3,2024-08-06,2024-08-13,436,72.5,1.0,0,0.0,0.4068965517241379
src/frontend/src/features/rooms/livekit/components/SidePanel.tsx,19,232,53,285,2,14,2024-09-18,2025-04-28,178,15.0,0.8421052631578947,0,0.0,0.3017543859649123
src/frontend/src/primitives/menuRecipe.ts,4,216,68,284,2,2,2024-11-28,2025-01-21,275,71.0,0.75,1,0.25,0.45774647887323944
src/backend/core/tests/recording/event/test_notification.py,4,251,27,278,1,4,2025-04-14,2025-09-03,50,69.5,1.0,2,0.5,0.6007194244604317
src/backend/core/tests/test_external_api_token.py,1,275,0,275,1,1,2025-10-02,2025-10-02,21,275.0,1.0,0,0.0,1.0
src/helm/impress/templates/webrtc_deployment.yaml,2,136,136,272,2,2,2024-01-09,2024-07-02,478,136.0,0.5,0,0.0,0.5
.github/workflows/impress.yml,1,272,0,272,1,1,2024-01-09,2024-01-09,653,272.0,1.0,0,0.0,1.0
src/frontend/src/features/rooms/livekit/prefabs/ControlBar/MobileControlBar.tsx,12,222,49,271,2,9,2024-12-13,2025-09-10,43,22.583333333333332,0.75,2,0.16666666666666666,0.6715867158671587
src/backend/core/tests/test_analytics.py,2,132,132,264,1,2,2024-08-03,2024-11-04,353,132.0,1.0,0,0.0,0.5
src/summary/summary/core/analytics.py,11,240,19,259,1,6,2025-07-08,2025-10-22,1,23.545454545454547,1.0,5,0.45454545454545453,0.7606177606177607
src/frontend/src/features/legalsTerms/LegalTermsRoute.tsx,2,166,92,258,1,2,2025-03-10,2025-03-15,222,129.0,1.0,0,0.0,0.5426356589147286
src/frontend/src/features/settings/components/SettingsDialogExtended.tsx,16,186,68,254,2,8,2024-08-14,2025-08-22,62,15.875,0.875,1,0.0625,0.2874015748031496
src/frontend/src/features/rooms/livekit/components/Tools.tsx,11,222,27,249,1,5,2025-04-04,2025-06-02,143,22.636363636363637,1.0,0,0.0,0.3815261044176707
src/backend/core/recording/event/notification.py,9,211,38,249,2,8,2024-12-02,2025-10-23,0,27.666666666666668,0.8888888888888888,2,0.2222222222222222,0.37349397590361444
src/frontend/src/features/rooms/livekit/components/ParticipantTileFocus.tsx,6,238,11,249,1,5,2025-01-31,2025-08-27,57,41.5,1.0,0,0.0,0.3895582329317269
src/frontend/src/primitives/Select.tsx,13,200,47,247,3,9,2024-07-24,2025-08-21,63,19.0,0.5384615384615384,2,0.15384615384615385,0.3967611336032389
src/backend/core/tests/recording/test_api_recordings_retrieve.py,3,245,2,247,1,3,2025-04-11,2025-04-23,183,82.33333333333333,1.0,0,0.0,0.6194331983805668
src/helm/env.d/preprod/values.meet.yaml.gotmpl,17,47,194,241,3,12,2024-07-03,2024-09-23,395,14.176470588235293,0.8235294117647058,1,0.058823529411764705,0.5643153526970954
src/tsclient/yarn.lock,2,120,120,240,2,2,2024-01-09,2024-07-25,455,120.0,0.5,0,0.0,0.5
Dockerfile,8,190,49,239,3,7,2024-01-09,2025-06-30,115,29.875,0.625,1,0.125,0.6276150627615062
src/backend/core/migrations/0003_resource_remove_documentaccess_document_and_more.py,3,119,119,238,1,3,2024-06-24,2024-07-16,464,79.33333333333333,1.0,0,0.0,0.4831932773109244
src/frontend/src/features/subtitle/component/Subtitles.tsx,1,238,0,238,1,1,2025-08-14,2025-08-14,70,238.0,1.0,0,0.0,1.0
src/frontend/src/primitives/Tabs.tsx,10,207,27,234,2,4,2024-08-13,2024-11-28,329,23.4,0.7,0,0.0,0.4358974358974359
bin/_config.sh,4,159,66,225,2,4,2024-01-09,2024-11-04,353,56.25,0.75,0,0.0,0.6977777777777778
src/backend/core/tests/rooms/test_api_rooms_subtitle.py,2,223,2,225,1,2,2025-08-19,2025-09-08,45,112.5,1.0,0,0.0,0.9822222222222222
docs/release.md,5,112,112,224,2,5,2024-07-17,2025-09-29,24,44.8,0.8,0,0.0,0.36607142857142855
src/frontend/src/features/rooms/livekit/components/ScreenRecording.tsx,5,194,30,224,1,2,2025-04-07,2025-04-10,196,44.8,1.0,0,0.0,0.7276785714285714
src/frontend/src/features/recording/components/ScreenRecordingSidePanel.tsx,13,158,65,223,1,8,2025-04-10,2025-09-08,45,17.153846153846153,1.0,0,0.0,0.47533632286995514
src/frontend/src/features/rooms/components/join/ToggleDevice.tsx,9,108,108,216,1,3,2025-08-11,2025-08-21,63,24.0,1.0,2,0.2222222222222222,0.27314814814814814
src/backend/core/tests/recording/test_api_recordings_list.py,6,208,2,210,1,5,2024-11-06,2025-04-23,183,35.0,1.0,0,0.0,0.8571428571428571
src/backend/core/tests/rooms/test_api_rooms_start_recording.py,3,205,4,209,1,3,2024-11-08,2025-09-08,45,69.66666666666667,1.0,1,0.3333333333333333,0.9569377990430622
src/backend/core/tests/recording/test_api_recordings_storage_hook.py,3,206,2,208,1,3,2024-11-08,2025-09-08,45,69.33333333333333,1.0,1,0.3333333333333333,0.9759615384615384
src/frontend/src/features/sdk/routes/CreateButton.tsx,2,103,103,206,2,2,2025-02-10,2025-03-28,209,103.0,0.5,0,0.0,0.5
src/backend/core/recording/worker/services.py,6,176,28,204,1,5,2024-11-07,2025-04-25,181,34.0,1.0,1,0.16666666666666666,0.6862745098039216
src/frontend/src/features/rooms/routes/Room.tsx,16,139,64,203,3,15,2024-07-11,2025-08-08,76,12.6875,0.5625,2,0.125,0.18719211822660098
src/frontend/src/features/rooms/components/join/SelectDevice.tsx,6,173,30,203,1,1,2025-08-11,2025-08-11,73,33.833333333333336,1.0,1,0.16666666666666666,0.4433497536945813
src/frontend/src/features/rooms/livekit/prefabs/ControlBar/ControlBar.tsx,6,114,89,203,2,5,2024-12-13,2025-08-22,62,33.833333333333336,0.6666666666666666,1,0.16666666666666666,0.5073891625615764
src/frontend/visio/src/App.tsx,3,167,34,201,1,2,2024-06-24,2024-06-25,485,67.0,1.0,0,0.0,0.42786069651741293
src/backend/core/tests/rooms/test_api_rooms_webhook.py,6,195,5,200,1,6,2025-03-06,2025-09-03,50,33.333333333333336,1.0,1,0.16666666666666666,0.955
src/backend/core/external_api/viewsets.py,2,197,3,200,1,1,2025-10-02,2025-10-02,21,100.0,1.0,0,0.0,0.655
src/frontend/src/features/sdk/routes/CreateMeetingButton.tsx,7,190,6,196,1,6,2025-03-28,2025-06-26,119,28.0,1.0,1,0.14285714285714285,0.8367346938775511
docker-compose.yml,8,184,10,194,3,6,2024-01-09,2024-11-03,354,24.25,0.75,0,0.0,0.7731958762886598
src/backend/core/api/permissions.py,11,150,42,192,2,10,2024-01-09,2025-09-08,45,17.454545454545453,0.9090909090909091,2,0.18181818181818182,0.25
src/frontend/src/features/rooms/livekit/hooks/usePublishSourcesManager.ts,4,178,14,192,1,2,2025-08-27,2025-08-28,56,48.0,1.0,0,0.0,0.6979166666666666
src/summary/pyproject.toml,45,129,62,191,2,41,2024-11-21,2025-10-22,1,4.2444444444444445,0.8,1,0.022222222222222223,0.3089005235602094
src/frontend/src/locales/de/settings.json,18,148,43,191,3,16,2024-07-24,2025-10-22,1,10.61111111111111,0.8333333333333334,1,0.05555555555555555,0.28272251308900526
bin/Tiltfile,13,161,30,191,3,13,2024-01-09,2025-08-22,62,14.692307692307692,0.6153846153846154,2,0.15384615384615385,0.35602094240837695
src/frontend/src/primitives/Spinner.tsx,6,124,67,191,1,5,2025-02-21,2025-06-30,115,31.833333333333332,1.0,0,0.0,0.387434554973822
src/backend/core/tests/rooms/test_api_rooms_stop_recording.py,3,187,4,191,1,3,2024-11-08,2025-09-08,45,63.666666666666664,1.0,1,0.3333333333333333,0.9528795811518325
src/frontend/src/features/rooms/livekit/hooks/usePersistentUserChoices.ts,7,117,72,189,2,7,2025-01-20,2025-08-13,71,27.0,0.8571428571428571,1,0.14285714285714285,0.48677248677248675
src/agents/multi-user-transcriber.py,1,189,0,189,1,1,2025-06-20,2025-06-20,125,189.0,1.0,0,0.0,1.0
src/backend/core/tests/services/test_marketing_service.py,1,187,0,187,1,1,2024-12-18,2024-12-18,309,187.0,1.0,0,0.0,1.0
src/helm/impress/README.md,2,157,29,186,2,2,2024-01-09,2024-07-01,479,93.0,0.5,0,0.0,0.6881720430107527
src/frontend/src/locales/de/global.json,23,122,63,185,2,19,2024-07-18,2025-08-07,77,8.043478260869565,0.6086956521739131,0,0.0,0.3567567567567568
src/frontend/src/features/rooms/livekit/components/controls/Options/TranscriptMenuItem.tsx,6,107,78,185,1,3,2024-11-28,2025-09-08,45,30.833333333333332,1.0,0,0.0,0.3837837837837838
src/frontend/src/features/rooms/livekit/components/controls/ToggleDevice.tsx,9,142,42,184,2,8,2024-09-27,2025-08-21,63,20.444444444444443,0.5555555555555556,0,0.0,0.2554347826086957
src/helm/impress/templates/_helpers.tpl,1,184,0,184,1,1,2024-01-09,2024-01-09,653,184.0,1.0,0,0.0,1.0
src/frontend/src/primitives/Checkbox.tsx,3,175,4,179,2,3,2024-07-23,2024-09-15,403,59.666666666666664,0.6666666666666666,1,0.3333333333333333,0.9273743016759777
src/backend/core/tests/recording/worker/test_factories.py,3,172,4,176,1,3,2024-11-07,2025-09-03,50,58.666666666666664,1.0,1,0.3333333333333333,0.9715909090909091
src/frontend/src/locales/de/home.json,13,118,57,175,2,9,2024-07-20,2025-08-07,77,13.461538461538462,0.7692307692307693,1,0.07692307692307693,0.4342857142857143
src/frontend/src/features/rooms/livekit/components/Info.tsx,5,134,40,174,1,4,2025-04-17,2025-08-07,77,34.8,1.0,1,0.2,0.43103448275862066
src/frontend/src/features/rooms/livekit/components/ReactionPortal.tsx,4,162,12,174,2,3,2025-02-18,2025-05-05,171,43.5,0.75,0,0.0,0.8218390804597702
src/frontend/src/features/rooms/livekit/components/blur/index.ts,12,119,54,173,3,7,2025-01-07,2025-09-02,51,14.416666666666666,0.3333333333333333,1,0.08333333333333333,0.23699421965317918
src/frontend/src/features/recording/routes/RecordingDownload.tsx,7,166,7,173,1,5,2025-04-17,2025-07-11,104,24.714285714285715,1.0,2,0.2857142857142857,0.4682080924855491
src/frontend/src/primitives/Switch.tsx,5,148,24,172,1,5,2024-12-05,2025-09-08,45,34.4,1.0,0,0.0,0.4011627906976744
src/backend/core/tests/test_utils.py,3,170,2,172,1,2,2025-04-24,2025-07-14,101,57.333333333333336,1.0,0,0.0,0.627906976744186
src/frontend/src/features/sdk/SdkReverseClient.tsx,3,86,86,172,3,3,2025-02-10,2025-03-28,209,57.333333333333336,0.3333333333333333,0,0.0,0.4883720930232558
src/frontend/src/features/rooms/livekit/components/controls/HandToggle.tsx,9,125,44,169,2,8,2024-09-02,2025-02-14,251,18.77777777777778,0.7777777777777778,0,0.0,0.27218934911242604
src/frontend/src/features/rooms/livekit/components/FullScreenShareWarning.tsx,4,156,10,166,1,4,2025-02-13,2025-10-22,1,41.5,1.0,1,0.25,0.7289156626506024
src/frontend/src/styles/fonts.css,4,83,83,166,2,4,2024-07-11,2025-06-03,142,41.5,0.75,1,0.25,0.25903614457831325
src/frontend/src/routes/Conference.tsx,3,83,83,166,2,3,2024-07-02,2024-07-11,469,55.333333333333336,0.6666666666666666,0,0.0,0.4879518072289157
src/backend/core/tests/recording/worker/test_mediator.py,3,163,2,165,1,3,2024-11-07,2025-09-03,50,55.0,1.0,1,0.3333333333333333,0.9757575757575757
src/backend/core/factories.py,10,159,4,163,2,10,2024-01-09,2025-10-02,21,16.3,0.9,2,0.2,0.27607361963190186
src/frontend/src/features/rooms/livekit/components/controls/Device/ToggleDevice.tsx,11,107,55,162,1,4,2025-08-21,2025-09-17,36,14.727272727272727,1.0,2,0.18181818181818182,0.30246913580246915
docs/egress.md,2,81,81,162,1,2,2024-07-05,2025-09-29,24,81.0,1.0,0,0.0,0.5
src/frontend/src/locales/de/legals.json,3,99,62,161,1,3,2025-03-10,2025-05-13,163,53.666666666666664,1.0,0,0.0,0.42857142857142855
src/frontend/src/features/rooms/hooks/useWatchPermissions.ts,2,160,0,160,1,2,2025-08-08,2025-08-10,74,80.0,1.0,1,0.5,0.5875
src/helm/meet/templates/celery_deployment.yaml,5,156,3,159,2,5,2024-11-25,2025-08-23,61,31.8,0.6,1,0.2,0.8616352201257862
src/helm/meet/templates/summary_deployment.yaml,5,156,3,159,2,5,2024-11-25,2025-08-23,61,31.8,0.6,1,0.2,0.8616352201257862
src/frontend/src/features/rooms/components/Permissions.tsx,6,145,13,158,1,4,2025-08-08,2025-09-17,36,26.333333333333332,1.0,2,0.3333333333333333,0.5949367088607594
src/frontend/src/primitives/PopoverList.tsx,6,79,79,158,2,6,2024-07-21,2024-08-06,443,26.333333333333332,0.6666666666666666,0,0.0,0.45569620253164556
src/backend/demo/management/commands/create_demo.py,2,155,1,156,2,2,2024-01-09,2024-07-01,479,78.0,0.5,0,0.0,0.9871794871794872
src/frontend/src/components/Avatar.tsx,11,117,38,155,1,8,2024-08-14,2025-08-14,70,14.090909090909092,1.0,1,0.09090909090909091,0.4064516129032258
src/frontend/src/primitives/Text.tsx,11,150,3,153,4,11,2024-07-11,2025-07-18,97,13.909090909090908,0.6363636363636364,2,0.18181818181818182,0.5098039215686274
src/helm/meet/templates/celery_transcribe_deployment.yaml,1,153,0,153,1,1,2025-09-17,2025-09-17,36,153.0,1.0,0,0.0,1.0
src/frontend/src/primitives/Popover.tsx,8,130,22,152,2,5,2024-07-21,2025-08-22,62,19.0,0.625,0,0.0,0.4473684210526316
src/frontend/src/layout/Screen.tsx,7,113,39,152,2,6,2024-07-02,2025-03-10,227,21.714285714285715,0.7142857142857143,0,0.0,0.375
src/frontend/src/primitives/menuItemRecipe.ts,7,33,118,151,3,6,2024-08-06,2024-11-28,329,21.571428571428573,0.42857142857142855,1,0.14285714285714285,0.3576158940397351
src/frontend/src/routes/Home.tsx,4,94,57,151,2,4,2024-07-02,2024-07-18,462,37.75,0.75,0,0.0,0.5165562913907285
src/backend/core/recording/event/parsers.py,3,149,2,151,1,2,2024-11-08,2025-06-30,115,50.333333333333336,1.0,0,0.0,0.9735099337748344
src/helm/env.d/preprod/values.impress.yaml.gotmpl,2,149,2,151,2,2,2024-01-09,2024-07-01,479,75.5,0.5,0,0.0,0.9735099337748344
src/helm/env.d/production/values.impress.yaml.gotmpl,2,149,2,151,2,2,2024-01-09,2024-07-01,479,75.5,0.5,0,0.0,0.9735099337748344
src/helm/env.d/staging/values.impress.yaml.gotmpl,2,149,2,151,2,2,2024-01-09,2024-07-01,479,75.5,0.5,0,0.0,0.9735099337748344
src/frontend/src/features/rooms/livekit/hooks/useConnectionObserver.ts,6,142,6,148,1,4,2025-06-11,2025-10-16,7,24.666666666666668,1.0,0,0.0,0.33783783783783783
docs/developping_locally.md,2,146,1,147,2,2,2025-03-03,2025-09-09,44,73.5,0.5,1,0.5,0.9863945578231292
src/backend/core/tests/recording/event/test_authentication.py,2,146,1,147,1,2,2024-11-08,2025-09-03,50,73.5,1.0,1,0.5,0.9863945578231292
src/frontend/src/features/rooms/livekit/components/blur/BackgroundBlurTrackProcessorJsWrapper.ts,6,73,73,146,3,5,2025-01-07,2025-09-02,51,24.333333333333332,0.6666666666666666,0,0.0,0.4657534246575342
src/backend/core/tests/rooms/test_api_rooms_update.py,4,137,9,146,1,4,2024-06-24,2025-02-15,250,36.5,1.0,1,0.25,0.8424657534246576
src/helm/meet/templates/ingress_posthog.yaml,3,116,29,145,2,3,2024-09-23,2025-07-31,84,48.333333333333336,0.6666666666666666,0,0.0,0.7931034482758621
src/frontend/src/features/rooms/livekit/components/chat/Input.tsx,9,132,12,144,2,9,2024-10-09,2025-09-04,49,16.0,0.7777777777777778,1,0.1111111111111111,0.8333333333333334
src/helm/impress/templates/ingress_ws.yaml,2,72,72,144,2,2,2024-01-09,2024-07-02,478,72.0,0.5,0,0.0,0.5
src/frontend/src/features/settings/components/SettingsDialog.tsx,11,97,46,143,3,9,2024-07-24,2025-07-18,97,13.0,0.5454545454545454,1,0.09090909090909091,0.32167832167832167
docs/features/recording.md,1,143,0,143,1,1,2025-09-29,2025-09-29,24,143.0,1.0,0,0.0,1.0
src/frontend/src/locales/en/settings.json,18,123,18,141,3,16,2024-07-24,2025-10-22,1,7.833333333333333,0.8333333333333334,2,0.1111111111111111,0.11347517730496454
src/frontend/src/locales/fr/settings.json,18,123,18,141,3,16,2024-07-24,2025-10-22,1,7.833333333333333,0.8333333333333334,2,0.1111111111111111,0.11347517730496454
src/summary/summary/core/prompt.py,4,80,61,141,2,3,2024-11-29,2025-09-25,28,35.25,0.75,0,0.0,0.4326241134751773
src/helm/meet/templates/agents_deployment.yaml,2,139,2,141,1,2,2025-06-20,2025-08-23,61,70.5,1.0,1,0.5,0.9716312056737588
src/frontend/src/features/rooms/livekit/components/controls/Participants/ParticipantsToggle.tsx,11,108,32,140,3,8,2024-08-05,2024-12-12,315,12.727272727272727,0.6363636363636364,1,0.09090909090909091,0.4714285714285714
src/backend/core/tests/rooms/test_api_rooms_list.py,5,130,8,138,1,5,2024-06-24,2025-03-04,233,27.6,1.0,1,0.2,0.8405797101449275
src/summary/summary/main.py,4,79,58,137,1,4,2024-11-21,2024-12-01,326,34.25,1.0,0,0.0,0.3795620437956204
src/frontend/src/primitives/A.tsx,11,113,23,136,2,10,2024-07-02,2025-06-03,142,12.363636363636363,0.6363636363636364,0,0.0,0.33088235294117646
src/helm/extra/templates/minio.yaml,3,136,0,136,2,2,2025-08-01,2025-09-18,35,45.333333333333336,0.6666666666666666,1,0.3333333333333333,0.7867647058823529
src/helm/impress/templates/backend_deployment.yaml,1,136,0,136,1,1,2024-01-09,2024-01-09,653,136.0,1.0,0,0.0,1.0
src/helm/impress/templates/frontend_deployment.yaml,1,136,0,136,1,1,2024-01-09,2024-01-09,653,136.0,1.0,0,0.0,1.0
src/frontend/src/locales/en/legals.json,2,86,49,135,1,2,2025-03-10,2025-03-15,222,67.5,1.0,0,0.0,0.5111111111111111
src/frontend/src/locales/nl/legals.json,2,86,49,135,1,2,2025-03-10,2025-03-15,222,67.5,1.0,0,0.0,0.5111111111111111
src/summary/summary/celery_worker.py,2,131,4,135,1,2,2024-11-22,2024-11-25,332,67.5,1.0,0,0.0,0.9333333333333333
src/frontend/src/features/rooms/livekit/components/controls/Participants/ParticipantsCollapsableList.tsx,5,122,12,134,1,5,2024-09-02,2025-08-29,55,26.8,1.0,1,0.2,0.7910447761194029
src/frontend/src/features/rooms/livekit/components/controls/SettingsDialogContext.tsx,4,67,67,134,2,3,2024-12-13,2025-08-22,62,33.5,0.75,0,0.0,0.4253731343283582
src/backend/core/services/marketing_service.py,1,134,0,134,1,1,2024-12-18,2024-12-18,309,134.0,1.0,0,0.0,1.0
src/frontend/src/locales/en/global.json,28,96,37,133,2,22,2024-07-18,2025-08-07,77,4.75,0.6071428571428571,1,0.03571428571428571,0.18045112781954886
src/frontend/src/features/recording/components/RecordingStateToast.tsx,7,107,26,133,1,4,2025-04-10,2025-07-16,99,19.0,1.0,0,0.0,0.5488721804511278
compose.yml,11,129,3,132,2,8,2024-11-03,2025-09-30,23,12.0,0.9090909090909091,1,0.09090909090909091,0.2803030303030303
src/backend/core/tests/services/test_livekit_events_service.py,1,132,0,132,1,1,2025-03-06,2025-03-06,231,132.0,1.0,0,0.0,1.0
src/frontend/src/locales/fr/home.json,17,96,35,131,2,12,2024-07-20,2025-08-07,77,7.705882352941177,0.7647058823529411,1,0.058823529411764705,0.19083969465648856
src/frontend/src/locales/fr/legals.json,2,84,47,131,1,2,2025-03-10,2025-03-15,222,65.5,1.0,0,0.0,0.5267175572519084
src/frontend/src/features/rooms/livekit/components/controls/PaginationControl.tsx,4,114,16,130,1,2,2025-09-04,2025-09-05,48,32.5,1.0,0,0.0,0.4461538461538462
src/backend/core/services/participants_management.py,2,129,1,130,1,2,2025-08-26,2025-09-03,50,65.0,1.0,1,0.5,0.9846153846153847
src/frontend/src/locales/fr/global.json,26,94,35,129,2,22,2024-07-18,2025-08-07,77,4.961538461538462,0.6153846153846154,1,0.038461538461538464,0.18604651162790697
src/frontend/src/features/rooms/livekit/components/controls/Device/SelectDevice.tsx,6,54,74,128,1,2,2025-08-21,2025-08-22,62,21.333333333333332,1.0,0,0.0,0.4453125
src/backend/core/services/telephony.py,2,126,2,128,1,2,2025-07-01,2025-09-03,50,64.0,1.0,0,0.0,0.96875
src/frontend/src/features/legalsTerms/Accessibility.tsx,2,104,24,128,1,2,2025-03-10,2025-03-15,222,64.0,1.0,0,0.0,0.625
src/frontend/src/features/rooms/livekit/components/controls/ChatToggle.tsx,13,94,33,127,3,10,2024-08-05,2025-06-06,139,9.76923076923077,0.6923076923076923,1,0.07692307692307693,0.3937007874015748
src/frontend/src/features/rooms/livekit/api/muteParticipant.ts,4,93,34,127,2,4,2024-08-29,2025-04-10,196,31.75,0.75,0,0.0,0.44881889763779526
src/mail/mjml/invitation.mjml,3,96,31,127,2,3,2024-01-09,2025-04-15,191,42.333333333333336,0.6666666666666666,0,0.0,0.49606299212598426
src/sdk/consumer/src/index.css,2,127,0,127,2,2,2025-02-10,2025-03-28,209,63.5,0.5,0,0.0,0.5826771653543307
src/frontend/src/features/rooms/livekit/hooks/useResizeObserver.ts,1,127,0,127,1,1,2024-08-27,2024-08-27,422,127.0,1.0,0,0.0,1.0
src/mail/package.json,53,74,52,126,4,50,2024-01-09,2025-10-22,1,2.3773584905660377,0.8113207547169812,6,0.11320754716981132,0.1746031746031746
src/frontend/src/features/rooms/livekit/components/controls/SupportToggle.tsx,6,63,63,126,2,6,2024-11-28,2025-04-03,203,21.0,0.8333333333333334,2,0.3333333333333333,0.47619047619047616
src/frontend/src/features/notifications/components/ToastRegion.tsx,12,99,26,125,1,10,2024-09-09,2025-08-28,56,10.416666666666666,1.0,0,0.0,0.4
docs/examples/meet.values.yaml,3,121,4,125,1,3,2024-12-23,2025-07-31,84,41.666666666666664,1.0,0,0.0,0.848
src/frontend/src/features/rooms/livekit/components/controls/Options/OptionsButton.tsx,10,73,51,124,2,9,2024-08-06,2025-06-30,115,12.4,0.7,0,0.0,0.3548387096774194
src/frontend/src/primitives/TextField.tsx,2,62,62,124,1,2,2024-07-21,2024-07-23,457,62.0,1.0,0,0.0,0.5
src/frontend/src/features/rooms/livekit/components/controls/CameraSwitchButton.tsx,1,123,0,123,1,1,2024-12-20,2024-12-20,307,123.0,1.0,0,0.0,1.0
src/summary/summary/api/route/tasks.py,8,90,32,122,2,7,2024-11-29,2025-09-19,34,15.25,0.875,2,0.25,0.2786885245901639
src/frontend/src/features/rooms/livekit/components/blur/BackgroundVirtualTrackProcessorJsWrapper.ts,2,61,61,122,2,2,2025-01-31,2025-09-02,51,61.0,0.5,0,0.0,0.5
src/frontend/src/features/rooms/livekit/components/controls/Participants/HandRaisedListItem.tsx,8,104,17,121,2,8,2024-09-03,2025-08-28,56,15.125,0.75,0,0.0,0.6446280991735537
src/helm/impress/templates/backend_job.yaml,1,121,0,121,1,1,2024-01-09,2024-01-09,653,121.0,1.0,0,0.0,1.0
src/helm/impress/templates/backend_job_createsuperuser.yaml,1,121,0,121,1,1,2024-01-09,2024-01-09,653,121.0,1.0,0,0.0,1.0
src/frontend/src/features/auth/api/useUser.tsx,15,96,24,120,4,13,2024-07-11,2025-04-22,184,8.0,0.6,2,0.13333333333333333,0.15
src/frontend/src/features/settings/components/tabs/AccountTab.tsx,11,101,19,120,4,11,2024-08-14,2025-07-20,95,10.909090909090908,0.5454545454545454,2,0.18181818181818182,0.675
src/frontend/src/features/rooms/livekit/components/effects/FunnyEffects.tsx,1,120,0,120,1,1,2025-04-30,2025-04-30,176,120.0,1.0,0,0.0,1.0
src/frontend/src/locales/nl/settings.json,10,112,7,119,3,9,2025-03-04,2025-10-22,1,11.9,0.8,1,0.1,0.4117647058823529
src/backend/core/services/lobby.py,9,50,69,119,1,8,2025-03-07,2025-08-26,58,13.222222222222221,1.0,1,0.1111111111111111,0.5378151260504201
.github/workflows/deploy.yml,5,59,59,118,3,5,2024-01-09,2025-07-04,111,23.6,0.6,0,0.0,0.4406779661016949
docs/theming.md,1,118,0,118,1,1,2025-09-29,2025-09-29,24,118.0,1.0,0,0.0,1.0
src/helm/impress/templates/ingress.yaml,1,118,0,118,1,1,2024-01-09,2024-01-09,653,118.0,1.0,0,0.0,1.0
src/frontend/src/locales/en/home.json,17,89,28,117,2,12,2024-07-20,2025-08-07,77,6.882352941176471,0.7647058823529411,2,0.11764705882352941,0.21367521367521367
src/frontend/src/features/rooms/routes/Feedback.tsx,10,82,35,117,3,8,2024-07-29,2025-07-17,98,11.7,0.5,2,0.2,0.37606837606837606
src/backend/core/tests/rooms/test_api_rooms_create.py,5,114,3,117,1,5,2024-06-24,2025-09-03,50,23.4,1.0,2,0.4,0.6068376068376068
src/backend/core/services/livekit_events_service.py,1,117,0,117,1,1,2025-03-06,2025-03-06,231,117.0,1.0,0,0.0,1.0
src/frontend/src/features/rooms/livekit/prefabs/ControlBar/MoreOptions.tsx,7,104,12,116,1,6,2025-01-22,2025-04-17,189,16.571428571428573,1.0,0,0.0,0.75
src/backend/core/analytics.py,2,58,58,116,1,2,2024-08-03,2024-11-04,353,58.0,1.0,0,0.0,0.5
src/frontend/src/features/rooms/livekit/components/controls/SettingsMenuToggle.tsx,2,58,58,116,1,1,2024-08-06,2024-08-06,443,58.0,1.0,0,0.0,0.5
src/helm/extra/templates/redirect.yaml,3,57,57,114,1,2,2024-09-23,2024-12-20,307,38.0,1.0,0,0.0,0.4824561403508772
src/backend/core/tests/recording/test_api_recordings_delete.py,1,114,0,114,1,1,2024-11-06,2024-11-06,351,114.0,1.0,0,0.0,1.0
src/helm/meet/templates/_helpers.tpl,5,79,34,113,1,5,2024-07-02,2025-09-17,36,22.6,1.0,0,0.0,0.5486725663716814
src/frontend/src/features/rooms/components/ActiveSpeaker.tsx,4,106,5,111,1,3,2024-08-28,2025-06-06,139,27.75,1.0,1,0.25,0.6306306306306306
src/sdk/library/package.json,11,81,29,110,3,9,2025-02-10,2025-07-07,108,10.0,0.45454545454545453,0,0.0,0.4727272727272727
src/frontend/src/routes.ts,10,98,12,110,2,8,2024-07-25,2025-07-17,98,11.0,0.8,0,0.0,0.24545454545454545
src/helm/env.d/dev/values.impress.yaml.gotmpl,2,107,2,109,2,2,2024-01-09,2024-07-01,479,54.5,0.5,0,0.0,0.963302752293578
src/backend/core/external_api/authentication.py,1,109,0,109,1,1,2025-10-02,2025-10-02,21,109.0,1.0,0,0.0,1.0
src/frontend/public/assets/camera_mic_permission.svg,1,109,0,109,1,1,2025-08-09,2025-08-09,75,109.0,1.0,0,0.0,1.0
env.d/development/common.dist,21,90,17,107,4,15,2024-01-09,2025-10-06,17,5.095238095238095,0.8095238095238095,3,0.14285714285714285,0.38317757009345793
src/backend/core/recording/event/authentication.py,5,100,7,107,1,4,2024-11-08,2025-08-19,65,21.4,1.0,1,0.2,0.8691588785046729
src/frontend/src/features/rooms/livekit/components/TranscriptStateToast.tsx,2,106,1,107,1,2,2025-04-04,2025-04-07,199,53.5,1.0,0,0.0,0.9626168224299065
src/frontend/public/assets/logo.svg,2,101,5,106,1,1,2025-06-26,2025-06-26,119,53.0,1.0,0,0.0,1.0
src/frontend/src/features/rooms/livekit/components/controls/ScreenShareToggle.tsx,9,86,18,104,2,8,2024-09-16,2025-09-16,37,11.555555555555555,0.6666666666666666,1,0.1111111111111111,0.5192307692307693
src/backend/core/tests/rooms/test_api_rooms_delete.py,3,103,1,104,1,3,2024-06-24,2024-07-30,450,34.666666666666664,1.0,1,0.3333333333333333,0.9711538461538461
src/frontend/src/features/rooms/livekit/config/ToggleDeviceConfig.ts,3,52,52,104,1,2,2025-08-11,2025-08-21,63,34.666666666666664,1.0,0,0.0,0.5
src/helm/extra/templates/external_secret_deployment.yaml,3,99,5,104,2,3,2024-12-20,2025-02-14,251,34.666666666666664,0.6666666666666666,1,0.3333333333333333,0.8846153846153846
src/backend/core/recording/worker/mediator.py,2,101,3,104,1,2,2024-11-07,2024-11-12,345,52.0,1.0,0,0.0,0.9615384615384616
src/frontend/src/features/rooms/livekit/processors/RnnNoiseProcessor.ts,2,102,2,104,1,2,2025-06-09,2025-06-30,115,52.0,1.0,0,0.0,0.9807692307692307
src/helm/extra/templates/keycloak-sts.yaml,1,104,0,104,1,1,2025-08-01,2025-08-01,83,104.0,1.0,0,0.0,1.0
src/backend/core/services/livekit_events.py,5,100,3,103,1,5,2025-03-07,2025-10-09,14,20.6,1.0,1,0.2,0.5145631067961165
src/frontend/src/locales/de/notifications.json,15,76,26,102,2,13,2024-09-09,2025-08-28,56,6.8,0.9333333333333333,0,0.0,0.3333333333333333
src/frontend/src/features/rooms/livekit/components/IsIdleDisconnectModal.tsx,1,102,0,102,1,1,2025-10-16,2025-10-16,7,102.0,1.0,0,0.0,1.0
src/frontend/src/features/sdk/utils/PopupManager.ts,3,89,12,101,1,3,2025-03-28,2025-04-04,202,33.666666666666664,1.0,1,0.3333333333333333,0.6237623762376238
src/frontend/src/primitives/Tooltip.tsx,2,97,4,101,1,2,2024-07-24,2024-07-25,455,50.5,1.0,0,0.0,0.7326732673267327
src/backend/core/tests/rooms/test_api_rooms_creation_callback.py,2,99,1,100,1,2,2025-03-28,2025-09-03,50,50.0,1.0,1,0.5,0.98
src/frontend/src/features/rooms/hooks/useWaitingParticipants.ts,2,98,2,100,1,2,2025-02-19,2025-03-03,234,50.0,1.0,0,0.0,0.96
src/frontend/src/features/rooms/livekit/components/controls/Participants/WaitingParticipantListItem.tsx,2,94,6,100,1,2,2025-02-19,2025-03-05,232,50.0,1.0,0,0.0,0.78
src/frontend/src/primitives/MenuList.tsx,7,78,21,99,3,5,2024-08-05,2025-01-21,275,14.142857142857142,0.42857142857142855,2,0.2857142857142857,0.4444444444444444
CHANGELOG.md,4,55,43,98,4,4,2024-01-09,2025-05-16,160,24.5,0.25,0,0.0,0.5306122448979592
src/helm/impress/templates/ingress_admin.yaml,1,98,0,98,1,1,2024-01-09,2024-01-09,653,98.0,1.0,0,0.0,1.0
src/frontend/src/features/rooms/livekit/hooks/useFullScreen.ts,2,94,3,97,1,2,2025-01-21,2025-02-01,264,48.5,1.0,0,0.0,0.7010309278350515
src/frontend/src/primitives/Radio.tsx,2,97,0,97,2,2,2024-07-23,2025-02-25,240,48.5,0.5,0,0.0,0.9175257731958762
src/frontend/src/utils/mergeProps.ts,1,95,0,95,1,1,2024-08-06,2024-08-06,443,95.0,1.0,0,0.0,1.0
bin/install-external-secrets.sh,3,92,2,94,1,1,2025-01-13,2025-01-13,283,31.333333333333332,1.0,0,0.0,0.9574468085106383
src/frontend/src/features/rooms/livekit/hooks/useWidgetInteraction.ts,6,65,27,92,1,5,2024-09-10,2024-10-14,374,15.333333333333334,1.0,0,0.0,0.3695652173913043
src/frontend/src/layout/Box.tsx,5,46,46,92,1,4,2024-07-11,2024-07-29,451,18.4,1.0,0,0.0,0.34782608695652173
src/frontend/src/features/rooms/livekit/components/dialogs/UsernameDialog.tsx,3,46,46,92,1,2,2024-08-07,2024-08-14,435,30.666666666666668,1.0,0,0.0,0.4782608695652174
docs/features/transcription.md,1,92,0,92,1,1,2025-09-29,2025-09-29,24,92.0,1.0,0,0.0,1.0
src/frontend/src/features/rooms/livekit/components/layout/CarouselLayout.tsx,1,92,0,92,1,1,2025-09-04,2025-09-04,49,92.0,1.0,0,0.0,1.0
src/frontend/src/features/rooms/livekit/components/blur/UnifiedBackgroundTrackProcessor.ts,1,91,0,91,1,1,2025-09-02,2025-09-02,51,91.0,1.0,0,0.0,1.0
.gitignore,4,87,3,90,2,4,2024-01-09,2025-03-06,231,22.5,0.75,0,0.0,0.9
src/frontend/src/primitives/Box.tsx,8,81,8,89,2,6,2024-07-11,2025-10-16,7,11.125,0.75,1,0.125,0.5730337078651685
src/helm/meet/templates/ingress_posthog_assets.yaml,2,88,1,89,2,2,2024-09-25,2025-07-31,84,44.5,0.5,0,0.0,0.9775280898876404
src/backend/core/migrations/0006_merge_duplicate_users.py,1,89,0,89,1,1,2024-11-11,2024-11-11,346,89.0,1.0,0,0.0,1.0
src/frontend/src/features/rooms/livekit/hooks/useSidePanel.ts,8,73,15,88,1,6,2024-10-14,2025-04-17,189,11.0,1.0,0,0.0,0.23863636363636365
src/frontend/src/features/rooms/livekit/components/blur/BackgroundCustomProcessor.ts,2,80,8,88,2,2,2025-01-31,2025-09-02,51,44.0,0.5,0,0.0,0.9772727272727273
src/frontend/src/features/notifications/components/ToastMessageReceived.tsx,5,82,5,87,1,5,2025-02-11,2025-08-28,56,17.4,1.0,1,0.2,0.8505747126436781
docs/features/telephony.md,1,87,0,87,1,1,2025-09-29,2025-09-29,24,87.0,1.0,0,0.0,1.0
src/frontend/src/layout/Layout.tsx,3,68,18,86,2,3,2024-07-29,2024-12-03,324,28.666666666666668,0.6666666666666666,1,0.3333333333333333,0.4883720930232558
src/frontend/src/features/rooms/livekit/components/RecordingStateToast.tsx,2,43,43,86,1,2,2024-12-04,2025-04-04,202,43.0,1.0,0,0.0,0.5
.gitlint,2,84,1,85,2,2,2024-01-09,2024-07-22,458,42.5,0.5,0,0.0,0.9176470588235294
src/frontend/src/features/rooms/livekit/api/lowerHandParticipant.ts,4,42,42,84,1,4,2024-09-03,2025-08-26,58,21.0,1.0,0,0.0,0.44047619047619047
src/mail/mjml/screen_recording.mjml,4,80,3,83,1,4,2025-04-14,2025-07-11,104,20.75,1.0,0,0.0,0.8072289156626506
src/helm/meet/templates/ingress_media.yaml,1,83,0,83,1,1,2025-04-14,2025-04-14,192,83.0,1.0,0,0.0,1.0
src/frontend/src/layout/LoadingScreen.tsx,6,41,41,82,1,5,2024-07-02,2024-07-29,451,13.666666666666666,1.0,1,0.16666666666666666,0.4268292682926829
src/backend/core/tests/test_models_resource_accesses.py,3,72,10,82,1,3,2024-06-24,2024-07-30,450,27.333333333333332,1.0,1,0.3333333333333333,0.7682926829268293
src/frontend/src/components/ProConnectButton.tsx,3,68,14,82,2,2,2024-09-23,2025-06-03,142,27.333333333333332,0.6666666666666666,0,0.0,0.6707317073170732
src/frontend/src/locales/de/accessibility.json,3,58,24,82,1,3,2025-03-10,2025-05-13,163,27.333333333333332,1.0,0,0.0,0.4878048780487805
src/frontend/src/features/rooms/livekit/components/ParticipantPlaceholder.tsx,7,72,9,81,1,4,2024-08-22,2024-12-02,325,11.571428571428571,1.0,0,0.0,0.345679012345679
.github/workflows/release-helm-chart.yaml,5,57,24,81,2,5,2024-12-23,2025-02-05,260,16.2,0.6,1,0.2,0.43209876543209874
src/frontend/src/features/notifications/components/ToastRaised.tsx,5,75,6,81,1,5,2024-09-10,2025-08-28,56,16.2,1.0,0,0.0,0.8148148148148148
src/frontend/src/locales/nl/home.json,5,71,10,81,2,4,2025-03-04,2025-08-07,77,16.2,0.8,1,0.2,0.691358024691358
src/frontend/Dockerfile,10,69,11,80,2,9,2024-07-01,2025-09-30,23,8.0,0.8,4,0.4,0.625
LICENSES/LICENSE.Etalab-2.0.md,1,79,0,79,1,1,2025-03-15,2025-03-15,222,79.0,1.0,0,0.0,1.0
src/frontend/src/features/rooms/livekit/hooks/useCopyRoomToClipboard.ts,1,79,0,79,1,1,2025-08-07,2025-08-07,77,79.0,1.0,0,0.0,1.0
src/backend/core/urls.py,10,68,10,78,3,8,2024-01-09,2025-10-06,17,7.8,0.8,1,0.1,0.3076923076923077
src/frontend/src/features/support/hooks/useSupport.tsx,6,63,15,78,1,6,2024-09-23,2025-07-20,95,13.0,1.0,0,0.0,0.4230769230769231
src/frontend/src/features/notifications/components/ToastJoined.tsx,3,77,1,78,1,3,2024-09-09,2025-08-28,56,26.0,1.0,0,0.0,0.9358974358974359
src/frontend/src/features/rooms/livekit/components/controls/Participants/ListItemActionButton.tsx,2,39,39,78,1,2,2024-09-02,2024-09-05,413,39.0,1.0,0,0.0,0.5
src/backend/core/recording/worker/factories.py,2,75,2,77,1,2,2024-11-07,2025-04-24,182,38.5,1.0,0,0.0,0.974025974025974
CONTRIBUTING.md,1,77,0,77,1,1,2025-03-13,2025-03-13,224,77.0,1.0,0,0.0,1.0
src/frontend/src/features/rooms/hooks/useLobby.ts,1,77,0,77,1,1,2025-02-18,2025-02-18,247,77.0,1.0,0,0.0,1.0
src/frontend/src/api/useConfig.ts,20,69,7,76,2,18,2024-09-24,2025-10-14,9,3.8,0.85,1,0.05,0.34210526315789475
bin/pylint,2,38,38,76,2,2,2024-01-09,2024-07-31,449,38.0,0.5,1,0.5,0.5
CODE_OF_CONDUCT.md,1,76,0,76,1,1,2025-03-13,2025-03-13,224,76.0,1.0,0,0.0,1.0
src/backend/core/external_api/permissions.py,1,76,0,76,1,1,2025-10-02,2025-10-02,21,76.0,1.0,0,0.0,1.0
src/frontend/src/features/sdk/routes/CreatePopup.tsx,1,76,0,76,1,1,2025-03-28,2025-03-28,209,76.0,1.0,0,0.0,1.0
src/frontend/src/features/rooms/livekit/components/chat/Entry.tsx,3,73,2,75,1,3,2024-10-14,2025-02-26,239,25.0,1.0,0,0.0,0.92
src/frontend/src/features/rooms/utils/getParticipantColor.ts,3,50,25,75,1,3,2024-08-22,2025-08-27,57,25.0,1.0,0,0.0,0.52
src/frontend/src/components/FeedbackBanner.tsx,7,62,12,74,1,7,2024-11-17,2025-06-06,139,10.571428571428571,1.0,0,0.0,0.6216216216216216
src/frontend/src/features/rooms/utils/generateRoomId.ts,5,44,30,74,2,4,2024-07-11,2024-07-23,457,14.8,0.8,0,0.0,0.5135135135135135
src/frontend/src/stores/permissions.ts,5,70,4,74,1,3,2025-08-08,2025-09-17,36,14.8,1.0,1,0.2,0.3918918918918919
src/backend/core/tests/recording/service/test_recording_events.py,2,73,1,74,1,2,2025-07-15,2025-09-03,50,37.0,1.0,1,0.5,0.972972972972973
src/frontend/src/features/rooms/livekit/components/controls/TranscriptToggle.tsx,7,60,13,73,2,4,2024-12-03,2025-02-28,237,10.428571428571429,0.8571428571428571,0,0.0,0.4383561643835616
src/backend/core/external_api/serializers.py,2,73,0,73,1,1,2025-10-02,2025-10-02,21,36.5,1.0,0,0.0,0.7534246575342466
src/frontend/src/locales/en/notifications.json,15,61,11,72,2,13,2024-09-09,2025-08-28,56,4.8,0.9333333333333333,0,0.0,0.1388888888888889
src/frontend/src/features/notifications/utils.ts,4,69,3,72,1,4,2025-02-14,2025-05-26,150,18.0,1.0,0,0.0,0.3888888888888889
src/sdk/library/src/create/VisioCreateButton.tsx,3,61,11,72,2,3,2025-02-10,2025-04-03,203,24.0,0.6666666666666666,1,0.3333333333333333,0.5694444444444444
src/frontend/src/features/rooms/livekit/components/blur/TimerWorker.ts,1,71,0,71,1,1,2025-01-07,2025-01-07,289,71.0,1.0,0,0.0,1.0
src/frontend/src/features/rooms/livekit/components/layout/GridLayout.tsx,1,71,0,71,1,1,2025-09-04,2025-09-04,49,71.0,1.0,0,0.0,1.0
src/frontend/src/features/settings/components/tabs/layout/RowWrapper.tsx,1,71,0,71,1,1,2025-08-14,2025-08-14,70,71.0,1.0,0,0.0,1.0
src/frontend/src/locales/nl/global.json,7,64,6,70,3,7,2025-03-04,2025-08-07,77,10.0,0.7142857142857143,0,0.0,0.7285714285714285
src/frontend/src/primitives/Form.tsx,4,67,3,70,3,4,2024-07-23,2025-01-28,268,17.5,0.5,0,0.0,0.8714285714285714
src/frontend/src/locales/en/accessibility.json,2,52,18,70,1,2,2025-03-10,2025-03-15,222,35.0,1.0,0,0.0,0.5714285714285714
src/frontend/src/locales/nl/accessibility.json,2,52,18,70,1,2,2025-03-10,2025-03-15,222,35.0,1.0,0,0.0,0.5714285714285714
docker/dinum-frontend/dinum-styles.css,1,70,0,70,1,1,2025-06-26,2025-06-26,119,70.0,1.0,0,0.0,1.0
src/helm/extra/templates/postgresql-sts.yaml,1,70,0,70,1,1,2025-08-01,2025-08-01,83,70.0,1.0,0,0.0,1.0
src/helm/helmfile.yaml.gotmpl,1,69,0,69,1,1,2025-09-08,2025-09-08,45,69.0,1.0,1,1.0,1.0
src/frontend/src/locales/fr/notifications.json,14,59,9,68,2,12,2024-09-09,2025-08-28,56,4.857142857142857,0.9285714285714286,0,0.0,0.14705882352941177
docker/dinum-frontend/Dockerfile,5,65,3,68,1,4,2025-06-26,2025-10-22,1,13.6,1.0,2,0.4,0.8235294117647058
src/frontend/src/index.css,2,0,68,68,2,2,2024-07-01,2024-07-02,478,34.0,0.5,0,0.0,1.0
src/frontend/visio/src/index.css,1,68,0,68,1,1,2024-06-24,2024-06-24,486,68.0,1.0,0,0.0,1.0
src/frontend/src/features/notifications/components/ToastRecordingSaving.tsx,2,66,1,67,1,2,2025-05-26,2025-08-28,56,33.5,1.0,0,0.0,0.9253731343283582
src/backend/core/migrations/0005_recording_recordingaccess_and_more.py,1,67,0,67,1,1,2024-11-05,2024-11-05,352,67.0,1.0,0,0.0,1.0
src/backend/core/api/__init__.py,12,64,2,66,2,12,2024-01-09,2025-08-28,56,5.5,0.9166666666666666,2,0.16666666666666666,0.5909090909090909
src/frontend/src/features/notifications/components/Toast.tsx,5,62,4,66,1,5,2024-09-09,2025-08-28,56,13.2,1.0,0,0.0,0.8787878787878788
src/frontend/src/layout/BoxScreen.tsx,3,33,33,66,1,3,2024-07-02,2024-07-29,451,22.0,1.0,0,0.0,0.45454545454545453
src/frontend/src/features/rooms/livekit/constants/events.ts,2,33,33,66,1,2,2024-08-12,2024-09-19,399,33.0,1.0,0,0.0,0.5
src/frontend/src/features/rooms/livekit/components/RecordingStateBadge.tsx,1,45,21,66,1,1,2025-04-07,2025-04-07,199,66.0,1.0,0,0.0,1.0
src/frontend/src/features/rooms/livekit/components/ScreenShareErrorModal.tsx,1,66,0,66,1,1,2025-03-17,2025-03-17,220,66.0,1.0,0,0.0,1.0
src/sdk/package.json,28,38,27,65,2,26,2025-02-10,2025-10-22,1,2.3214285714285716,0.9642857142857143,0,0.0,0.16923076923076924
src/agents/pyproject.toml,8,58,7,65,1,8,2025-06-20,2025-10-22,1,8.125,1.0,0,0.0,0.7846153846153846
src/frontend/src/features/rooms/livekit/hooks/useRaisedHand.ts,6,50,15,65,1,5,2024-10-11,2025-08-01,83,10.833333333333334,1.0,1,0.16666666666666666,0.49230769230769234
src/frontend/src/features/analytics/hooks/useAnalytics.tsx,2,52,13,65,1,2,2024-09-23,2024-09-24,394,32.5,1.0,0,0.0,0.6461538461538462
src/helm/extra/templates/redis.yaml,1,65,0,65,1,1,2025-08-01,2025-08-01,83,65.0,1.0,0,0.0,1.0
src/backend/core/tests/test_models_users.py,4,55,9,64,2,4,2024-01-09,2024-11-13,344,16.0,0.75,1,0.25,0.703125
src/summary/summary/core/config.py,18,51,12,63,1,9,2024-11-29,2025-10-10,13,3.5,1.0,1,0.05555555555555555,0.14285714285714285
src/frontend/src/styles/index.css,11,53,10,63,3,10,2024-07-02,2025-09-09,44,5.7272727272727275,0.6363636363636364,2,0.18181818181818182,0.19047619047619047
src/frontend/src/features/home/components/JoinMeetingDialog.tsx,6,54,9,63,2,5,2024-07-24,2025-06-02,143,10.5,0.6666666666666666,1,0.16666666666666666,0.6190476190476191
src/tsclient/package.json,4,31,31,62,3,4,2024-01-09,2024-07-25,455,15.5,0.5,0,0.0,0.4032258064516129
src/frontend/src/features/shortcuts/useLongPress.ts,2,61,1,62,1,2,2024-09-27,2025-08-22,62,31.0,1.0,0,0.0,0.7580645161290323
src/frontend/src/components/AppInitialization.tsx,7,48,13,61,2,7,2024-09-24,2025-06-30,115,8.714285714285714,0.8571428571428571,0,0.0,0.32786885245901637
src/frontend/src/stores/notifications.ts,3,60,1,61,1,2,2024-12-06,2025-02-12,253,20.333333333333332,1.0,0,0.0,0.7213114754098361
src/frontend/public/assets/gouvernement.svg,1,61,0,61,1,1,2025-06-02,2025-06-02,143,61.0,1.0,0,0.0,1.0
src/helm/extra/templates/kc-postgresql-sts.yaml,1,61,0,61,1,1,2025-08-01,2025-08-01,83,61.0,1.0,0,0.0,1.0
src/frontend/src/locales/nl/notifications.json,7,55,5,60,2,6,2025-03-04,2025-08-28,56,8.571428571428571,0.8571428571428571,0,0.0,0.4166666666666667
crowdin/config.yml,3,45,15,60,3,3,2024-01-09,2024-07-19,461,20.0,0.3333333333333333,0,0.0,0.48333333333333334
src/frontend/src/queries/useUser.tsx,2,30,30,60,1,2,2024-07-02,2024-07-11,469,30.0,1.0,0,0.0,0.5
src/backend/core/services/invitation.py,1,59,0,59,1,1,2025-04-15,2025-04-15,191,59.0,1.0,0,0.0,1.0
src/helm/meet/templates/ingress.yaml,5,43,15,58,3,5,2024-07-02,2025-10-02,21,11.6,0.6,2,0.4,0.4827586206896552
src/frontend/src/i18n/LanguageSelector.tsx,3,29,29,58,1,3,2024-07-21,2024-08-05,444,19.333333333333332,1.0,0,0.0,0.4827586206896552
src/summary/summary/config.py,3,53,5,58,1,3,2024-11-21,2024-11-25,332,19.333333333333332,1.0,0,0.0,0.6724137931034483
src/backend/core/templatetags/extra_tags.py,1,58,0,58,1,1,2024-01-09,2024-01-09,653,58.0,1.0,0,0.0,1.0
src/helm/meet/templates/celery_summarize_deployment.yaml,1,29,29,58,1,1,2025-09-17,2025-09-17,36,58.0,1.0,0,0.0,1.0
src/frontend/src/features/rooms/api/createRoom.ts,4,45,12,57,1,4,2024-07-31,2025-03-28,209,14.25,1.0,0,0.0,0.43859649122807015
src/sdk/consumer/package.json,4,43,14,57,3,4,2025-02-10,2025-07-07,108,14.25,0.5,0,0.0,0.5087719298245614
src/frontend/src/features/settings/components/tabs/NotificationsTab.tsx,2,51,6,57,1,2,2024-12-05,2025-10-22,1,28.5,1.0,0,0.0,0.7192982456140351
src/frontend/src/locales/de/recording.json,6,42,14,56,1,4,2025-04-17,2025-07-11,104,9.333333333333334,1.0,2,0.3333333333333333,0.42857142857142855
src/frontend/src/components/SoundTester.tsx,4,54,2,56,2,4,2024-08-21,2024-11-28,329,14.0,0.5,0,0.0,0.8392857142857143
src/summary/compose.yaml,4,28,28,56,1,3,2024-11-22,2025-09-09,44,14.0,1.0,0,0.0,0.48214285714285715
src/frontend/src/components/Feedback.tsx,3,28,28,56,2,3,2024-07-25,2024-11-17,340,18.666666666666668,0.6666666666666666,0,0.0,0.44642857142857145
src/frontend/src/primitives/DialogContent.tsx,2,28,28,56,1,1,2024-07-24,2024-07-24,456,28.0,1.0,0,0.0,0.5
src/frontend/src/features/rooms/livekit/prefabs/ControlBar/ResponsiveMenu.tsx,1,56,0,56,1,1,2024-12-13,2024-12-13,314,56.0,1.0,0,0.0,1.0
src/frontend/src/features/auth/api/fetchUser.ts,7,46,8,54,3,7,2024-07-11,2025-04-28,178,7.714285714285714,0.5714285714285714,0,0.0,0.46296296296296297
docs/tsclient.md,3,27,27,54,2,3,2024-01-09,2024-07-25,455,18.0,0.6666666666666666,0,0.0,0.46296296296296297
src/frontend/src/features/notifications/components/ToastLowerHand.tsx,3,50,4,54,1,3,2025-02-14,2025-08-28,56,18.0,1.0,0,0.0,0.8333333333333334
src/frontend/src/primitives/H.tsx,3,35,19,54,2,3,2024-07-02,2025-01-28,268,18.0,0.6666666666666666,0,0.0,0.4444444444444444
src/frontend/src/features/notifications/components/ToastPermissionsRemoved.tsx,2,53,1,54,1,1,2025-08-28,2025-08-28,56,27.0,1.0,0,0.0,0.9074074074074074
src/helm/env.d/dev/values.livekit.yaml.gotmpl,4,51,2,53,1,3,2024-07-02,2025-03-06,231,13.25,1.0,0,0.0,0.6226415094339622
docs/features/authentication.md,1,53,0,53,1,1,2025-09-29,2025-09-29,24,53.0,1.0,0,0.0,1.0
src/frontend/src/features/rooms/livekit/hooks/useGridLayout.ts,1,53,0,53,1,1,2025-09-04,2025-09-04,49,53.0,1.0,0,0.0,1.0
bin/terraform,2,26,26,52,2,2,2024-01-09,2024-08-02,447,26.0,0.5,0,0.0,0.5
src/frontend/src/features/rooms/utils/cloneSingleChild.ts,2,26,26,52,1,2,2024-10-09,2024-10-14,374,26.0,1.0,0,0.0,0.5
src/frontend/src/locales/fr/accessibility.json,2,43,9,52,1,2,2025-03-10,2025-03-15,222,26.0,1.0,0,0.0,0.7692307692307693
src/backend/core/migrations/0015_application_and_more.py,1,52,0,52,1,1,2025-10-02,2025-10-02,21,52.0,1.0,0,0.0,1.0
src/frontend/src/features/rooms/api/listWaitingParticipants.ts,1,52,0,52,1,1,2025-02-19,2025-02-19,246,52.0,1.0,0,0.0,1.0
src/frontend/src/features/rooms/livekit/components/controls/StartMediaButton.tsx,1,52,0,52,1,1,2024-08-06,2024-08-06,443,52.0,1.0,0,0.0,1.0
src/summary/summary/prompt.py,1,52,0,52,1,1,2024-11-22,2024-11-22,335,52.0,1.0,0,0.0,1.0
src/frontend/src/primitives/P.tsx,3,29,22,51,1,3,2024-07-02,2024-07-21,459,17.0,1.0,0,0.0,0.47058823529411764
src/frontend/src/features/rooms/livekit/hooks/useVideoResolutionSubscription.ts,1,51,0,51,1,1,2025-08-13,2025-08-13,71,51.0,1.0,0,0.0,1.0
src/helm/env.d/dev-keycloak/values.livekit.yaml.gotmpl,3,50,0,50,2,2,2024-12-06,2025-03-06,231,16.666666666666668,0.6666666666666666,0,0.0,0.8
bin/state,2,25,25,50,2,2,2024-01-09,2024-08-02,447,25.0,0.5,0,0.0,0.5
src/frontend/src/features/sdk/utils/PopupWindow.ts,1,50,0,50,1,1,2025-03-28,2025-03-28,209,50.0,1.0,0,0.0,1.0
src/helm/env.d/dev-dinum/values.livekit.yaml.gotmpl,1,50,0,50,1,1,2025-06-26,2025-06-26,119,50.0,1.0,0,0.0,1.0
src/sdk/consumer/README.md,1,50,0,50,1,1,2025-02-10,2025-02-10,255,50.0,1.0,0,0.0,1.0
src/sdk/consumer/src/App.tsx,3,47,2,49,2,3,2025-02-10,2025-04-03,203,16.333333333333332,0.6666666666666666,1,0.3333333333333333,0.8571428571428571
src/backend/core/recording/services/recording_events.py,1,49,0,49,1,1,2025-07-15,2025-07-15,100,49.0,1.0,0,0.0,1.0
src/frontend/src/layout/ForbiddenScreen.tsx,4,24,24,48,1,4,2024-07-02,2024-07-29,451,12.0,1.0,0,0.0,0.3541666666666667
src/frontend/src/features/auth/utils/silentLogin.ts,3,41,7,48,2,3,2024-07-24,2024-08-06,443,16.0,0.6666666666666666,0,0.0,0.625
src/backend/core/tests/services/test_subtitle.py,1,48,0,48,1,1,2025-08-19,2025-08-19,65,48.0,1.0,0,0.0,1.0
src/backend/impress/urls.py,1,48,0,48,1,1,2024-01-09,2024-01-09,653,48.0,1.0,0,0.0,1.0
src/frontend/src/primitives/ToggleButton.tsx,3,43,4,47,2,3,2024-08-05,2025-01-31,265,15.666666666666666,0.6666666666666666,0,0.0,0.5319148936170213
src/backend/core/migrations/0014_room_pin_code.py,2,46,1,47,1,2,2025-05-13,2025-06-30,115,23.5,1.0,0,0.0,0.9574468085106383
src/backend/demo/management/commands/createsuperuser.py,2,47,0,47,2,2,2024-01-09,2024-07-30,450,23.5,0.5,1,0.5,0.9787234042553191
src/frontend/src/features/sdk/utils/CallbackIdHandler.ts,2,46,1,47,1,2,2025-03-28,2025-06-30,115,23.5,1.0,0,0.0,0.9574468085106383
src/backend/core/services/subtitle.py,1,47,0,47,1,1,2025-08-19,2025-08-19,65,47.0,1.0,0,0.0,1.0
src/frontend/src/features/auth/api/useSyncUserPreferencesWithBackend.tsx,1,47,0,47,1,1,2025-04-22,2025-04-22,184,47.0,1.0,0,0.0,1.0
src/frontend/src/features/rooms/livekit/components/controls/PermissionNeededButton.tsx,1,47,0,47,1,1,2025-08-09,2025-08-09,75,47.0,1.0,0,0.0,1.0
src/frontend/src/primitives/index.ts,12,39,7,46,2,9,2024-07-11,2024-12-05,322,3.8333333333333335,0.75,1,0.08333333333333333,0.2608695652173913
src/summary/Dockerfile,6,38,8,46,1,5,2024-11-22,2025-09-09,44,7.666666666666667,1.0,1,0.16666666666666666,0.3695652173913043
src/frontend/src/i18n/init.ts,4,36,10,46,3,4,2024-07-18,2025-05-13,163,11.5,0.5,0,0.0,0.5
src/frontend/src/features/rooms/livekit/components/MuteAlertDialog.tsx,3,41,5,46,1,2,2025-01-29,2025-01-31,265,15.333333333333334,1.0,0,0.0,0.6521739130434783
src/frontend/src/features/rooms/livekit/hooks/useMediaQuery.ts,1,46,0,46,1,1,2024-08-06,2024-08-06,443,46.0,1.0,0,0.0,1.0
src/mail/mjml/partial/header.mjml,1,46,0,46,1,1,2024-01-09,2024-01-09,653,46.0,1.0,0,0.0,1.0
src/backend/core/tests/services/test_marketing.py,3,35,10,45,1,3,2025-03-07,2025-05-28,148,15.0,1.0,0,0.0,0.5555555555555556
src/backend/core/api/feature_flag.py,1,45,0,45,1,1,2025-09-08,2025-09-08,45,45.0,1.0,0,0.0,1.0
src/frontend/src/features/rooms/livekit/components/AdminToggle.tsx,1,45,0,45,1,1,2025-02-24,2025-02-24,241,45.0,1.0,0,0.0,1.0
src/frontend/src/primitives/Loader.tsx,1,45,0,45,1,1,2025-02-04,2025-02-04,261,45.0,1.0,0,0.0,1.0
src/frontend/src/features/rooms/livekit/components/controls/Participants/LowerAllHandsButton.tsx,6,41,3,44,1,5,2024-09-03,2025-08-27,57,7.333333333333333,1.0,0,0.0,0.5909090909090909
src/frontend/src/features/rooms/livekit/components/controls/Device/SettingsButton.tsx,4,38,6,44,1,2,2025-08-21,2025-08-22,62,11.0,1.0,0,0.0,0.6818181818181818
src/frontend/src/features/rooms/livekit/hooks/useNoiseReduction.ts,3,38,6,44,1,3,2025-06-09,2025-06-25,120,14.666666666666666,1.0,0,0.0,0.6818181818181818
src/frontend/src/layout/QueryAware.tsx,3,22,22,44,1,2,2024-07-11,2024-07-29,451,14.666666666666666,1.0,1,0.3333333333333333,0.4772727272727273
.github/workflows/helmfile-linter.yml,2,22,22,44,2,2,2024-09-23,2025-01-03,293,22.0,0.5,0,0.0,0.5
src/backend/core/authentication/livekit.py,2,43,1,44,2,2,2025-08-19,2025-10-14,9,22.0,0.5,1,0.5,0.9545454545454546
src/frontend/src/features/rooms/utils/safeParseMetadata.tsx,2,22,22,44,1,2,2025-03-03,2025-08-01,83,22.0,1.0,0,0.0,0.5
src/frontend/src/features/settings/components/tabs/GeneralTab.tsx,2,44,0,44,1,2,2024-08-14,2025-10-16,7,22.0,1.0,0,0.0,0.5909090909090909
src/helm/meet/templates/backend_deployment.yaml,6,30,13,43,2,6,2024-07-02,2025-08-23,61,7.166666666666667,0.5,2,0.3333333333333333,0.46511627906976744
renovate.json,5,32,11,43,2,5,2024-01-09,2025-06-24,121,8.6,0.8,1,0.2,0.6046511627906976
src/backend/core/fields.py,1,43,0,43,1,1,2025-10-02,2025-10-02,21,43.0,1.0,0,0.0,1.0
src/helm/env.d/dev-dinum/values.egress.yaml.gotmpl,1,43,0,43,1,1,2025-06-26,2025-06-26,119,43.0,1.0,0,0.0,1.0
src/helm/env.d/dev-keycloak/values.egress.yaml.gotmpl,1,43,0,43,1,1,2024-12-06,2024-12-06,321,43.0,1.0,0,0.0,1.0
src/helm/env.d/dev/values.egress.yaml.gotmpl,1,43,0,43,1,1,2024-10-25,2024-10-25,363,43.0,1.0,0,0.0,1.0
src/frontend/src/features/rooms/livekit/components/MutedMicIndicator.tsx,4,37,5,42,1,4,2024-09-06,2025-08-28,56,10.5,1.0,1,0.25,0.6190476190476191
src/frontend/src/features/shortcuts/useKeyboardShortcuts.ts,4,37,5,42,1,3,2024-09-27,2025-08-22,62,10.5,1.0,1,0.25,0.7380952380952381
src/frontend/src/layout/ErrorScreen.tsx,4,21,21,42,1,4,2024-07-02,2024-07-29,451,10.5,1.0,0,0.0,0.40476190476190477
src/frontend/src/layout/NotFoundScreen.tsx,4,21,21,42,1,4,2024-07-02,2024-07-29,451,10.5,1.0,0,0.0,0.40476190476190477
src/backend/core/tests/swagger/test_openapi_schema.py,2,42,0,42,2,2,2024-01-09,2024-07-30,450,21.0,0.5,1,0.5,0.9761904761904762
src/frontend/src/App.css,2,0,42,42,2,2,2024-07-01,2024-07-02,478,21.0,0.5,0,0.0,1.0
src/frontend/src/features/rooms/livekit/api/fetchServerApi.ts,2,21,21,42,1,2,2024-08-29,2025-08-26,58,21.0,1.0,0,0.0,0.5
src/helm/impress/templates/webrtc_svc.yaml,2,21,21,42,2,2,2024-01-09,2024-07-02,478,21.0,0.5,0,0.0,0.5
src/frontend/src/features/rooms/livekit/components/ParticipantName.tsx,1,42,0,42,1,1,2025-04-28,2025-04-28,178,42.0,1.0,0,0.0,1.0
src/frontend/visio/src/App.css,1,42,0,42,1,1,2024-06-24,2024-06-24,486,42.0,1.0,0,0.0,1.0
src/sdk/library/README.md,1,42,0,42,1,1,2025-02-10,2025-02-10,255,42.0,1.0,0,0.0,1.0
src/frontend/src/utils/livekit.ts,5,36,5,41,1,5,2024-08-02,2024-09-27,391,8.2,1.0,0,0.0,0.34146341463414637
src/frontend/src/primitives/TooltipWrapper.tsx,4,33,8,41,3,4,2024-08-05,2024-11-28,329,10.25,0.5,0,0.0,0.8536585365853658
src/helm/meet/templates/frontend_deployment.yaml,4,29,12,41,2,4,2024-07-02,2025-08-23,61,10.25,0.75,1,0.25,0.4878048780487805
src/frontend/src/features/rooms/livekit/components/controls/LeaveButton.tsx,3,37,4,41,1,3,2024-09-16,2025-07-17,98,13.666666666666666,1.0,0,0.0,0.8780487804878049
src/helm/extra/templates/clustersecretstore.yaml,3,38,3,41,2,3,2024-12-20,2025-02-14,251,13.666666666666666,0.6666666666666666,1,0.3333333333333333,0.6341463414634146
src/frontend/src/features/rooms/api/updateParticipantPermissions.ts,1,41,0,41,1,1,2025-08-26,2025-08-26,58,41.0,1.0,0,0.0,1.0
src/frontend/src/features/rooms/livekit/components/controls/InfoToggle.tsx,1,41,0,41,1,1,2025-04-17,2025-04-17,189,41.0,1.0,0,0.0,1.0
src/frontend/src/features/shortcuts/utils.ts,2,29,11,40,1,1,2024-09-27,2024-09-27,391,20.0,1.0,0,0.0,0.525
src/frontend/src/stores/userPreferences.ts,2,39,1,40,1,2,2025-10-16,2025-10-22,1,20.0,1.0,0,0.0,0.775
src/summary/README.md,2,39,1,40,2,2,2025-09-17,2025-09-29,24,20.0,0.5,0,0.0,0.8
docs/examples/livekit.values.yaml,1,40,0,40,1,1,2024-12-23,2024-12-23,304,40.0,1.0,0,0.0,1.0
src/frontend/src/features/settings/components/SettingsButton.tsx,6,30,8,38,3,4,2024-07-24,2024-12-02,325,6.333333333333333,0.5,0,0.0,0.42105263157894735
src/frontend/src/components/ErrorScreen.tsx,5,33,5,38,2,4,2024-07-29,2025-06-30,115,7.6,0.8,2,0.4,0.4473684210526316
src/frontend/src/features/notifications/components/ToastTranscript.tsx,2,36,2,38,1,2,2025-04-04,2025-04-07,199,19.0,1.0,0,0.0,0.868421052631579
src/frontend/src/features/recording/components/LimitReachedAlertDialog.tsx,1,38,0,38,1,1,2025-07-16,2025-07-16,99,38.0,1.0,0,0.0,1.0
src/frontend/src/features/rooms/livekit/components/controls/Participants/MuteEveryoneButton.tsx,1,38,0,38,1,1,2025-08-27,2025-08-27,57,38.0,1.0,0,0.0,1.0
src/frontend/src/features/rooms/livekit/components/controls/SubtitlesToggle.tsx,1,38,0,38,1,1,2025-08-14,2025-08-14,70,38.0,1.0,0,0.0,1.0
src/frontend/default.conf,4,31,6,37,1,3,2024-07-01,2025-06-03,142,9.25,1.0,2,0.5,0.40540540540540543
gitlint/gitlint_emoji.py,1,37,0,37,1,1,2024-01-09,2024-01-09,653,37.0,1.0,0,0.0,1.0
src/backend/core/services/room_creation.py,1,37,0,37,1,1,2025-03-28,2025-03-28,209,37.0,1.0,0,0.0,1.0
src/frontend/src/features/notifications/hooks/useNotifyParticipants.ts,1,37,0,37,1,1,2025-04-10,2025-04-10,196,37.0,1.0,0,0.0,1.0
src/frontend/src/features/rooms/api/enterRoom.ts,1,37,0,37,1,1,2025-02-19,2025-02-19,246,37.0,1.0,0,0.0,1.0
src/frontend/src/features/rooms/livekit/components/ParticipantMenu/PinMenuItem.tsx,1,37,0,37,1,1,2025-08-28,2025-08-28,56,37.0,1.0,0,0.0,1.0
src/frontend/src/features/rooms/livekit/hooks/useDeviceIcons.ts,1,37,0,37,1,1,2025-08-21,2025-08-21,63,37.0,1.0,0,0.0,1.0
src/frontend/src/hooks/useRateLimiter.ts,1,37,0,37,1,1,2025-04-28,2025-04-28,178,37.0,1.0,0,0.0,1.0
src/frontend/src/stores/userChoices.ts,6,35,1,36,1,6,2025-06-09,2025-08-13,71,6.0,1.0,1,0.16666666666666666,0.5833333333333334
src/helm/extra/templates/s3.yaml,6,18,18,36,3,6,2024-01-09,2024-12-20,307,6.0,0.6666666666666666,0,0.0,0.2222222222222222
src/frontend/src/i18n/useLanguageLabels.ts,5,32,4,36,3,4,2024-07-21,2025-03-04,233,7.2,0.4,1,0.2,0.5555555555555556
src/frontend/src/primitives/LinkButton.tsx,3,34,2,36,2,3,2024-10-09,2025-04-04,202,12.0,0.6666666666666666,0,0.0,0.6111111111111112
src/backend/core/authentication/urls.py,2,18,18,36,2,2,2024-01-09,2025-04-10,196,18.0,0.5,0,0.0,0.5
src/frontend/src/features/rooms/livekit/components/controls/Options/FullScreenMenuItem.tsx,2,35,1,36,1,2,2025-01-22,2025-02-01,264,18.0,1.0,0,0.0,0.9444444444444444
.dockerignore,1,36,0,36,1,1,2024-01-09,2024-01-09,653,36.0,1.0,0,0.0,1.0
src/frontend/src/primitives/FieldErrors.tsx,1,36,0,36,1,1,2024-07-23,2024-07-23,457,36.0,1.0,0,0.0,1.0
src/sdk/library/tsconfig.app.json,1,36,0,36,1,1,2025-02-10,2025-02-10,255,36.0,1.0,0,0.0,1.0
src/frontend/src/stores/layout.ts,9,28,7,35,2,7,2024-07-29,2025-08-14,70,3.888888888888889,0.8888888888888888,0,0.0,0.2571428571428571
src/frontend/src/features/rooms/livekit/components/effects/Effects.tsx,4,34,1,35,2,3,2025-01-20,2025-08-28,56,8.75,0.5,1,0.25,0.5142857142857142
src/frontend/src/features/rooms/livekit/hooks/useKonami.ts,2,35,0,35,1,1,2025-04-30,2025-04-30,176,17.5,1.0,0,0.0,1.0
docker/files/usr/local/bin/entrypoint,1,35,0,35,1,1,2024-01-09,2024-01-09,653,35.0,1.0,0,0.0,1.0
src/frontend/src/features/rooms/api/startRecording.ts,1,35,0,35,1,1,2024-11-27,2024-11-27,330,35.0,1.0,0,0.0,1.0
src/frontend/src/features/rooms/livekit/hooks/useCannotUseDevice.ts,1,35,0,35,1,1,2025-08-21,2025-08-21,63,35.0,1.0,0,0.0,1.0
src/frontend/src/features/sdk/api/useRoomCreationCallback.ts,1,35,0,35,1,1,2025-03-28,2025-03-28,209,35.0,1.0,0,0.0,1.0
src/sdk/library/vite.config.ts,1,35,0,35,1,1,2025-02-10,2025-02-10,255,35.0,1.0,0,0.0,1.0
src/frontend/src/locales/en/recording.json,5,31,3,34,1,3,2025-04-17,2025-07-11,104,6.8,1.0,2,0.4,0.4411764705882353
src/frontend/src/locales/fr/recording.json,5,31,3,34,1,3,2025-04-17,2025-07-11,104,6.8,1.0,2,0.4,0.4411764705882353
src/frontend/src/locales/nl/recording.json,5,31,3,34,1,3,2025-04-17,2025-07-11,104,6.8,1.0,2,0.4,0.4411764705882353
src/frontend/src/features/home/components/MoreLink.tsx,3,29,5,34,1,2,2024-11-16,2025-06-06,139,11.333333333333334,1.0,0,0.0,0.6764705882352942
src/frontend/src/features/notifications/hooks/useSoundNotification.tsx,3,29,5,34,1,2,2024-09-11,2024-12-06,321,11.333333333333334,1.0,0,0.0,0.5294117647058824
src/frontend/src/features/auth/components/RenderIfUserFetched.tsx,2,17,17,34,1,2,2024-07-23,2024-07-29,451,17.0,1.0,0,0.0,0.5
src/frontend/src/features/rooms/api/muteParticipant.ts,2,12,22,34,1,2,2025-08-26,2025-08-28,56,17.0,1.0,0,0.0,0.9411764705882353
src/frontend/src/utils/useMatchesRoute.ts,2,17,17,34,1,1,2024-07-25,2024-07-25,455,17.0,1.0,0,0.0,0.5
src/frontend/src/primitives/Menu.tsx,3,31,2,33,2,3,2024-08-05,2025-02-20,245,11.0,0.6666666666666666,0,0.0,0.7575757575757576
src/frontend/visio/package.json,2,32,1,33,1,2,2024-06-24,2024-06-25,485,16.5,1.0,0,0.0,0.8484848484848485
.github/workflows/crowdin-download.yml,1,33,0,33,1,1,2024-07-19,2024-07-19,461,33.0,1.0,0,0.0,1.0
src/frontend/src/features/rooms/components/MediaDeviceErrorAlert.tsx,1,33,0,33,1,1,2025-07-17,2025-07-17,98,33.0,1.0,0,0.0,1.0
secrets,17,16,16,32,4,14,2024-01-09,2025-03-21,216,1.8823529411764706,0.6470588235294118,1,0.058823529411764705,0.0625
src/frontend/src/utils/constants.ts,8,16,16,32,1,5,2024-12-16,2025-06-02,143,4.0,1.0,0,0.0,0.34375
src/frontend/src/components/QueryAware.tsx,3,30,2,32,2,3,2024-07-29,2024-12-02,325,10.666666666666666,0.6666666666666666,0,0.0,0.875
src/frontend/src/features/notifications/components/ToastAnyRecording.tsx,3,25,7,32,1,3,2025-04-07,2025-08-28,56,10.666666666666666,1.0,0,0.0,0.75
src/frontend/src/features/notifications/components/ToastProvider.tsx,3,31,1,32,1,3,2024-09-09,2025-07-16,99,10.666666666666666,1.0,0,0.0,0.875
src/frontend/src/features/shortcuts/useRegisterKeyboardShortcut.ts,3,29,3,32,1,2,2024-09-27,2025-08-22,62,10.666666666666666,1.0,1,0.3333333333333333,0.59375
src/frontend/src/features/rooms/livekit/components/controls/PaginationIndicator.tsx,2,31,1,32,1,2,2025-09-04,2025-09-05,48,16.0,1.0,0,0.0,0.9375
src/frontend/src/stores/transcription.ts,2,16,16,32,1,2,2025-04-04,2025-04-07,199,16.0,1.0,0,0.0,0.5
src/frontend/src/features/rooms/api/requestEntry.ts,1,32,0,32,1,1,2025-02-18,2025-02-18,247,32.0,1.0,0,0.0,1.0
src/frontend/src/features/rooms/livekit/components/controls/Options/ScreenRecordingMenuItem.tsx,1,32,0,32,1,1,2025-09-08,2025-09-08,45,32.0,1.0,0,0.0,1.0
src/frontend/src/features/rooms/livekit/hooks/useFocusToggleParticipant.ts,1,32,0,32,1,1,2025-08-28,2025-08-28,56,32.0,1.0,0,0.0,1.0
src/frontend/src/features/recording/index.ts,9,25,6,31,1,4,2025-04-10,2025-05-26,150,3.4444444444444446,1.0,1,0.1111111111111111,0.2903225806451613
src/frontend/src/features/rooms/api/ApiRoom.ts,9,22,9,31,2,9,2024-07-11,2025-08-27,57,3.4444444444444446,0.8888888888888888,0,0.0,0.6129032258064516
src/frontend/src/features/notifications/components/ToastMuted.tsx,3,30,1,31,1,3,2025-02-11,2025-08-28,56,10.333333333333334,1.0,0,0.0,0.8387096774193549
src/frontend/src/features/rooms/livekit/components/controls/Options/FeedbackMenuItem.tsx,3,27,4,31,1,3,2025-01-22,2025-04-28,178,10.333333333333334,1.0,0,0.0,0.6451612903225806
src/frontend/src/primitives/Badge.tsx,2,30,1,31,1,2,2024-07-11,2024-07-21,459,15.5,1.0,0,0.0,0.9354838709677419
src/frontend/src/api/fetchApi.ts,1,31,0,31,1,1,2024-07-02,2024-07-02,478,31.0,1.0,0,0.0,1.0
src/frontend/src/primitives/menuItemStyles.ts,1,31,0,31,1,1,2024-08-05,2024-08-05,444,31.0,1.0,0,0.0,1.0
src/sdk/consumer/.vite/deps/_metadata.json,1,31,0,31,1,1,2025-02-10,2025-02-10,255,31.0,1.0,0,0.0,1.0
src/helm/meet/Chart.yaml,15,15,15,30,4,14,2024-07-02,2025-10-16,7,2.0,0.5333333333333333,2,0.13333333333333333,0.06666666666666667
env.d/development/summary.dist,7,27,3,30,2,5,2025-09-09,2025-10-10,13,4.285714285714286,0.7142857142857143,1,0.14285714285714285,0.4666666666666667
.github/ISSUE_TEMPLATE/Bug_report.md,2,29,1,30,2,2,2024-01-09,2024-07-01,479,15.0,0.5,0,0.0,0.9333333333333333
src/frontend/src/components/LoadingScreen.tsx,2,29,1,30,2,2,2024-07-29,2024-12-02,325,15.0,0.5,0,0.0,0.9
src/helm/extra/templates/external_secret.yaml,2,30,0,30,1,2,2024-12-20,2025-02-14,251,15.0,1.0,1,0.5,0.9333333333333333
scripts/install-hooks.sh,1,30,0,30,1,1,2024-01-09,2024-01-09,653,30.0,1.0,0,0.0,1.0
src/frontend/src/features/rooms/livekit/components/ParticipantMenu/ParticipantMenuButton.tsx,1,30,0,30,1,1,2025-08-28,2025-08-28,56,30.0,1.0,0,0.0,1.0
src/frontend/src/features/subtitle/api/startSubtitle.ts,1,30,0,30,1,1,2025-08-14,2025-08-14,70,30.0,1.0,0,0.0,1.0
src/frontend/src/hooks/useSyncAfterDelay.ts,1,30,0,30,1,1,2025-02-04,2025-02-04,261,30.0,1.0,0,0.0,1.0
src/frontend/visio/README.md,1,30,0,30,1,1,2024-06-24,2024-06-24,486,30.0,1.0,0,0.0,1.0
src/frontend/vite.config.ts,6,19,10,29,2,5,2024-07-01,2025-07-08,107,4.833333333333333,0.8333333333333334,2,0.3333333333333333,0.5517241379310345
src/frontend/src/features/rooms/livekit/components/controls/Participants/PinBadge.tsx,1,29,0,29,1,1,2025-08-28,2025-08-28,56,29.0,1.0,0,0.0,1.0
src/frontend/src/layout/CenteredContent.tsx,1,29,0,29,1,1,2024-07-29,2024-07-29,451,29.0,1.0,0,0.0,1.0
src/frontend/src/utils/formatDate.ts,1,29,0,29,1,1,2025-04-17,2025-04-17,189,29.0,1.0,0,0.0,1.0
src/helm/meet/templates/secrets.yaml,6,10,18,28,2,5,2024-07-17,2024-12-20,307,4.666666666666667,0.8333333333333334,4,0.6666666666666666,0.6428571428571429
src/backend/core/apps.py,3,14,14,28,2,3,2024-01-09,2025-06-30,115,9.333333333333334,0.6666666666666666,0,0.0,0.39285714285714285
src/backend/core/enums.py,3,28,0,28,2,3,2024-01-09,2025-04-14,192,9.333333333333334,0.6666666666666666,1,0.3333333333333333,0.5357142857142857
src/backend/core/templates/core/generate_document.html,2,14,14,28,2,2,2024-01-09,2025-03-18,219,14.0,0.5,0,0.0,0.5
src/frontend/src/features/rooms/api/fetchRoom.ts,2,21,7,28,2,2,2024-07-11,2025-02-18,247,14.0,0.5,0,0.0,0.7142857142857143
src/helm/meet/templates/summary_secrets.yaml,2,14,14,28,2,2,2024-11-25,2024-12-20,307,14.0,0.5,0,0.0,0.5
docs/installation/README.md,1,28,0,28,1,1,2025-09-29,2025-09-29,24,28.0,1.0,0,0.0,1.0
src/frontend/src/features/rooms/livekit/components/ParticipantMenu/RemoveMenuItem.tsx,1,28,0,28,1,1,2025-08-28,2025-08-28,56,28.0,1.0,0,0.0,1.0
src/frontend/src/features/subtitle/hooks/useSubtitles.tsx,1,28,0,28,1,1,2025-08-14,2025-08-14,70,28.0,1.0,0,0.0,1.0
src/frontend/src/utils/valtio.ts,1,28,0,28,1,1,2024-12-06,2024-12-06,321,28.0,1.0,0,0.0,1.0
src/sdk/consumer/eslint.config.js,1,28,0,28,1,1,2025-02-10,2025-02-10,255,28.0,1.0,0,0.0,1.0
src/frontend/src/features/notifications/NotificationType.ts,13,22,5,27,2,12,2024-09-09,2025-08-28,56,2.076923076923077,0.9230769230769231,0,0.0,0.25925925925925924
src/helm/meet/templates/backend_job_createsuperuser.yaml,6,13,14,27,3,6,2024-07-02,2025-08-23,61,4.5,0.5,2,0.3333333333333333,0.4444444444444444
src/frontend/src/features/rooms/api/patchRoom.tsx,2,26,1,27,1,2,2025-02-25,2025-08-27,57,13.5,1.0,0,0.0,0.9259259259259259
src/frontend/src/primitives/TextArea.tsx,2,27,0,27,1,2,2024-10-09,2024-10-14,374,13.5,1.0,0,0.0,0.6666666666666666
src/frontend/src/features/rooms/api/lowerHandParticipant.ts,1,27,0,27,1,1,2025-08-26,2025-08-26,58,27.0,1.0,0,0.0,1.0
src/frontend/src/features/rooms/livekit/components/controls/Options/SupportMenuItem.tsx,1,27,0,27,1,1,2025-04-03,2025-04-03,203,27.0,1.0,0,0.0,1.0
src/frontend/visio/tsconfig.app.json,1,27,0,27,1,1,2024-06-24,2024-06-24,486,27.0,1.0,0,0.0,1.0
src/frontend/src/locales/de/sdk.json,3,18,8,26,2,3,2025-02-10,2025-05-13,163,8.666666666666666,0.6666666666666666,0,0.0,0.46153846153846156
.github/ISSUE_TEMPLATE/Support_question.md,2,24,2,26,2,2,2024-01-09,2024-07-01,479,13.0,0.5,0,0.0,0.8461538461538461
src/frontend/src/components/LoginButton.tsx,2,25,1,26,1,1,2025-06-03,2025-06-03,142,13.0,1.0,0,0.0,0.5384615384615384
src/frontend/src/features/rooms/livekit/components/controls/Options/SettingsMenuItem.tsx,2,23,3,26,1,2,2025-01-22,2025-08-22,62,13.0,1.0,0,0.0,0.7692307692307693
src/helm/meet/templates/posthog_assets_svc.yaml,2,25,1,26,1,2,2024-09-23,2024-09-25,393,13.0,1.0,0,0.0,0.9230769230769231
src/sdk/consumer/tsconfig.app.json,1,26,0,26,1,1,2025-02-10,2025-02-10,255,26.0,1.0,0,0.0,1.0
src/backend/manage.py,4,20,5,25,2,4,2024-01-09,2025-06-23,122,6.25,0.75,1,0.25,0.56
src/frontend/src/features/rooms/utils/isRoomValid.ts,4,21,4,25,2,4,2024-07-23,2025-05-06,170,6.25,0.75,1,0.25,0.48
src/frontend/src/api/apiUrl.ts,3,18,7,25,2,3,2024-07-02,2024-07-11,469,8.333333333333334,0.6666666666666666,0,0.0,0.52
src/frontend/src/features/rooms/livekit/hooks/useDeviceShortcut.ts,2,23,2,25,1,2,2025-08-21,2025-10-09,14,12.5,1.0,1,0.5,0.84
src/frontend/src/features/rooms/utils/telephony.ts,2,24,1,25,1,2,2025-07-01,2025-08-05,79,12.5,1.0,0,0.0,0.92
src/frontend/src/primitives/Hr.tsx,2,19,6,25,1,2,2024-07-02,2024-07-11,469,12.5,1.0,0,0.0,0.6
src/frontend/src/features/rooms/livekit/hooks/useHasFaceLandmarksAccess.ts,4,12,12,24,2,4,2025-03-30,2025-04-30,176,6.0,0.5,1,0.25,0.4166666666666667
src/frontend/src/components/NotFoundScreen.tsx,3,21,3,24,2,3,2024-07-29,2025-06-02,143,8.0,0.6666666666666666,0,0.0,0.5
src/frontend/src/primitives/Input.tsx,3,22,2,24,1,3,2024-07-23,2024-07-26,454,8.0,1.0,0,0.0,0.7916666666666666
src/frontend/src/features/rooms/livekit/components/controls/Options/EffectsMenuItem.tsx,2,22,2,24,1,2,2025-01-22,2025-01-31,265,12.0,1.0,0,0.0,0.8333333333333334
docs/features/signaling.md,1,24,0,24,1,1,2025-09-29,2025-09-29,24,24.0,1.0,0,0.0,1.0
src/agents/Dockerfile,1,24,0,24,1,1,2025-06-20,2025-06-20,125,24.0,1.0,0,0.0,1.0
src/frontend/src/assets/VisioIcon.tsx,1,24,0,24,1,1,2025-02-10,2025-02-10,255,24.0,1.0,0,0.0,1.0
src/frontend/src/components/DelayedRender.ts,1,24,0,24,1,1,2024-07-29,2024-07-29,451,24.0,1.0,0,0.0,1.0
src/frontend/src/features/rooms/livekit/components/ParticipantMenu/ParticipantMenu.tsx,1,24,0,24,1,1,2025-08-28,2025-08-28,56,24.0,1.0,0,0.0,1.0
src/frontend/visio/.gitignore,1,24,0,24,1,1,2024-06-24,2024-06-24,486,24.0,1.0,0,0.0,1.0
src/helm/meet/templates/posthog_svc.yaml,1,24,0,24,1,1,2024-09-23,2024-09-23,395,24.0,1.0,0,0.0,1.0
src/sdk/consumer/.gitignore,1,24,0,24,1,1,2025-02-10,2025-02-10,255,24.0,1.0,0,0.0,1.0
src/sdk/consumer/tsconfig.node.json,1,24,0,24,1,1,2025-02-10,2025-02-10,255,24.0,1.0,0,0.0,1.0
src/sdk/library/.gitignore,1,24,0,24,1,1,2025-02-10,2025-02-10,255,24.0,1.0,0,0.0,1.0
LICENSE.md,2,22,1,23,2,2,2025-03-24,2025-03-29,208,11.5,0.5,2,1.0,0.9130434782608695
src/frontend/src/features/rooms/livekit/hooks/useRaisedHand.tsx,2,23,0,23,1,2,2024-09-03,2024-09-20,398,11.5,1.0,0,0.0,0.9565217391304348
.github/ISSUE_TEMPLATE/Feature_request.md,1,23,0,23,1,1,2024-01-09,2024-01-09,653,23.0,1.0,0,0.0,1.0
SECURITY.md,1,23,0,23,1,1,2025-03-13,2025-03-13,224,23.0,1.0,0,0.0,1.0
src/backend/core/migrations/0008_user_full_name_user_short_name.py,1,23,0,23,1,1,2024-11-13,2024-11-13,344,23.0,1.0,0,0.0,1.0
src/frontend/src/features/rooms/api/stopRecording.ts,1,23,0,23,1,1,2024-11-27,2024-11-27,330,23.0,1.0,0,0.0,1.0
src/frontend/src/features/rooms/api/updateParticipantsPermissions.ts,1,23,0,23,1,1,2025-08-26,2025-08-26,58,23.0,1.0,0,0.0,1.0
src/frontend/src/features/rooms/livekit/components/controls/ToolsToggle.tsx,1,9,14,23,1,1,2025-04-04,2025-04-04,202,23.0,1.0,0,0.0,1.0
src/frontend/src/primitives/VerticallyOffCenter.tsx,1,23,0,23,1,1,2024-07-21,2024-07-21,459,23.0,1.0,0,0.0,1.0
src/frontend/src/routes/NotFound.tsx,3,11,11,22,1,3,2024-07-02,2024-07-25,455,7.333333333333333,1.0,0,0.0,0.4090909090909091
src/frontend/src/features/auth/components/UserAware.tsx,2,21,1,22,2,2,2024-07-29,2024-12-02,325,11.0,0.5,0,0.0,0.9090909090909091
src/backend/core/migrations/0011_remove_resource_is_public_room_access_level.py,1,22,0,22,1,1,2025-02-15,2025-02-15,250,22.0,1.0,0,0.0,1.0
src/backend/impress/celery_app.py,1,22,0,22,1,1,2024-01-09,2024-01-09,653,22.0,1.0,0,0.0,1.0
src/frontend/src/features/recording/hooks/useHasFeatureWithoutAdminRights.ts,1,22,0,22,1,1,2025-05-26,2025-05-26,150,22.0,1.0,0,0.0,1.0
src/frontend/src/features/recording/hooks/useIsRecordingActive.ts,1,22,0,22,1,1,2025-04-16,2025-04-16,190,22.0,1.0,0,0.0,1.0
src/frontend/src/features/rooms/livekit/hooks/useHasFunnyEffectsAccess.ts,1,22,0,22,1,1,2025-04-30,2025-04-30,176,22.0,1.0,0,0.0,1.0
src/frontend/src/hooks/useLoginHint.ts,1,22,0,22,1,1,2025-03-04,2025-03-04,233,22.0,1.0,0,0.0,1.0
src/mail/bin/html-to-plain-text,1,22,0,22,1,1,2024-01-09,2024-01-09,653,22.0,1.0,0,0.0,1.0
src/frontend/src/layout/Centered.tsx,2,20,1,21,1,2,2024-07-29,2024-08-06,443,10.5,1.0,1,0.5,0.9047619047619048
src/backend/core/migrations/0010_alter_resourceaccess_options_alter_user_options.py,1,21,0,21,1,1,2025-01-13,2025-01-13,283,21.0,1.0,0,0.0,1.0
src/backend/core/recording/worker/exceptions.py,1,21,0,21,1,1,2024-11-07,2024-11-07,350,21.0,1.0,0,0.0,1.0
src/frontend/src/features/rooms/api/removeParticipant.ts,1,21,0,21,1,1,2025-08-26,2025-08-26,58,21.0,1.0,0,0.0,1.0
src/frontend/src/navigation/navigateTo.ts,1,21,0,21,1,1,2024-07-25,2024-07-25,455,21.0,1.0,0,0.0,1.0
src/helm/impress/templates/backend_svc.yaml,1,21,0,21,1,1,2024-01-09,2024-01-09,653,21.0,1.0,0,0.0,1.0
src/helm/impress/templates/frontend_svc.yaml,1,21,0,21,1,1,2024-01-09,2024-01-09,653,21.0,1.0,0,0.0,1.0
src/helm/meet/templates/summary_svc.yaml,1,21,0,21,1,1,2024-11-25,2024-11-25,332,21.0,1.0,0,0.0,1.0
src/sdk/library/.eslintrc.cjs,1,21,0,21,1,1,2025-02-10,2025-02-10,255,21.0,1.0,0,0.0,1.0
src/frontend/src/features/recording/api/fetchRecording.ts,3,19,1,20,1,2,2025-04-17,2025-04-23,183,6.666666666666667,1.0,1,0.3333333333333333,0.75
src/frontend/src/features/rooms/livekit/hooks/useNoiseReductionAvailable.ts,3,16,4,20,1,3,2025-06-25,2025-07-21,94,6.666666666666667,1.0,1,0.3333333333333333,0.65
src/backend/core/tests/authentication/test_urls.py,2,10,10,20,2,2,2024-01-09,2025-04-10,196,10.0,0.5,0,0.0,0.5
src/frontend/src/features/sdk/utils/types.ts,2,20,0,20,1,2,2025-03-28,2025-04-03,203,10.0,1.0,1,0.5,0.95
src/frontend/src/features/rooms/livekit/hooks/useTelephony.ts,1,20,0,20,1,1,2025-07-01,2025-07-01,114,20.0,1.0,0,0.0,1.0
src/frontend/src/features/settings/components/SettingsDialogProvider.tsx,1,20,0,20,1,1,2025-08-22,2025-08-22,62,20.0,1.0,0,0.0,1.0
src/frontend/src/features/settings/hook/useSettingsDialog.ts,1,20,0,20,1,1,2025-08-22,2025-08-22,62,20.0,1.0,0,0.0,1.0
src/frontend/src/primitives/FieldDescription.tsx,1,20,0,20,1,1,2024-07-23,2024-07-23,457,20.0,1.0,0,0.0,1.0
src/frontend/src/stores/recording.ts,1,20,0,20,1,1,2025-04-07,2025-04-07,199,20.0,1.0,0,0.0,1.0
src/frontend/src/utils/useIsMobile.ts,1,20,0,20,1,1,2024-12-12,2024-12-12,315,20.0,1.0,0,0.0,1.0
src/frontend/src/features/rooms/index.ts,8,14,5,19,2,8,2024-07-11,2025-05-06,170,2.375,0.75,0,0.0,0.3157894736842105
src/frontend/src/features/rooms/livekit/api/lowerHandParticipants.ts,2,19,0,19,1,2,2024-09-03,2024-09-15,403,9.5,1.0,1,0.5,0.9473684210526315
src/frontend/src/primitives/Bold.tsx,2,12,7,19,1,2,2024-07-02,2024-07-11,469,9.5,1.0,0,0.0,0.5263157894736842
src/frontend/src/features/rooms/api/muteParticipants.ts,1,19,0,19,1,1,2025-08-27,2025-08-27,57,19.0,1.0,0,0.0,1.0
src/frontend/src/navigation/getRoutePath.ts,1,19,0,19,1,1,2024-07-26,2024-07-26,454,19.0,1.0,0,0.0,1.0
src/summary/summary/security.py,1,19,0,19,1,1,2024-11-22,2024-11-22,335,19.0,1.0,0,0.0,1.0
src/frontend/src/features/auth/utils/authUrl.ts,4,14,4,18,2,4,2024-07-11,2024-08-06,443,4.5,0.5,0,0.0,0.2777777777777778
src/backend/core/tests/conftest.py,3,17,1,18,2,3,2024-01-09,2024-07-30,450,6.0,0.6666666666666666,1,0.3333333333333333,0.8333333333333334
src/frontend/src/stores/participants.ts,2,9,9,18,1,2,2024-08-12,2024-09-18,400,9.0,1.0,0,0.0,0.5
src/backend/core/migrations/0003_alter_room_configuration.py,1,18,0,18,1,1,2024-08-02,2024-08-02,447,18.0,1.0,1,1.0,1.0
src/backend/core/migrations/0004_alter_user_language.py,1,18,0,18,1,1,2024-08-07,2024-08-07,442,18.0,1.0,0,0.0,1.0
src/backend/core/migrations/0007_recording_mode.py,1,18,0,18,1,1,2024-11-08,2024-11-08,349,18.0,1.0,0,0.0,1.0
src/backend/core/migrations/0009_alter_recording_status.py,1,18,0,18,1,1,2024-12-02,2024-12-02,325,18.0,1.0,0,0.0,1.0
src/backend/core/migrations/0012_alter_room_access_level.py,1,18,0,18,1,1,2025-03-04,2025-03-04,233,18.0,1.0,0,0.0,1.0
src/backend/core/migrations/0013_alter_user_language.py,1,18,0,18,1,1,2025-04-22,2025-04-22,184,18.0,1.0,0,0.0,1.0
src/backend/demo/data/template/css.txt,1,18,0,18,1,1,2024-01-09,2024-01-09,653,18.0,1.0,0,0.0,1.0
src/backend/demo/tests/test_commands_create_demo.py,1,18,0,18,1,1,2024-01-09,2024-01-09,653,18.0,1.0,0,0.0,1.0
src/frontend/src/components/icons/BlurOnStrong.tsx,1,18,0,18,1,1,2025-01-31,2025-01-31,265,18.0,1.0,0,0.0,1.0
src/frontend/src/features/rooms/livekit/hooks/useResolveDefaultDevice.ts,1,18,0,18,1,1,2025-08-11,2025-08-11,73,18.0,1.0,1,1.0,1.0
src/frontend/src/primitives/Link.tsx,1,18,0,18,1,1,2024-07-11,2024-07-11,469,18.0,1.0,0,0.0,1.0
src/frontend/visio/.eslintrc.cjs,1,18,0,18,1,1,2024-06-24,2024-06-24,486,18.0,1.0,0,0.0,1.0
src/frontend/index.html,6,10,7,17,2,6,2024-07-01,2025-09-08,45,2.8333333333333335,0.8333333333333334,1,0.16666666666666666,0.35294117647058826
src/helm/meet/templates/ingress_admin.yaml,2,9,8,17,2,2,2024-07-02,2025-07-31,84,8.5,0.5,0,0.0,0.9411764705882353
UPGRADE.md,1,17,0,17,1,1,2024-01-09,2024-01-09,653,17.0,1.0,0,0.0,1.0
src/backend/core/recording/event/exceptions.py,1,17,0,17,1,1,2024-11-08,2024-11-08,349,17.0,1.0,0,0.0,1.0
src/backend/impress/wsgi.py,1,17,0,17,1,1,2024-01-09,2024-01-09,653,17.0,1.0,0,0.0,1.0
src/frontend/src/features/rooms/livekit/hooks/useCanPublishTrack.ts,1,17,0,17,1,1,2025-08-28,2025-08-28,56,17.0,1.0,0,0.0,1.0
src/frontend/src/features/rooms/livekit/hooks/useHasTranscriptAccess.ts,1,17,0,17,1,1,2024-12-03,2024-12-03,324,17.0,1.0,0,0.0,1.0
src/sdk/library/CONTRIBUTING.md,1,17,0,17,1,1,2025-02-10,2025-02-10,255,17.0,1.0,0,0.0,1.0
src/summary/summary/api/health.py,1,17,0,17,1,1,2024-11-29,2024-11-29,328,17.0,1.0,0,0.0,1.0
src/frontend/src/vite-env.d.ts,5,12,4,16,2,4,2024-07-01,2025-06-06,139,3.2,0.8,0,0.0,0.5
src/backend/setup.py,3,8,8,16,2,3,2024-01-09,2024-07-30,450,5.333333333333333,0.6666666666666666,0,0.0,0.4375
src/frontend/src/features/notifications/NotificationDuration.ts,3,16,0,16,2,3,2025-02-14,2025-05-26,150,5.333333333333333,0.6666666666666666,0,0.0,0.875
src/frontend/src/locales/fr/sdk.json,3,13,3,16,2,3,2025-02-10,2025-04-16,190,5.333333333333333,0.6666666666666666,0,0.0,0.5625
src/helm/extra/templates/postgresql.yaml,3,8,8,16,3,3,2024-01-09,2024-12-20,307,5.333333333333333,0.3333333333333333,0,0.0,0.4375
src/frontend/src/features/rooms/livekit/hooks/useRoomData.ts,2,13,3,16,1,2,2024-08-29,2025-02-11,254,8.0,1.0,1,0.5,0.75
src/tsclient/scripts/openapi-typescript-codegen/generate_api_client_local.sh,2,8,8,16,2,2,2024-01-09,2024-07-25,455,8.0,0.5,0,0.0,0.5
docker/files/usr/local/etc/gunicorn/impress.py,1,16,0,16,1,1,2024-01-09,2024-01-09,653,16.0,1.0,0,0.0,1.0
src/frontend/src/components/icons/BlurOn.tsx,1,16,0,16,1,1,2025-01-31,2025-01-31,265,16.0,1.0,0,0.0,1.0
src/frontend/src/utils/languages.ts,1,16,0,16,1,1,2025-04-22,2025-04-22,184,16.0,1.0,0,0.0,1.0
src/sdk/library/src/Types.ts,3,15,0,15,2,3,2025-02-10,2025-04-03,203,5.0,0.6666666666666666,1,0.3333333333333333,0.4666666666666667
bin/validate-helm-configuration.sh,2,14,1,15,2,2,2024-09-23,2025-01-13,283,7.5,0.5,0,0.0,0.8666666666666667
env.d/development/kc_postgresql.dist,2,13,2,15,2,2,2024-01-09,2024-07-01,479,7.5,0.5,0,0.0,0.7333333333333333
env.d/development/postgresql.dist,2,13,2,15,2,2,2024-01-09,2024-07-01,479,7.5,0.5,0,0.0,0.7333333333333333
src/frontend/src/features/recording/types.ts,2,15,0,15,1,2,2025-04-10,2025-04-17,189,7.5,1.0,1,0.5,0.7333333333333333
src/helm/meet/templates/backend_job.yaml,2,8,7,15,2,2,2024-07-02,2024-09-24,394,7.5,0.5,1,0.5,0.8
src/frontend/src/features/auth/api/updateUserPreferences.ts,1,15,0,15,1,1,2025-04-22,2025-04-22,184,15.0,1.0,0,0.0,1.0
src/frontend/src/features/rooms/livekit/hooks/useIsRecordingTransitioning.ts,1,15,0,15,1,1,2025-04-07,2025-04-07,199,15.0,1.0,0,0.0,1.0
src/helm/env.d/dev-keycloak/values.secrets.yaml,3,13,1,14,2,3,2024-12-06,2025-08-25,59,4.666666666666667,0.6666666666666666,1,0.3333333333333333,0.7142857142857143
bin/update_openapi_schema,2,13,1,14,2,2,2024-01-09,2024-07-01,479,7.0,0.5,0,0.0,0.8571428571428571
src/frontend/src/locales/en/sdk.json,2,12,2,14,2,2,2025-02-10,2025-03-28,209,7.0,0.5,0,0.0,0.6428571428571429
src/frontend/src/locales/nl/sdk.json,2,12,2,14,2,2,2025-03-04,2025-03-28,209,7.0,0.5,0,0.0,0.6428571428571429
src/helm/env.d/dev-dinum/values.secrets.yaml,2,13,1,14,1,2,2025-06-26,2025-08-25,59,7.0,1.0,1,0.5,0.8571428571428571
src/helm/extra/templates/keydb.yaml,2,7,7,14,2,2,2024-01-09,2024-12-20,307,7.0,0.5,0,0.0,0.5
src/helm/extra/templates/summary_keydb.yaml,2,7,7,14,2,2,2024-11-25,2024-12-20,307,7.0,0.5,0,0.0,0.5
src/summary/summary/core/celery_config.py,2,13,1,14,1,2,2025-07-17,2025-07-18,97,7.0,1.0,0,0.0,0.7857142857142857
src/backend/core/migrations/0002_create_pg_trgm_extension.py,1,14,0,14,1,1,2024-01-09,2024-01-09,653,14.0,1.0,0,0.0,1.0
src/frontend/src/components/BackToHome.tsx,1,14,0,14,1,1,2024-07-29,2024-07-29,451,14.0,1.0,0,0.0,1.0
src/frontend/src/features/rooms/livekit/hooks/useHasScreenRecordingAccess.ts,1,9,5,14,1,1,2025-04-07,2025-04-07,199,14.0,1.0,0,0.0,1.0
src/frontend/src/utils/translation.ts,1,14,0,14,1,1,2025-08-09,2025-08-09,75,14.0,1.0,0,0.0,1.0
src/helm/meet/templates/media_svc.yaml,1,14,0,14,1,1,2025-04-14,2025-04-14,192,14.0,1.0,0,0.0,1.0
src/backend/meet/celery_app.py,3,7,6,13,1,3,2024-07-01,2025-06-23,122,4.333333333333333,1.0,1,0.3333333333333333,0.46153846153846156
docker/files/etc/nginx/conf.d/default.conf,1,13,0,13,1,1,2024-01-09,2024-01-09,653,13.0,1.0,0,0.0,1.0
src/frontend/src/features/subtitle/hooks/useAreSubtitlesAvailable.ts,1,13,0,13,1,1,2025-08-14,2025-08-14,70,13.0,1.0,0,0.0,1.0
src/frontend/visio/index.html,1,13,0,13,1,1,2024-06-24,2024-06-24,486,13.0,1.0,0,0.0,1.0
src/frontend/visio/tsconfig.node.json,1,13,0,13,1,1,2024-06-24,2024-06-24,486,13.0,1.0,0,0.0,1.0
src/sdk/consumer/index.html,1,13,0,13,1,1,2025-02-10,2025-02-10,255,13.0,1.0,0,0.0,1.0
src/sdk/library/tsconfig.node.json,1,13,0,13,1,1,2025-02-10,2025-02-10,255,13.0,1.0,0,0.0,1.0
src/helm/meet/templates/backend_job_migrate.yaml,5,5,7,12,3,4,2025-04-22,2025-08-23,61,2.4,0.6,1,0.2,0.3333333333333333
src/backend/core/services/marketing.py,4,8,4,12,1,3,2025-03-07,2025-05-28,148,3.0,1.0,1,0.25,0.5833333333333334
.sops.yaml,3,12,0,12,1,3,2024-07-12,2024-10-02,386,4.0,1.0,0,0.0,0.8333333333333334
src/frontend/i18next-parser.config.json,3,10,2,12,2,3,2024-07-18,2025-03-04,233,4.0,0.6666666666666666,0,0.0,0.5833333333333334
src/helm/env.d/dev/values.secrets.yaml,3,11,1,12,2,3,2024-12-20,2025-08-25,59,4.0,0.6666666666666666,1,0.3333333333333333,0.6666666666666666
.github/ISSUE_TEMPLATE.md,2,6,6,12,2,2,2024-01-09,2024-07-01,479,6.0,0.5,0,0.0,0.5
src/frontend/src/api/fetchRoom.ts,2,6,6,12,1,2,2024-07-02,2024-07-11,469,6.0,1.0,0,0.0,0.5
src/frontend/src/api/fetchUser.ts,2,6,6,12,1,2,2024-07-02,2024-07-11,469,6.0,1.0,0,0.0,0.5
src/frontend/src/features/recording/hooks/useIsRecordingStarted.ts,2,0,12,12,1,1,2025-04-10,2025-04-10,196,6.0,1.0,0,0.0,1.0
src/frontend/src/features/rooms/navigation/navigateToNewRoom.ts,2,6,6,12,1,2,2024-07-11,2024-07-25,455,6.0,1.0,0,0.0,0.5
src/frontend/src/primitives/Separator.tsx,2,11,1,12,1,2,2024-09-16,2025-01-21,275,6.0,1.0,0,0.0,0.8333333333333334
src/helm/extra/templates/secrets.yaml,2,12,0,12,2,2,2024-01-09,2024-07-10,470,6.0,0.5,0,0.0,0.8333333333333334
src/frontend/src/features/rooms/livekit/hooks/useIsRecordingStarted.ts,1,12,0,12,1,1,2025-04-07,2025-04-07,199,12.0,1.0,0,0.0,1.0
src/frontend/src/features/rooms/livekit/hooks/useResolveInitiallyDefaultDeviceId.ts,1,8,4,12,1,1,2025-08-13,2025-08-13,71,12.0,1.0,0,0.0,1.0
src/frontend/src/features/rooms/utils/getParticipantIsRoomAdmin.ts,1,12,0,12,1,1,2025-08-27,2025-08-27,57,12.0,1.0,0,0.0,1.0
src/frontend/src/features/rooms/utils/isSubsetOf.ts,1,12,0,12,1,1,2025-08-27,2025-08-27,57,12.0,1.0,0,0.0,1.0
src/frontend/src/stores/settings.ts,1,12,0,12,1,1,2025-08-22,2025-08-22,62,12.0,1.0,0,0.0,1.0
src/frontend/src/api/ApiRoom.ts,2,11,0,11,2,2,2024-07-02,2024-07-10,470,5.5,0.5,0,0.0,0.9090909090909091
.github/PULL_REQUEST_TEMPLATE.md,1,11,0,11,1,1,2024-01-09,2024-01-09,653,11.0,1.0,0,0.0,1.0
src/frontend/src/api/ApiError.ts,1,11,0,11,1,1,2024-07-02,2024-07-02,478,11.0,1.0,0,0.0,1.0
src/frontend/src/api/mediaUrl.ts,1,11,0,11,1,1,2025-04-17,2025-04-17,189,11.0,1.0,0,0.0,1.0
src/frontend/src/features/rooms/livekit/hooks/useIsTranscriptEnabled.ts,1,11,0,11,1,1,2024-12-03,2024-12-03,324,11.0,1.0,0,0.0,1.0
src/frontend/src/navigation/getRouteUrl.ts,1,11,0,11,1,1,2024-07-26,2024-07-26,454,11.0,1.0,0,0.0,1.0
src/frontend/src/stores/keyboardShortcuts.ts,1,11,0,11,1,1,2024-09-27,2024-09-27,391,11.0,1.0,0,0.0,1.0
src/frontend/visio/tsconfig.json,1,11,0,11,1,1,2024-06-24,2024-06-24,486,11.0,1.0,0,0.0,1.0
src/mail/html-to-text.config.json,1,11,0,11,1,1,2024-01-09,2024-01-09,653,11.0,1.0,0,0.0,1.0
src/sdk/library/.changeset/config.json,1,11,0,11,1,1,2025-02-10,2025-02-10,255,11.0,1.0,0,0.0,1.0
src/sdk/library/tsconfig.json,1,11,0,11,1,1,2025-02-10,2025-02-10,255,11.0,1.0,0,0.0,1.0
src/frontend/src/features/auth/index.ts,8,7,3,10,2,8,2024-07-11,2025-04-22,184,1.25,0.5,1,0.125,0.2
docker/livekit/Dockerfile,3,8,2,10,1,3,2025-03-06,2025-09-09,44,3.3333333333333335,1.0,0,0.0,0.6
src/backend/meet/wsgi.py,2,5,5,10,1,2,2024-07-01,2025-06-23,122,5.0,1.0,0,0.0,0.6
src/frontend/public/assets/icon.svg,2,5,5,10,1,2,2024-12-02,2025-09-08,45,5.0,1.0,1,0.5,0.5
src/frontend/src/features/rooms/livekit/api/buildServerApiUrl.ts,2,5,5,10,1,2,2024-08-29,2025-08-26,58,5.0,1.0,0,0.0,0.5
src/frontend/src/features/rooms/navigation/navigateToRoom.ts,2,5,5,10,1,2,2024-07-24,2024-07-25,455,5.0,1.0,0,0.0,0.5
src/frontend/src/primitives/AlertDialog.tsx,2,5,5,10,1,2,2024-07-21,2024-07-24,456,5.0,1.0,0,0.0,0.5
src/frontend/src/primitives/Ul.tsx,2,9,1,10,1,2,2024-07-23,2024-08-06,443,5.0,1.0,1,0.5,0.8
src/frontend/src/utils/createRandomRoom.ts,2,5,5,10,1,2,2024-07-02,2024-07-11,469,5.0,1.0,0,0.0,0.5
src/backend/core/recording/enums.py,1,10,0,10,1,1,2025-04-11,2025-04-11,195,10.0,1.0,0,0.0,1.0
src/backend/demo/data/template/code.txt,1,10,0,10,1,1,2024-01-09,2024-01-09,653,10.0,1.0,0,0.0,1.0
src/frontend/src/primitives/useCloseDialog.tsx,1,10,0,10,1,1,2024-07-24,2024-07-24,456,10.0,1.0,0,0.0,1.0
src/frontend/src/utils/slugify.ts,1,10,0,10,1,1,2024-07-02,2024-07-02,478,10.0,1.0,0,0.0,1.0
src/frontend/visio/src/main.tsx,1,10,0,10,1,1,2024-06-24,2024-06-24,486,10.0,1.0,0,0.0,1.0
src/frontend/visio/vite.config.ts,1,10,0,10,1,1,2024-06-24,2024-06-24,486,10.0,1.0,0,0.0,1.0
src/helm/impress/generate-readme.sh,1,10,0,10,1,1,2024-01-09,2024-01-09,653,10.0,1.0,0,0.0,1.0
src/sdk/consumer/src/main.tsx,1,10,0,10,1,1,2025-02-10,2025-02-10,255,10.0,1.0,0,0.0,1.0
src/frontend/src/features/notifications/NotificationPayload.ts,2,9,0,9,2,2,2025-02-18,2025-08-28,56,4.5,0.5,0,0.0,0.8888888888888888
src/frontend/src/features/recording/api/startRecording.ts,2,3,6,9,1,2,2025-04-10,2025-04-25,181,4.5,1.0,0,0.0,0.8888888888888888
docker/livekit/egress-example/room-composite-file.json,1,9,0,9,1,1,2024-07-05,2024-07-05,475,9.0,1.0,0,0.0,1.0
src/frontend/src/hooks/usePrevious.ts,1,9,0,9,1,1,2025-03-05,2025-03-05,232,9.0,1.0,0,0.0,1.0
src/frontend/src/navigation/getRouteByName.ts,1,9,0,9,1,1,2024-07-25,2024-07-25,455,9.0,1.0,0,0.0,1.0
src/frontend/src/stores/ScreenSharePreferences.ts,1,9,0,9,1,1,2025-02-13,2025-02-13,252,9.0,1.0,0,0.0,1.0
src/frontend/src/stores/chat.ts,1,9,0,9,1,1,2024-10-14,2024-10-14,374,9.0,1.0,0,0.0,1.0
src/frontend/src/stores/connectionObserver.ts,1,9,0,9,1,1,2025-10-16,2025-10-16,7,9.0,1.0,0,0.0,1.0
src/frontend/src/stores/hints.ts,1,9,0,9,1,1,2025-03-04,2025-03-04,233,9.0,1.0,0,0.0,1.0
src/frontend/src/stores/konami.ts,1,9,0,9,1,1,2025-04-30,2025-04-30,176,9.0,1.0,0,0.0,1.0
src/mail/bin/mjml-to-html,1,9,0,9,1,1,2024-01-09,2024-01-09,653,9.0,1.0,0,0.0,1.0
src/mail/mjml/partial/footer.mjml,1,9,0,9,1,1,2024-01-09,2024-01-09,653,9.0,1.0,0,0.0,1.0
src/sdk/library/src/vite-env.d.ts,1,9,0,9,1,1,2025-02-10,2025-02-10,255,9.0,1.0,0,0.0,1.0
src/summary/summary/api/main.py,1,9,0,9,1,1,2024-11-29,2024-11-29,328,9.0,1.0,0,0.0,1.0
src/frontend/tsconfig.app.json,2,6,2,8,2,2,2024-07-01,2024-07-02,478,4.0,0.5,0,0.0,1.0
bin/pytest,1,8,0,8,1,1,2024-01-09,2024-01-09,653,8.0,1.0,0,0.0,1.0
src/frontend/public/assets/marianne.svg,1,8,0,8,1,1,2024-12-02,2024-12-02,325,8.0,1.0,0,0.0,1.0
src/frontend/src/features/home/components/JoinMeetingDialogContent.tsx,1,4,4,8,1,1,2024-07-24,2024-07-24,456,8.0,1.0,0,0.0,1.0
src/frontend/src/features/sdk/hooks/useIsSdkContext.ts,1,8,0,8,1,1,2025-04-28,2025-04-28,178,8.0,1.0,0,0.0,1.0
src/helm/meet/templates/backend_svc.yaml,1,4,4,8,1,1,2024-07-02,2024-07-02,478,8.0,1.0,0,0.0,1.0
src/helm/meet/templates/frontend_svc.yaml,1,4,4,8,1,1,2024-07-02,2024-07-02,478,8.0,1.0,0,0.0,1.0
src/sdk/library/.changeset/README.md,1,8,0,8,1,1,2025-02-10,2025-02-10,255,8.0,1.0,0,0.0,1.0
src/frontend/src/features/analytics/enums.ts,4,7,0,7,1,3,2025-04-10,2025-08-14,70,1.75,1.0,0,0.0,0.5714285714285714
src/frontend/src/features/recording/hooks/useHasRecordingAccess.ts,3,4,3,7,1,1,2025-04-10,2025-04-10,196,2.3333333333333335,1.0,0,0.0,0.42857142857142855
env.d/development/crowdin.dist,2,5,2,7,2,2,2024-01-09,2024-07-19,461,3.5,0.5,0,0.0,0.5714285714285714
src/frontend/src/features/analytics/hooks/useAnalytics.ts,2,4,3,7,1,2,2024-12-03,2025-03-28,209,3.5,1.0,0,0.0,1.0
src/frontend/src/utils/storageKeys.tsx,2,7,0,7,1,2,2024-12-06,2025-10-22,1,3.5,1.0,0,0.0,0.8571428571428571
src/helm/extra/Chart.yaml,2,6,1,7,2,2,2024-01-09,2024-07-02,478,3.5,0.5,0,0.0,0.7142857142857143
docker/livekit/config/livekit-egress.yaml,1,7,0,7,1,1,2024-07-05,2024-07-05,475,7.0,1.0,0,0.0,1.0
docs/examples/postgresql.values.yaml,1,7,0,7,1,1,2024-12-23,2024-12-23,304,7.0,1.0,0,0.0,1.0
src/frontend/@types/react-query.d.ts,1,7,0,7,1,1,2024-07-02,2024-07-02,478,7.0,1.0,0,0.0,1.0
src/frontend/src/features/rooms/livekit/hooks/useCanMute.ts,1,7,0,7,1,1,2025-08-27,2025-08-27,57,7.0,1.0,0,0.0,1.0
src/frontend/src/features/settings/type.ts,1,7,0,7,1,1,2025-08-21,2025-08-21,63,7.0,1.0,0,0.0,1.0
src/frontend/src/navigation/useMatchesRoute.ts,1,7,0,7,1,1,2024-07-25,2024-07-25,455,7.0,1.0,0,0.0,1.0
src/frontend/src/utils/capitalize.ts,1,7,0,7,1,1,2024-08-12,2024-08-12,437,7.0,1.0,0,0.0,1.0
src/sdk/consumer/.vite/deps/chunk-DEZHIYJM.js.map,1,7,0,7,1,1,2025-02-10,2025-02-10,255,7.0,1.0,0,0.0,1.0
src/sdk/consumer/.vite/deps/react-dom_client.js.map,1,7,0,7,1,1,2025-02-10,2025-02-10,255,7.0,1.0,0,0.0,1.0
src/sdk/consumer/.vite/deps/react.js.map,1,7,0,7,1,1,2025-02-10,2025-02-10,255,7.0,1.0,0,0.0,1.0
src/sdk/consumer/.vite/deps/react_jsx-dev-runtime.js.map,1,7,0,7,1,1,2025-02-10,2025-02-10,255,7.0,1.0,0,0.0,1.0
src/sdk/consumer/tsconfig.json,1,7,0,7,1,1,2025-02-10,2025-02-10,255,7.0,1.0,0,0.0,1.0
src/sdk/consumer/vite.config.ts,1,7,0,7,1,1,2025-02-10,2025-02-10,255,7.0,1.0,0,0.0,1.0
src/sdk/library/CHANGELOG.md,1,7,0,7,1,1,2025-02-10,2025-02-10,255,7.0,1.0,0,0.0,1.0
src/frontend/.env.development,4,4,2,6,1,3,2024-07-02,2025-06-06,139,1.5,1.0,0,0.0,0.3333333333333333
src/frontend/src/features/auth/api/ApiUser.ts,3,6,0,6,2,3,2024-07-11,2025-04-22,184,2.0,0.6666666666666666,0,0.0,0.6666666666666666
.gitmodules,2,3,3,6,2,2,2024-01-09,2025-03-21,216,3.0,0.5,0,0.0,0.5
scripts/updatekeys.sh,2,3,3,6,2,2,2024-01-09,2024-08-05,444,3.0,0.5,0,0.0,0.5
bin/compose,1,6,0,6,1,1,2024-01-09,2024-01-09,653,6.0,1.0,0,0.0,1.0
bin/manage,1,6,0,6,1,1,2024-01-09,2024-01-09,653,6.0,1.0,0,0.0,1.0
docker/dinum-frontend/logo.svg,1,6,0,6,1,1,2025-06-26,2025-06-26,119,6.0,1.0,0,0.0,1.0
docs/features/calendar_integrations.md,1,6,0,6,1,1,2025-10-06,2025-10-06,17,6.0,1.0,0,0.0,1.0
src/frontend/src/assets/logo.svg,1,6,0,6,1,1,2024-12-02,2024-12-02,325,6.0,1.0,0,0.0,1.0
src/frontend/src/features/analytics/hooks/useIsAnalyticsEnabled.ts,1,6,0,6,1,1,2024-12-03,2024-12-03,324,6.0,1.0,0,0.0,1.0
src/frontend/src/features/rooms/livekit/components/FocusLayout.tsx,1,6,0,6,1,1,2024-08-22,2024-08-22,427,6.0,1.0,0,0.0,1.0
src/frontend/src/features/rooms/livekit/hooks/useIsAdminOrOwner.ts,1,6,0,6,1,1,2024-12-03,2024-12-03,324,6.0,1.0,0,0.0,1.0
src/frontend/src/features/rooms/livekit/hooks/useRoomId.ts,1,6,0,6,1,1,2024-12-03,2024-12-03,324,6.0,1.0,0,0.0,1.0
src/frontend/.eslintrc.cjs,4,4,1,5,2,4,2024-07-01,2024-08-06,443,1.25,0.75,0,0.0,0.4
src/backend/MANIFEST.in,2,4,1,5,2,2,2024-01-09,2024-07-01,479,2.5,0.5,0,0.0,0.6
src/frontend/src/api/queryClient.ts,2,4,1,5,1,2,2024-08-04,2024-08-06,443,2.5,1.0,0,0.0,0.6
src/frontend/src/features/home/navigation/navigateToHome.ts,2,0,5,5,1,2,2024-07-20,2024-07-25,455,2.5,1.0,0,0.0,1.0
docker/livekit/config/livekit-server.yaml,1,5,0,5,1,1,2024-07-05,2024-07-05,475,5.0,1.0,0,0.0,1.0
src/backend/demo/defaults.py,1,5,0,5,1,1,2024-01-09,2024-01-09,653,5.0,1.0,0,0.0,1.0
src/frontend/.prettierrc,1,5,0,5,1,1,2024-07-02,2024-07-02,478,5.0,1.0,0,0.0,1.0
src/frontend/postcss.config.cjs,1,5,0,5,1,1,2024-07-02,2024-07-02,478,5.0,1.0,0,0.0,1.0
src/frontend/public/assets/devise.svg,1,5,0,5,1,1,2024-12-02,2024-12-02,325,5.0,1.0,0,0.0,1.0
src/frontend/src/features/auth/utils/logoutUrl.ts,1,5,0,5,1,1,2024-07-17,2024-07-17,463,5.0,1.0,0,0.0,1.0
src/frontend/src/features/rooms/utils/getParticipantName.ts,1,5,0,5,1,1,2025-08-14,2025-08-14,70,5.0,1.0,0,0.0,1.0
src/frontend/src/navigation/navigateToHome.ts,1,5,0,5,1,1,2024-07-11,2024-07-11,469,5.0,1.0,0,0.0,1.0
src/frontend/src/primitives/Italic.tsx,1,5,0,5,1,1,2024-07-11,2024-07-11,469,5.0,1.0,0,0.0,1.0
src/sdk/consumer/src/App.css,1,5,0,5,1,1,2025-02-10,2025-02-10,255,5.0,1.0,0,0.0,1.0
src/sdk/library/.prettierrc,1,5,0,5,1,1,2025-02-10,2025-02-10,255,5.0,1.0,0,0.0,1.0
src/frontend/src/api/queryKeys.ts,5,4,0,4,2,5,2024-07-11,2025-03-28,209,0.8,0.8,0,0.0,0.25
src/helm/env.d/production/secrets.enc.yaml,3,2,2,4,2,3,2024-01-09,2024-12-20,307,1.3333333333333333,0.6666666666666666,0,0.0,0.5
src/helm/env.d/staging/secrets.enc.yaml,3,2,2,4,2,3,2024-01-09,2024-12-20,307,1.3333333333333333,0.6666666666666666,0,0.0,0.5
src/helm/meet/generate-readme.sh,3,2,2,4,1,2,2024-07-02,2025-01-13,283,1.3333333333333333,1.0,0,0.0,0.5
LICENSES/LICENSE.MIT.md,2,2,2,4,2,2,2025-03-15,2025-03-29,208,2.0,0.5,1,0.5,0.5
src/frontend/.gitignore,2,4,0,4,2,2,2024-07-01,2024-07-02,478,2.0,0.5,0,0.0,1.0
docs/features/subtitles.md,1,4,0,4,1,1,2025-09-29,2025-09-29,24,4.0,1.0,0,0.0,1.0
docs/features/summarization.md,1,4,0,4,1,1,2025-09-29,2025-09-29,24,4.0,1.0,0,0.0,1.0
scripts/update-git-submodule.sh,1,4,0,4,1,1,2024-01-09,2024-01-09,653,4.0,1.0,0,0.0,1.0
src/frontend/src/api/ApiUser.ts,1,4,0,4,1,1,2024-07-02,2024-07-02,478,4.0,1.0,0,0.0,1.0
src/frontend/src/features/rooms/livekit/hooks/useIsRecordingModeEnabled.ts,1,2,2,4,1,1,2025-04-07,2025-04-07,199,4.0,1.0,0,0.0,1.0
src/frontend/src/features/shortcuts/types.ts,1,4,0,4,1,1,2024-09-27,2024-09-27,391,4.0,1.0,0,0.0,1.0
src/frontend/src/queries/keys.ts,1,4,0,4,1,1,2024-07-02,2024-07-02,478,4.0,1.0,0,0.0,1.0
src/helm/impress/Chart.yaml,1,4,0,4,1,1,2024-01-09,2024-01-09,653,4.0,1.0,0,0.0,1.0
src/sdk/consumer/.vite/deps/react.js,1,4,0,4,1,1,2025-02-10,2025-02-10,255,4.0,1.0,0,0.0,1.0
src/frontend/src/features/home/index.ts,2,2,1,3,1,2,2024-07-20,2024-07-25,455,1.5,1.0,0,0.0,0.6666666666666666
src/frontend/src/features/notifications/index.ts,2,3,0,3,1,2,2025-04-10,2025-05-26,150,1.5,1.0,0,0.0,0.6666666666666666
src/frontend/src/features/recording/api/stopRecording.ts,2,2,1,3,1,2,2025-04-10,2025-04-25,181,1.5,1.0,0,0.0,0.6666666666666666
src/frontend/src/main.tsx,2,1,2,3,2,2,2024-07-01,2024-07-02,478,1.5,0.5,0,0.0,1.0
src/frontend/tsconfig.node.json,2,2,1,3,1,2,2024-07-01,2024-07-02,478,1.5,1.0,0,0.0,1.0
bin/updatekeys.sh,1,3,0,3,1,1,2024-01-09,2024-01-09,653,3.0,1.0,0,0.0,1.0
docs/examples/redis.values.yaml,1,3,0,3,1,1,2024-12-23,2024-12-23,304,3.0,1.0,0,0.0,1.0
env.d/development/common.e2e.dist,1,3,0,3,1,1,2024-01-09,2024-01-09,653,3.0,1.0,0,0.0,1.0
src/frontend/public/assets/link-grey.svg,1,3,0,3,1,1,2024-12-02,2024-12-02,325,3.0,1.0,0,0.0,1.0
src/frontend/src/primitives/Div.tsx,1,3,0,3,1,1,2024-07-11,2024-07-11,469,3.0,1.0,0,0.0,1.0
src/sdk/consumer/.vite/deps/package.json,1,3,0,3,1,1,2025-02-10,2025-02-10,255,3.0,1.0,0,0.0,1.0
src/sdk/library/src/Config.ts,1,3,0,3,1,1,2025-02-10,2025-02-10,255,3.0,1.0,0,0.0,1.0
src/sdk/library/src/index.tsx,1,3,0,3,1,1,2025-02-10,2025-02-10,255,3.0,1.0,0,0.0,1.0
bin/install-hooks.sh,2,1,1,2,1,2,2024-08-05,2025-01-13,283,1.0,1.0,0,0.0,1.0
bin/update-git-submodule.sh,2,1,1,2,1,2,2024-08-05,2025-01-13,283,1.0,1.0,0,0.0,1.0
bin/update-keys.sh,2,1,1,2,1,2,2024-08-05,2025-01-13,283,1.0,1.0,0,0.0,1.0
src/frontend/src/assets/play-icon.svg,2,1,1,2,2,2,2024-07-02,2025-06-26,119,1.0,0.5,0,0.0,0.5
src/frontend/src/features/recording/hooks/useIsRecordingModeEnabled.ts,2,1,1,2,1,1,2025-04-10,2025-04-10,196,1.0,1.0,0,0.0,1.0
src/frontend/src/features/rooms/livekit/components/controls/Device/PermissionNeededButton.tsx,2,1,1,2,1,2,2025-08-21,2025-09-17,36,1.0,1.0,1,0.5,1.0
src/frontend/src/features/settings/index.ts,2,2,0,2,1,1,2024-07-24,2024-07-24,456,1.0,1.0,0,0.0,0.5
src/helm/env.d/preprod/secrets.enc.yaml,2,1,1,2,2,2,2024-01-09,2024-07-10,470,1.0,0.5,0,0.0,0.5
LICENSE,1,1,1,2,1,1,2024-01-09,2024-01-09,653,2.0,1.0,0,0.0,1.0
docker/files/usr/local/etc/gunicorn/meet.py,1,1,1,2,1,1,2024-07-02,2024-07-02,478,2.0,1.0,1,1.0,1.0
src/backend/meet/urls.py,1,1,1,2,1,1,2024-07-01,2024-07-01,479,2.0,1.0,0,0.0,1.0
src/frontend/src/assets/CameraIcon.tsx,1,1,1,2,1,1,2025-06-26,2025-06-26,119,2.0,1.0,0,0.0,1.0
src/frontend/src/features/rooms/api/lowerHandParticipants.ts,1,1,1,2,1,1,2025-08-26,2025-08-26,58,2.0,1.0,0,0.0,1.0
src/frontend/src/stores/screenSharePreferences.ts,1,1,1,2,1,1,2025-08-22,2025-08-22,62,2.0,1.0,0,0.0,1.0
src/frontend/public/vite.svg,2,0,1,1,2,2,2024-07-01,2024-07-02,478,0.5,0.5,0,0.0,1.0
src/frontend/src/assets/react.svg,2,0,1,1,2,2,2024-07-01,2024-07-02,478,0.5,0.5,0,0.0,1.0
src/backend/core/external_api/__init__.py,1,1,0,1,1,1,2025-10-02,2025-10-02,21,1.0,1.0,0,0.0,1.0
src/backend/core/recording/event/__init__.py,1,1,0,1,1,1,2024-11-08,2024-11-08,349,1.0,1.0,0,0.0,1.0
src/backend/core/recording/worker/__init__.py,1,1,0,1,1,1,2024-11-07,2024-11-07,350,1.0,1.0,0,0.0,1.0
src/frontend/.env.production,1,1,0,1,1,1,2025-06-06,2025-06-06,139,1.0,1.0,0,0.0,1.0
src/frontend/public/site.webmanifest,1,1,0,1,1,1,2025-09-08,2025-09-08,45,1.0,1.0,1,1.0,1.0
src/frontend/visio/public/vite.svg,1,1,0,1,1,1,2024-06-24,2024-06-24,486,1.0,1.0,0,0.0,1.0
src/frontend/visio/src/assets/react.svg,1,1,0,1,1,1,2024-06-24,2024-06-24,486,1.0,1.0,0,0.0,1.0
src/frontend/visio/src/vite-env.d.ts,1,1,0,1,1,1,2024-06-24,2024-06-24,486,1.0,1.0,0,0.0,1.0
src/sdk/consumer/public/vite.svg,1,1,0,1,1,1,2025-02-10,2025-02-10,255,1.0,1.0,0,0.0,1.0
src/sdk/consumer/src/vite-env.d.ts,1,1,0,1,1,1,2025-02-10,2025-02-10,255,1.0,1.0,0,0.0,1.0
src/sdk/library/.env.development,1,1,0,1,1,1,2025-03-28,2025-03-28,209,1.0,1.0,0,0.0,1.0
src/sdk/library/.env.production,1,1,0,1,1,1,2025-02-10,2025-02-10,255,1.0,1.0,0,0.0,1.0
src/sdk/library/public/vite.svg,1,1,0,1,1,1,2025-02-10,2025-02-10,255,1.0,1.0,0,0.0,1.0
src/summary/summary/__init__.py,1,1,0,1,1,1,2024-11-21,2024-11-21,336,1.0,1.0,0,0.0,1.0
src/summary/summary/api/__init__.py,1,1,0,1,1,1,2024-11-29,2024-11-29,328,1.0,1.0,0,0.0,1.0
src/summary/summary/api/route/__init__.py,1,1,0,1,1,1,2024-11-29,2024-11-29,328,1.0,1.0,0,0.0,1.0
src/summary/summary/core/__init__.py,1,1,0,1,1,1,2024-11-29,2024-11-29,328,1.0,1.0,0,0.0,1.0
src/backend/locale/fr_FR/LC_MESSAGES/django.mo,9,0,0,0,2,8,2024-11-22,2025-07-11,104,0.0,0.7777777777777778,0,0.0,0.0
src/backend/locale/en_US/LC_MESSAGES/django.mo,8,0,0,0,2,8,2024-11-22,2025-07-11,104,0.0,0.75,0,0.0,0.0
src/backend/locale/nl_NL/LC_MESSAGES/django.mo,7,0,0,0,1,6,2025-04-22,2025-07-11,104,0.0,1.0,0,0.0,0.0
src/backend/locale/de_DE/LC_MESSAGES/django.mo,4,0,0,0,1,4,2025-05-13,2025-07-11,104,0.0,1.0,0,0.0,0.0
docs/assets/visio-logo.png,2,0,0,0,2,2,2025-03-03,2025-04-03,203,0.0,0.5,0,0.0,0.0
src/backend/__init__.py,2,0,0,0,2,2,2024-01-09,2024-07-30,450,0.0,0.5,1,0.5,0.0
src/frontend/public/fonts/Marianne-Bold-subset.woff2,2,0,0,0,2,2,2024-12-02,2025-06-02,143,0.0,0.5,0,0.0,0.0
src/frontend/public/fonts/Marianne-Bold_Italic-subset.woff2,2,0,0,0,2,2,2024-12-02,2025-06-02,143,0.0,0.5,0,0.0,0.0
src/frontend/public/fonts/Marianne-ExtraBold-subset.woff2,2,0,0,0,2,2,2024-12-02,2025-06-02,143,0.0,0.5,0,0.0,0.0
src/frontend/public/fonts/Marianne-ExtraBold_Italic-subset.woff2,2,0,0,0,2,2,2024-12-02,2025-06-02,143,0.0,0.5,0,0.0,0.0
src/frontend/public/fonts/Marianne-Light-subset.woff2,2,0,0,0,2,2,2024-12-02,2025-06-02,143,0.0,0.5,0,0.0,0.0
src/frontend/public/fonts/Marianne-Light_Italic-subset.woff2,2,0,0,0,2,2,2024-12-02,2025-06-02,143,0.0,0.5,0,0.0,0.0
src/frontend/public/fonts/Marianne-Medium-subset.woff2,2,0,0,0,2,2,2024-12-02,2025-06-02,143,0.0,0.5,0,0.0,0.0
src/frontend/public/fonts/Marianne-Medium_Italic-subset.woff2,2,0,0,0,2,2,2024-12-02,2025-06-02,143,0.0,0.5,0,0.0,0.0
src/frontend/public/fonts/Marianne-Regular-subset.woff2,2,0,0,0,2,2,2024-12-02,2025-06-02,143,0.0,0.5,0,0.0,0.0
src/frontend/public/fonts/Marianne-Regular_Italic-subset.woff2,2,0,0,0,2,2,2024-12-02,2025-06-02,143,0.0,0.5,0,0.0,0.0
src/frontend/public/fonts/Marianne-Thin-subset.woff2,2,0,0,0,2,2,2024-12-02,2025-06-02,143,0.0,0.5,0,0.0,0.0
src/frontend/public/fonts/Marianne-Thin_Italic-subset.woff2,2,0,0,0,2,2,2024-12-02,2025-06-02,143,0.0,0.5,0,0.0,0.0
src/frontend/public/fonts/sourcecodepro-regular-subset.woff2,2,0,0,0,1,2,2024-07-11,2025-06-03,142,0.0,1.0,0,0.0,0.0
src/frontend/public/fonts/sourcesans3-bold-subset.woff2,2,0,0,0,1,2,2024-07-11,2025-06-03,142,0.0,1.0,0,0.0,0.0
src/frontend/public/fonts/sourcesans3-it-subset.woff2,2,0,0,0,1,2,2024-07-11,2025-06-03,142,0.0,1.0,0,0.0,0.0
src/frontend/public/fonts/sourcesans3-regular-subset.woff2,2,0,0,0,1,2,2024-07-11,2025-06-03,142,0.0,1.0,0,0.0,0.0
src/frontend/src/assets/intro-slider/1.png,2,0,0,0,1,1,2024-11-16,2024-11-16,341,0.0,1.0,0,0.0,0.0
src/frontend/src/assets/intro-slider/1_solo.png,2,0,0,0,1,2,2024-11-16,2024-12-02,325,0.0,1.0,0,0.0,0.0
bin/update-openapi-schema,1,0,0,0,1,1,2024-08-05,2024-08-05,444,0.0,1.0,0,0.0,0.0
docker/dinum-frontend/assets/devise.svg,1,0,0,0,1,1,2025-06-26,2025-06-26,119,0.0,1.0,0,0.0,0.0
docker/dinum-frontend/assets/gouvernement.svg,1,0,0,0,1,1,2025-06-26,2025-06-26,119,0.0,1.0,0,0.0,0.0
docker/dinum-frontend/assets/marianne.svg,1,0,0,0,1,1,2025-06-26,2025-06-26,119,0.0,1.0,0,0.0,0.0
docker/dinum-frontend/fonts/Marianne-Bold-subset.woff2,1,0,0,0,1,1,2025-06-26,2025-06-26,119,0.0,1.0,0,0.0,0.0
docker/dinum-frontend/fonts/Marianne-Bold_Italic-subset.woff2,1,0,0,0,1,1,2025-06-26,2025-06-26,119,0.0,1.0,0,0.0,0.0
docker/dinum-frontend/fonts/Marianne-ExtraBold-subset.woff2,1,0,0,0,1,1,2025-06-26,2025-06-26,119,0.0,1.0,0,0.0,0.0
docker/dinum-frontend/fonts/Marianne-ExtraBold_Italic-subset.woff2,1,0,0,0,1,1,2025-06-26,2025-06-26,119,0.0,1.0,0,0.0,0.0
docker/dinum-frontend/fonts/Marianne-Light-subset.woff2,1,0,0,0,1,1,2025-06-26,2025-06-26,119,0.0,1.0,0,0.0,0.0
docker/dinum-frontend/fonts/Marianne-Light_Italic-subset.woff2,1,0,0,0,1,1,2025-06-26,2025-06-26,119,0.0,1.0,0,0.0,0.0
docker/dinum-frontend/fonts/Marianne-Medium-subset.woff2,1,0,0,0,1,1,2025-06-26,2025-06-26,119,0.0,1.0,0,0.0,0.0
docker/dinum-frontend/fonts/Marianne-Medium_Italic-subset.woff2,1,0,0,0,1,1,2025-06-26,2025-06-26,119,0.0,1.0,0,0.0,0.0
docker/dinum-frontend/fonts/Marianne-Regular-subset.woff2,1,0,0,0,1,1,2025-06-26,2025-06-26,119,0.0,1.0,0,0.0,0.0
docker/dinum-frontend/fonts/Marianne-Regular_Italic-subset.woff2,1,0,0,0,1,1,2025-06-26,2025-06-26,119,0.0,1.0,0,0.0,0.0
docker/dinum-frontend/fonts/Marianne-Thin-subset.woff2,1,0,0,0,1,1,2025-06-26,2025-06-26,119,0.0,1.0,0,0.0,0.0
docker/dinum-frontend/fonts/Marianne-Thin_Italic-subset.woff2,1,0,0,0,1,1,2025-06-26,2025-06-26,119,0.0,1.0,0,0.0,0.0
docker/livekit/out/.gitkeep,1,0,0,0,1,1,2024-07-05,2024-07-05,475,0.0,1.0,0,0.0,0.0
docs/assets/banner-meet-fr.png,1,0,0,0,1,1,2025-04-03,2025-04-03,203,0.0,1.0,0,0.0,0.0
docs/installation/kubernetes.md,1,0,0,0,1,1,2025-09-29,2025-09-29,24,0.0,1.0,0,0.0,0.0
src/backend/core/__init__.py,1,0,0,0,1,1,2024-01-09,2024-01-09,653,0.0,1.0,0,0.0,0.0
src/backend/core/authentication/__init__.py,1,0,0,0,1,1,2024-01-09,2024-01-09,653,0.0,1.0,0,0.0,0.0
src/backend/core/migrations/__init__.py,1,0,0,0,1,1,2024-01-09,2024-01-09,653,0.0,1.0,0,0.0,0.0
src/backend/core/recording/__init__.py,1,0,0,0,1,1,2024-11-07,2024-11-07,350,0.0,1.0,0,0.0,0.0
src/backend/core/recording/services/__init__.py,1,0,0,0,1,1,2025-07-15,2025-07-15,100,0.0,1.0,0,0.0,0.0
src/backend/core/services/__init__.py,1,0,0,0,1,1,2024-12-18,2024-12-18,309,0.0,1.0,0,0.0,0.0
src/backend/core/static/images/logo-suite-numerique.png,1,0,0,0,1,1,2024-01-09,2024-01-09,653,0.0,1.0,0,0.0,0.0
src/backend/core/static/images/logo.png,1,0,0,0,1,1,2024-01-09,2024-01-09,653,0.0,1.0,0,0.0,0.0
src/backend/core/static/images/mail-header-background.png,1,0,0,0,1,1,2024-01-09,2024-01-09,653,0.0,1.0,0,0.0,0.0
src/backend/core/templatetags/__init__.py,1,0,0,0,1,1,2024-01-09,2024-01-09,653,0.0,1.0,0,0.0,0.0
src/backend/core/tests/__init__.py,1,0,0,0,1,1,2024-01-09,2024-01-09,653,0.0,1.0,0,0.0,0.0
src/backend/core/tests/authentication/__init__.py,1,0,0,0,1,1,2024-01-09,2024-01-09,653,0.0,1.0,0,0.0,0.0
src/backend/core/tests/recording/__init__.py,1,0,0,0,1,1,2024-11-06,2024-11-06,351,0.0,1.0,0,0.0,0.0
src/backend/core/tests/recording/event/__init__.py,1,0,0,0,1,1,2024-11-08,2024-11-08,349,0.0,1.0,0,0.0,0.0
src/backend/core/tests/recording/service/__init__.py,1,0,0,0,1,1,2025-07-15,2025-07-15,100,0.0,1.0,0,0.0,0.0
src/backend/core/tests/recording/worker/__init__.py,1,0,0,0,1,1,2024-11-07,2024-11-07,350,0.0,1.0,0,0.0,0.0
src/backend/core/tests/rooms/__init__.py,1,0,0,0,1,1,2024-06-24,2024-06-24,486,0.0,1.0,0,0.0,0.0
src/backend/core/tests/services/__init__.py,1,0,0,0,1,1,2024-12-18,2024-12-18,309,0.0,1.0,0,0.0,0.0
src/backend/core/tests/swagger/__init__.py,1,0,0,0,1,1,2024-01-09,2024-01-09,653,0.0,1.0,0,0.0,0.0
src/backend/demo/__init__.py,1,0,0,0,1,1,2024-01-09,2024-01-09,653,0.0,1.0,0,0.0,0.0
src/backend/demo/management/__init__.py,1,0,0,0,1,1,2024-01-09,2024-01-09,653,0.0,1.0,0,0.0,0.0
src/backend/demo/management/commands/__init__.py,1,0,0,0,1,1,2024-01-09,2024-01-09,653,0.0,1.0,0,0.0,0.0
src/backend/demo/tests/__init__.py,1,0,0,0,1,1,2024-01-09,2024-01-09,653,0.0,1.0,0,0.0,0.0
src/backend/impress/__init__.py,1,0,0,0,1,1,2024-01-09,2024-01-09,653,0.0,1.0,0,0.0,0.0
src/backend/meet/__init__.py,1,0,0,0,1,1,2024-07-01,2024-07-01,479,0.0,1.0,0,0.0,0.0
src/frontend/README.md,1,0,0,0,1,1,2024-07-01,2024-07-01,479,0.0,1.0,0,0.0,0.0
src/frontend/public/android-chrome-192x192.png,1,0,0,0,1,1,2025-09-08,2025-09-08,45,0.0,1.0,1,1.0,0.0
src/frontend/public/android-chrome-512x512.png,1,0,0,0,1,1,2025-09-08,2025-09-08,45,0.0,1.0,1,1.0,0.0
src/frontend/public/apple-touch-icon.png,1,0,0,0,1,1,2025-09-08,2025-09-08,45,0.0,1.0,1,1.0,0.0
src/frontend/public/assets/backgrounds/1.jpg,1,0,0,0,1,1,2025-01-31,2025-01-31,265,0.0,1.0,0,0.0,0.0
src/frontend/public/assets/backgrounds/2.jpg,1,0,0,0,1,1,2025-01-31,2025-01-31,265,0.0,1.0,0,0.0,0.0
src/frontend/public/assets/backgrounds/3.jpg,1,0,0,0,1,1,2025-01-31,2025-01-31,265,0.0,1.0,0,0.0,0.0
src/frontend/public/assets/backgrounds/4.jpg,1,0,0,0,1,1,2025-01-31,2025-01-31,265,0.0,1.0,0,0.0,0.0
src/frontend/public/assets/backgrounds/5.jpg,1,0,0,0,1,1,2025-01-31,2025-01-31,265,0.0,1.0,0,0.0,0.0
src/frontend/public/assets/backgrounds/6.jpg,1,0,0,0,1,1,2025-01-31,2025-01-31,265,0.0,1.0,0,0.0,0.0
src/frontend/public/assets/backgrounds/7.jpg,1,0,0,0,1,1,2025-01-31,2025-01-31,265,0.0,1.0,0,0.0,0.0
src/frontend/public/assets/backgrounds/8.jpg,1,0,0,0,1,1,2025-01-31,2025-01-31,265,0.0,1.0,0,0.0,0.0
src/frontend/public/assets/backgrounds/thumbnails/1.jpg,1,0,0,0,1,1,2025-01-31,2025-01-31,265,0.0,1.0,0,0.0,0.0
src/frontend/public/assets/backgrounds/thumbnails/2.jpg,1,0,0,0,1,1,2025-01-31,2025-01-31,265,0.0,1.0,0,0.0,0.0
src/frontend/public/assets/backgrounds/thumbnails/3.jpg,1,0,0,0,1,1,2025-01-31,2025-01-31,265,0.0,1.0,0,0.0,0.0
src/frontend/public/assets/backgrounds/thumbnails/4.jpg,1,0,0,0,1,1,2025-01-31,2025-01-31,265,0.0,1.0,0,0.0,0.0
src/frontend/public/assets/backgrounds/thumbnails/5.jpg,1,0,0,0,1,1,2025-01-31,2025-01-31,265,0.0,1.0,0,0.0,0.0
src/frontend/public/assets/backgrounds/thumbnails/6.jpg,1,0,0,0,1,1,2025-01-31,2025-01-31,265,0.0,1.0,0,0.0,0.0
src/frontend/public/assets/backgrounds/thumbnails/7.jpg,1,0,0,0,1,1,2025-01-31,2025-01-31,265,0.0,1.0,0,0.0,0.0
src/frontend/public/assets/backgrounds/thumbnails/8.jpg,1,0,0,0,1,1,2025-01-31,2025-01-31,265,0.0,1.0,0,0.0,0.0
src/frontend/public/assets/beret.png,1,0,0,0,1,1,2025-03-30,2025-03-30,207,0.0,1.0,0,0.0,0.0
src/frontend/public/assets/glasses.png,1,0,0,0,1,1,2025-03-30,2025-03-30,207,0.0,1.0,0,0.0,0.0
src/frontend/public/assets/intro-slider/1.png,1,0,0,0,1,1,2025-06-26,2025-06-26,119,0.0,1.0,0,0.0,0.0
src/frontend/public/assets/intro-slider/2.png,1,0,0,0,1,1,2025-06-26,2025-06-26,119,0.0,1.0,0,0.0,0.0
src/frontend/public/assets/intro-slider/3.png,1,0,0,0,1,1,2025-06-26,2025-06-26,119,0.0,1.0,0,0.0,0.0
src/frontend/public/assets/intro-slider/4.png,1,0,0,0,1,1,2025-06-26,2025-06-26,119,0.0,1.0,0,0.0,0.0
src/frontend/public/assets/logo-suite-numerique.png,1,0,0,0,1,1,2025-04-10,2025-04-10,196,0.0,1.0,0,0.0,0.0
src/frontend/public/assets/mustache.png,1,0,0,0,1,1,2025-03-30,2025-03-30,207,0.0,1.0,0,0.0,0.0
src/frontend/public/assets/reactions/clapping-hands.png,1,0,0,0,1,1,2025-05-05,2025-05-05,171,0.0,1.0,0,0.0,0.0
src/frontend/public/assets/reactions/face-with-open-mouth.png,1,0,0,0,1,1,2025-05-05,2025-05-05,171,0.0,1.0,0,0.0,0.0
src/frontend/public/assets/reactions/face-with-tears-of-joy.png,1,0,0,0,1,1,2025-05-05,2025-05-05,171,0.0,1.0,0,0.0,0.0
src/frontend/public/assets/reactions/folded-hands.png,1,0,0,0,1,1,2025-05-15,2025-05-15,161,0.0,1.0,0,0.0,0.0
src/frontend/public/assets/reactions/party-popper.png,1,0,0,0,1,1,2025-05-05,2025-05-05,171,0.0,1.0,0,0.0,0.0
src/frontend/public/assets/reactions/red-heart.png,1,0,0,0,1,1,2025-05-05,2025-05-05,171,0.0,1.0,0,0.0,0.0
src/frontend/public/assets/reactions/thumbs-down.png,1,0,0,0,1,1,2025-05-05,2025-05-05,171,0.0,1.0,0,0.0,0.0
src/frontend/public/assets/reactions/thumbs-up.png,1,0,0,0,1,1,2025-05-05,2025-05-05,171,0.0,1.0,0,0.0,0.0
src/frontend/public/favicon-16x16.png,1,0,0,0,1,1,2025-09-08,2025-09-08,45,0.0,1.0,1,1.0,0.0
src/frontend/public/favicon-32x32.png,1,0,0,0,1,1,2025-09-08,2025-09-08,45,0.0,1.0,1,1.0,0.0
src/frontend/public/favicon.ico,1,0,0,0,1,1,2025-09-08,2025-09-08,45,0.0,1.0,1,1.0,0.0
src/frontend/public/icon.png,1,0,0,0,1,1,2025-09-08,2025-09-08,45,0.0,1.0,1,1.0,0.0
src/frontend/public/sounds/notifications.mp3,1,0,0,0,1,1,2024-09-11,2024-09-11,407,0.0,1.0,0,0.0,0.0
src/frontend/public/sounds/uprise.mp3,1,0,0,0,1,1,2024-08-21,2024-08-21,428,0.0,1.0,0,0.0,0.0
src/frontend/src/assets/intro-slider/2_multiple.png,1,0,0,0,1,1,2024-11-16,2024-11-16,341,0.0,1.0,0,0.0,0.0
src/frontend/src/assets/intro-slider/3_resume.png,1,0,0,0,1,1,2024-11-16,2024-11-16,341,0.0,1.0,0,0.0,0.0
src/frontend/src/assets/intro-slider/4_record.png,1,0,0,0,1,1,2025-04-07,2025-04-07,199,0.0,1.0,0,0.0,0.0
src/frontend/src/features/recording/hooks/useIsRecordingTransitioning.ts,1,0,0,0,1,1,2025-04-10,2025-04-10,196,0.0,1.0,0,0.0,0.0
src/frontend/tsconfig.json,1,0,0,0,1,1,2024-07-01,2024-07-01,479,0.0,1.0,0,0.0,0.0
src/sdk/library/docs/demo.gif,1,0,0,0,1,1,2025-02-10,2025-02-10,255,0.0,1.0,0,0.0,0.0
src/sdk/library/docs/demo_loggedout.gif,1,0,0,0,1,1,2025-02-10,2025-02-10,255,0.0,1.0,0,0.0,0.0
src/summary/summary/core/security.py,1,0,0,0,1,1,2024-11-29,2024-11-29,328,0.0,1.0,0,0.0,0.0
