rank,file_path,hotspot_score,total_churn,commit_count,unique_contributors,sonar_issue_count,github_issue_signal,github_issue_matches,highest_severity,severity_breakdown
1,src/frontend/package-lock.json,0.5,48070,131,4,0.0,0.00253592561284869,0,NONE,
2,src/helm/meet/templates/ingress.yaml,0.3006032868733097,58,5,3,17.0,0.00253592561284869,0,MAJOR,"MINOR:16, MAJOR:1"
3,src/sdk/consumer/.vite/deps/react-dom_client.js,0.22583732057416267,21712,1,1,0.0,0.00253592561284869,0,NONE,
4,src/frontend/yarn.lock,0.2198148533388808,21133,4,3,0.0,0.00253592561284869,0,NONE,
5,src/summary/summary/core/celery_worker.py,0.21784897025171626,1716,47,4,0.0,1.0025359256128488,1,NONE,
6,src/helm/extra/templates/minio.yaml,0.213283324563443,146,7,3,12.0,0.00253592561284869,0,MAJOR,MAJOR:12
7,src/helm/extra/templates/clustersecretstore.yaml,0.21219116729279605,41,3,2,12.0,0.00253592561284869,0,MAJOR,MAJOR:12
8,bin/prepare-release.sh,0.19578188670933322,160,1,1,11.0,0.00253592561284869,0,MAJOR,MAJOR:11
9,src/helm/meet/templates/ingress_admin.yaml,0.1942944725216902,17,2,2,11.0,0.00253592561284869,0,MAJOR,"MINOR:10, MAJOR:1"
10,src/frontend/src/features/legalsTerms/TermsOfService.tsx,0.18453174904245037,775,4,2,10.0,0.00253592561284869,0,MAJOR,MAJOR:10
11,src/helm/meet/templates/ingress_posthog.yaml,0.1603317465950391,145,3,2,9.0,0.00253592561284869,0,MAJOR,"MINOR:8, MAJOR:1"
12,src/helm/meet/templates/ingress_webhook.yaml,0.1597596642151764,90,1,1,9.0,0.00253592561284869,0,MAJOR,"MINOR:8, MAJOR:1"
13,src/helm/meet/templates/ingress_posthog_assets.yaml,0.1597492627173607,89,2,2,9.0,0.00253592561284869,0,MAJOR,"MINOR:8, MAJOR:1"
14,src/summary/summary/api/route/tasks_v2.py,0.14266388477587832,143,2,1,8.0,0.00253592561284869,0,BLOCKER,"MAJOR:4, BLOCKER:4"
15,bin/install-external-secrets.sh,0.14215421138290973,94,3,1,8.0,0.00253592561284869,0,MAJOR,MAJOR:8
16,src/helm/meet/templates/ingress_media_files.yaml,0.1420397949069372,83,1,1,8.0,0.00253592561284869,0,MINOR,MINOR:8
17,src/frontend/src/features/rooms/utils/getParticipantColor.ts,0.1419565829244117,75,3,1,8.0,0.00253592561284869,0,MAJOR,"MINOR:7, MAJOR:1"
18,src/frontend/src/features/rooms/livekit/components/effects/EffectsConfiguration.tsx,0.132187740917045,2529,36,5,6.0,0.00253592561284869,0,MAJOR,"MINOR:4, MAJOR:2"
19,src/frontend/src/features/settings/components/SettingsDialogExtended.tsx,0.12662905811378014,298,22,3,7.0,0.00253592561284869,0,MAJOR,"MINOR:2, MAJOR:5"
20,src/sdk/package-lock.json,0.12620137299771167,12133,55,3,0.0,0.00253592561284869,0,NONE,
21,bin/_config.sh,0.1258697487732351,225,4,2,7.0,0.00253592561284869,0,MAJOR,MAJOR:7
22,src/frontend/src/features/rooms/livekit/hooks/useMediaQuery.ts,0.12400788066422741,46,1,1,7.0,0.00253592561284869,0,MINOR,MINOR:7
23,src/backend/core/migrations/0001_initial.py,0.10903400677932916,303,5,3,6.0,0.00253592561284869,0,CRITICAL,CRITICAL:6
24,src/frontend/src/features/rooms/livekit/components/ParticipantTileFocus.tsx,0.10858674237325469,260,7,2,6.0,0.00253592561284869,0,MAJOR,"MINOR:5, MAJOR:1"
25,src/frontend/src/features/rooms/livekit/hooks/useResizeObserver.ts,0.10720334316376852,127,1,1,6.0,0.00253592561284869,0,MAJOR,"MINOR:5, MAJOR:1"
26,src/backend/core/models.py,0.09995778215592457,1127,32,3,5.0,0.00253592561284869,0,MAJOR,MAJOR:5
27,src/frontend/src/features/rooms/livekit/components/controls/Participants/ParticipantsList.tsx,0.09551634258862689,700,24,1,5.0,0.00253592561284869,0,MINOR,"MINOR:2, INFO:3"
28,src/frontend/src/features/rooms/components/Join.tsx,0.09292025110439432,2147,50,5,4.0,0.00253592561284869,0,MAJOR,"MINOR:2, MAJOR:1, INFO:1"
29,src/summary/summary/api/route/tasks.py,0.08984752627907831,155,12,4,5.0,0.00253592561284869,0,CRITICAL,CRITICAL:5
30,src/frontend/src/features/rooms/livekit/components/blur/BackgroundCustomProcessor.ts,0.08959789033150185,131,4,4,5.0,0.00253592561284869,0,MAJOR,"MINOR:2, MAJOR:1, INFO:2"
31,src/frontend/src/features/shortcuts/useLongPress.ts,0.08888018698221957,62,2,1,5.0,0.00253592561284869,0,MINOR,MINOR:5
32,src/frontend/src/features/rooms/routes/Feedback.tsx,0.0724813078965724,182,15,3,4.0,0.00253592561284869,0,MAJOR,"MINOR:3, MAJOR:1"
33,src/helm/meet/templates/summary_deployment.yaml,0.07228367943807437,163,6,3,4.0,0.00253592561284869,0,MAJOR,MAJOR:4
34,src/helm/meet/templates/celery_backend_deployment.yaml,0.07222127045118026,157,2,2,4.0,0.00253592561284869,0,MAJOR,MAJOR:4
35,src/helm/meet/templates/celery_transcribe_deployment.yaml,0.07222127045118026,157,2,2,4.0,0.00253592561284869,0,MAJOR,MAJOR:4
36,src/helm/meet/templates/celery_summary_backend_deployment.yaml,0.07217966445991753,153,1,1,4.0,0.00253592561284869,0,MAJOR,MAJOR:4
37,src/helm/meet/templates/agent_subtitles_deployment.yaml,0.0720548464861293,141,1,1,4.0,0.00253592561284869,0,MAJOR,MAJOR:4
38,src/frontend/src/features/home/components/JoinMeetingDialog.tsx,0.07175320304947441,112,7,3,4.0,0.00253592561284869,0,MINOR,MINOR:4
39,src/frontend/src/utils/mergeProps.ts,0.07157637758660776,95,1,1,4.0,0.00253592561284869,0,MAJOR,"MINOR:3, MAJOR:1"
40,src/backend/core/migrations/0006_merge_duplicate_users.py,0.07151396859971365,89,1,1,4.0,0.00253592561284869,0,MAJOR,"MINOR:2, MAJOR:2"
41,src/helm/meet/templates/celery_summarize_deployment.yaml,0.07123312815869015,62,2,2,4.0,0.00253592561284869,0,MAJOR,MAJOR:4
42,src/sdk/consumer/src/App.tsx,0.07109790868708624,49,3,2,4.0,0.00253592561284869,0,MAJOR,MAJOR:4
43,src/helm/meet/templates/agent_metadata_deployment.yaml,0.07108750718927055,48,1,1,4.0,0.00253592561284869,0,MAJOR,MAJOR:4
44,src/helm/meet/templates/backend_deployment.yaml,0.07107710569145487,47,7,3,4.0,0.00253592561284869,0,MAJOR,MAJOR:4
45,src/helm/meet/templates/frontend_deployment.yaml,0.0710563026958235,45,5,3,4.0,0.00253592561284869,0,MAJOR,MAJOR:4
46,src/helm/meet/templates/backend_job_createsuperuser.yaml,0.0709106817264039,31,7,4,4.0,0.00253592561284869,0,MAJOR,MAJOR:4
47,src/helm/extra/templates/external_secret.yaml,0.07090028022858821,30,2,1,4.0,0.00253592561284869,0,MAJOR,MAJOR:4
48,src/helm/meet/templates/backend_job_migrate.yaml,0.07075465925916861,16,6,4,4.0,0.00253592561284869,0,MAJOR,MAJOR:4
49,src/frontend/src/features/home/components/IntroSlider.tsx,0.058911636216791685,574,23,3,3.0,0.00253592561284869,0,MAJOR,"MAJOR:2, INFO:1"
50,src/frontend/src/features/rooms/livekit/components/blur/FaceLandmarksProcessor.ts,0.05844356881508584,529,7,3,3.0,0.00253592561284869,0,MAJOR,"MINOR:2, MAJOR:1"
51,src/frontend/src/features/settings/components/tabs/AccountTab.tsx,0.05437658316915283,138,12,4,3.0,0.00253592561284869,0,MAJOR,"MINOR:1, MAJOR:2"
52,src/frontend/src/features/rooms/livekit/components/controls/Participants/ParticipantsCollapsableList.tsx,0.054334977177890084,134,5,1,3.0,0.00253592561284869,0,MAJOR,"MINOR:2, MAJOR:1"
53,src/frontend/src/features/rooms/livekit/components/controls/CameraSwitchButton.tsx,0.054220560701917546,123,1,1,3.0,0.00253592561284869,0,MINOR,MINOR:3
54,src/helm/extra/templates/postgresql-sts.yaml,0.05366928131768622,70,1,1,3.0,0.00253592561284869,0,MAJOR,MAJOR:3
55,src/helm/extra/templates/redis.yaml,0.05361727382860779,65,1,1,3.0,0.00253592561284869,0,MAJOR,MAJOR:3
56,src/helm/extra/templates/kc-postgresql-sts.yaml,0.05357566783734505,61,1,1,3.0,0.00253592561284869,0,MAJOR,MAJOR:3
57,src/frontend/src/features/sdk/utils/PopupWindow.ts,0.05346125136137251,50,1,1,3.0,0.00253592561284869,0,MINOR,MINOR:3
58,src/frontend/src/api/apiUrl.ts,0.05320121391598037,25,3,2,3.0,0.00253592561284869,0,MINOR,MINOR:3
59,src/frontend/src/api/mediaUrl.ts,0.05305559294656077,11,1,1,3.0,0.00253592561284869,0,MINOR,MINOR:3
60,src/frontend/src/features/layout/components/CarouselLayout.tsx,0.052941176470588235,0,1,1,3.0,0.00253592561284869,0,MAJOR,"MINOR:2, MAJOR:1"
61,src/backend/core/api/viewsets.py,0.051842900671814386,1591,48,5,2.0,0.00253592561284869,0,CRITICAL,"MAJOR:1, CRITICAL:1"
62,src/backend/core/tests/test_api_resource_accesses.py,0.04563320647585017,994,4,1,2.0,0.00253592561284869,0,CRITICAL,CRITICAL:2
63,src/frontend/src/features/home/routes/Home.tsx,0.04485309413967376,919,45,4,2.0,0.00253592561284869,0,MINOR,MINOR:2
64,src/frontend/src/features/rooms/livekit/prefabs/VideoConference.tsx,0.04412498929257578,849,43,3,2.0,0.00253592561284869,0,MINOR,MINOR:2
65,src/frontend/src/features/rooms/components/InviteDialog.tsx,0.043147248497901344,755,18,4,2.0,0.00253592561284869,0,CRITICAL,"MAJOR:1, CRITICAL:1"
66,src/frontend/src/features/rooms/livekit/components/ParticipantTile.tsx,0.041774250786230864,623,21,2,2.0,0.00253592561284869,0,MAJOR,MAJOR:2
67,src/frontend/src/features/home/components/LaterMeetingDialog.tsx,0.04174304629278381,620,8,1,2.0,0.00253592561284869,0,CRITICAL,"MAJOR:1, CRITICAL:1"
68,src/frontend/src/features/settings/components/tabs/VideoTab.tsx,0.04157662232773284,604,8,2,2.0,0.00253592561284869,0,MAJOR,"MINOR:1, MAJOR:1"
69,src/frontend/src/primitives/Dialog.tsx,0.04007880664227413,460,18,3,2.0,0.00253592561284869,0,MAJOR,"MINOR:1, MAJOR:1"
70,src/frontend/src/features/rooms/components/Rating.tsx,0.039943587170670224,447,13,2,2.0,0.00253592561284869,0,MAJOR,"MINOR:1, MAJOR:1"
71,src/frontend/src/primitives/Tabs.tsx,0.03782168161627039,243,11,3,2.0,0.00253592561284869,0,MAJOR,MAJOR:2
72,src/frontend/src/features/rooms/routes/Room.tsx,0.03740562170364297,203,16,3,2.0,0.00253592561284869,0,MINOR,MINOR:2
73,src/frontend/src/stores/screenReaderAnnouncer.ts,0.0373120082233018,194,4,1,2.0,0.00253592561284869,0,MINOR,MINOR:2
74,src/frontend/src/features/rooms/livekit/hooks/usePublishSourcesManager.ts,0.03729120522767043,192,4,1,2.0,0.00253592561284869,0,MAJOR,"MINOR:1, MAJOR:1"
75,src/frontend/src/primitives/VisualOnlyTooltip.tsx,0.03692715280412144,157,2,1,2.0,0.00253592561284869,0,MAJOR,MAJOR:2
76,src/frontend/src/features/rooms/livekit/components/effects/FunnyEffects.tsx,0.03656310038057245,122,2,2,2.0,0.00253592561284869,0,CRITICAL,"MAJOR:1, CRITICAL:1"
77,src/frontend/src/primitives/MenuList.tsx,0.036459085402415596,112,8,4,2.0,0.00253592561284869,0,MINOR,MINOR:2
78,src/frontend/visio/package-lock.json,0.03639484085708342,3499,2,1,0.0,0.00253592561284869,0,NONE,
79,src/frontend/src/features/sdk/utils/PopupManager.ts,0.03634466892644306,101,3,1,2.0,0.00253592561284869,0,MINOR,MINOR:2
80,src/frontend/src/features/rooms/livekit/components/ScreenShareErrorModal.tsx,0.03598061650289407,66,1,1,2.0,0.00253592561284869,0,MINOR,"MINOR:1, INFO:1"
81,src/frontend/src/features/settings/components/tabs/NotificationsTab.tsx,0.03588700302255289,57,2,1,2.0,0.00253592561284869,0,MAJOR,MAJOR:2
82,src/frontend/src/features/shortcuts/useKeyboardShortcuts.ts,0.03582459403565878,51,6,2,2.0,0.00253592561284869,0,MINOR,MINOR:2
83,src/frontend/src/utils/livekit.ts,0.03572057905750193,41,5,1,2.0,0.00253592561284869,0,MINOR,MINOR:2
84,src/frontend/src/features/reactions/components/ReactionPortals.tsx,0.03548134460774116,18,1,1,2.0,0.00253592561284869,0,MINOR,MINOR:2
85,src/summary/summary/api/health.py,0.035470943109925476,17,1,1,2.0,0.00253592561284869,0,MINOR,MINOR:2
86,src/sdk/consumer/package-lock.json,0.03542750156022467,3406,2,2,0.0,0.00253592561284869,0,NONE,
87,src/frontend/src/utils/parseLineBreaks.tsx,0.035418935620847046,12,1,1,2.0,0.00253592561284869,0,MAJOR,MAJOR:2
88,src/frontend/src/features/layout/components/PaginationIndicator.tsx,0.03529411764705882,0,1,1,2.0,0.00253592561284869,0,MAJOR,MAJOR:2
89,src/backend/uv.lock,0.03443935926773455,3311,14,4,0.0,0.00253592561284869,0,NONE,
90,src/frontend/src/primitives/buttonRecipe.ts,0.032750033651904695,1452,33,4,1.0,0.00253592561284869,0,INFO,INFO:1
91,docker/auth/realm.json,0.03228624921988767,3104,3,3,0.0,0.00253592561284869,0,NONE,
92,src/mail/package-lock.json,0.032182234241730806,3094,61,2,0.0,0.00253592561284869,0,NONE,
93,src/mail/yarn.lock,0.026877470355731226,2584,2,2,0.0,0.00253592561284869,0,NONE,
94,src/frontend/src/layout/Header.tsx,0.026758770910069875,876,41,4,1.0,0.00253592561284869,0,MINOR,MINOR:1
95,src/backend/locale/fr_FR/LC_MESSAGES/django.po,0.02459954233409611,2365,24,3,0.0,0.00253592561284869,0,NONE,
96,src/frontend/src/features/rooms/components/Conference.tsx,0.024356024914646533,645,57,4,1.0,0.00253592561284869,0,MINOR,MINOR:1
97,src/backend/locale/en_US/LC_MESSAGES/django.po,0.023954649469523612,2303,23,3,0.0,0.00253592561284869,0,NONE,
98,docs/examples/keycloak.values.yaml,0.023902641980445186,2298,1,1,0.0,0.00253592561284869,0,NONE,
99,src/frontend/src/App.tsx,0.02286861072700351,502,35,4,1.0,0.00253592561284869,0,MAJOR,MAJOR:1
100,src/frontend/src/features/rooms/livekit/prefabs/Chat.tsx,0.022431747818744723,460,13,2,1.0,0.00253592561284869,0,MINOR,MINOR:1
101,src/frontend/src/features/settings/components/tabs/AudioTab.tsx,0.02204689239956436,423,12,2,1.0,0.00253592561284869,0,MINOR,MINOR:1
102,src/frontend/src/styles/livekit.css,0.021849263941066337,404,7,3,1.0,0.00253592561284869,0,MAJOR,MAJOR:1
103,src/summary/summary/core/file_service.py,0.02179725645198791,399,8,3,1.0,0.00253592561284869,0,MAJOR,MAJOR:1
104,src/agents/metadata_collector.py,0.021620430989121257,382,1,1,1.0,0.00253592561284869,0,MAJOR,MAJOR:1
105,src/backend/core/admin.py,0.02147481001970166,368,20,2,1.0,0.00253592561284869,0,MINOR,MINOR:1
106,src/frontend/src/features/rooms/livekit/components/controls/Options/OptionsMenuItems.tsx,0.02126678006338795,348,23,2,1.0,0.00253592561284869,0,INFO,INFO:1
107,src/frontend/src/features/rooms/livekit/components/Admin.tsx,0.021235575569940896,345,7,1,1.0,0.00253592561284869,0,MINOR,MINOR:1
108,src/frontend/src/primitives/Field.tsx,0.021121159093968354,334,11,4,1.0,0.00253592561284869,0,MINOR,MINOR:1
109,Dockerfile,0.020829917155129163,306,12,4,1.0,0.00253592561284869,0,MINOR,MINOR:1
110,src/frontend/src/stores/accessibility.ts,0.02048666772721154,273,5,1,1.0,0.00253592561284869,0,CRITICAL,CRITICAL:1
111,src/frontend/src/primitives/Select.tsx,0.020382652749054687,263,14,4,1.0,0.00253592561284869,0,MAJOR,MAJOR:1
112,src/summary/summary/core/config.py,0.020320243762160572,257,31,4,1.0,0.00253592561284869,0,CRITICAL,CRITICAL:1
113,src/frontend/src/features/rooms/livekit/prefabs/ControlBar/ControlBar.tsx,0.020112213805846865,237,7,2,1.0,0.00253592561284869,0,MINOR,MINOR:1
114,src/backend/locale/nl_NL/LC_MESSAGES/django.po,0.01992926981485334,1916,18,2,0.0,0.00253592561284869,0,NONE,
115,src/sdk/consumer/.vite/deps/chunk-DEZHIYJM.js,0.019846057832327856,1908,1,1,0.0,0.00253592561284869,0,NONE,
116,src/frontend/src/features/rooms/livekit/components/controls/Options/TranscriptMenuItem.tsx,0.01957133591943122,185,6,1,1.0,0.00253592561284869,0,MINOR,MINOR:1
117,src/frontend/src/primitives/Checkbox.tsx,0.01950892693253711,179,3,2,1.0,0.00253592561284869,0,MAJOR,MAJOR:1
118,src/backend/core/services/participants_management.py,0.019290495478407714,158,3,1,1.0,0.00253592561284869,0,CRITICAL,CRITICAL:1
119,src/frontend/src/features/rooms/components/Permissions.tsx,0.019290495478407714,158,6,1,1.0,0.00253592561284869,0,MINOR,MINOR:1
120,src/frontend/src/features/rooms/livekit/components/chat/Input.tsx,0.019144874508988118,144,9,2,1.0,0.00253592561284869,0,MINOR,MINOR:1
121,src/frontend/src/features/settings/components/SettingsDialog.tsx,0.019134473011172434,143,11,3,1.0,0.00253592561284869,0,MAJOR,MAJOR:1
122,src/frontend/src/features/notifications/components/ToastRegion.tsx,0.019020056535199892,132,13,1,1.0,0.00253592561284869,0,MINOR,MINOR:1
123,src/backend/core/services/lobby.py,0.018905640059227354,121,10,2,1.0,0.00253592561284869,0,BLOCKER,BLOCKER:1
124,src/frontend/src/features/auth/api/useUser.tsx,0.018895238561411665,120,15,4,1.0,0.00253592561284869,0,MINOR,MINOR:1
125,src/frontend/src/features/rooms/hooks/useWaitingParticipants.ts,0.018874435565780296,118,3,1,1.0,0.00253592561284869,0,MAJOR,MAJOR:1
126,src/backend/core/external_api/permissions.py,0.018853632570148923,116,6,1,1.0,0.00253592561284869,0,BLOCKER,BLOCKER:1
127,src/frontend/src/features/rooms/livekit/processors/RnnNoiseProcessor.ts,0.018760019089807754,107,3,1,1.0,0.00253592561284869,0,MINOR,MINOR:1
128,src/frontend/src/features/layout/components/RoomContentArea.tsx,0.01874961759199207,106,3,1,1.0,0.00253592561284869,0,MINOR,MINOR:1
129,src/frontend/src/features/rooms/livekit/components/controls/ScreenShareToggle.tsx,0.0187288145963607,104,9,2,1.0,0.00253592561284869,0,MAJOR,MAJOR:1
130,src/frontend/src/features/recording/components/TranscriptSidePanel.tsx,0.01863948408570834,1792,33,2,0.0,0.00253592561284869,0,NONE,
131,src/frontend/src/layout/Layout.tsx,0.01861439812038816,93,6,3,1.0,0.00253592561284869,0,MINOR,MINOR:1
132,src/frontend/src/locales/de/rooms.json,0.0185978780944456,1788,160,7,0.0,0.00253592561284869,0,NONE,
133,src/helm/meet/templates/ingress_media.yaml,0.018510383142231305,83,1,1,1.0,0.00253592561284869,0,MAJOR,MAJOR:1
134,src/frontend/src/features/rooms/livekit/components/ParticipantPlaceholder.tsx,0.018489580146599932,81,7,1,1.0,0.00253592561284869,0,MAJOR,MAJOR:1
135,src/frontend/src/features/support/hooks/useSupport.tsx,0.018458375653152878,78,6,1,1.0,0.00253592561284869,0,MINOR,MINOR:1
136,src/frontend/src/features/rooms/utils/generateRoomId.ts,0.018416769661890136,74,5,2,1.0,0.00253592561284869,0,MINOR,MINOR:1
137,src/frontend/src/features/recording/components/RowWrapper.tsx,0.018395966666258763,72,3,1,1.0,0.00253592561284869,0,MAJOR,MAJOR:1
138,src/frontend/src/features/rooms/livekit/components/ParticipantName.tsx,0.018395966666258763,72,3,2,1.0,0.00253592561284869,0,MINOR,MINOR:1
139,src/frontend/src/features/rooms/livekit/prefabs/ControlBar/ResponsiveMenu.tsx,0.018229542701207798,56,1,1,1.0,0.00253592561284869,0,MINOR,MINOR:1
140,src/frontend/src/features/rooms/livekit/components/controls/StartMediaButton.tsx,0.018219141203392113,55,2,1,1.0,0.00253592561284869,0,MINOR,MINOR:1
141,src/frontend/src/features/auth/api/fetchUser.ts,0.018208739705576425,54,7,3,1.0,0.00253592561284869,0,MINOR,MINOR:1
142,bin/buildpack_postfrontend.sh,0.018167133714313683,50,2,2,1.0,0.00253592561284869,0,MAJOR,MAJOR:1
143,src/frontend/src/features/auth/utils/silentLogin.ts,0.018146330718682314,48,3,2,1.0,0.00253592561284869,0,MINOR,MINOR:1
144,src/backend/core/migrations/0014_room_pin_code.py,0.01813592922086663,47,2,1,1.0,0.00253592561284869,0,MINOR,MINOR:1
145,src/frontend/src/api/fetchApi.ts,0.018115126225235256,45,2,2,1.0,0.00253592561284869,0,MINOR,MINOR:1
146,src/frontend/src/features/layout/components/ControlBarRegion.tsx,0.01810472472741957,44,1,1,1.0,0.00253592561284869,0,MAJOR,MAJOR:1
147,src/frontend/vite.config.ts,0.018031914242709772,37,7,3,1.0,0.00253592561284869,0,MINOR,MINOR:1
148,src/frontend/src/primitives/FieldErrors.tsx,0.018021512744894087,36,1,1,1.0,0.00253592561284869,0,MAJOR,MAJOR:1
149,src/frontend/src/features/rooms/livekit/hooks/useKonami.ts,0.018011111247078403,35,2,1,1.0,0.00253592561284869,0,MINOR,MINOR:1
150,src/sdk/library/vite.config.ts,0.018011111247078403,35,1,1,1.0,0.00253592561284869,0,MINOR,MINOR:1
151,src/frontend/src/features/notifications/hooks/useSoundNotification.tsx,0.018000709749262718,34,3,1,1.0,0.00253592561284869,0,MAJOR,MAJOR:1
152,src/frontend/src/features/rooms/livekit/components/controls/Options/ScreenRecordingMenuItem.tsx,0.017979906753631345,32,1,1,1.0,0.00253592561284869,0,MINOR,MINOR:1
153,src/frontend/src/features/rooms/utils/isRoomValid.ts,0.01794870226018429,29,5,2,1.0,0.00253592561284869,0,MINOR,MINOR:1
154,src/frontend/src/utils/formatDate.ts,0.01794870226018429,29,1,1,1.0,0.00253592561284869,0,MINOR,MINOR:1
155,src/frontend/src/components/NotFoundScreen.tsx,0.01789669477110586,24,3,2,1.0,0.00253592561284869,0,MINOR,MINOR:1
156,src/frontend/src/features/auth/components/UserAware.tsx,0.01787589177547449,22,2,2,1.0,0.00253592561284869,0,MINOR,MINOR:1
157,src/frontend/src/navigation/navigateTo.ts,0.017865490277658807,21,1,1,1.0,0.00253592561284869,0,MAJOR,MAJOR:1
158,src/frontend/src/features/auth/utils/authUrl.ts,0.017855088779843122,20,5,2,1.0,0.00253592561284869,0,MINOR,MINOR:1
159,src/frontend/src/navigation/getRoutePath.ts,0.017844687282027434,19,1,1,1.0,0.00253592561284869,0,MAJOR,MAJOR:1
160,src/frontend/src/navigation/getRouteUrl.ts,0.017761475299501953,11,1,1,1.0,0.00253592561284869,0,MINOR,MINOR:1
161,src/frontend/src/features/layout/components/GridLayout.tsx,0.017709467810423523,6,1,1,1.0,0.00253592561284869,0,MINOR,MINOR:1
162,src/helm/meet/generate-readme.sh,0.017688664814792154,4,3,1,1.0,0.00253592561284869,0,MAJOR,MAJOR:1
163,src/frontend/src/primitives/Div.tsx,0.01767826331697647,3,1,1,1.0,0.00253592561284869,0,MINOR,MINOR:1
164,src/frontend/src/features/layout/components/PaginationControl.tsx,0.01764705882352941,0,1,1,1.0,0.00253592561284869,0,MINOR,MINOR:1
165,src/backend/locale/de_DE/LC_MESSAGES/django.po,0.015113376326190971,1453,12,2,0.0,0.00253592561284869,0,NONE,
166,src/helm/meet/values.yaml,0.014114832535885167,1357,27,7,0.0,0.00253592561284869,0,NONE,
167,src/backend/core/tests/test_external_api_rooms.py,0.013865196588308716,1333,12,1,0.0,0.00253592561284869,0,NONE,
168,docs/installation.md,0.013313917204077387,1280,20,8,0.0,0.00253592561284869,0,NONE,
169,src/frontend/src/locales/fr/rooms.json,0.012856251300187227,1236,173,6,0.0,0.00253592561284869,0,NONE,
170,src/frontend/src/locales/en/rooms.json,0.012315373413771584,1184,169,6,0.0,0.00253592561284869,0,NONE,
171,src/backend/core/tests/services/test_lobby_service.py,0.011472852090701062,1103,4,1,0.0,0.00253592561284869,0,NONE,
172,src/frontend/src/locales/nl/rooms.json,0.011035989182442271,1061,101,5,0.0,0.00253592561284869,0,NONE,
173,src/frontend/src/features/rooms/livekit/prefabs/ControlBar.tsx,0.010411899313501144,1001,20,2,0.0,0.00253592561284869,0,NONE,
174,src/frontend/src/features/recording/components/ScreenRecordingSidePanel.tsx,0.010266278344081548,987,28,2,0.0,0.00253592561284869,0,NONE,
175,src/sdk/consumer/.vite/deps/react_jsx-dev-runtime.js,0.009475764510089453,911,1,1,0.0,0.00253592561284869,0,NONE,
176,src/backend/pyproject.toml,0.00886207613896401,852,132,11,0.0,0.00253592561284869,0,NONE,
177,src/backend/core/tests/rooms/test_api_rooms_lobby.py,0.008851674641148326,851,6,1,0.0,0.00253592561284869,0,NONE,
178,src/backend/core/api/serializers.py,0.008394008737258166,807,44,3,0.0,0.00253592561284869,0,NONE,
179,src/frontend/panda.config.ts,0.008102766798418972,779,36,3,0.0,0.00253592561284869,0,NONE,
180,.github/workflows/docker-hub.yml,0.00792594133555232,762,25,5,0.0,0.00253592561284869,0,NONE,
181,src/backend/meet/settings.py,0.007769918868317038,747,105,12,0.0,0.00253592561284869,0,NONE,
182,src/backend/core/tests/authentication/test_views.py,0.00748907842729353,720,3,3,0.0,0.00253592561284869,0,NONE,
183,Makefile,0.0074578739338464735,717,34,7,0.0,0.00253592561284869,0,NONE,
184,src/frontend/src/features/rooms/livekit/components/controls/SelectToggleDevice.tsx,0.007301851466611192,702,21,2,0.0,0.00253592561284869,0,NONE,
185,src/backend/core/tests/rooms/test_api_rooms_retrieve.py,0.007281048470979821,700,18,1,0.0,0.00253592561284869,0,NONE,
186,src/frontend/package.json,0.007166631995007281,689,125,3,0.0,0.00253592561284869,0,NONE,
187,src/helm/env.d/dev-keycloak/values.meet.yaml.gotmpl,0.0071146245059288534,684,52,5,0.0,0.00253592561284869,0,NONE,
188,src/backend/core/tests/rooms/test_api_rooms_participants_management.py,0.007104223008113168,683,6,1,0.0,0.00253592561284869,0,NONE,
189,src/frontend/src/locales/nl/termsOfService.json,0.007083420012481798,681,4,2,0.0,0.00253592561284869,0,NONE,
190,src/frontend/src/locales/en/termsOfService.json,0.006958602038693572,669,4,2,0.0,0.00253592561284869,0,NONE,
191,src/frontend/src/locales/fr/termsOfService.json,0.006854587060536718,659,4,2,0.0,0.00253592561284869,0,NONE,
192,src/helm/env.d/dev/values.meet.yaml.gotmpl,0.006854587060536718,659,46,3,0.0,0.00253592561284869,0,NONE,
193,src/backend/core/tests/rooms/test_api_rooms_rename_toggle.py,0.006615352610775952,636,3,1,0.0,0.00253592561284869,0,NONE,
194,src/helm/meet/README.md,0.006542542126066153,629,10,2,0.0,0.00253592561284869,0,NONE,
195,src/backend/core/tests/authentication/test_backends.py,0.006500936134803412,625,15,3,0.0,0.00253592561284869,0,NONE,
196,src/backend/impress/settings.py,0.006303307676305388,606,5,2,0.0,0.00253592561284869,0,NONE,
197,src/helm/env.d/production/values.meet.yaml.gotmpl,0.006292906178489702,605,35,3,0.0,0.00253592561284869,0,NONE,
198,src/backend/core/tests/rooms/test_api_rooms_start_recording.py,0.0062617016850426465,602,5,2,0.0,0.00253592561284869,0,NONE,
199,src/helm/env.d/staging/values.meet.yaml.gotmpl,0.006043270230913251,581,31,2,0.0,0.00253592561284869,0,NONE,
200,src/frontend/src/features/rooms/livekit/components/controls/ReactionsToggle.tsx,0.005928853754940711,570,14,3,0.0,0.00253592561284869,0,NONE,
201,src/frontend/src/primitives/Button.tsx,0.005866444768046599,564,20,3,0.0,0.00253592561284869,0,NONE,
202,src/backend/core/tests/services/test_jwt_service.py,0.005627210318285833,541,1,1,0.0,0.00253592561284869,0,NONE,
203,src/backend/core/utils.py,0.005627210318285833,541,25,2,0.0,0.00253592561284869,0,NONE,
204,src/helm/env.d/dev/secrets.enc.yaml,0.005512793842313293,530,7,3,0.0,0.00253592561284869,0,NONE,
205,src/backend/core/tests/services/test_livekit_events.py,0.005450384855419181,524,7,2,0.0,0.00253592561284869,0,NONE,
206,src/frontend/src/features/rooms/livekit/components/controls/Participants/ParticipantListItem.tsx,0.0053879758685250675,518,23,2,0.0,0.00253592561284869,0,NONE,
207,src/frontend/src/locales/de/termsOfService.json,0.005377574370709382,517,5,2,0.0,0.00253592561284869,0,NONE,
208,src/frontend/src/features/notifications/MainNotificationToast.tsx,0.005325566881630955,512,33,3,0.0,0.00253592561284869,0,NONE,
209,CHANGELOG.md,0.005283960890368213,508,173,16,0.0,0.00253592561284869,0,NONE,
210,src/frontend/src/features/recording/components/RecordingStateToast.tsx,0.005096733929685875,490,14,2,0.0,0.00253592561284869,0,NONE,
211,src/helm/helmfile.yaml,0.005096733929685875,490,15,3,0.0,0.00253592561284869,0,NONE,
212,docs/openapi.yaml,0.00508633243187019,489,5,1,0.0,0.00253592561284869,0,NONE,
213,.github/workflows/meet.yml,0.005075930934054504,488,31,6,0.0,0.00253592561284869,0,NONE,
214,src/frontend/src/features/rooms/livekit/components/Tools.tsx,0.005023923444976076,483,19,2,0.0,0.00253592561284869,0,NONE,
215,src/backend/.pylintrc,0.0049511129602662785,476,2,2,0.0,0.00253592561284869,0,NONE,
216,src/backend/core/tests/recording/worker/test_services.py,0.00485749947992511,467,5,1,0.0,0.00253592561284869,0,NONE,
217,src/backend/core/tests/test_api_users.py,0.004774287497399625,459,7,2,0.0,0.00253592561284869,0,NONE,
218,README.md,0.00476388599958394,458,17,5,0.0,0.00253592561284869,0,NONE,
219,src/frontend/src/features/subtitle/component/Subtitles.tsx,0.004680674017058456,450,7,2,0.0,0.00253592561284869,0,NONE,
220,src/helm/env.d/dev-dinum/values.meet.yaml.gotmpl,0.004670272519242771,449,18,4,0.0,0.00253592561284869,0,NONE,
221,src/backend/core/tests/test_external_api_token.py,0.0046494695236114,447,6,1,0.0,0.00253592561284869,0,NONE,
222,src/frontend/src/features/rooms/livekit/components/ReactionPortal.tsx,0.004295818597878094,413,12,3,0.0,0.00253592561284869,0,NONE,
223,docs/resource_server.yaml,0.004098190139380071,394,2,1,0.0,0.00253592561284869,0,NONE,
224,src/frontend/src/features/notifications/components/WaitingParticipantNotification.tsx,0.004066985645933014,391,4,1,0.0,0.00253592561284869,0,NONE,
225,src/backend/core/authentication/backends.py,0.0040565841481173285,390,15,3,0.0,0.00253592561284869,0,NONE,
226,src/helm/impress/values.yaml,0.004046182650301644,389,2,2,0.0,0.00253592561284869,0,NONE,
227,src/backend/core/tests/files/test_api_files_create.py,0.004025379654670273,387,3,2,0.0,0.00253592561284869,0,NONE,
228,src/backend/core/tests/test_models_rooms.py,0.0039421676721447885,379,7,1,0.0,0.00253592561284869,0,NONE,
229,src/backend/core/authentication/views.py,0.003931766174329103,378,6,3,0.0,0.00253592561284869,0,NONE,
230,src/frontend/src/layout/Footer.tsx,0.003921364676513418,377,11,2,0.0,0.00253592561284869,0,NONE,
231,src/backend/core/external_api/authentication.py,0.003910963178697733,376,5,1,0.0,0.00253592561284869,0,NONE,
232,src/backend/core/services/lobby_service.py,0.003879758685250676,373,3,1,0.0,0.00253592561284869,0,NONE,
233,src/frontend/src/features/rooms/livekit/components/Transcript.tsx,0.003858955689619305,371,11,1,0.0,0.00253592561284869,0,NONE,
234,src/frontend/src/features/rooms/livekit/components/SidePanel.tsx,0.0037965467027251923,365,25,3,0.0,0.00253592561284869,0,NONE,
235,src/frontend/src/features/rooms/livekit/components/controls/Device/AudioDevicesControl.tsx,0.003765342209278136,362,14,1,0.0,0.00253592561284869,0,NONE,
236,src/backend/core/tests/rooms/test_api_rooms_invite.py,0.0036197212398585395,348,4,1,0.0,0.00253592561284869,0,NONE,
237,src/frontend/src/features/rooms/livekit/components/controls/Device/VideoDeviceControl.tsx,0.0036197212398585395,348,16,2,0.0,0.00253592561284869,0,NONE,
238,src/agents/multi-user-transcriber.py,0.003609319742042854,347,5,2,0.0,0.00253592561284869,0,NONE,
239,.github/workflows/impress-frontend.yml,0.0035573122529644267,342,2,2,0.0,0.00253592561284869,0,NONE,
240,src/backend/core/tests/recording/event/test_parsers.py,0.003484501768254629,335,4,1,0.0,0.00253592561284869,0,NONE,
241,src/frontend/src/features/rooms/livekit/prefabs/ControlBar/DesktopControlBar.tsx,0.003484501768254629,335,16,4,0.0,0.00253592561284869,0,NONE,
242,src/backend/core/tests/test_models_applications.py,0.0034636987726232578,333,2,1,0.0,0.00253592561284869,0,NONE,
243,src/frontend/src/primitives/Spinner.tsx,0.0034428957769918867,331,9,3,0.0,0.00253592561284869,0,NONE,
244,src/frontend/src/locales/de/settings.json,0.0033492822966507177,322,26,6,0.0,0.00253592561284869,0,NONE,
245,src/backend/core/tests/services/test_telephony_service.py,0.0032556688163095484,313,2,1,0.0,0.00253592561284869,0,NONE,
246,src/backend/core/tests/services/test_lobby.py,0.0032452673184938633,312,10,1,0.0,0.00253592561284869,0,NONE,
247,src/backend/core/tests/test_models_recording_accesses.py,0.0032452673184938633,312,1,1,0.0,0.00253592561284869,0,NONE,
248,src/backend/core/external_api/viewsets.py,0.0032348658206781777,311,13,1,0.0,0.00253592561284869,0,NONE,
249,src/frontend/src/features/rooms/livekit/components/Effects.tsx,0.0031828583315997505,306,8,2,0.0,0.00253592561284869,0,NONE,
250,src/backend/core/tests/recording/test_api_recordings_media_auth.py,0.0031620553359683794,304,2,1,0.0,0.00253592561284869,0,NONE,
251,src/backend/core/tests/recording/event/test_notification.py,0.003110047846889952,299,6,1,0.0,0.00253592561284869,0,NONE,
252,src/frontend/src/features/rooms/livekit/components/blur/BackgroundBlurCustomProcessor.ts,0.0030996463490742666,298,4,1,0.0,0.00253592561284869,0,NONE,
253,src/backend/core/tests/test_models_recording.py,0.003058040357811525,294,5,1,0.0,0.00253592561284869,0,NONE,
254,bin/start-kind.sh,0.0030476388599958394,293,6,3,0.0,0.00253592561284869,0,NONE,
255,src/frontend/src/features/rooms/livekit/components/controls/Options/OptionsMenu.tsx,0.003016434366548783,290,4,1,0.0,0.00253592561284869,0,NONE,
256,src/frontend/src/features/rooms/livekit/prefabs/ControlBar/MobileControlBar.tsx,0.0029852298731017266,287,15,3,0.0,0.00253592561284869,0,NONE,
257,src/frontend/src/primitives/menuRecipe.ts,0.0029540253796546704,284,4,2,0.0,0.00253592561284869,0,NONE,
258,src/summary/summary/core/analytics.py,0.002902017890576243,279,14,2,0.0,0.00253592561284869,0,NONE,
259,src/backend/core/recording/event/notification.py,0.0028916163927605576,278,13,3,0.0,0.00253592561284869,0,NONE,
260,docs/installation/compose.md,0.0028708133971291866,276,7,5,0.0,0.00253592561284869,0,NONE,
261,.github/workflows/impress.yml,0.002829207405866445,272,1,1,0.0,0.00253592561284869,0,NONE,
262,src/backend/core/tests/files/test_api_files_upload_ended.py,0.002829207405866445,272,1,1,0.0,0.00253592561284869,0,NONE,
263,src/helm/impress/templates/webrtc_deployment.yaml,0.002829207405866445,272,2,2,0.0,0.00253592561284869,0,NONE,
264,src/summary/pyproject.toml,0.002766798418972332,266,69,4,0.0,0.00253592561284869,0,NONE,
265,src/backend/core/tests/test_analytics.py,0.002745995423340961,264,2,1,0.0,0.00253592561284869,0,NONE,
266,src/frontend/src/features/legalsTerms/LegalTermsRoute.tsx,0.0026835864364468482,258,2,1,0.0,0.00253592561284869,0,NONE,
267,src/backend/core/tests/recording/test_api_recordings_retrieve.py,0.00261077595173705,251,4,1,0.0,0.00253592561284869,0,NONE,
268,src/backend/core/tests/rooms/test_api_rooms_subtitle.py,0.0025795714582899937,248,5,1,0.0,0.00253592561284869,0,NONE,
269,src/frontend/src/features/rooms/livekit/hooks/useConnectionObserver.ts,0.002569169960474308,247,7,1,0.0,0.00253592561284869,0,NONE,
270,src/backend/core/tests/recording/test_api_recordings_storage_hook.py,0.002517162471395881,242,6,1,0.0,0.00253592561284869,0,NONE,
271,src/frontend/src/locales/de/home.json,0.002517162471395881,242,19,4,0.0,0.00253592561284869,0,NONE,
272,src/helm/env.d/preprod/values.meet.yaml.gotmpl,0.0025067609735801954,241,17,3,0.0,0.00253592561284869,0,NONE,
273,src/tsclient/yarn.lock,0.00249635947576451,240,2,2,0.0,0.00253592561284869,0,NONE,
274,src/backend/core/migrations/0003_resource_remove_documentaccess_document_and_more.py,0.0024755564801331393,238,3,1,0.0,0.00253592561284869,0,NONE,
275,src/frontend/src/features/rooms/livekit/components/IsIdleDisconnectModal.tsx,0.002454753484501768,236,6,2,0.0,0.00253592561284869,0,NONE,
276,src/backend/core/tests/recording/worker/test_mediator.py,0.0024443519866860827,235,5,1,0.0,0.00253592561284869,0,NONE,
277,src/frontend/src/features/recording/components/ControlsButton.tsx,0.002402745995423341,231,6,1,0.0,0.00253592561284869,0,NONE,
278,src/frontend/src/locales/en/settings.json,0.0023923444976076554,230,26,4,0.0,0.00253592561284869,0,NONE,
279,src/frontend/src/locales/fr/settings.json,0.0023923444976076554,230,26,4,0.0,0.00253592561284869,0,NONE,
280,docs/release.md,0.0023299355107135426,224,5,2,0.0,0.00253592561284869,0,NONE,
281,src/frontend/src/features/rooms/livekit/components/ScreenRecording.tsx,0.0023299355107135426,224,5,1,0.0,0.00253592561284869,0,NONE,
282,src/backend/core/api/permissions.py,0.002309132515082172,222,13,3,0.0,0.00253592561284869,0,NONE,
283,src/frontend/src/features/rooms/livekit/components/blur/index.ts,0.0022987310172664865,221,14,4,0.0,0.00253592561284869,0,NONE,
284,bin/Tiltfile,0.002246723528188059,216,21,4,0.0,0.00253592561284869,0,NONE,
285,src/backend/core/tests/files/test_api_files_list_filters.py,0.002246723528188059,216,1,1,0.0,0.00253592561284869,0,NONE,
286,src/frontend/src/features/rooms/components/join/ToggleDevice.tsx,0.002246723528188059,216,9,1,0.0,0.00253592561284869,0,NONE,
287,src/frontend/src/locales/de/global.json,0.0022363220303723737,215,29,4,0.0,0.00253592561284869,0,NONE,
288,src/backend/core/tests/recording/test_api_recordings_list.py,0.002194716039109632,211,7,1,0.0,0.00253592561284869,0,NONE,
289,src/frontend/src/features/recording/routes/RecordingDownload.tsx,0.002173913043478261,209,10,2,0.0,0.00253592561284869,0,NONE,
290,src/frontend/src/locales/nl/settings.json,0.0021635115456625754,208,16,4,0.0,0.00253592561284869,0,NONE,
291,src/backend/core/factories.py,0.00215311004784689,207,12,3,0.0,0.00253592561284869,0,NONE,
292,src/backend/core/tests/rooms/test_api_rooms_webhook.py,0.0021427085500312043,206,8,1,0.0,0.00253592561284869,0,NONE,
293,src/frontend/src/features/sdk/routes/CreateButton.tsx,0.0021427085500312043,206,2,2,0.0,0.00253592561284869,0,NONE,
294,src/backend/core/recording/worker/services.py,0.0021219055543998337,204,6,1,0.0,0.00253592561284869,0,NONE,
295,src/frontend/src/features/rooms/components/join/SelectDevice.tsx,0.002111504056584148,203,6,1,0.0,0.00253592561284869,0,NONE,
296,src/frontend/visio/src/App.tsx,0.002090701060952777,201,3,1,0.0,0.00253592561284869,0,NONE,
297,src/frontend/src/features/rooms/livekit/hooks/usePersistentUserChoices.ts,0.0020490950696900353,197,8,3,0.0,0.00253592561284869,0,NONE,
298,src/frontend/src/features/sdk/routes/CreateMeetingButton.tsx,0.00203869357187435,196,7,1,0.0,0.00253592561284869,0,NONE,
299,docker-compose.yml,0.002017890576242979,194,8,3,0.0,0.00253592561284869,0,NONE,
300,src/summary/tests/api/test_api_tasks_v2.py,0.0020074890784272936,193,2,1,0.0,0.00253592561284869,0,NONE,
301,src/frontend/src/features/recording/components/NoAccessView.tsx,0.001997087580611608,192,4,2,0.0,0.00253592561284869,0,NONE,
302,src/frontend/src/features/rooms/livekit/components/controls/Device/ToggleDevice.tsx,0.001997087580611608,192,14,2,0.0,0.00253592561284869,0,NONE,
303,src/backend/core/tests/rooms/test_api_rooms_stop_recording.py,0.0019866860827959226,191,3,1,0.0,0.00253592561284869,0,NONE,
304,docs/installation/scalingo.md,0.0019450800915331808,187,2,2,0.0,0.00253592561284869,0,NONE,
305,src/backend/core/tests/services/test_marketing_service.py,0.0019450800915331808,187,1,1,0.0,0.00253592561284869,0,NONE,
306,src/frontend/src/features/rooms/livekit/components/Info.tsx,0.0019346785937174953,186,6,1,0.0,0.00253592561284869,0,NONE,
307,src/helm/impress/README.md,0.0019346785937174953,186,2,2,0.0,0.00253592561284869,0,NONE,
308,src/frontend/src/features/rooms/livekit/components/controls/HandToggle.tsx,0.0019242770959018098,185,10,3,0.0,0.00253592561284869,0,NONE,
309,src/frontend/src/features/rooms/livekit/components/controls/Participants/ParticipantsToggle.tsx,0.0019138755980861245,184,14,4,0.0,0.00253592561284869,0,NONE,
310,src/frontend/src/features/rooms/livekit/components/controls/ToggleDevice.tsx,0.0019138755980861245,184,9,2,0.0,0.00253592561284869,0,NONE,
311,src/helm/impress/templates/_helpers.tpl,0.0019138755980861245,184,1,1,0.0,0.00253592561284869,0,NONE,
312,src/summary/summary/core/shared_models.py,0.0018930726024547534,182,3,1,0.0,0.00253592561284869,0,NONE,
313,compose.yml,0.001882671104639068,181,18,4,0.0,0.00253592561284869,0,NONE,
314,src/summary/summary/core/transcript_formatter.py,0.0018722696068233825,180,3,3,0.0,0.00253592561284869,0,NONE,
315,src/summary/summary/core/llm_service.py,0.0018618681090076972,179,4,2,0.0,0.00253592561284869,0,NONE,
316,src/backend/core/tests/recording/worker/test_factories.py,0.0018306636155606408,176,3,1,0.0,0.00253592561284869,0,NONE,
317,src/backend/core/tests/rooms/test_api_rooms_list.py,0.0018098606199292698,174,6,1,0.0,0.00253592561284869,0,NONE,
318,src/backend/core/services/livekit_events.py,0.0017994591221135844,173,10,2,0.0,0.00253592561284869,0,NONE,
319,src/backend/core/tests/test_utils.py,0.001789057624297899,172,3,1,0.0,0.00253592561284869,0,NONE,
320,src/frontend/src/features/sdk/SdkReverseClient.tsx,0.001789057624297899,172,3,3,0.0,0.00253592561284869,0,NONE,
321,src/frontend/src/primitives/Switch.tsx,0.001789057624297899,172,5,1,0.0,0.00253592561284869,0,NONE,
322,src/frontend/src/locales/de/legals.json,0.0017578531308508425,169,4,2,0.0,0.00253592561284869,0,NONE,
323,src/frontend/src/features/rooms/livekit/components/FullScreenShareWarning.tsx,0.0017370501352194717,167,5,1,0.0,0.00253592561284869,0,NONE,
324,src/backend/core/tests/test_utils_detect_mimetype.py,0.0017266486374037861,166,1,1,0.0,0.00253592561284869,0,NONE,
325,src/frontend/src/routes/Conference.tsx,0.0017266486374037861,166,3,2,0.0,0.00253592561284869,0,NONE,
326,src/frontend/src/styles/fonts.css,0.0017266486374037861,166,4,2,0.0,0.00253592561284869,0,NONE,
327,src/mail/package.json,0.0017266486374037861,166,72,4,0.0,0.00253592561284869,0,NONE,
328,src/frontend/src/features/subtitle/component/CaptionsSettings.tsx,0.0016954441439567297,163,5,2,0.0,0.00253592561284869,0,NONE,
329,docs/egress.md,0.0016850426461410444,162,2,1,0.0,0.00253592561284869,0,NONE,
330,src/frontend/src/primitives/Text.tsx,0.0016850426461410444,162,13,5,0.0,0.00253592561284869,0,NONE,
331,src/backend/core/tests/files/test_api_files_list.py,0.0016642396505096733,160,1,1,0.0,0.00253592561284869,0,NONE,
332,src/frontend/src/features/rooms/hooks/useWatchPermissions.ts,0.0016642396505096733,160,2,1,0.0,0.00253592561284869,0,NONE,
333,src/frontend/src/locales/fr/home.json,0.0016642396505096733,160,22,3,0.0,0.00253592561284869,0,NONE,
334,src/helm/meet/templates/celery_deployment.yaml,0.001653838152693988,159,5,2,0.0,0.00253592561284869,0,NONE,
335,src/frontend/src/primitives/PopoverList.tsx,0.0016434366548783025,158,6,2,0.0,0.00253592561284869,0,NONE,
336,src/backend/core/recording/event/parsers.py,0.001633035157062617,157,5,1,0.0,0.00253592561284869,0,NONE,
337,src/frontend/src/features/reactions/components/toolbar/ReactionsToolbar.tsx,0.001633035157062617,157,3,2,0.0,0.00253592561284869,0,NONE,
338,src/backend/demo/management/commands/create_demo.py,0.0016226336592469316,156,2,2,0.0,0.00253592561284869,0,NONE,
339,src/frontend/src/components/Avatar.tsx,0.0016226336592469316,156,12,2,0.0,0.00253592561284869,0,NONE,
340,src/summary/summary/core/webhook_service.py,0.0016226336592469316,156,3,2,0.0,0.00253592561284869,0,NONE,
341,src/backend/core/services/jwt_token.py,0.0015914291657998752,153,2,1,0.0,0.00253592561284869,0,NONE,
342,src/frontend/src/layout/Screen.tsx,0.0015810276679841897,152,7,2,0.0,0.00253592561284869,0,NONE,
343,src/frontend/src/locales/en/home.json,0.0015810276679841897,152,22,3,0.0,0.00253592561284869,0,NONE,
344,src/frontend/src/primitives/Popover.tsx,0.0015810276679841897,152,8,2,0.0,0.00253592561284869,0,NONE,
345,src/frontend/src/primitives/menuItemRecipe.ts,0.0015706261701685042,151,7,3,0.0,0.00253592561284869,0,NONE,
346,src/frontend/src/routes/Home.tsx,0.0015706261701685042,151,4,2,0.0,0.00253592561284869,0,NONE,
347,src/helm/env.d/preprod/values.impress.yaml.gotmpl,0.0015706261701685042,151,2,2,0.0,0.00253592561284869,0,NONE,
348,src/helm/env.d/production/values.impress.yaml.gotmpl,0.0015706261701685042,151,2,2,0.0,0.00253592561284869,0,NONE,
349,src/helm/env.d/staging/values.impress.yaml.gotmpl,0.0015706261701685042,151,2,2,0.0,0.00253592561284869,0,NONE,
350,src/frontend/src/locales/de/notifications.json,0.0015602246723528188,150,18,4,0.0,0.00253592561284869,0,NONE,
351,docs/developping_locally.md,0.0015290201789057625,147,2,2,0.0,0.00253592561284869,0,NONE,
352,src/backend/core/tests/recording/event/test_authentication.py,0.0015290201789057625,147,2,1,0.0,0.00253592561284869,0,NONE,
353,src/helm/meet/templates/_helpers.tpl,0.0015290201789057625,147,8,3,0.0,0.00253592561284869,0,NONE,
354,src/backend/core/tests/rooms/test_api_rooms_update.py,0.001518618681090077,146,4,1,0.0,0.00253592561284869,0,NONE,
355,src/frontend/src/features/rooms/livekit/components/blur/BackgroundBlurTrackProcessorJsWrapper.ts,0.001518618681090077,146,6,3,0.0,0.00253592561284869,0,NONE,
356,src/frontend/src/locales/en/global.json,0.0015082171832743916,145,35,3,0.0,0.00253592561284869,0,NONE,
357,src/helm/meet/templates/agents_deployment.yaml,0.0015082171832743916,145,3,2,0.0,0.00253592561284869,0,NONE,
358,src/frontend/src/styles/index.css,0.001497815685458706,144,20,5,0.0,0.00253592561284869,0,NONE,
359,src/helm/impress/templates/ingress_ws.yaml,0.001497815685458706,144,2,2,0.0,0.00253592561284869,0,NONE,
360,docs/features/recording.md,0.0014874141876430205,143,1,1,0.0,0.00253592561284869,0,NONE,
361,src/frontend/src/features/rooms/livekit/components/blur/UnifiedBackgroundTrackProcessor.ts,0.0014770126898273352,142,3,2,0.0,0.00253592561284869,0,NONE,
362,src/summary/summary/main.py,0.0014770126898273352,142,5,2,0.0,0.00253592561284869,0,NONE,
363,src/backend/core/tests/files/test_api_files_media_auth.py,0.0014666111920116497,141,1,1,0.0,0.00253592561284869,0,NONE,
364,src/frontend/src/locales/fr/global.json,0.0014666111920116497,141,33,3,0.0,0.00253592561284869,0,NONE,
365,src/summary/summary/core/prompt.py,0.0014666111920116497,141,4,2,0.0,0.00253592561284869,0,NONE,
366,src/agents/pyproject.toml,0.0014458081963802788,139,33,3,0.0,0.00253592561284869,0,NONE,
367,src/frontend/src/primitives/A.tsx,0.0014146037029332224,136,11,2,0.0,0.00253592561284869,0,NONE,
368,src/helm/impress/templates/backend_deployment.yaml,0.0014146037029332224,136,1,1,0.0,0.00253592561284869,0,NONE,
369,src/helm/impress/templates/frontend_deployment.yaml,0.0014146037029332224,136,1,1,0.0,0.00253592561284869,0,NONE,
370,src/frontend/src/locales/en/legals.json,0.001404202205117537,135,2,1,0.0,0.00253592561284869,0,NONE,
371,src/frontend/src/locales/nl/legals.json,0.001404202205117537,135,2,1,0.0,0.00253592561284869,0,NONE,
372,src/summary/summary/celery_worker.py,0.001404202205117537,135,2,1,0.0,0.00253592561284869,0,NONE,
373,src/backend/core/services/marketing_service.py,0.0013938007073018514,134,1,1,0.0,0.00253592561284869,0,NONE,
374,src/frontend/src/features/rooms/livekit/components/controls/ChatToggle.tsx,0.0013938007073018514,134,15,4,0.0,0.00253592561284869,0,NONE,
375,src/frontend/src/features/rooms/livekit/components/controls/SettingsDialogContext.tsx,0.0013938007073018514,134,4,2,0.0,0.00253592561284869,0,NONE,
376,src/backend/core/tests/services/test_livekit_events_service.py,0.0013729977116704805,132,1,1,0.0,0.00253592561284869,0,NONE,
377,src/frontend/src/features/rooms/livekit/components/controls/Device/SelectDevice.tsx,0.0013729977116704805,132,7,2,0.0,0.00253592561284869,0,NONE,
378,src/frontend/src/locales/fr/legals.json,0.0013625962138547952,131,2,1,0.0,0.00253592561284869,0,NONE,
379,src/frontend/src/features/rooms/livekit/components/controls/PaginationControl.tsx,0.0013521947160391097,130,4,1,0.0,0.00253592561284869,0,NONE,
380,src/frontend/src/features/reactions/components/ReactionsToggle.tsx,0.0013417932182234241,129,4,2,0.0,0.00253592561284869,0,NONE,
381,src/backend/core/services/telephony.py,0.0013313917204077388,128,2,1,0.0,0.00253592561284869,0,NONE,
382,src/frontend/src/features/legalsTerms/Accessibility.tsx,0.0013313917204077388,128,2,1,0.0,0.00253592561284869,0,NONE,
383,src/frontend/src/features/rooms/livekit/api/muteParticipant.ts,0.0013209902225920533,127,4,2,0.0,0.00253592561284869,0,NONE,
384,src/mail/mjml/invitation.mjml,0.0013209902225920533,127,3,2,0.0,0.00253592561284869,0,NONE,
385,src/sdk/consumer/src/index.css,0.0013209902225920533,127,2,2,0.0,0.00253592561284869,0,NONE,
386,src/backend/core/recording/worker/mediator.py,0.0013105887247763677,126,4,1,0.0,0.00253592561284869,0,NONE,
387,src/frontend/src/features/rooms/livekit/components/controls/SupportToggle.tsx,0.0013105887247763677,126,6,2,0.0,0.00253592561284869,0,NONE,
388,docs/examples/meet.values.yaml,0.0013001872269606824,125,3,1,0.0,0.00253592561284869,0,NONE,
389,src/frontend/src/features/rooms/livekit/components/controls/Options/OptionsButton.tsx,0.0013001872269606824,125,11,3,0.0,0.00253592561284869,0,NONE,
390,src/frontend/src/primitives/TextField.tsx,0.0012897857291449969,124,2,1,0.0,0.00253592561284869,0,NONE,
391,env.d/development/common.dist,0.001268982733513626,122,27,6,0.0,0.00253592561284869,0,NONE,
392,src/frontend/src/features/rooms/livekit/components/blur/BackgroundVirtualTrackProcessorJsWrapper.ts,0.001268982733513626,122,2,2,0.0,0.00253592561284869,0,NONE,
393,src/frontend/src/features/rooms/livekit/components/controls/Participants/HandRaisedListItem.tsx,0.0012585812356979405,121,8,2,0.0,0.00253592561284869,0,NONE,
394,src/frontend/src/features/rooms/livekit/prefabs/ControlBar/MoreOptions.tsx,0.0012585812356979405,121,9,2,0.0,0.00253592561284869,0,NONE,
395,src/helm/impress/templates/backend_job.yaml,0.0012585812356979405,121,1,1,0.0,0.00253592561284869,0,NONE,
396,src/helm/impress/templates/backend_job_createsuperuser.yaml,0.0012585812356979405,121,1,1,0.0,0.00253592561284869,0,NONE,
397,src/frontend/src/routes.ts,0.0012377782400665696,119,12,2,0.0,0.00253592561284869,0,NONE,
398,.github/workflows/deploy.yml,0.001227376742250884,118,5,3,0.0,0.00253592561284869,0,NONE,
399,docs/theming.md,0.001227376742250884,118,1,1,0.0,0.00253592561284869,0,NONE,
400,src/helm/impress/templates/ingress.yaml,0.001227376742250884,118,1,1,0.0,0.00253592561284869,0,NONE,
401,src/backend/core/services/livekit_events_service.py,0.0012169752444351988,117,1,1,0.0,0.00253592561284869,0,NONE,
402,src/backend/core/tests/rooms/test_api_rooms_create.py,0.0012169752444351988,117,5,1,0.0,0.00253592561284869,0,NONE,
403,src/backend/core/analytics.py,0.0012065737466195132,116,2,1,0.0,0.00253592561284869,0,NONE,
404,src/frontend/src/features/rooms/livekit/components/controls/SettingsMenuToggle.tsx,0.0012065737466195132,116,2,1,0.0,0.00253592561284869,0,NONE,
405,src/frontend/src/locales/nl/home.json,0.0012065737466195132,116,10,3,0.0,0.00253592561284869,0,NONE,
406,src/backend/core/tests/recording/test_api_recordings_delete.py,0.0011857707509881424,114,1,1,0.0,0.00253592561284869,0,NONE,
407,src/helm/extra/templates/redirect.yaml,0.0011857707509881424,114,3,1,0.0,0.00253592561284869,0,NONE,
408,src/sdk/library/package.json,0.0011857707509881424,114,13,3,0.0,0.00253592561284869,0,NONE,
409,src/frontend/src/features/files/api/createFile.ts,0.0011753692531724569,113,2,1,0.0,0.00253592561284869,0,NONE,
410,src/frontend/src/features/rooms/components/ActiveSpeaker.tsx,0.001154566257541086,111,4,1,0.0,0.00253592561284869,0,NONE,
411,src/frontend/Dockerfile,0.0011441647597254005,110,14,3,0.0,0.00253592561284869,0,NONE,
412,src/frontend/public/assets/camera_mic_permission.svg,0.001133763261909715,109,1,1,0.0,0.00253592561284869,0,NONE,
413,src/helm/env.d/dev/values.impress.yaml.gotmpl,0.001133763261909715,109,2,2,0.0,0.00253592561284869,0,NONE,
414,src/backend/core/recording/event/authentication.py,0.001112960266278344,107,5,1,0.0,0.00253592561284869,0,NONE,
415,src/frontend/src/features/rooms/livekit/components/TranscriptStateToast.tsx,0.001112960266278344,107,2,1,0.0,0.00253592561284869,0,NONE,
416,src/frontend/public/assets/logo.svg,0.0011025587684626585,106,2,1,0.0,0.00253592561284869,0,NONE,
417,src/backend/core/tests/rooms/test_api_rooms_delete.py,0.0010817557728312877,104,3,1,0.0,0.00253592561284869,0,NONE,
418,src/frontend/src/features/rooms/livekit/config/ToggleDeviceConfig.ts,0.0010817557728312877,104,3,1,0.0,0.00253592561284869,0,NONE,
419,src/helm/extra/templates/external_secret_deployment.yaml,0.0010817557728312877,104,3,2,0.0,0.00253592561284869,0,NONE,
420,src/helm/extra/templates/keycloak-sts.yaml,0.0010817557728312877,104,1,1,0.0,0.00253592561284869,0,NONE,
421,docs/examples/compose/keycloak/README.md,0.0010713542750156021,103,3,3,0.0,0.00253592561284869,0,NONE,
422,src/frontend/src/features/notifications/components/ToastRecordingRequest.tsx,0.0010713542750156021,103,2,1,0.0,0.00253592561284869,0,NONE,
423,src/helm/env.d/dev/values.livekit.yaml.gotmpl,0.0010609527771999168,102,5,1,0.0,0.00253592561284869,0,NONE,
424,src/frontend/src/primitives/Tooltip.tsx,0.0010505512793842313,101,2,1,0.0,0.00253592561284869,0,NONE,
425,src/sdk/package.json,0.0010505512793842313,101,46,2,0.0,0.00253592561284869,0,NONE,
426,src/backend/core/tests/rooms/test_api_rooms_creation_callback.py,0.001040149781568546,100,2,1,0.0,0.00253592561284869,0,NONE,
427,src/frontend/src/features/rooms/livekit/components/controls/Participants/WaitingParticipantListItem.tsx,0.001040149781568546,100,2,1,0.0,0.00253592561284869,0,NONE,
428,src/frontend/src/features/recording/components/LimitReachedAlertDialog.tsx,0.001019346785937175,98,3,1,0.0,0.00253592561284869,0,NONE,
429,src/helm/impress/templates/ingress_admin.yaml,0.001019346785937175,98,1,1,0.0,0.00253592561284869,0,NONE,
430,src/frontend/src/features/rooms/livekit/hooks/useFullScreen.ts,0.0010089452881214896,97,2,1,0.0,0.00253592561284869,0,NONE,
431,src/frontend/src/primitives/Radio.tsx,0.0010089452881214896,97,2,2,0.0,0.00253592561284869,0,NONE,
432,src/frontend/src/features/rooms/livekit/components/layout/CarouselLayout.tsx,0.0009881422924901185,95,2,1,0.0,0.00253592561284869,0,NONE,
433,src/frontend/src/locales/de/accessibility.json,0.0009777407946744332,94,4,2,0.0,0.00253592561284869,0,NONE,
434,docs/examples/compose/compose.yaml,0.0009673392968587477,93,3,2,0.0,0.00253592561284869,0,NONE,
435,docs/features/transcription.md,0.0009569377990430622,92,1,1,0.0,0.00253592561284869,0,NONE,
436,src/frontend/src/features/rooms/livekit/components/dialogs/UsernameDialog.tsx,0.0009569377990430622,92,3,1,0.0,0.00253592561284869,0,NONE,
437,src/frontend/src/features/rooms/livekit/hooks/useWidgetInteraction.ts,0.0009569377990430622,92,6,1,0.0,0.00253592561284869,0,NONE,
438,src/frontend/src/layout/Box.tsx,0.0009569377990430622,92,5,1,0.0,0.00253592561284869,0,NONE,
439,.gitignore,0.0009465363012273767,91,5,3,0.0,0.00253592561284869,0,NONE,
440,src/backend/core/recording/services/metadata_collector.py,0.0009465363012273767,91,1,1,0.0,0.00253592561284869,0,NONE,
441,src/frontend/src/features/recording/components/RequestRecording.tsx,0.0009465363012273767,91,2,1,0.0,0.00253592561284869,0,NONE,
442,docker/dinum-frontend/Dockerfile,0.0009361348034116913,90,7,1,0.0,0.00253592561284869,0,NONE,
443,src/frontend/src/primitives/ToggleButton.tsx,0.0009361348034116913,90,4,3,0.0,0.00253592561284869,0,NONE,
444,src/summary/tests/api/test_api_tasks.py,0.0009361348034116913,90,2,2,0.0,0.00253592561284869,0,NONE,
445,src/frontend/src/features/shortcuts/catalog.ts,0.0009257333055960058,89,3,1,0.0,0.00253592561284869,0,NONE,
446,src/frontend/src/primitives/Box.tsx,0.0009257333055960058,89,8,2,0.0,0.00253592561284869,0,NONE,
447,src/frontend/src/api/useConfig.ts,0.0009153318077803204,88,24,3,0.0,0.00253592561284869,0,NONE,
448,src/frontend/src/features/rooms/livekit/hooks/useSidePanel.ts,0.0009153318077803204,88,8,1,0.0,0.00253592561284869,0,NONE,
449,docs/features/telephony.md,0.0009049303099646349,87,1,1,0.0,0.00253592561284869,0,NONE,
450,src/frontend/src/features/notifications/components/ToastMessageReceived.tsx,0.0009049303099646349,87,5,1,0.0,0.00253592561284869,0,NONE,
451,src/frontend/src/features/rooms/livekit/components/RecordingStateToast.tsx,0.0008945288121489494,86,2,1,0.0,0.00253592561284869,0,NONE,
452,src/helm/env.d/dev/values.egress.yaml.gotmpl,0.0008945288121489494,86,2,1,0.0,0.00253592561284869,0,NONE,
453,.gitlint,0.000884127314333264,85,2,2,0.0,0.00253592561284869,0,NONE,
454,src/frontend/src/features/shortcuts/formatLabels.ts,0.000884127314333264,85,4,1,0.0,0.00253592561284869,0,NONE,
455,src/mail/mjml/screen_recording.mjml,0.000884127314333264,85,5,1,0.0,0.00253592561284869,0,NONE,
456,src/frontend/src/features/rooms/livekit/api/lowerHandParticipant.ts,0.0008737258165175785,84,4,1,0.0,0.00253592561284869,0,NONE,
457,.github/workflows/release-helm-chart.yaml,0.0008633243187018931,83,6,3,0.0,0.00253592561284869,0,NONE,
458,src/backend/core/api/throttling.py,0.0008633243187018931,83,4,1,0.0,0.00253592561284869,0,NONE,
459,src/backend/core/services/invitation.py,0.0008529228208862076,82,3,1,0.0,0.00253592561284869,0,NONE,
460,src/backend/core/tests/test_models_resource_accesses.py,0.0008529228208862076,82,3,1,0.0,0.00253592561284869,0,NONE,
461,src/frontend/src/components/ProConnectButton.tsx,0.0008529228208862076,82,3,2,0.0,0.00253592561284869,0,NONE,
462,src/frontend/src/layout/LoadingScreen.tsx,0.0008529228208862076,82,6,1,0.0,0.00253592561284869,0,NONE,
463,src/frontend/src/locales/en/notifications.json,0.0008529228208862076,82,17,3,0.0,0.00253592561284869,0,NONE,
464,src/frontend/src/locales/nl/global.json,0.0008529228208862076,82,14,4,0.0,0.00253592561284869,0,NONE,
465,src/backend/core/api/__init__.py,0.0008425213230705222,81,13,3,0.0,0.00253592561284869,0,NONE,
466,src/backend/core/recording/services/recording_events.py,0.0008425213230705222,81,4,3,0.0,0.00253592561284869,0,NONE,
467,src/frontend/src/features/notifications/components/ToastRaised.tsx,0.0008425213230705222,81,5,1,0.0,0.00253592561284869,0,NONE,
468,src/frontend/src/features/rooms/livekit/hooks/useRaisedHand.ts,0.0008425213230705222,81,7,1,0.0,0.00253592561284869,0,NONE,
469,LICENSES/LICENSE.Etalab-2.0.md,0.0008217183274391512,79,1,1,0.0,0.00253592561284869,0,NONE,
470,src/backend/core/urls.py,0.0008217183274391512,79,11,4,0.0,0.00253592561284869,0,NONE,
471,src/frontend/src/features/rooms/livekit/hooks/useCopyRoomToClipboard.ts,0.0008217183274391512,79,1,1,0.0,0.00253592561284869,0,NONE,
472,src/frontend/src/features/notifications/components/ToastJoined.tsx,0.0008113168296234658,78,3,1,0.0,0.00253592561284869,0,NONE,
473,src/frontend/src/features/recording/hooks/useRecordingStatuses.ts,0.0008113168296234658,78,3,1,0.0,0.00253592561284869,0,NONE,
474,src/frontend/src/features/rooms/livekit/components/controls/Participants/ListItemActionButton.tsx,0.0008113168296234658,78,2,1,0.0,0.00253592561284869,0,NONE,
475,src/frontend/src/locales/fr/notifications.json,0.0008113168296234658,78,16,3,0.0,0.00253592561284869,0,NONE,
476,CONTRIBUTING.md,0.0008009153318077803,77,1,1,0.0,0.00253592561284869,0,NONE,
477,src/backend/core/recording/worker/factories.py,0.0008009153318077803,77,2,1,0.0,0.00253592561284869,0,NONE,
478,src/frontend/src/features/rooms/hooks/useLobby.ts,0.0008009153318077803,77,1,1,0.0,0.00253592561284869,0,NONE,
479,CODE_OF_CONDUCT.md,0.0007905138339920949,76,1,1,0.0,0.00253592561284869,0,NONE,
480,bin/pylint,0.0007905138339920949,76,2,2,0.0,0.00253592561284869,0,NONE,
481,renovate.json,0.0007905138339920949,76,9,2,0.0,0.00253592561284869,0,NONE,
482,src/frontend/src/features/sdk/routes/CreatePopup.tsx,0.0007905138339920949,76,1,1,0.0,0.00253592561284869,0,NONE,
483,src/frontend/src/features/rooms/livekit/components/KeyboardShortcutHint.tsx,0.0007801123361764094,75,2,2,0.0,0.00253592561284869,0,NONE,
484,src/frontend/src/features/rooms/livekit/components/chat/Entry.tsx,0.0007801123361764094,75,3,1,0.0,0.00253592561284869,0,NONE,
485,src/frontend/src/stores/userChoices.ts,0.0007801123361764094,75,8,2,0.0,0.00253592561284869,0,NONE,
486,src/backend/core/tests/recording/service/test_recording_events.py,0.000769710838360724,74,2,1,0.0,0.00253592561284869,0,NONE,
487,src/frontend/src/components/FeedbackBanner.tsx,0.000769710838360724,74,7,1,0.0,0.00253592561284869,0,NONE,
488,src/frontend/src/features/rooms/livekit/components/layout/GridLayout.tsx,0.000769710838360724,74,2,1,0.0,0.00253592561284869,0,NONE,
489,src/frontend/src/stores/permissions.ts,0.000769710838360724,74,5,1,0.0,0.00253592561284869,0,NONE,
490,src/helm/helmfile.yaml.gotmpl,0.000769710838360724,74,3,2,0.0,0.00253592561284869,0,NONE,
491,src/backend/core/external_api/serializers.py,0.0007593093405450385,73,2,1,0.0,0.00253592561284869,0,NONE,
492,src/frontend/src/features/rooms/livekit/components/controls/TranscriptToggle.tsx,0.0007593093405450385,73,7,2,0.0,0.00253592561284869,0,NONE,
493,src/frontend/src/features/notifications/utils.ts,0.000748907842729353,72,4,1,0.0,0.00253592561284869,0,NONE,
494,src/frontend/src/features/recording/components/LoginPrompt.tsx,0.000748907842729353,72,4,1,0.0,0.00253592561284869,0,NONE,
495,src/sdk/library/src/create/VisioCreateButton.tsx,0.000748907842729353,72,3,2,0.0,0.00253592561284869,0,NONE,
496,src/backend/core/tests/files/test_api_files_list_ordering.py,0.0007385063449136676,71,1,1,0.0,0.00253592561284869,0,NONE,
497,src/frontend/src/features/rooms/livekit/components/blur/TimerWorker.ts,0.0007385063449136676,71,1,1,0.0,0.00253592561284869,0,NONE,
498,src/frontend/src/features/settings/components/tabs/layout/RowWrapper.tsx,0.0007385063449136676,71,1,1,0.0,0.00253592561284869,0,NONE,
499,src/frontend/src/primitives/Icon.tsx,0.0007385063449136676,71,1,1,0.0,0.00253592561284869,0,NONE,
500,src/summary/Dockerfile,0.0007385063449136676,71,9,1,0.0,0.00253592561284869,0,NONE,
501,docker/dinum-frontend/dinum-styles.css,0.0007281048470979821,70,1,1,0.0,0.00253592561284869,0,NONE,
502,src/frontend/src/features/files/api/listFiles.ts,0.0007281048470979821,70,1,1,0.0,0.00253592561284869,0,NONE,
503,src/frontend/src/locales/de/recording.json,0.0007281048470979821,70,8,2,0.0,0.00253592561284869,0,NONE,
504,src/frontend/src/locales/en/accessibility.json,0.0007281048470979821,70,2,1,0.0,0.00253592561284869,0,NONE,
505,src/frontend/src/locales/nl/accessibility.json,0.0007281048470979821,70,2,1,0.0,0.00253592561284869,0,NONE,
506,src/frontend/src/locales/nl/notifications.json,0.0007281048470979821,70,9,3,0.0,0.00253592561284869,0,NONE,
507,src/frontend/src/primitives/Form.tsx,0.0007281048470979821,70,4,3,0.0,0.00253592561284869,0,NONE,
508,src/backend/core/tests/files/test_api_files_update.py,0.0007177033492822966,69,2,2,0.0,0.00253592561284869,0,NONE,
509,src/frontend/src/layout/SkipLink.tsx,0.0007177033492822966,69,1,1,0.0,0.00253592561284869,0,NONE,
510,src/frontend/src/index.css,0.0007073018514666112,68,2,2,0.0,0.00253592561284869,0,NONE,
511,src/frontend/src/primitives/ScreenReaderAnnouncer.tsx,0.0007073018514666112,68,3,1,0.0,0.00253592561284869,0,NONE,
512,src/frontend/visio/src/index.css,0.0007073018514666112,68,1,1,0.0,0.00253592561284869,0,NONE,
513,src/backend/core/api/filters.py,0.0006969003536509257,67,1,1,0.0,0.00253592561284869,0,NONE,
514,src/backend/core/migrations/0005_recording_recordingaccess_and_more.py,0.0006969003536509257,67,1,1,0.0,0.00253592561284869,0,NONE,
515,src/frontend/src/features/notifications/components/ToastRecordingSaving.tsx,0.0006969003536509257,67,2,1,0.0,0.00253592561284869,0,NONE,
516,src/frontend/src/features/notifications/components/Toast.tsx,0.0006864988558352403,66,5,1,0.0,0.00253592561284869,0,NONE,
517,src/frontend/src/features/rooms/livekit/components/RecordingStateBadge.tsx,0.0006864988558352403,66,1,1,0.0,0.00253592561284869,0,NONE,
518,src/frontend/src/features/rooms/livekit/constants/events.ts,0.0006864988558352403,66,2,1,0.0,0.00253592561284869,0,NONE,
519,src/frontend/src/layout/BoxScreen.tsx,0.0006864988558352403,66,3,1,0.0,0.00253592561284869,0,NONE,
520,src/frontend/src/features/analytics/hooks/useAnalytics.tsx,0.0006760973580195548,65,2,1,0.0,0.00253592561284869,0,NONE,
521,src/frontend/src/features/shortcuts/hooks/useShortcutFormatting.ts,0.0006760973580195548,65,4,1,0.0,0.00253592561284869,0,NONE,
522,src/backend/core/tests/test_models_users.py,0.0006656958602038694,64,4,2,0.0,0.00253592561284869,0,NONE,
523,src/frontend/src/features/settings/components/tabs/ShortcutTab.tsx,0.0006552943623881839,63,2,1,0.0,0.00253592561284869,0,NONE,
524,src/frontend/src/features/home/components/MoreLink.tsx,0.0006448928645724984,62,5,2,0.0,0.00253592561284869,0,NONE,
525,src/tsclient/package.json,0.0006448928645724984,62,4,3,0.0,0.00253592561284869,0,NONE,
526,src/frontend/public/assets/gouvernement.svg,0.000634491366756813,61,1,1,0.0,0.00253592561284869,0,NONE,
527,src/frontend/src/components/AppInitialization.tsx,0.000634491366756813,61,7,2,0.0,0.00253592561284869,0,NONE,
528,src/frontend/src/features/settings/hook/useTranscriptionLanguage.ts,0.000634491366756813,61,2,1,0.0,0.00253592561284869,0,NONE,
529,src/frontend/src/hooks/useRestoreFocus.ts,0.000634491366756813,61,1,1,0.0,0.00253592561284869,0,NONE,
530,src/frontend/src/stores/notifications.ts,0.000634491366756813,61,3,1,0.0,0.00253592561284869,0,NONE,
531,src/sdk/consumer/package.json,0.000634491366756813,61,6,3,0.0,0.00253592561284869,0,NONE,
532,crowdin/config.yml,0.0006240898689411275,60,3,3,0.0,0.00253592561284869,0,NONE,
533,src/agents/Dockerfile,0.0006240898689411275,60,7,2,0.0,0.00253592561284869,0,NONE,
534,src/backend/core/templatetags/extra_tags.py,0.0006240898689411275,60,2,2,0.0,0.00253592561284869,0,NONE,
535,src/frontend/src/features/shortcuts/utils.ts,0.0006240898689411275,60,3,2,0.0,0.00253592561284869,0,NONE,
536,src/frontend/src/queries/useUser.tsx,0.0006240898689411275,60,2,1,0.0,0.00253592561284869,0,NONE,
537,src/summary/summary/core/models.py,0.0006240898689411275,60,1,1,0.0,0.00253592561284869,0,NONE,
538,src/summary/tests/models/test_whisper_x_response.py,0.0006240898689411275,60,1,1,0.0,0.00253592561284869,0,NONE,
539,src/frontend/src/i18n/LanguageSelector.tsx,0.0006032868733097566,58,3,1,0.0,0.00253592561284869,0,NONE,
540,src/summary/summary/config.py,0.0006032868733097566,58,3,1,0.0,0.00253592561284869,0,NONE,
541,src/backend/core/authentication/livekit.py,0.0005928853754940712,57,3,2,0.0,0.00253592561284869,0,NONE,
542,src/frontend/src/features/rooms/api/createRoom.ts,0.0005928853754940712,57,4,1,0.0,0.00253592561284869,0,NONE,
543,src/frontend/src/components/Feedback.tsx,0.0005824838776783857,56,3,2,0.0,0.00253592561284869,0,NONE,
544,src/frontend/src/components/SoundTester.tsx,0.0005824838776783857,56,4,2,0.0,0.00253592561284869,0,NONE,
545,src/frontend/src/features/settings/hook/useTranscriptionLanguageOptions.ts,0.0005824838776783857,56,2,1,0.0,0.00253592561284869,0,NONE,
546,src/frontend/src/i18n/init.ts,0.0005824838776783857,56,5,4,0.0,0.00253592561284869,0,NONE,
547,src/frontend/src/primitives/DialogContent.tsx,0.0005824838776783857,56,2,1,0.0,0.00253592561284869,0,NONE,
548,src/frontend/src/styles/icons.css,0.0005824838776783857,56,3,1,0.0,0.00253592561284869,0,NONE,
549,src/summary/compose.yaml,0.0005824838776783857,56,4,1,0.0,0.00253592561284869,0,NONE,
550,src/frontend/src/features/rooms/livekit/hooks/useGridLayout.ts,0.0005720823798627002,55,2,2,0.0,0.00253592561284869,0,NONE,
551,src/frontend/src/features/rooms/livekit/hooks/useReactions.ts,0.0005720823798627002,55,1,1,0.0,0.00253592561284869,0,NONE,
552,docker/files/production/default.conf.template,0.0005616808820470148,54,2,1,0.0,0.00253592561284869,0,NONE,
553,docs/tsclient.md,0.0005616808820470148,54,3,2,0.0,0.00253592561284869,0,NONE,
554,src/frontend/src/features/notifications/components/ToastLowerHand.tsx,0.0005616808820470148,54,3,1,0.0,0.00253592561284869,0,NONE,
555,src/frontend/src/features/notifications/components/ToastPermissionsRemoved.tsx,0.0005616808820470148,54,2,1,0.0,0.00253592561284869,0,NONE,
556,src/frontend/src/primitives/H.tsx,0.0005616808820470148,54,3,2,0.0,0.00253592561284869,0,NONE,
557,docs/features/authentication.md,0.0005512793842313293,53,1,1,0.0,0.00253592561284869,0,NONE,
558,bin/terraform,0.0005408778864156438,52,2,2,0.0,0.00253592561284869,0,NONE,
559,deploy/paas/servers.conf.erb,0.0005408778864156438,52,1,1,0.0,0.00253592561284869,0,NONE,
560,env.d/production.dist/common,0.0005408778864156438,52,2,2,0.0,0.00253592561284869,0,NONE,
561,src/backend/core/migrations/0015_application_and_more.py,0.0005408778864156438,52,1,1,0.0,0.00253592561284869,0,NONE,
562,src/frontend/src/features/rooms/api/listWaitingParticipants.ts,0.0005408778864156438,52,1,1,0.0,0.00253592561284869,0,NONE,
563,src/frontend/src/features/rooms/utils/cloneSingleChild.ts,0.0005408778864156438,52,2,1,0.0,0.00253592561284869,0,NONE,
564,src/frontend/src/locales/fr/accessibility.json,0.0005408778864156438,52,2,1,0.0,0.00253592561284869,0,NONE,
565,src/summary/summary/prompt.py,0.0005408778864156438,52,1,1,0.0,0.00253592561284869,0,NONE,
566,src/frontend/src/features/rooms/livekit/hooks/useVideoResolutionSubscription.ts,0.0005304763885999584,51,1,1,0.0,0.00253592561284869,0,NONE,
567,src/frontend/src/primitives/P.tsx,0.0005304763885999584,51,3,1,0.0,0.00253592561284869,0,NONE,
568,src/helm/env.d/dev-dinum/values.livekit.yaml.gotmpl,0.0005304763885999584,51,2,2,0.0,0.00253592561284869,0,NONE,
569,src/helm/env.d/dev-keycloak/values.livekit.yaml.gotmpl,0.0005304763885999584,51,4,3,0.0,0.00253592561284869,0,NONE,
570,.dockerignore,0.000520074890784273,50,3,2,0.0,0.00253592561284869,0,NONE,
571,bin/state,0.000520074890784273,50,2,2,0.0,0.00253592561284869,0,NONE,
572,docker/files/etc/nginx/conf.d/default.conf,0.000520074890784273,50,2,2,0.0,0.00253592561284869,0,NONE,
573,src/frontend/src/features/settings/components/tabs/AccessibilityTab.tsx,0.000520074890784273,50,4,1,0.0,0.00253592561284869,0,NONE,
574,src/sdk/consumer/README.md,0.000520074890784273,50,1,1,0.0,0.00253592561284869,0,NONE,
575,src/backend/core/tasks/_task.py,0.0005096733929685875,49,1,1,0.0,0.00253592561284869,0,NONE,
576,src/frontend/src/primitives/index.ts,0.0005096733929685875,49,15,3,0.0,0.00253592561284869,0,NONE,
577,src/backend/core/tests/services/test_subtitle.py,0.000499271895152902,48,1,1,0.0,0.00253592561284869,0,NONE,
578,src/backend/impress/urls.py,0.000499271895152902,48,1,1,0.0,0.00253592561284869,0,NONE,
579,src/frontend/src/features/layout/components/LayoutWrapper.tsx,0.000499271895152902,48,2,1,0.0,0.00253592561284869,0,NONE,
580,src/frontend/src/layout/ForbiddenScreen.tsx,0.000499271895152902,48,4,1,0.0,0.00253592561284869,0,NONE,
581,src/backend/core/services/subtitle.py,0.0004888703973372166,47,1,1,0.0,0.00253592561284869,0,NONE,
582,src/backend/demo/management/commands/createsuperuser.py,0.0004888703973372166,47,2,2,0.0,0.00253592561284869,0,NONE,
583,src/frontend/default.conf,0.0004888703973372166,47,6,1,0.0,0.00253592561284869,0,NONE,
584,src/frontend/src/features/auth/api/useSyncUserPreferencesWithBackend.tsx,0.0004888703973372166,47,1,1,0.0,0.00253592561284869,0,NONE,
585,src/frontend/src/features/rooms/livekit/components/controls/PermissionNeededButton.tsx,0.0004888703973372166,47,1,1,0.0,0.00253592561284869,0,NONE,
586,src/frontend/src/features/sdk/utils/CallbackIdHandler.ts,0.0004888703973372166,47,2,1,0.0,0.00253592561284869,0,NONE,
587,src/backend/core/api/feature_flag.py,0.0004784688995215311,46,2,2,0.0,0.00253592561284869,0,NONE,
588,src/frontend/src/features/rooms/livekit/components/AdminToggle.tsx,0.0004784688995215311,46,2,1,0.0,0.00253592561284869,0,NONE,
589,src/frontend/src/features/rooms/livekit/components/MuteAlertDialog.tsx,0.0004784688995215311,46,3,1,0.0,0.00253592561284869,0,NONE,
590,src/frontend/src/features/shortcuts/components/ShortcutRow.tsx,0.0004784688995215311,46,2,1,0.0,0.00253592561284869,0,NONE,
591,src/frontend/src/features/shortcuts/useRegisterKeyboardShortcut.ts,0.0004784688995215311,46,4,2,0.0,0.00253592561284869,0,NONE,
592,src/frontend/src/stores/reactions.ts,0.0004784688995215311,46,2,1,0.0,0.00253592561284869,0,NONE,
593,src/helm/env.d/dev-keycloak/values.egress.yaml.gotmpl,0.0004784688995215311,46,2,2,0.0,0.00253592561284869,0,NONE,
594,src/mail/mjml/partial/header.mjml,0.0004784688995215311,46,1,1,0.0,0.00253592561284869,0,NONE,
595,src/backend/core/tests/files/test_api_files_delete.py,0.00046806740170584563,45,1,1,0.0,0.00253592561284869,0,NONE,
596,src/backend/core/tests/services/test_marketing.py,0.00046806740170584563,45,3,1,0.0,0.00253592561284869,0,NONE,
597,src/frontend/src/primitives/Loader.tsx,0.00046806740170584563,45,1,1,0.0,0.00253592561284869,0,NONE,
598,src/frontend/src/stores/recording.ts,0.00046806740170584563,45,5,1,0.0,0.00253592561284869,0,NONE,
599,.github/workflows/helmfile-linter.yml,0.0004576659038901602,44,2,2,0.0,0.00253592561284869,0,NONE,
600,src/frontend/src/features/recording/hooks/useIsRecordingActive.ts,0.0004576659038901602,44,2,1,0.0,0.00253592561284869,0,NONE,
601,src/frontend/src/features/rooms/livekit/components/controls/Device/SettingsButton.tsx,0.0004576659038901602,44,4,1,0.0,0.00253592561284869,0,NONE,
602,src/frontend/src/features/rooms/livekit/components/controls/Participants/LowerAllHandsButton.tsx,0.0004576659038901602,44,6,1,0.0,0.00253592561284869,0,NONE,
603,src/frontend/src/features/rooms/livekit/hooks/useNoiseReduction.ts,0.0004576659038901602,44,3,1,0.0,0.00253592561284869,0,NONE,
604,src/frontend/src/features/rooms/utils/safeParseMetadata.tsx,0.0004576659038901602,44,2,1,0.0,0.00253592561284869,0,NONE,
605,src/frontend/src/features/settings/components/tabs/GeneralTab.tsx,0.0004576659038901602,44,2,1,0.0,0.00253592561284869,0,NONE,
606,src/frontend/src/features/subtitle/hooks/useSubtitles.tsx,0.0004576659038901602,44,2,1,0.0,0.00253592561284869,0,NONE,
607,src/frontend/src/hooks/useScreenReaderAnnounce.ts,0.0004576659038901602,44,3,1,0.0,0.00253592561284869,0,NONE,
608,src/frontend/src/layout/QueryAware.tsx,0.0004576659038901602,44,3,1,0.0,0.00253592561284869,0,NONE,
609,src/backend/core/fields.py,0.0004472644060744747,43,1,1,0.0,0.00253592561284869,0,NONE,
610,src/helm/env.d/dev-dinum/values.egress.yaml.gotmpl,0.0004472644060744747,43,1,1,0.0,0.00253592561284869,0,NONE,
611,src/backend/core/migrations/0017_file.py,0.00043686290825878924,42,1,1,0.0,0.00253592561284869,0,NONE,
612,src/backend/core/tests/swagger/test_openapi_schema.py,0.00043686290825878924,42,2,2,0.0,0.00253592561284869,0,NONE,
613,src/frontend/src/App.css,0.00043686290825878924,42,2,2,0.0,0.00253592561284869,0,NONE,
614,src/frontend/src/features/rooms/livekit/api/fetchServerApi.ts,0.00043686290825878924,42,2,1,0.0,0.00253592561284869,0,NONE,
615,src/frontend/src/features/rooms/livekit/components/MutedMicIndicator.tsx,0.00043686290825878924,42,4,1,0.0,0.00253592561284869,0,NONE,
616,src/frontend/src/features/rooms/livekit/components/controls/InfoToggle.tsx,0.00043686290825878924,42,2,1,0.0,0.00253592561284869,0,NONE,
617,src/frontend/src/features/rooms/livekit/hooks/useDeviceShortcut.ts,0.00043686290825878924,42,3,2,0.0,0.00253592561284869,0,NONE,
618,src/frontend/src/layout/ErrorScreen.tsx,0.00043686290825878924,42,4,1,0.0,0.00253592561284869,0,NONE,
619,src/frontend/src/layout/NotFoundScreen.tsx,0.00043686290825878924,42,4,1,0.0,0.00253592561284869,0,NONE,
620,src/frontend/visio/src/App.css,0.00043686290825878924,42,1,1,0.0,0.00253592561284869,0,NONE,
621,src/helm/impress/templates/webrtc_svc.yaml,0.00043686290825878924,42,2,2,0.0,0.00253592561284869,0,NONE,
622,src/helm/meet/Chart.yaml,0.00043686290825878924,42,21,5,0.0,0.00253592561284869,0,NONE,
623,src/sdk/library/README.md,0.00043686290825878924,42,1,1,0.0,0.00253592561284869,0,NONE,
624,src/frontend/src/features/rooms/api/updateParticipantPermissions.ts,0.0004264614104431038,41,1,1,0.0,0.00253592561284869,0,NONE,
625,src/frontend/src/features/rooms/livekit/components/controls/LeaveButton.tsx,0.0004264614104431038,41,3,1,0.0,0.00253592561284869,0,NONE,
626,src/frontend/src/primitives/TooltipWrapper.tsx,0.0004264614104431038,41,4,3,0.0,0.00253592561284869,0,NONE,
627,docs/examples/livekit.values.yaml,0.00041605991262741833,40,1,1,0.0,0.00253592561284869,0,NONE,
628,src/frontend/src/features/rooms/livekit/components/effects/Effects.tsx,0.00041605991262741833,40,5,3,0.0,0.00253592561284869,0,NONE,
629,src/frontend/src/features/shortcuts/components/ShortcutBadge.tsx,0.00041605991262741833,40,2,1,0.0,0.00253592561284869,0,NONE,
630,src/frontend/src/stores/userPreferences.ts,0.00041605991262741833,40,2,1,0.0,0.00253592561284869,0,NONE,
631,src/summary/README.md,0.00041605991262741833,40,2,2,0.0,0.00253592561284869,0,NONE,
632,src/summary/tests/conftest.py,0.00041605991262741833,40,3,2,0.0,0.00253592561284869,0,NONE,
633,docs/examples/compose/nginx-proxy/README.md,0.0004056584148117329,39,1,1,0.0,0.00253592561284869,0,NONE,
634,gitlint/gitlint_emoji.py,0.0003952569169960474,38,2,2,0.0,0.00253592561284869,0,NONE,
635,src/backend/core/enums.py,0.0003952569169960474,38,6,2,0.0,0.00253592561284869,0,NONE,
636,src/frontend/src/components/ErrorScreen.tsx,0.0003952569169960474,38,5,2,0.0,0.00253592561284869,0,NONE,
637,src/frontend/src/features/notifications/components/ToastTranscript.tsx,0.0003952569169960474,38,2,1,0.0,0.00253592561284869,0,NONE,
638,src/frontend/src/features/rooms/livekit/components/controls/Participants/MuteEveryoneButton.tsx,0.0003952569169960474,38,1,1,0.0,0.00253592561284869,0,NONE,
639,src/frontend/src/features/rooms/livekit/components/controls/SubtitlesToggle.tsx,0.0003952569169960474,38,1,1,0.0,0.00253592561284869,0,NONE,
640,src/frontend/src/features/settings/components/SettingsButton.tsx,0.0003952569169960474,38,6,3,0.0,0.00253592561284869,0,NONE,
641,src/frontend/src/features/settings/hook/useSettingsDialog.ts,0.0003952569169960474,38,2,2,0.0,0.00253592561284869,0,NONE,
642,src/helm/env.d/common.yaml.gotmpl,0.0003952569169960474,38,1,1,0.0,0.00253592561284869,0,NONE,
643,docs/installation/README.md,0.000384855419180362,37,3,3,0.0,0.00253592561284869,0,NONE,
644,src/backend/core/services/room_creation.py,0.000384855419180362,37,1,1,0.0,0.00253592561284869,0,NONE,
645,src/frontend/src/features/notifications/hooks/useNotifyParticipants.ts,0.000384855419180362,37,1,1,0.0,0.00253592561284869,0,NONE,
646,src/frontend/src/features/recording/index.ts,0.000384855419180362,37,13,1,0.0,0.00253592561284869,0,NONE,
647,src/frontend/src/features/rooms/api/enterRoom.ts,0.000384855419180362,37,1,1,0.0,0.00253592561284869,0,NONE,
648,src/frontend/src/features/rooms/livekit/components/ParticipantMenu/PinMenuItem.tsx,0.000384855419180362,37,1,1,0.0,0.00253592561284869,0,NONE,
649,src/frontend/src/features/rooms/livekit/hooks/useDeviceIcons.ts,0.000384855419180362,37,1,1,0.0,0.00253592561284869,0,NONE,
650,src/frontend/src/hooks/useRateLimiter.ts,0.000384855419180362,37,1,1,0.0,0.00253592561284869,0,NONE,
651,src/frontend/src/stores/layout.ts,0.000384855419180362,37,10,2,0.0,0.00253592561284869,0,NONE,
652,src/summary/summary/core/locales/de.py,0.000384855419180362,37,2,2,0.0,0.00253592561284869,0,NONE,
653,docs/examples/compose/keycloak/compose.yaml,0.0003744539213646765,36,1,1,0.0,0.00253592561284869,0,NONE,
654,docs/examples/compose/nginx-proxy/compose.yaml,0.0003744539213646765,36,1,1,0.0,0.00253592561284869,0,NONE,
655,src/backend/core/authentication/urls.py,0.0003744539213646765,36,2,2,0.0,0.00253592561284869,0,NONE,
656,src/backend/core/tasks/file.py,0.0003744539213646765,36,1,1,0.0,0.00253592561284869,0,NONE,
657,src/frontend/src/features/rooms/livekit/components/controls/Options/FullScreenMenuItem.tsx,0.0003744539213646765,36,2,1,0.0,0.00253592561284869,0,NONE,
658,src/frontend/src/features/subtitle/api/startSubtitle.ts,0.0003744539213646765,36,2,1,0.0,0.00253592561284869,0,NONE,
659,src/frontend/src/i18n/useLanguageLabels.ts,0.0003744539213646765,36,5,3,0.0,0.00253592561284869,0,NONE,
660,src/frontend/src/locales/en/recording.json,0.0003744539213646765,36,6,1,0.0,0.00253592561284869,0,NONE,
661,src/frontend/src/locales/fr/recording.json,0.0003744539213646765,36,6,1,0.0,0.00253592561284869,0,NONE,
662,src/frontend/src/locales/nl/recording.json,0.0003744539213646765,36,6,1,0.0,0.00253592561284869,0,NONE,
663,src/frontend/src/primitives/LinkButton.tsx,0.0003744539213646765,36,3,2,0.0,0.00253592561284869,0,NONE,
664,src/helm/extra/templates/s3.yaml,0.0003744539213646765,36,6,3,0.0,0.00253592561284869,0,NONE,
665,src/sdk/library/tsconfig.app.json,0.0003744539213646765,36,1,1,0.0,0.00253592561284869,0,NONE,
666,.github/workflows/crowdin-download.yml,0.00036405242354899104,35,2,2,0.0,0.00253592561284869,0,NONE,
667,docker/files/usr/local/bin/entrypoint,0.00036405242354899104,35,1,1,0.0,0.00253592561284869,0,NONE,
668,src/frontend/src/features/reactions/components/toolbar/ReactionButton.tsx,0.00036405242354899104,35,2,1,0.0,0.00253592561284869,0,NONE,
669,src/frontend/src/features/rooms/api/startRecording.ts,0.00036405242354899104,35,1,1,0.0,0.00253592561284869,0,NONE,
670,src/frontend/src/features/rooms/livekit/hooks/useCannotUseDevice.ts,0.00036405242354899104,35,1,1,0.0,0.00253592561284869,0,NONE,
671,src/frontend/src/features/sdk/api/useRoomCreationCallback.ts,0.00036405242354899104,35,1,1,0.0,0.00253592561284869,0,NONE,
672,src/summary/summary/core/locales/en.py,0.00036405242354899104,35,2,2,0.0,0.00253592561284869,0,NONE,
673,src/summary/summary/core/locales/fr.py,0.00036405242354899104,35,2,2,0.0,0.00253592561284869,0,NONE,
674,src/summary/summary/core/locales/nl.py,0.00036405242354899104,35,2,2,0.0,0.00253592561284869,0,NONE,
675,src/frontend/src/features/auth/components/RenderIfUserFetched.tsx,0.0003536509257333056,34,2,1,0.0,0.00253592561284869,0,NONE,
676,src/frontend/src/features/files/api/types.ts,0.0003536509257333056,34,1,1,0.0,0.00253592561284869,0,NONE,
677,src/frontend/src/features/rooms/api/muteParticipant.ts,0.0003536509257333056,34,2,1,0.0,0.00253592561284869,0,NONE,
678,src/frontend/src/features/settings/components/tabs/TranscriptionTab.tsx,0.0003536509257333056,34,2,1,0.0,0.00253592561284869,0,NONE,
679,src/frontend/src/utils/useMatchesRoute.ts,0.0003536509257333056,34,2,1,0.0,0.00253592561284869,0,NONE,
680,src/frontend/index.html,0.00034324942791762013,33,7,2,0.0,0.00253592561284869,0,NONE,
681,src/frontend/src/features/files/api/deleteFile.ts,0.00034324942791762013,33,1,1,0.0,0.00253592561284869,0,NONE,
682,src/frontend/src/features/rooms/components/MediaDeviceErrorAlert.tsx,0.00034324942791762013,33,1,1,0.0,0.00253592561284869,0,NONE,
683,src/frontend/src/primitives/Menu.tsx,0.00034324942791762013,33,3,2,0.0,0.00253592561284869,0,NONE,
684,src/frontend/visio/package.json,0.00034324942791762013,33,2,1,0.0,0.00253592561284869,0,NONE,
685,env.d/development/summary.dist,0.0003328479301019347,32,8,2,0.0,0.00253592561284869,0,NONE,
686,secrets,0.0003328479301019347,32,17,4,0.0,0.00253592561284869,0,NONE,
687,src/frontend/src/components/QueryAware.tsx,0.0003328479301019347,32,3,2,0.0,0.00253592561284869,0,NONE,
688,src/frontend/src/features/notifications/components/ToastAnyRecording.tsx,0.0003328479301019347,32,3,1,0.0,0.00253592561284869,0,NONE,
689,src/frontend/src/features/notifications/components/ToastProvider.tsx,0.0003328479301019347,32,3,1,0.0,0.00253592561284869,0,NONE,
690,src/frontend/src/features/rooms/api/renameParticipant.ts,0.0003328479301019347,32,2,1,0.0,0.00253592561284869,0,NONE,
691,src/frontend/src/features/rooms/api/requestEntry.ts,0.0003328479301019347,32,1,1,0.0,0.00253592561284869,0,NONE,
692,src/frontend/src/features/rooms/api/updateRaiseHand.ts,0.0003328479301019347,32,2,1,0.0,0.00253592561284869,0,NONE,
693,src/frontend/src/features/rooms/livekit/components/controls/PaginationIndicator.tsx,0.0003328479301019347,32,2,1,0.0,0.00253592561284869,0,NONE,
694,src/frontend/src/features/rooms/livekit/hooks/useFocusToggleParticipant.ts,0.0003328479301019347,32,1,1,0.0,0.00253592561284869,0,NONE,
695,src/frontend/src/stores/transcription.ts,0.0003328479301019347,32,2,1,0.0,0.00253592561284869,0,NONE,
696,src/frontend/src/utils/constants.ts,0.0003328479301019347,32,8,1,0.0,0.00253592561284869,0,NONE,
697,src/frontend/src/features/notifications/components/ToastMuted.tsx,0.0003224464322862492,31,3,1,0.0,0.00253592561284869,0,NONE,
698,src/frontend/src/features/rooms/api/ApiRoom.ts,0.0003224464322862492,31,9,2,0.0,0.00253592561284869,0,NONE,
699,src/frontend/src/features/rooms/livekit/components/controls/Options/FeedbackMenuItem.tsx,0.0003224464322862492,31,3,1,0.0,0.00253592561284869,0,NONE,
700,src/frontend/src/primitives/Badge.tsx,0.0003224464322862492,31,2,1,0.0,0.00253592561284869,0,NONE,
701,src/frontend/src/primitives/menuItemStyles.ts,0.0003224464322862492,31,1,1,0.0,0.00253592561284869,0,NONE,
702,src/sdk/consumer/.vite/deps/_metadata.json,0.0003224464322862492,31,1,1,0.0,0.00253592561284869,0,NONE,
703,.github/ISSUE_TEMPLATE/Bug_report.md,0.00031204493447056374,30,2,2,0.0,0.00253592561284869,0,NONE,
704,scripts/install-hooks.sh,0.00031204493447056374,30,1,1,0.0,0.00253592561284869,0,NONE,
705,src/frontend/src/components/LoadingScreen.tsx,0.00031204493447056374,30,2,2,0.0,0.00253592561284869,0,NONE,
706,src/frontend/src/features/rooms/livekit/components/ParticipantMenu/ParticipantMenuButton.tsx,0.00031204493447056374,30,1,1,0.0,0.00253592561284869,0,NONE,
707,src/frontend/src/features/rooms/livekit/components/controls/ToolsToggle.tsx,0.00031204493447056374,30,3,2,0.0,0.00253592561284869,0,NONE,
708,src/frontend/src/hooks/useSyncAfterDelay.ts,0.00031204493447056374,30,1,1,0.0,0.00253592561284869,0,NONE,
709,src/frontend/src/locales/de/sdk.json,0.00031204493447056374,30,4,3,0.0,0.00253592561284869,0,NONE,
710,src/frontend/visio/README.md,0.00031204493447056374,30,1,1,0.0,0.00253592561284869,0,NONE,
711,src/summary/summary/core/locales/__init__.py,0.00031204493447056374,30,1,1,0.0,0.00253592561284869,0,NONE,
712,.github/workflows/security.yaml,0.0003016434366548783,29,1,1,0.0,0.00253592561284869,0,NONE,
713,src/frontend/src/features/notifications/NotificationType.ts,0.0003016434366548783,29,14,2,0.0,0.00253592561284869,0,NONE,
714,src/frontend/src/features/recording/components/ErrorAlertDialog.tsx,0.0003016434366548783,29,1,1,0.0,0.00253592561284869,0,NONE,
715,src/frontend/src/features/rooms/livekit/components/controls/Participants/PinBadge.tsx,0.0003016434366548783,29,1,1,0.0,0.00253592561284869,0,NONE,
716,src/frontend/src/layout/CenteredContent.tsx,0.0003016434366548783,29,1,1,0.0,0.00253592561284869,0,NONE,
717,src/backend/core/apps.py,0.00029124193883919283,28,3,2,0.0,0.00253592561284869,0,NONE,
718,src/backend/core/templates/core/generate_document.html,0.00029124193883919283,28,2,2,0.0,0.00253592561284869,0,NONE,
719,src/frontend/src/features/rooms/api/fetchRoom.ts,0.00029124193883919283,28,2,2,0.0,0.00253592561284869,0,NONE,
720,src/frontend/src/features/rooms/livekit/components/ParticipantMenu/RemoveMenuItem.tsx,0.00029124193883919283,28,1,1,0.0,0.00253592561284869,0,NONE,
721,src/frontend/src/features/rooms/livekit/hooks/useRoomPageTitle.ts,0.00029124193883919283,28,1,1,0.0,0.00253592561284869,0,NONE,
722,src/frontend/src/utils/valtio.ts,0.00029124193883919283,28,1,1,0.0,0.00253592561284869,0,NONE,
723,src/helm/meet/templates/secrets.yaml,0.00029124193883919283,28,6,2,0.0,0.00253592561284869,0,NONE,
724,src/helm/meet/templates/summary_secrets.yaml,0.00029124193883919283,28,2,2,0.0,0.00253592561284869,0,NONE,
725,src/sdk/consumer/eslint.config.js,0.00029124193883919283,28,1,1,0.0,0.00253592561284869,0,NONE,
726,src/frontend/src/features/rooms/api/lowerHandParticipant.ts,0.0002808404410235074,27,1,1,0.0,0.00253592561284869,0,NONE,
727,src/frontend/src/features/rooms/api/patchRoom.tsx,0.0002808404410235074,27,2,1,0.0,0.00253592561284869,0,NONE,
728,src/frontend/src/features/rooms/livekit/components/controls/Options/SupportMenuItem.tsx,0.0002808404410235074,27,1,1,0.0,0.00253592561284869,0,NONE,
729,src/frontend/src/primitives/TextArea.tsx,0.0002808404410235074,27,2,1,0.0,0.00253592561284869,0,NONE,
730,src/frontend/visio/tsconfig.app.json,0.0002808404410235074,27,1,1,0.0,0.00253592561284869,0,NONE,
731,.github/ISSUE_TEMPLATE/Support_question.md,0.0002704389432078219,26,2,2,0.0,0.00253592561284869,0,NONE,
732,src/frontend/src/components/LoginButton.tsx,0.0002704389432078219,26,2,1,0.0,0.00253592561284869,0,NONE,
733,src/frontend/src/features/recording/components/RecordingStatusIcon.tsx,0.0002704389432078219,26,2,1,0.0,0.00253592561284869,0,NONE,
734,src/frontend/src/features/rooms/livekit/components/controls/Options/SettingsMenuItem.tsx,0.0002704389432078219,26,2,1,0.0,0.00253592561284869,0,NONE,
735,src/helm/meet/templates/posthog_assets_svc.yaml,0.0002704389432078219,26,2,1,0.0,0.00253592561284869,0,NONE,
736,src/sdk/consumer/tsconfig.app.json,0.0002704389432078219,26,1,1,0.0,0.00253592561284869,0,NONE,
737,src/backend/manage.py,0.0002600374453921365,25,4,2,0.0,0.00253592561284869,0,NONE,
738,src/frontend/src/features/rooms/livekit/hooks/useAnnounceReaction.ts,0.0002600374453921365,25,1,1,0.0,0.00253592561284869,0,NONE,
739,src/frontend/src/features/rooms/utils/telephony.ts,0.0002600374453921365,25,2,1,0.0,0.00253592561284869,0,NONE,
740,src/frontend/src/primitives/Hr.tsx,0.0002600374453921365,25,2,1,0.0,0.00253592561284869,0,NONE,
741,src/summary/summary/core/security.py,0.0002600374453921365,25,3,2,0.0,0.00253592561284869,0,NONE,
742,src/summary/tests/api/test_api_health.py,0.0002600374453921365,25,2,2,0.0,0.00253592561284869,0,NONE,
743,docs/features/signaling.md,0.000249635947576451,24,1,1,0.0,0.00253592561284869,0,NONE,
744,src/frontend/src/assets/VisioIcon.tsx,0.000249635947576451,24,1,1,0.0,0.00253592561284869,0,NONE,
745,src/frontend/src/components/DelayedRender.ts,0.000249635947576451,24,1,1,0.0,0.00253592561284869,0,NONE,
746,src/frontend/src/features/recording/hooks/useMutateRecording.ts,0.000249635947576451,24,1,1,0.0,0.00253592561284869,0,NONE,
747,src/frontend/src/features/rooms/livekit/components/ParticipantMenu/ParticipantMenu.tsx,0.000249635947576451,24,1,1,0.0,0.00253592561284869,0,NONE,
748,src/frontend/src/features/rooms/livekit/components/controls/Options/EffectsMenuItem.tsx,0.000249635947576451,24,2,1,0.0,0.00253592561284869,0,NONE,
749,src/frontend/src/features/rooms/livekit/hooks/useHasFaceLandmarksAccess.ts,0.000249635947576451,24,4,2,0.0,0.00253592561284869,0,NONE,
750,src/frontend/src/features/rooms/livekit/utils/reactionUtils.ts,0.000249635947576451,24,1,1,0.0,0.00253592561284869,0,NONE,
751,src/frontend/src/primitives/Input.tsx,0.000249635947576451,24,3,1,0.0,0.00253592561284869,0,NONE,
752,src/frontend/visio/.gitignore,0.000249635947576451,24,1,1,0.0,0.00253592561284869,0,NONE,
753,src/helm/meet/templates/posthog_svc.yaml,0.000249635947576451,24,1,1,0.0,0.00253592561284869,0,NONE,
754,src/sdk/consumer/.gitignore,0.000249635947576451,24,1,1,0.0,0.00253592561284869,0,NONE,
755,src/sdk/consumer/tsconfig.node.json,0.000249635947576451,24,1,1,0.0,0.00253592561284869,0,NONE,
756,src/sdk/library/.gitignore,0.000249635947576451,24,1,1,0.0,0.00253592561284869,0,NONE,
757,.github/ISSUE_TEMPLATE/Feature_request.md,0.00023923444976076556,23,1,1,0.0,0.00253592561284869,0,NONE,
758,LICENSE.md,0.00023923444976076556,23,2,2,0.0,0.00253592561284869,0,NONE,
759,SECURITY.md,0.00023923444976076556,23,1,1,0.0,0.00253592561284869,0,NONE,
760,docker/resource-server/compose.yml,0.00023923444976076556,23,1,1,0.0,0.00253592561284869,0,NONE,
761,src/backend/core/migrations/0008_user_full_name_user_short_name.py,0.00023923444976076556,23,1,1,0.0,0.00253592561284869,0,NONE,
762,src/frontend/src/features/rooms/api/stopRecording.ts,0.00023923444976076556,23,1,1,0.0,0.00253592561284869,0,NONE,
763,src/frontend/src/features/rooms/api/updateParticipantsPermissions.ts,0.00023923444976076556,23,1,1,0.0,0.00253592561284869,0,NONE,
764,src/frontend/src/features/rooms/livekit/hooks/useRaisedHand.tsx,0.00023923444976076556,23,2,1,0.0,0.00253592561284869,0,NONE,
765,src/frontend/src/primitives/VerticallyOffCenter.tsx,0.00023923444976076556,23,1,1,0.0,0.00253592561284869,0,NONE,
766,src/frontend/src/stores/connectionObserver.ts,0.00023923444976076556,23,2,1,0.0,0.00253592561284869,0,NONE,
767,docs/examples/livekit/server.yaml,0.0002288329519450801,22,1,1,0.0,0.00253592561284869,0,NONE,
768,src/backend/core/migrations/0004_alter_user_language.py,0.0002288329519450801,22,2,2,0.0,0.00253592561284869,0,NONE,
769,src/backend/core/migrations/0011_remove_resource_is_public_room_access_level.py,0.0002288329519450801,22,1,1,0.0,0.00253592561284869,0,NONE,
770,src/backend/core/migrations/0013_alter_user_language.py,0.0002288329519450801,22,2,2,0.0,0.00253592561284869,0,NONE,
771,src/backend/impress/celery_app.py,0.0002288329519450801,22,1,1,0.0,0.00253592561284869,0,NONE,
772,src/frontend/src/features/recording/hooks/useHasFeatureWithoutAdminRights.ts,0.0002288329519450801,22,1,1,0.0,0.00253592561284869,0,NONE,
773,src/frontend/src/features/rooms/livekit/hooks/useHasFunnyEffectsAccess.ts,0.0002288329519450801,22,1,1,0.0,0.00253592561284869,0,NONE,
774,src/frontend/src/hooks/useLoginHint.ts,0.0002288329519450801,22,1,1,0.0,0.00253592561284869,0,NONE,
775,src/frontend/src/routes/NotFound.tsx,0.0002288329519450801,22,3,1,0.0,0.00253592561284869,0,NONE,
776,src/helm/env.d/dev/values.secrets.yaml,0.0002288329519450801,22,4,2,0.0,0.00253592561284869,0,NONE,
777,src/mail/bin/html-to-plain-text,0.0002288329519450801,22,1,1,0.0,0.00253592561284869,0,NONE,
778,src/backend/core/migrations/0010_alter_resourceaccess_options_alter_user_options.py,0.00021843145412939462,21,1,1,0.0,0.00253592561284869,0,NONE,
779,src/backend/core/recording/worker/exceptions.py,0.00021843145412939462,21,1,1,0.0,0.00253592561284869,0,NONE,
780,src/frontend/src/features/rooms/api/removeParticipant.ts,0.00021843145412939462,21,1,1,0.0,0.00253592561284869,0,NONE,
781,src/frontend/src/layout/Centered.tsx,0.00021843145412939462,21,2,1,0.0,0.00253592561284869,0,NONE,
782,src/frontend/src/utils/languages.ts,0.00021843145412939462,21,2,1,0.0,0.00253592561284869,0,NONE,
783,src/helm/impress/templates/backend_svc.yaml,0.00021843145412939462,21,1,1,0.0,0.00253592561284869,0,NONE,
784,src/helm/impress/templates/frontend_svc.yaml,0.00021843145412939462,21,1,1,0.0,0.00253592561284869,0,NONE,
785,src/helm/meet/templates/summary_svc.yaml,0.00021843145412939462,21,1,1,0.0,0.00253592561284869,0,NONE,
786,src/sdk/library/.eslintrc.cjs,0.00021843145412939462,21,1,1,0.0,0.00253592561284869,0,NONE,
787,src/backend/core/tests/authentication/test_urls.py,0.00020802995631370917,20,2,2,0.0,0.00253592561284869,0,NONE,
788,src/frontend/src/features/recording/api/fetchRecording.ts,0.00020802995631370917,20,3,1,0.0,0.00253592561284869,0,NONE,
789,src/frontend/src/features/rooms/livekit/hooks/useNoiseReductionAvailable.ts,0.00020802995631370917,20,3,1,0.0,0.00253592561284869,0,NONE,
790,src/frontend/src/features/rooms/livekit/hooks/useTelephony.ts,0.00020802995631370917,20,1,1,0.0,0.00253592561284869,0,NONE,
791,src/frontend/src/features/sdk/utils/types.ts,0.00020802995631370917,20,2,1,0.0,0.00253592561284869,0,NONE,
792,src/frontend/src/features/settings/components/SettingsDialogProvider.tsx,0.00020802995631370917,20,1,1,0.0,0.00253592561284869,0,NONE,
793,src/frontend/src/primitives/FieldDescription.tsx,0.00020802995631370917,20,1,1,0.0,0.00253592561284869,0,NONE,
794,src/frontend/src/utils/useIsMobile.ts,0.00020802995631370917,20,1,1,0.0,0.00253592561284869,0,NONE,
795,src/summary/summary/api/main.py,0.00020802995631370917,20,2,2,0.0,0.00253592561284869,0,NONE,
796,src/frontend/src/components/icons/BlurOnStrong.tsx,0.0001976284584980237,19,2,2,0.0,0.00253592561284869,0,NONE,
797,src/frontend/src/features/rooms/api/muteParticipants.ts,0.0001976284584980237,19,1,1,0.0,0.00253592561284869,0,NONE,
798,src/frontend/src/features/rooms/index.ts,0.0001976284584980237,19,8,2,0.0,0.00253592561284869,0,NONE,
799,src/frontend/src/features/rooms/livekit/api/lowerHandParticipants.ts,0.0001976284584980237,19,2,1,0.0,0.00253592561284869,0,NONE,
800,src/frontend/src/features/rooms/livekit/hooks/useCanPublishTrack.ts,0.0001976284584980237,19,2,1,0.0,0.00253592561284869,0,NONE,
801,src/frontend/src/hooks/useDelayUnmount.tsx,0.0001976284584980237,19,1,1,0.0,0.00253592561284869,0,NONE,
802,src/frontend/src/primitives/Bold.tsx,0.0001976284584980237,19,2,1,0.0,0.00253592561284869,0,NONE,
803,src/summary/summary/security.py,0.0001976284584980237,19,1,1,0.0,0.00253592561284869,0,NONE,
804,src/backend/core/migrations/0003_alter_room_configuration.py,0.00018722696068233826,18,1,1,0.0,0.00253592561284869,0,NONE,
805,src/backend/core/migrations/0007_recording_mode.py,0.00018722696068233826,18,1,1,0.0,0.00253592561284869,0,NONE,
806,src/backend/core/migrations/0009_alter_recording_status.py,0.00018722696068233826,18,1,1,0.0,0.00253592561284869,0,NONE,
807,src/backend/core/migrations/0012_alter_room_access_level.py,0.00018722696068233826,18,1,1,0.0,0.00253592561284869,0,NONE,
808,src/backend/core/migrations/0016_recording_options.py,0.00018722696068233826,18,1,1,0.0,0.00253592561284869,0,NONE,
809,src/backend/core/migrations/0018_rename_active_application_is_active.py,0.00018722696068233826,18,1,1,0.0,0.00253592561284869,0,NONE,
810,src/backend/core/tests/conftest.py,0.00018722696068233826,18,3,2,0.0,0.00253592561284869,0,NONE,
811,src/backend/demo/data/template/css.txt,0.00018722696068233826,18,1,1,0.0,0.00253592561284869,0,NONE,
812,src/backend/demo/tests/test_commands_create_demo.py,0.00018722696068233826,18,1,1,0.0,0.00253592561284869,0,NONE,
813,src/frontend/src/features/recording/hooks/useRoomMetadata.ts,0.00018722696068233826,18,1,1,0.0,0.00253592561284869,0,NONE,
814,src/frontend/src/features/rooms/livekit/hooks/useResolveDefaultDevice.ts,0.00018722696068233826,18,1,1,0.0,0.00253592561284869,0,NONE,
815,src/frontend/src/primitives/Link.tsx,0.00018722696068233826,18,1,1,0.0,0.00253592561284869,0,NONE,
816,src/frontend/src/stores/participants.ts,0.00018722696068233826,18,2,1,0.0,0.00253592561284869,0,NONE,
817,src/frontend/visio/.eslintrc.cjs,0.00018722696068233826,18,1,1,0.0,0.00253592561284869,0,NONE,
818,UPGRADE.md,0.0001768254628666528,17,1,1,0.0,0.00253592561284869,0,NONE,
819,src/backend/core/recording/event/exceptions.py,0.0001768254628666528,17,1,1,0.0,0.00253592561284869,0,NONE,
820,src/backend/impress/wsgi.py,0.0001768254628666528,17,1,1,0.0,0.00253592561284869,0,NONE,
821,src/frontend/src/components/icons/BlurOn.tsx,0.0001768254628666528,17,2,2,0.0,0.00253592561284869,0,NONE,
822,src/frontend/src/features/notifications/NotificationDuration.ts,0.0001768254628666528,17,4,2,0.0,0.00253592561284869,0,NONE,
823,src/frontend/src/features/reactions/types.ts,0.0001768254628666528,17,1,1,0.0,0.00253592561284869,0,NONE,
824,src/frontend/src/features/recording/hooks/useHumanizeRecordingMaxDuration.ts,0.0001768254628666528,17,2,1,0.0,0.00253592561284869,0,NONE,
825,src/frontend/src/features/rooms/livekit/hooks/useHasTranscriptAccess.ts,0.0001768254628666528,17,1,1,0.0,0.00253592561284869,0,NONE,
826,src/sdk/library/CONTRIBUTING.md,0.0001768254628666528,17,1,1,0.0,0.00253592561284869,0,NONE,
827,docker/files/usr/local/etc/gunicorn/impress.py,0.00016642396505096735,16,1,1,0.0,0.00253592561284869,0,NONE,
828,src/backend/setup.py,0.00016642396505096735,16,3,2,0.0,0.00253592561284869,0,NONE,
829,src/frontend/src/features/rooms/livekit/hooks/useRoomData.ts,0.00016642396505096735,16,2,1,0.0,0.00253592561284869,0,NONE,
830,src/frontend/src/locales/fr/sdk.json,0.00016642396505096735,16,3,2,0.0,0.00253592561284869,0,NONE,
831,src/frontend/src/vite-env.d.ts,0.00016642396505096735,16,5,2,0.0,0.00253592561284869,0,NONE,
832,src/helm/extra/templates/postgresql.yaml,0.00016642396505096735,16,3,3,0.0,0.00253592561284869,0,NONE,
833,src/tsclient/scripts/openapi-typescript-codegen/generate_api_client_local.sh,0.00016642396505096735,16,2,2,0.0,0.00253592561284869,0,NONE,
834,bin/buildpack_start.sh,0.00015602246723528187,15,1,1,0.0,0.00253592561284869,0,NONE,
835,bin/validate-helm-configuration.sh,0.00015602246723528187,15,2,2,0.0,0.00253592561284869,0,NONE,
836,docs/installation/kubernetes.md,0.00015602246723528187,15,3,2,0.0,0.00253592561284869,0,NONE,
837,env.d/development/kc_postgresql.dist,0.00015602246723528187,15,2,2,0.0,0.00253592561284869,0,NONE,
838,env.d/development/postgresql.dist,0.00015602246723528187,15,2,2,0.0,0.00253592561284869,0,NONE,
839,src/frontend/src/features/auth/api/updateUserPreferences.ts,0.00015602246723528187,15,1,1,0.0,0.00253592561284869,0,NONE,
840,src/frontend/src/features/recording/hooks/useIsRecordingTransitioning.ts,0.00015602246723528187,15,2,1,0.0,0.00253592561284869,0,NONE,
841,src/frontend/src/features/recording/types.ts,0.00015602246723528187,15,2,1,0.0,0.00253592561284869,0,NONE,
842,src/frontend/src/features/rooms/livekit/hooks/useIsRecordingTransitioning.ts,0.00015602246723528187,15,1,1,0.0,0.00253592561284869,0,NONE,
843,src/helm/meet/templates/backend_job.yaml,0.00015602246723528187,15,2,2,0.0,0.00253592561284869,0,NONE,
844,src/helm/meet/templates/extra-objects.yaml,0.00015602246723528187,15,1,1,0.0,0.00253592561284869,0,NONE,
845,src/sdk/library/src/Types.ts,0.00015602246723528187,15,3,2,0.0,0.00253592561284869,0,NONE,
846,src/summary/summary/core/locales/strings.py,0.00015602246723528187,15,1,1,0.0,0.00253592561284869,0,NONE,
847,bin/update_openapi_schema,0.00014562096941959641,14,2,2,0.0,0.00253592561284869,0,NONE,
848,src/backend/core/migrations/0002_create_pg_trgm_extension.py,0.00014562096941959641,14,1,1,0.0,0.00253592561284869,0,NONE,
849,src/frontend/src/components/BackToHome.tsx,0.00014562096941959641,14,1,1,0.0,0.00253592561284869,0,NONE,
850,src/frontend/src/features/rooms/livekit/hooks/useHasScreenRecordingAccess.ts,0.00014562096941959641,14,1,1,0.0,0.00253592561284869,0,NONE,
851,src/frontend/src/locales/en/sdk.json,0.00014562096941959641,14,2,2,0.0,0.00253592561284869,0,NONE,
852,src/frontend/src/locales/nl/sdk.json,0.00014562096941959641,14,2,2,0.0,0.00253592561284869,0,NONE,
853,src/frontend/src/styles/a11y.ts,0.00014562096941959641,14,1,1,0.0,0.00253592561284869,0,NONE,
854,src/frontend/src/utils/translation.ts,0.00014562096941959641,14,1,1,0.0,0.00253592561284869,0,NONE,
855,src/helm/env.d/dev-dinum/values.secrets.yaml,0.00014562096941959641,14,2,1,0.0,0.00253592561284869,0,NONE,
856,src/helm/env.d/dev-keycloak/values.secrets.yaml,0.00014562096941959641,14,3,2,0.0,0.00253592561284869,0,NONE,
857,src/helm/extra/templates/keydb.yaml,0.00014562096941959641,14,2,2,0.0,0.00253592561284869,0,NONE,
858,src/helm/extra/templates/summary_keydb.yaml,0.00014562096941959641,14,2,2,0.0,0.00253592561284869,0,NONE,
859,src/helm/meet/templates/media_files_svc.yaml,0.00014562096941959641,14,1,1,0.0,0.00253592561284869,0,NONE,
860,src/helm/meet/templates/media_svc.yaml,0.00014562096941959641,14,1,1,0.0,0.00253592561284869,0,NONE,
861,src/summary/summary/core/celery_config.py,0.00014562096941959641,14,2,1,0.0,0.00253592561284869,0,NONE,
862,env.d/production.dist/kc_postgresql,0.00013521947160391096,13,1,1,0.0,0.00253592561284869,0,NONE,
863,src/backend/meet/celery_app.py,0.00013521947160391096,13,3,1,0.0,0.00253592561284869,0,NONE,
864,src/frontend/src/features/reactions/hooks/useReactionsToolbar.ts,0.00013521947160391096,13,1,1,0.0,0.00253592561284869,0,NONE,
865,src/frontend/src/features/recording/components/RecordingProvider.tsx,0.00013521947160391096,13,2,1,0.0,0.00253592561284869,0,NONE,
866,src/frontend/src/features/subtitle/hooks/useAreSubtitlesAvailable.ts,0.00013521947160391096,13,1,1,0.0,0.00253592561284869,0,NONE,
867,src/frontend/visio/index.html,0.00013521947160391096,13,1,1,0.0,0.00253592561284869,0,NONE,
868,src/frontend/visio/tsconfig.node.json,0.00013521947160391096,13,1,1,0.0,0.00253592561284869,0,NONE,
869,src/sdk/consumer/index.html,0.00013521947160391096,13,1,1,0.0,0.00253592561284869,0,NONE,
870,src/sdk/library/tsconfig.node.json,0.00013521947160391096,13,1,1,0.0,0.00253592561284869,0,NONE,
871,.github/ISSUE_TEMPLATE.md,0.0001248179737882255,12,2,2,0.0,0.00253592561284869,0,NONE,
872,.sops.yaml,0.0001248179737882255,12,3,1,0.0,0.00253592561284869,0,NONE,
873,docker/livekit/Dockerfile,0.0001248179737882255,12,4,1,0.0,0.00253592561284869,0,NONE,
874,src/backend/core/services/marketing.py,0.0001248179737882255,12,4,1,0.0,0.00253592561284869,0,NONE,
875,src/frontend/i18next-parser.config.json,0.0001248179737882255,12,3,2,0.0,0.00253592561284869,0,NONE,
876,src/frontend/src/api/fetchRoom.ts,0.0001248179737882255,12,2,1,0.0,0.00253592561284869,0,NONE,
877,src/frontend/src/api/fetchUser.ts,0.0001248179737882255,12,2,1,0.0,0.00253592561284869,0,NONE,
878,src/frontend/src/features/recording/api/startRecording.ts,0.0001248179737882255,12,3,1,0.0,0.00253592561284869,0,NONE,
879,src/frontend/src/features/recording/hooks/useIsRecordingStarted.ts,0.0001248179737882255,12,2,1,0.0,0.00253592561284869,0,NONE,
880,src/frontend/src/features/rooms/livekit/hooks/useIsAdvancedConnectionObserverEnabled.ts,0.0001248179737882255,12,1,1,0.0,0.00253592561284869,0,NONE,
881,src/frontend/src/features/rooms/livekit/hooks/useIsRecordingStarted.ts,0.0001248179737882255,12,1,1,0.0,0.00253592561284869,0,NONE,
882,src/frontend/src/features/rooms/livekit/hooks/useResolveInitiallyDefaultDeviceId.ts,0.0001248179737882255,12,1,1,0.0,0.00253592561284869,0,NONE,
883,src/frontend/src/features/rooms/navigation/navigateToNewRoom.ts,0.0001248179737882255,12,2,1,0.0,0.00253592561284869,0,NONE,
884,src/frontend/src/features/rooms/utils/getParticipantIsRoomAdmin.ts,0.0001248179737882255,12,1,1,0.0,0.00253592561284869,0,NONE,
885,src/frontend/src/features/rooms/utils/isSubsetOf.ts,0.0001248179737882255,12,1,1,0.0,0.00253592561284869,0,NONE,
886,src/frontend/src/primitives/Separator.tsx,0.0001248179737882255,12,2,1,0.0,0.00253592561284869,0,NONE,
887,src/frontend/src/stores/settings.ts,0.0001248179737882255,12,1,1,0.0,0.00253592561284869,0,NONE,
888,src/helm/extra/templates/secrets.yaml,0.0001248179737882255,12,2,2,0.0,0.00253592561284869,0,NONE,
889,.github/PULL_REQUEST_TEMPLATE.md,0.00011441647597254005,11,1,1,0.0,0.00253592561284869,0,NONE,
890,env.d/production.dist/postgresql,0.00011441647597254005,11,1,1,0.0,0.00253592561284869,0,NONE,
891,src/frontend/src/api/ApiError.ts,0.00011441647597254005,11,1,1,0.0,0.00253592561284869,0,NONE,
892,src/frontend/src/api/ApiRoom.ts,0.00011441647597254005,11,2,2,0.0,0.00253592561284869,0,NONE,
893,src/frontend/src/features/rooms/livekit/hooks/useIsTranscriptEnabled.ts,0.00011441647597254005,11,1,1,0.0,0.00253592561284869,0,NONE,
894,src/frontend/src/stores/keyboardShortcuts.ts,0.00011441647597254005,11,1,1,0.0,0.00253592561284869,0,NONE,
895,src/frontend/visio/tsconfig.json,0.00011441647597254005,11,1,1,0.0,0.00253592561284869,0,NONE,
896,src/mail/html-to-text.config.json,0.00011441647597254005,11,1,1,0.0,0.00253592561284869,0,NONE,
897,src/sdk/library/.changeset/config.json,0.00011441647597254005,11,1,1,0.0,0.00253592561284869,0,NONE,
898,src/sdk/library/tsconfig.json,0.00011441647597254005,11,1,1,0.0,0.00253592561284869,0,NONE,
899,docker/livekit/config/livekit-server.yaml,0.00010401497815685458,10,2,1,0.0,0.00253592561284869,0,NONE,
900,src/backend/core/recording/enums.py,0.00010401497815685458,10,1,1,0.0,0.00253592561284869,0,NONE,
901,src/backend/demo/data/template/code.txt,0.00010401497815685458,10,1,1,0.0,0.00253592561284869,0,NONE,
902,src/backend/meet/wsgi.py,0.00010401497815685458,10,2,1,0.0,0.00253592561284869,0,NONE,
903,src/frontend/public/assets/icon.svg,0.00010401497815685458,10,2,1,0.0,0.00253592561284869,0,NONE,
904,src/frontend/src/features/auth/index.ts,0.00010401497815685458,10,8,2,0.0,0.00253592561284869,0,NONE,
905,src/frontend/src/features/recording/hooks/useMetadataCollectorEnabled.ts,0.00010401497815685458,10,1,1,0.0,0.00253592561284869,0,NONE,
906,src/frontend/src/features/rooms/livekit/api/buildServerApiUrl.ts,0.00010401497815685458,10,2,1,0.0,0.00253592561284869,0,NONE,
907,src/frontend/src/features/rooms/navigation/navigateToRoom.ts,0.00010401497815685458,10,2,1,0.0,0.00253592561284869,0,NONE,
908,src/frontend/src/features/settings/type.ts,0.00010401497815685458,10,4,2,0.0,0.00253592561284869,0,NONE,
909,src/frontend/src/primitives/AlertDialog.tsx,0.00010401497815685458,10,2,1,0.0,0.00253592561284869,0,NONE,
910,src/frontend/src/primitives/Ul.tsx,0.00010401497815685458,10,2,1,0.0,0.00253592561284869,0,NONE,
911,src/frontend/src/primitives/useCloseDialog.tsx,0.00010401497815685458,10,1,1,0.0,0.00253592561284869,0,NONE,
912,src/frontend/src/utils/createRandomRoom.ts,0.00010401497815685458,10,2,1,0.0,0.00253592561284869,0,NONE,
913,src/frontend/src/utils/slugify.ts,0.00010401497815685458,10,1,1,0.0,0.00253592561284869,0,NONE,
914,src/frontend/visio/src/main.tsx,0.00010401497815685458,10,1,1,0.0,0.00253592561284869,0,NONE,
915,src/frontend/visio/vite.config.ts,0.00010401497815685458,10,1,1,0.0,0.00253592561284869,0,NONE,
916,src/helm/impress/generate-readme.sh,0.00010401497815685458,10,1,1,0.0,0.00253592561284869,0,NONE,
917,src/sdk/consumer/src/main.tsx,0.00010401497815685458,10,1,1,0.0,0.00253592561284869,0,NONE,
918,src/summary/summary/core/types.py,0.00010401497815685458,10,1,1,0.0,0.00253592561284869,0,NONE,
919,bin/buildpack_postcompile.sh,9.361348034116913e-05,9,1,1,0.0,0.00253592561284869,0,NONE,
920,docker/livekit/egress-example/room-composite-file.json,9.361348034116913e-05,9,1,1,0.0,0.00253592561284869,0,NONE,
921,env.d/development/multi_user_transcriber.dist,9.361348034116913e-05,9,1,1,0.0,0.00253592561284869,0,NONE,
922,src/frontend/src/features/analytics/enums.ts,9.361348034116913e-05,9,6,1,0.0,0.00253592561284869,0,NONE,
923,src/frontend/src/features/notifications/NotificationPayload.ts,9.361348034116913e-05,9,2,2,0.0,0.00253592561284869,0,NONE,
924,src/frontend/src/features/settings/index.ts,9.361348034116913e-05,9,4,2,0.0,0.00253592561284869,0,NONE,
925,src/frontend/src/hooks/usePrevious.ts,9.361348034116913e-05,9,1,1,0.0,0.00253592561284869,0,NONE,
926,src/frontend/src/navigation/getRouteByName.ts,9.361348034116913e-05,9,1,1,0.0,0.00253592561284869,0,NONE,
927,src/frontend/src/stores/ScreenSharePreferences.ts,9.361348034116913e-05,9,1,1,0.0,0.00253592561284869,0,NONE,
928,src/frontend/src/stores/chat.ts,9.361348034116913e-05,9,1,1,0.0,0.00253592561284869,0,NONE,
929,src/frontend/src/stores/hints.ts,9.361348034116913e-05,9,1,1,0.0,0.00253592561284869,0,NONE,
930,src/frontend/src/stores/konami.ts,9.361348034116913e-05,9,1,1,0.0,0.00253592561284869,0,NONE,
931,src/mail/bin/mjml-to-html,9.361348034116913e-05,9,1,1,0.0,0.00253592561284869,0,NONE,
932,src/mail/mjml/partial/footer.mjml,9.361348034116913e-05,9,1,1,0.0,0.00253592561284869,0,NONE,
933,src/sdk/library/src/vite-env.d.ts,9.361348034116913e-05,9,1,1,0.0,0.00253592561284869,0,NONE,
934,bin/pytest,8.321198252548368e-05,8,1,1,0.0,0.00253592561284869,0,NONE,
935,env.d/production.dist/keycloak,8.321198252548368e-05,8,1,1,0.0,0.00253592561284869,0,NONE,
936,src/frontend/public/assets/marianne.svg,8.321198252548368e-05,8,1,1,0.0,0.00253592561284869,0,NONE,
937,src/frontend/src/features/home/components/JoinMeetingDialogContent.tsx,8.321198252548368e-05,8,1,1,0.0,0.00253592561284869,0,NONE,
938,src/frontend/src/features/sdk/hooks/useIsSdkContext.ts,8.321198252548368e-05,8,1,1,0.0,0.00253592561284869,0,NONE,
939,src/frontend/src/utils/storageKeys.tsx,8.321198252548368e-05,8,3,2,0.0,0.00253592561284869,0,NONE,
940,src/frontend/tsconfig.app.json,8.321198252548368e-05,8,2,2,0.0,0.00253592561284869,0,NONE,
941,src/helm/meet/templates/backend_svc.yaml,8.321198252548368e-05,8,1,1,0.0,0.00253592561284869,0,NONE,
942,src/helm/meet/templates/frontend_svc.yaml,8.321198252548368e-05,8,1,1,0.0,0.00253592561284869,0,NONE,
943,src/sdk/library/.changeset/README.md,8.321198252548368e-05,8,1,1,0.0,0.00253592561284869,0,NONE,
944,bin/pytest-summary,7.281048470979821e-05,7,1,1,0.0,0.00253592561284869,0,NONE,
945,docker/livekit/config/livekit-egress.yaml,7.281048470979821e-05,7,1,1,0.0,0.00253592561284869,0,NONE,
946,docs/examples/postgresql.values.yaml,7.281048470979821e-05,7,1,1,0.0,0.00253592561284869,0,NONE,
947,env.d/development/crowdin.dist,7.281048470979821e-05,7,2,2,0.0,0.00253592561284869,0,NONE,
948,env.d/production.dist/hosts,7.281048470979821e-05,7,1,1,0.0,0.00253592561284869,0,NONE,
949,src/frontend/@types/react-query.d.ts,7.281048470979821e-05,7,1,1,0.0,0.00253592561284869,0,NONE,
950,src/frontend/src/features/analytics/hooks/useAnalytics.ts,7.281048470979821e-05,7,2,1,0.0,0.00253592561284869,0,NONE,
951,src/frontend/src/features/reactions/hooks/useReactions.ts,7.281048470979821e-05,7,1,1,0.0,0.00253592561284869,0,NONE,
952,src/frontend/src/features/recording/hooks/useHasRecordingAccess.ts,7.281048470979821e-05,7,3,1,0.0,0.00253592561284869,0,NONE,
953,src/frontend/src/features/rooms/livekit/hooks/useCanMute.ts,7.281048470979821e-05,7,1,1,0.0,0.00253592561284869,0,NONE,
954,src/frontend/src/navigation/useMatchesRoute.ts,7.281048470979821e-05,7,1,1,0.0,0.00253592561284869,0,NONE,
955,src/frontend/src/utils/capitalize.ts,7.281048470979821e-05,7,1,1,0.0,0.00253592561284869,0,NONE,
956,src/helm/extra/Chart.yaml,7.281048470979821e-05,7,2,2,0.0,0.00253592561284869,0,NONE,
957,src/sdk/consumer/.vite/deps/chunk-DEZHIYJM.js.map,7.281048470979821e-05,7,1,1,0.0,0.00253592561284869,0,NONE,
958,src/sdk/consumer/.vite/deps/react-dom_client.js.map,7.281048470979821e-05,7,1,1,0.0,0.00253592561284869,0,NONE,
959,src/sdk/consumer/.vite/deps/react.js.map,7.281048470979821e-05,7,1,1,0.0,0.00253592561284869,0,NONE,
960,src/sdk/consumer/.vite/deps/react_jsx-dev-runtime.js.map,7.281048470979821e-05,7,1,1,0.0,0.00253592561284869,0,NONE,
961,src/sdk/consumer/tsconfig.json,7.281048470979821e-05,7,1,1,0.0,0.00253592561284869,0,NONE,
962,src/sdk/consumer/vite.config.ts,7.281048470979821e-05,7,1,1,0.0,0.00253592561284869,0,NONE,
963,src/sdk/library/CHANGELOG.md,7.281048470979821e-05,7,1,1,0.0,0.00253592561284869,0,NONE,
964,.gitmodules,6.240898689411275e-05,6,2,2,0.0,0.00253592561284869,0,NONE,
965,bin/compose,6.240898689411275e-05,6,1,1,0.0,0.00253592561284869,0,NONE,
966,bin/manage,6.240898689411275e-05,6,1,1,0.0,0.00253592561284869,0,NONE,
967,docker/dinum-frontend/logo.svg,6.240898689411275e-05,6,1,1,0.0,0.00253592561284869,0,NONE,
968,docs/examples/helm/meet.values.yaml,6.240898689411275e-05,6,3,3,0.0,0.00253592561284869,0,NONE,
969,docs/features/calendar_integrations.md,6.240898689411275e-05,6,1,1,0.0,0.00253592561284869,0,NONE,
970,scripts/updatekeys.sh,6.240898689411275e-05,6,2,2,0.0,0.00253592561284869,0,NONE,
971,src/frontend/.env.development,6.240898689411275e-05,6,4,1,0.0,0.00253592561284869,0,NONE,
972,src/frontend/public/.wellknown/windows-app-web-link,6.240898689411275e-05,6,1,1,0.0,0.00253592561284869,0,NONE,
973,src/frontend/src/assets/logo.svg,6.240898689411275e-05,6,1,1,0.0,0.00253592561284869,0,NONE,
974,src/frontend/src/features/analytics/hooks/useIsAnalyticsEnabled.ts,6.240898689411275e-05,6,1,1,0.0,0.00253592561284869,0,NONE,
975,src/frontend/src/features/auth/api/ApiUser.ts,6.240898689411275e-05,6,3,2,0.0,0.00253592561284869,0,NONE,
976,src/frontend/src/features/reactions/constants.ts,6.240898689411275e-05,6,2,2,0.0,0.00253592561284869,0,NONE,
977,src/frontend/src/features/rooms/livekit/components/FocusLayout.tsx,6.240898689411275e-05,6,1,1,0.0,0.00253592561284869,0,NONE,
978,src/frontend/src/features/rooms/livekit/hooks/useIsAdminOrOwner.ts,6.240898689411275e-05,6,1,1,0.0,0.00253592561284869,0,NONE,
979,src/frontend/src/features/rooms/livekit/hooks/useRoomId.ts,6.240898689411275e-05,6,1,1,0.0,0.00253592561284869,0,NONE,
980,src/frontend/src/features/shortcuts/types.ts,6.240898689411275e-05,6,2,2,0.0,0.00253592561284869,0,NONE,
981,src/frontend/src/main.tsx,6.240898689411275e-05,6,3,2,0.0,0.00253592561284869,0,NONE,
982,src/frontend/src/utils/dom.ts,6.240898689411275e-05,6,1,1,0.0,0.00253592561284869,0,NONE,
983,src/agents/exceptions.py,5.200748907842729e-05,5,1,1,0.0,0.00253592561284869,0,NONE,
984,src/backend/MANIFEST.in,5.200748907842729e-05,5,2,2,0.0,0.00253592561284869,0,NONE,
985,src/backend/demo/defaults.py,5.200748907842729e-05,5,1,1,0.0,0.00253592561284869,0,NONE,
986,src/frontend/.eslintrc.cjs,5.200748907842729e-05,5,4,2,0.0,0.00253592561284869,0,NONE,
987,src/frontend/.prettierrc,5.200748907842729e-05,5,1,1,0.0,0.00253592561284869,0,NONE,
988,src/frontend/postcss.config.cjs,5.200748907842729e-05,5,1,1,0.0,0.00253592561284869,0,NONE,
989,src/frontend/public/assets/devise.svg,5.200748907842729e-05,5,1,1,0.0,0.00253592561284869,0,NONE,
990,src/frontend/src/api/queryClient.ts,5.200748907842729e-05,5,2,1,0.0,0.00253592561284869,0,NONE,
991,src/frontend/src/api/queryKeys.ts,5.200748907842729e-05,5,6,3,0.0,0.00253592561284869,0,NONE,
992,src/frontend/src/features/auth/utils/logoutUrl.ts,5.200748907842729e-05,5,1,1,0.0,0.00253592561284869,0,NONE,
993,src/frontend/src/features/home/navigation/navigateToHome.ts,5.200748907842729e-05,5,2,1,0.0,0.00253592561284869,0,NONE,
994,src/frontend/src/features/reactions/hooks/useAnnounceReaction.ts,5.200748907842729e-05,5,1,1,0.0,0.00253592561284869,0,NONE,
995,src/frontend/src/features/rooms/utils/getParticipantName.ts,5.200748907842729e-05,5,1,1,0.0,0.00253592561284869,0,NONE,
996,src/frontend/src/navigation/navigateToHome.ts,5.200748907842729e-05,5,1,1,0.0,0.00253592561284869,0,NONE,
997,src/frontend/src/primitives/Italic.tsx,5.200748907842729e-05,5,1,1,0.0,0.00253592561284869,0,NONE,
998,src/sdk/consumer/src/App.css,5.200748907842729e-05,5,1,1,0.0,0.00253592561284869,0,NONE,
999,src/sdk/library/.prettierrc,5.200748907842729e-05,5,1,1,0.0,0.00253592561284869,0,NONE,
1000,LICENSES/LICENSE.MIT.md,4.160599126274184e-05,4,2,2,0.0,0.00253592561284869,0,NONE,
1001,docs/features/subtitles.md,4.160599126274184e-05,4,1,1,0.0,0.00253592561284869,0,NONE,
1002,docs/features/summarization.md,4.160599126274184e-05,4,1,1,0.0,0.00253592561284869,0,NONE,
1003,env.d/development/kube-secret.dist,4.160599126274184e-05,4,1,1,0.0,0.00253592561284869,0,NONE,
1004,scripts/update-git-submodule.sh,4.160599126274184e-05,4,1,1,0.0,0.00253592561284869,0,NONE,
1005,src/frontend/.gitignore,4.160599126274184e-05,4,2,2,0.0,0.00253592561284869,0,NONE,
1006,src/frontend/src/api/ApiUser.ts,4.160599126274184e-05,4,1,1,0.0,0.00253592561284869,0,NONE,
1007,src/frontend/src/features/rooms/livekit/hooks/useIsRecordingModeEnabled.ts,4.160599126274184e-05,4,1,1,0.0,0.00253592561284869,0,NONE,
1008,src/frontend/src/queries/keys.ts,4.160599126274184e-05,4,1,1,0.0,0.00253592561284869,0,NONE,
1009,src/helm/env.d/production/secrets.enc.yaml,4.160599126274184e-05,4,3,2,0.0,0.00253592561284869,0,NONE,
1010,src/helm/env.d/staging/secrets.enc.yaml,4.160599126274184e-05,4,3,2,0.0,0.00253592561284869,0,NONE,
1011,src/helm/impress/Chart.yaml,4.160599126274184e-05,4,1,1,0.0,0.00253592561284869,0,NONE,
1012,src/sdk/consumer/.vite/deps/react.js,4.160599126274184e-05,4,1,1,0.0,0.00253592561284869,0,NONE,
1013,bin/updatekeys.sh,3.1204493447056376e-05,3,1,1,0.0,0.00253592561284869,0,NONE,
1014,docs/examples/redis.values.yaml,3.1204493447056376e-05,3,1,1,0.0,0.00253592561284869,0,NONE,
1015,env.d/development/common.e2e.dist,3.1204493447056376e-05,3,1,1,0.0,0.00253592561284869,0,NONE,
1016,src/backend/meet/urls.py,3.1204493447056376e-05,3,2,1,0.0,0.00253592561284869,0,NONE,
1017,src/frontend/public/assets/link-grey.svg,3.1204493447056376e-05,3,1,1,0.0,0.00253592561284869,0,NONE,
1018,src/frontend/src/features/home/index.ts,3.1204493447056376e-05,3,2,1,0.0,0.00253592561284869,0,NONE,
1019,src/frontend/src/features/notifications/index.ts,3.1204493447056376e-05,3,2,1,0.0,0.00253592561284869,0,NONE,
1020,src/frontend/src/features/reactions/utils.ts,3.1204493447056376e-05,3,2,1,0.0,0.00253592561284869,0,NONE,
1021,src/frontend/src/features/recording/api/stopRecording.ts,3.1204493447056376e-05,3,2,1,0.0,0.00253592561284869,0,NONE,
1022,src/frontend/tsconfig.node.json,3.1204493447056376e-05,3,2,1,0.0,0.00253592561284869,0,NONE,
1023,src/sdk/consumer/.vite/deps/package.json,3.1204493447056376e-05,3,1,1,0.0,0.00253592561284869,0,NONE,
1024,src/sdk/library/src/Config.ts,3.1204493447056376e-05,3,1,1,0.0,0.00253592561284869,0,NONE,
1025,src/sdk/library/src/index.tsx,3.1204493447056376e-05,3,1,1,0.0,0.00253592561284869,0,NONE,
1026,LICENSE,2.080299563137092e-05,2,1,1,0.0,0.00253592561284869,0,NONE,
1027,Procfile,2.080299563137092e-05,2,1,1,0.0,0.00253592561284869,0,NONE,
1028,bin/install-hooks.sh,2.080299563137092e-05,2,2,1,0.0,0.00253592561284869,0,NONE,
1029,bin/update-git-submodule.sh,2.080299563137092e-05,2,2,1,0.0,0.00253592561284869,0,NONE,
1030,bin/update-keys.sh,2.080299563137092e-05,2,2,1,0.0,0.00253592561284869,0,NONE,
1031,docker/files/usr/local/etc/gunicorn/meet.py,2.080299563137092e-05,2,1,1,0.0,0.00253592561284869,0,NONE,
1032,src/frontend/src/assets/CameraIcon.tsx,2.080299563137092e-05,2,1,1,0.0,0.00253592561284869,0,NONE,
1033,src/frontend/src/assets/play-icon.svg,2.080299563137092e-05,2,2,2,0.0,0.00253592561284869,0,NONE,
1034,src/frontend/src/features/recording/hooks/useIsRecordingModeEnabled.ts,2.080299563137092e-05,2,2,1,0.0,0.00253592561284869,0,NONE,
1035,src/frontend/src/features/rooms/api/lowerHandParticipants.ts,2.080299563137092e-05,2,1,1,0.0,0.00253592561284869,0,NONE,
1036,src/frontend/src/features/rooms/livekit/components/controls/Device/PermissionNeededButton.tsx,2.080299563137092e-05,2,2,1,0.0,0.00253592561284869,0,NONE,
1037,src/frontend/src/stores/screenSharePreferences.ts,2.080299563137092e-05,2,1,1,0.0,0.00253592561284869,0,NONE,
1038,src/helm/env.d/preprod/secrets.enc.yaml,2.080299563137092e-05,2,2,2,0.0,0.00253592561284869,0,NONE,
1039,src/backend/core/external_api/__init__.py,1.040149781568546e-05,1,1,1,0.0,0.00253592561284869,0,NONE,
1040,src/backend/core/recording/event/__init__.py,1.040149781568546e-05,1,1,1,0.0,0.00253592561284869,0,NONE,
1041,src/backend/core/recording/worker/__init__.py,1.040149781568546e-05,1,1,1,0.0,0.00253592561284869,0,NONE,
1042,src/frontend/.env.production,1.040149781568546e-05,1,1,1,0.0,0.00253592561284869,0,NONE,
1043,src/frontend/public/site.webmanifest,1.040149781568546e-05,1,1,1,0.0,0.00253592561284869,0,NONE,
1044,src/frontend/public/vite.svg,1.040149781568546e-05,1,2,2,0.0,0.00253592561284869,0,NONE,
1045,src/frontend/src/assets/react.svg,1.040149781568546e-05,1,2,2,0.0,0.00253592561284869,0,NONE,
1046,src/frontend/visio/public/vite.svg,1.040149781568546e-05,1,1,1,0.0,0.00253592561284869,0,NONE,
1047,src/frontend/visio/src/assets/react.svg,1.040149781568546e-05,1,1,1,0.0,0.00253592561284869,0,NONE,
1048,src/frontend/visio/src/vite-env.d.ts,1.040149781568546e-05,1,1,1,0.0,0.00253592561284869,0,NONE,
1049,src/sdk/consumer/public/vite.svg,1.040149781568546e-05,1,1,1,0.0,0.00253592561284869,0,NONE,
1050,src/sdk/consumer/src/vite-env.d.ts,1.040149781568546e-05,1,1,1,0.0,0.00253592561284869,0,NONE,
1051,src/sdk/library/.env.development,1.040149781568546e-05,1,1,1,0.0,0.00253592561284869,0,NONE,
1052,src/sdk/library/.env.production,1.040149781568546e-05,1,1,1,0.0,0.00253592561284869,0,NONE,
1053,src/sdk/library/public/vite.svg,1.040149781568546e-05,1,1,1,0.0,0.00253592561284869,0,NONE,
1054,src/summary/summary/__init__.py,1.040149781568546e-05,1,1,1,0.0,0.00253592561284869,0,NONE,
1055,src/summary/summary/api/__init__.py,1.040149781568546e-05,1,1,1,0.0,0.00253592561284869,0,NONE,
1056,src/summary/summary/api/route/__init__.py,1.040149781568546e-05,1,1,1,0.0,0.00253592561284869,0,NONE,
1057,src/summary/summary/core/__init__.py,1.040149781568546e-05,1,1,1,0.0,0.00253592561284869,0,NONE,
1058,src/summary/tests/__init__.py,1.040149781568546e-05,1,1,1,0.0,0.00253592561284869,0,NONE,
1059,src/summary/tests/api/__init__.py,1.040149781568546e-05,1,1,1,0.0,0.00253592561284869,0,NONE,
1060,src/summary/tests/models/__init__.py,1.040149781568546e-05,1,1,1,0.0,0.00253592561284869,0,NONE,
1061,bin/update-openapi-schema,0.0,0,1,1,0.0,0.00253592561284869,0,NONE,
1062,docker/dinum-frontend/assets/devise.svg,0.0,0,1,1,0.0,0.00253592561284869,0,NONE,
1063,docker/dinum-frontend/assets/gouvernement.svg,0.0,0,1,1,0.0,0.00253592561284869,0,NONE,
1064,docker/dinum-frontend/assets/marianne.svg,0.0,0,1,1,0.0,0.00253592561284869,0,NONE,
1065,docker/dinum-frontend/fonts/Marianne-Bold-subset.woff2,0.0,0,1,1,0.0,0.00253592561284869,0,NONE,
1066,docker/dinum-frontend/fonts/Marianne-Bold_Italic-subset.woff2,0.0,0,1,1,0.0,0.00253592561284869,0,NONE,
1067,docker/dinum-frontend/fonts/Marianne-ExtraBold-subset.woff2,0.0,0,1,1,0.0,0.00253592561284869,0,NONE,
1068,docker/dinum-frontend/fonts/Marianne-ExtraBold_Italic-subset.woff2,0.0,0,1,1,0.0,0.00253592561284869,0,NONE,
1069,docker/dinum-frontend/fonts/Marianne-Light-subset.woff2,0.0,0,1,1,0.0,0.00253592561284869,0,NONE,
1070,docker/dinum-frontend/fonts/Marianne-Light_Italic-subset.woff2,0.0,0,1,1,0.0,0.00253592561284869,0,NONE,
1071,docker/dinum-frontend/fonts/Marianne-Medium-subset.woff2,0.0,0,1,1,0.0,0.00253592561284869,0,NONE,
1072,docker/dinum-frontend/fonts/Marianne-Medium_Italic-subset.woff2,0.0,0,1,1,0.0,0.00253592561284869,0,NONE,
1073,docker/dinum-frontend/fonts/Marianne-Regular-subset.woff2,0.0,0,1,1,0.0,0.00253592561284869,0,NONE,
1074,docker/dinum-frontend/fonts/Marianne-Regular_Italic-subset.woff2,0.0,0,1,1,0.0,0.00253592561284869,0,NONE,
1075,docker/dinum-frontend/fonts/Marianne-Thin-subset.woff2,0.0,0,1,1,0.0,0.00253592561284869,0,NONE,
1076,docker/dinum-frontend/fonts/Marianne-Thin_Italic-subset.woff2,0.0,0,1,1,0.0,0.00253592561284869,0,NONE,
1077,docker/livekit/out/.gitkeep,0.0,0,1,1,0.0,0.00253592561284869,0,NONE,
1078,docs/assets/banner-meet-fr.png,0.0,0,1,1,0.0,0.00253592561284869,0,NONE,
1079,docs/assets/visio-logo.png,0.0,0,2,2,0.0,0.00253592561284869,0,NONE,
1080,docs/examples/helm/keycloak.values.yaml,0.0,0,1,1,0.0,0.00253592561284869,0,NONE,
1081,docs/examples/helm/livekit.values.yaml,0.0,0,1,1,0.0,0.00253592561284869,0,NONE,
1082,docs/examples/helm/postgresql.values.yaml,0.0,0,1,1,0.0,0.00253592561284869,0,NONE,
1083,docs/examples/helm/redis.values.yaml,0.0,0,1,1,0.0,0.00253592561284869,0,NONE,
1084,src/agents/multi_user_transcriber.py,0.0,0,1,1,0.0,0.00253592561284869,0,NONE,
1085,src/backend/__init__.py,0.0,0,2,2,0.0,0.00253592561284869,0,NONE,
1086,src/backend/core/__init__.py,0.0,0,1,1,0.0,0.00253592561284869,0,NONE,
1087,src/backend/core/authentication/__init__.py,0.0,0,1,1,0.0,0.00253592561284869,0,NONE,
1088,src/backend/core/migrations/__init__.py,0.0,0,1,1,0.0,0.00253592561284869,0,NONE,
1089,src/backend/core/recording/__init__.py,0.0,0,1,1,0.0,0.00253592561284869,0,NONE,
1090,src/backend/core/recording/services/__init__.py,0.0,0,1,1,0.0,0.00253592561284869,0,NONE,
1091,src/backend/core/services/__init__.py,0.0,0,1,1,0.0,0.00253592561284869,0,NONE,
1092,src/backend/core/static/images/logo-suite-numerique.png,0.0,0,1,1,0.0,0.00253592561284869,0,NONE,
1093,src/backend/core/static/images/logo.png,0.0,0,1,1,0.0,0.00253592561284869,0,NONE,
1094,src/backend/core/static/images/mail-header-background.png,0.0,0,1,1,0.0,0.00253592561284869,0,NONE,
1095,src/backend/core/templatetags/__init__.py,0.0,0,1,1,0.0,0.00253592561284869,0,NONE,
1096,src/backend/core/tests/__init__.py,0.0,0,1,1,0.0,0.00253592561284869,0,NONE,
1097,src/backend/core/tests/authentication/__init__.py,0.0,0,1,1,0.0,0.00253592561284869,0,NONE,
1098,src/backend/core/tests/files/__init__.py,0.0,0,1,1,0.0,0.00253592561284869,0,NONE,
1099,src/backend/core/tests/recording/__init__.py,0.0,0,1,1,0.0,0.00253592561284869,0,NONE,
1100,src/backend/core/tests/recording/event/__init__.py,0.0,0,1,1,0.0,0.00253592561284869,0,NONE,
1101,src/backend/core/tests/recording/service/__init__.py,0.0,0,1,1,0.0,0.00253592561284869,0,NONE,
1102,src/backend/core/tests/recording/worker/__init__.py,0.0,0,1,1,0.0,0.00253592561284869,0,NONE,
1103,src/backend/core/tests/rooms/__init__.py,0.0,0,1,1,0.0,0.00253592561284869,0,NONE,
1104,src/backend/core/tests/services/__init__.py,0.0,0,1,1,0.0,0.00253592561284869,0,NONE,
1105,src/backend/core/tests/swagger/__init__.py,0.0,0,1,1,0.0,0.00253592561284869,0,NONE,
1106,src/backend/demo/__init__.py,0.0,0,1,1,0.0,0.00253592561284869,0,NONE,
1107,src/backend/demo/management/__init__.py,0.0,0,1,1,0.0,0.00253592561284869,0,NONE,
1108,src/backend/demo/management/commands/__init__.py,0.0,0,1,1,0.0,0.00253592561284869,0,NONE,
1109,src/backend/demo/tests/__init__.py,0.0,0,1,1,0.0,0.00253592561284869,0,NONE,
1110,src/backend/impress/__init__.py,0.0,0,1,1,0.0,0.00253592561284869,0,NONE,
1111,src/backend/locale/de_DE/LC_MESSAGES/django.mo,0.0,0,9,2,0.0,0.00253592561284869,0,NONE,
1112,src/backend/locale/en_US/LC_MESSAGES/django.mo,0.0,0,13,3,0.0,0.00253592561284869,0,NONE,
1113,src/backend/locale/fr_FR/LC_MESSAGES/django.mo,0.0,0,14,3,0.0,0.00253592561284869,0,NONE,
1114,src/backend/locale/nl_NL/LC_MESSAGES/django.mo,0.0,0,12,2,0.0,0.00253592561284869,0,NONE,
1115,src/backend/meet/__init__.py,0.0,0,1,1,0.0,0.00253592561284869,0,NONE,
1116,src/frontend/README.md,0.0,0,1,1,0.0,0.00253592561284869,0,NONE,
1117,src/frontend/public/.well-known/windows-app-web-link,0.0,0,1,1,0.0,0.00253592561284869,0,NONE,
1118,src/frontend/public/android-chrome-192x192.png,0.0,0,1,1,0.0,0.00253592561284869,0,NONE,
1119,src/frontend/public/android-chrome-512x512.png,0.0,0,1,1,0.0,0.00253592561284869,0,NONE,
1120,src/frontend/public/apple-touch-icon.png,0.0,0,1,1,0.0,0.00253592561284869,0,NONE,
1121,src/frontend/public/assets/backgrounds/1.jpg,0.0,0,1,1,0.0,0.00253592561284869,0,NONE,
1122,src/frontend/public/assets/backgrounds/2.jpg,0.0,0,1,1,0.0,0.00253592561284869,0,NONE,
1123,src/frontend/public/assets/backgrounds/3.jpg,0.0,0,1,1,0.0,0.00253592561284869,0,NONE,
1124,src/frontend/public/assets/backgrounds/4.jpg,0.0,0,1,1,0.0,0.00253592561284869,0,NONE,
1125,src/frontend/public/assets/backgrounds/5.jpg,0.0,0,1,1,0.0,0.00253592561284869,0,NONE,
1126,src/frontend/public/assets/backgrounds/6.jpg,0.0,0,1,1,0.0,0.00253592561284869,0,NONE,
1127,src/frontend/public/assets/backgrounds/7.jpg,0.0,0,1,1,0.0,0.00253592561284869,0,NONE,
1128,src/frontend/public/assets/backgrounds/8.jpg,0.0,0,1,1,0.0,0.00253592561284869,0,NONE,
1129,src/frontend/public/assets/backgrounds/thumbnails/1.jpg,0.0,0,1,1,0.0,0.00253592561284869,0,NONE,
1130,src/frontend/public/assets/backgrounds/thumbnails/2.jpg,0.0,0,1,1,0.0,0.00253592561284869,0,NONE,
1131,src/frontend/public/assets/backgrounds/thumbnails/3.jpg,0.0,0,1,1,0.0,0.00253592561284869,0,NONE,
1132,src/frontend/public/assets/backgrounds/thumbnails/4.jpg,0.0,0,1,1,0.0,0.00253592561284869,0,NONE,
1133,src/frontend/public/assets/backgrounds/thumbnails/5.jpg,0.0,0,1,1,0.0,0.00253592561284869,0,NONE,
1134,src/frontend/public/assets/backgrounds/thumbnails/6.jpg,0.0,0,1,1,0.0,0.00253592561284869,0,NONE,
1135,src/frontend/public/assets/backgrounds/thumbnails/7.jpg,0.0,0,1,1,0.0,0.00253592561284869,0,NONE,
1136,src/frontend/public/assets/backgrounds/thumbnails/8.jpg,0.0,0,1,1,0.0,0.00253592561284869,0,NONE,
1137,src/frontend/public/assets/beret.png,0.0,0,1,1,0.0,0.00253592561284869,0,NONE,
1138,src/frontend/public/assets/glasses.png,0.0,0,1,1,0.0,0.00253592561284869,0,NONE,
1139,src/frontend/public/assets/intro-slider/1.png,0.0,0,1,1,0.0,0.00253592561284869,0,NONE,
1140,src/frontend/public/assets/intro-slider/2.png,0.0,0,1,1,0.0,0.00253592561284869,0,NONE,
1141,src/frontend/public/assets/intro-slider/3.png,0.0,0,1,1,0.0,0.00253592561284869,0,NONE,
1142,src/frontend/public/assets/intro-slider/4.png,0.0,0,1,1,0.0,0.00253592561284869,0,NONE,
1143,src/frontend/public/assets/logo-suite-numerique.png,0.0,0,2,1,0.0,0.00253592561284869,0,NONE,
1144,src/frontend/public/assets/mustache.png,0.0,0,1,1,0.0,0.00253592561284869,0,NONE,
1145,src/frontend/public/assets/reactions/clapping-hands.png,0.0,0,1,1,0.0,0.00253592561284869,0,NONE,
1146,src/frontend/public/assets/reactions/face-with-open-mouth.png,0.0,0,1,1,0.0,0.00253592561284869,0,NONE,
1147,src/frontend/public/assets/reactions/face-with-tears-of-joy.png,0.0,0,1,1,0.0,0.00253592561284869,0,NONE,
1148,src/frontend/public/assets/reactions/folded-hands.png,0.0,0,1,1,0.0,0.00253592561284869,0,NONE,
1149,src/frontend/public/assets/reactions/party-popper.png,0.0,0,1,1,0.0,0.00253592561284869,0,NONE,
1150,src/frontend/public/assets/reactions/red-heart.png,0.0,0,1,1,0.0,0.00253592561284869,0,NONE,
1151,src/frontend/public/assets/reactions/thumbs-down.png,0.0,0,1,1,0.0,0.00253592561284869,0,NONE,
1152,src/frontend/public/assets/reactions/thumbs-up.png,0.0,0,1,1,0.0,0.00253592561284869,0,NONE,
1153,src/frontend/public/favicon-16x16.png,0.0,0,1,1,0.0,0.00253592561284869,0,NONE,
1154,src/frontend/public/favicon-32x32.png,0.0,0,1,1,0.0,0.00253592561284869,0,NONE,
1155,src/frontend/public/favicon.ico,0.0,0,1,1,0.0,0.00253592561284869,0,NONE,
1156,src/frontend/public/fonts/Marianne-Bold-subset.woff2,0.0,0,2,2,0.0,0.00253592561284869,0,NONE,
1157,src/frontend/public/fonts/Marianne-Bold_Italic-subset.woff2,0.0,0,2,2,0.0,0.00253592561284869,0,NONE,
1158,src/frontend/public/fonts/Marianne-ExtraBold-subset.woff2,0.0,0,2,2,0.0,0.00253592561284869,0,NONE,
1159,src/frontend/public/fonts/Marianne-ExtraBold_Italic-subset.woff2,0.0,0,2,2,0.0,0.00253592561284869,0,NONE,
1160,src/frontend/public/fonts/Marianne-Light-subset.woff2,0.0,0,2,2,0.0,0.00253592561284869,0,NONE,
1161,src/frontend/public/fonts/Marianne-Light_Italic-subset.woff2,0.0,0,2,2,0.0,0.00253592561284869,0,NONE,
1162,src/frontend/public/fonts/Marianne-Medium-subset.woff2,0.0,0,2,2,0.0,0.00253592561284869,0,NONE,
1163,src/frontend/public/fonts/Marianne-Medium_Italic-subset.woff2,0.0,0,2,2,0.0,0.00253592561284869,0,NONE,
1164,src/frontend/public/fonts/Marianne-Regular-subset.woff2,0.0,0,2,2,0.0,0.00253592561284869,0,NONE,
1165,src/frontend/public/fonts/Marianne-Regular_Italic-subset.woff2,0.0,0,2,2,0.0,0.00253592561284869,0,NONE,
1166,src/frontend/public/fonts/Marianne-Thin-subset.woff2,0.0,0,2,2,0.0,0.00253592561284869,0,NONE,
1167,src/frontend/public/fonts/Marianne-Thin_Italic-subset.woff2,0.0,0,2,2,0.0,0.00253592561284869,0,NONE,
1168,src/frontend/public/fonts/sourcecodepro-regular-subset.woff2,0.0,0,2,1,0.0,0.00253592561284869,0,NONE,
1169,src/frontend/public/fonts/sourcesans3-bold-subset.woff2,0.0,0,2,1,0.0,0.00253592561284869,0,NONE,
1170,src/frontend/public/fonts/sourcesans3-it-subset.woff2,0.0,0,2,1,0.0,0.00253592561284869,0,NONE,
1171,src/frontend/public/fonts/sourcesans3-regular-subset.woff2,0.0,0,2,1,0.0,0.00253592561284869,0,NONE,
1172,src/frontend/public/icon.png,0.0,0,1,1,0.0,0.00253592561284869,0,NONE,
1173,src/frontend/public/sounds/notifications.mp3,0.0,0,1,1,0.0,0.00253592561284869,0,NONE,
1174,src/frontend/public/sounds/uprise.mp3,0.0,0,1,1,0.0,0.00253592561284869,0,NONE,
1175,src/frontend/src/assets/intro-slider/1.png,0.0,0,2,1,0.0,0.00253592561284869,0,NONE,
1176,src/frontend/src/assets/intro-slider/1_solo.png,0.0,0,2,1,0.0,0.00253592561284869,0,NONE,
1177,src/frontend/src/assets/intro-slider/2_multiple.png,0.0,0,1,1,0.0,0.00253592561284869,0,NONE,
1178,src/frontend/src/assets/intro-slider/3_resume.png,0.0,0,1,1,0.0,0.00253592561284869,0,NONE,
1179,src/frontend/src/assets/intro-slider/4_record.png,0.0,0,1,1,0.0,0.00253592561284869,0,NONE,
1180,src/frontend/src/features/layout/hooks/useGridLayout.ts,0.0,0,1,1,0.0,0.00253592561284869,0,NONE,
1181,src/frontend/tsconfig.json,0.0,0,1,1,0.0,0.00253592561284869,0,NONE,
1182,src/sdk/library/docs/demo.gif,0.0,0,1,1,0.0,0.00253592561284869,0,NONE,
1183,src/sdk/library/docs/demo_loggedout.gif,0.0,0,1,1,0.0,0.00253592561284869,0,NONE,
