rank,file_path,hotspot_score,total_churn,commit_count,unique_contributors,sonar_issue_count,github_issue_signal,github_issue_matches,highest_severity,severity_breakdown
1,tools/localization/yarn.lock,0.5,30726.0,51.0,4.0,0.0,0.010068892421833599,0,NONE,
2,AnkiDroid/src/main/assets/changelog.html,0.3329200026036581,2023.0,6.0,1.0,115.0,0.010068892421833599,0,MAJOR,"MINOR:100, MAJOR:15"
3,AnkiDroid/src/main/java/com/ichi2/anki/CardBrowser.kt,0.2971262972302171,8302.0,213.0,27.0,11.0,2.0100688924218337,2,CRITICAL,"MAJOR:4, INFO:4, CRITICAL:3"
4,AnkiDroid/src/test/resources/anking_v11_tags.txt,0.2761667643038469,16971.0,1.0,1.0,0.0,0.010068892421833599,0,NONE,
5,AnkiDroid/src/main/java/com/ichi2/anki/dialogs/customstudy/CustomStudyDialog.kt,0.25592247324882766,2635.0,69.0,11.0,5.0,3.0100688924218337,3,CRITICAL,"INFO:4, CRITICAL:1"
6,AnkiDroid/src/main/java/com/ichi2/anki/DeckPicker.kt,0.19402352914540583,5582.0,236.0,33.0,14.0,1.0100688924218335,1,CRITICAL,"MAJOR:3, INFO:8, CRITICAL:3"
7,AnkiDroid/src/main/java/com/ichi2/anki/AnkiActivity.kt,0.15242140206990823,1173.0,49.0,15.0,0.0,2.0100688924218337,2,NONE,
8,AnkiDroid/src/main/java/com/ichi2/anki/browser/CardBrowserViewModel.kt,0.1347600813926175,2902.0,114.0,14.0,8.0,1.0100688924218335,1,MAJOR,"MAJOR:1, INFO:7"
9,AnkiDroid/src/test/java/com/ichi2/testutils/ext/AnkiActivity.kt,0.1337401549176593,25.0,1.0,1.0,0.0,2.0100688924218337,2,NONE,
10,AnkiDroid/src/main/java/com/ichi2/anki/AbstractFlashcardViewer.kt,0.131275367978967,1726.0,83.0,19.0,14.0,1.0100688924218335,1,CRITICAL,"MAJOR:4, INFO:5, CRITICAL:5"
11,AnkiDroid/src/main/java/com/ichi2/anki/NoteEditor.kt,0.12350777842869232,3493.0,93.0,14.0,0.0,1.0100688924218335,1,NONE,
12,AnkiDroid/src/main/assets/scripts/card.js,0.09912539727012103,160.0,3.0,2.0,37.0,0.010068892421833599,0,CRITICAL,"MINOR:9, MAJOR:2, CRITICAL:26"
13,AnkiDroid/src/main/java/com/ichi2/anki/CoroutineHelpers.kt,0.09687801578609251,1055.0,41.0,9.0,5.0,1.0100688924218335,1,CRITICAL,"MAJOR:3, INFO:1, CRITICAL:1"
14,AnkiDroid/src/main/java/com/ichi2/anki/dialogs/tags/TagsDialog.kt,0.08521153307353353,819.0,32.0,12.0,2.0,1.0100688924218335,1,MAJOR,"MAJOR:1, INFO:1"
15,AnkiDroid/src/main/java/com/ichi2/anki/provider/CardContentProvider.kt,0.07991798476859988,1224.0,51.0,15.0,23.0,0.010068892421833599,0,CRITICAL,"MAJOR:16, INFO:2, CRITICAL:5"
16,AnkiDroid/src/main/java/com/ichi2/anki/browser/CardBrowserFragment.kt,0.07859212846222856,2425.0,86.0,8.0,15.0,0.010068892421833599,0,CRITICAL,"MAJOR:4, INFO:6, CRITICAL:5"
17,AnkiDroid/src/main/java/com/ichi2/anki/Sync.kt,0.07581201588231465,562.0,46.0,10.0,0.0,1.0100688924218335,1,NONE,
18,AnkiDroid/src/main/java/com/ichi2/anki/CollectionManager.kt,0.07479186300230084,339.0,20.0,4.0,1.0,1.0100688924218335,1,INFO,INFO:1
19,AnkiDroid/src/main/res/values/02-strings.xml,0.07343617782985094,416.0,76.0,29.0,0.0,1.0100688924218335,1,NONE,
20,AnkiDroid/src/main/java/com/ichi2/anki/browser/CardOrNoteId.kt,0.07305570413387331,72.0,5.0,2.0,2.0,1.0100688924218335,1,INFO,INFO:2
21,AnkiDroid/src/test/java/com/ichi2/anki/previewer/PreviewerViewModelTest.kt,0.07254117034433379,361.0,14.0,3.0,0.0,1.0100688924218335,1,NONE,
22,AnkiDroid/src/main/res/values/01-core.xml,0.07202043871639653,329.0,29.0,17.0,0.0,1.0100688924218335,1,NONE,
23,CONTRIBUTING.md,0.07014905942849704,214.0,4.0,3.0,0.0,1.0100688924218335,1,NONE,
24,AnkiDroid/src/main/res/values/03-dialogs.xml,0.07001887652151273,206.0,52.0,18.0,0.0,1.0100688924218335,1,NONE,
25,libanki/testutils/src/main/java/com/ichi2/anki/libanki/testutils/InMemoryAnkiTest.kt,0.06902623185575733,145.0,2.0,1.0,0.0,1.0100688924218335,1,NONE,
26,libanki/testutils/src/main/java/com/ichi2/anki/libanki/testutils/AnkiTest.kt,0.06835904445746273,104.0,9.0,5.0,0.0,1.0100688924218335,1,NONE,
27,.github/workflows/update_js_libs.yml,0.06783831282952549,72.0,5.0,3.0,0.0,1.0100688924218335,1,NONE,
28,AnkiDroid/src/main/res/layout/toolbar.xml,0.06754540128881077,54.0,1.0,1.0,0.0,1.0100688924218335,1,NONE,
29,AnkiDroid/src/main/res/layout/tags_dialog.xml,0.06752912842543773,53.0,2.0,2.0,0.0,1.0100688924218335,1,NONE,
30,AnkiDroid/src/main/java/com/ichi2/anki/dialogs/tags/TagsDialogListener.kt,0.06731758120158823,40.0,4.0,2.0,0.0,1.0100688924218335,1,NONE,
31,libanki/src/testFixtures/java/com/ichi2/anki/libanki/testutils/AnkiTest.kt,0.06726876261146911,37.0,2.0,2.0,0.0,1.0100688924218335,1,NONE,
32,.github/pull_request_template.md,0.06689448675388922,14.0,1.0,1.0,0.0,1.0100688924218335,1,NONE,
33,AnkiDroid/src/main/java/com/ichi2/anki/model/CardStateFilter.kt,0.06687821389051618,13.0,2.0,1.0,0.0,1.0100688924218335,1,NONE,
34,AnkiDroid/src/test/java/com/ichi2/testutils/ext/AnkiTest.kt,0.06679684957365098,8.0,2.0,1.0,0.0,1.0100688924218335,1,NONE,
35,AnkiDroid/src/main/java/com/ichi2/annotations/NeedsTest.kt,0.06673175812015882,4.0,1.0,1.0,0.0,1.0100688924218335,1,NONE,
36,libanki/src/testFixtures/java/com/ichi2/anki/libanki/testutils/InMemoryAnkiTest.kt,0.06666666666666667,0.0,1.0,1.0,0.0,1.0100688924218335,1,NONE,
37,libanki/src/main/java/com/ichi2/anki/libanki/Collection.kt,0.062374281517706284,1749.0,40.0,4.0,13.0,0.010068892421833599,0,MAJOR,"MINOR:1, MAJOR:6, INFO:6"
38,AnkiDroid/src/main/java/com/ichi2/anki/NoteEditorFragment.kt,0.05844632360640613,1187.0,73.0,18.0,15.0,0.010068892421833599,0,CRITICAL,"MAJOR:6, INFO:4, CRITICAL:5"
39,AnkiDroid/src/main/java/com/ichi2/anki/ui/windows/reviewer/ReviewerFragment.kt,0.05305457210859518,3100.0,155.0,10.0,1.0,0.010068892421833599,0,CRITICAL,CRITICAL:1
40,AnkiDroid/src/main/java/com/ichi2/anki/CardTemplateEditor.kt,0.05068880908110678,2634.0,96.0,21.0,3.0,0.010068892421833599,0,MAJOR,"MAJOR:2, INFO:1"
41,AnkiDroid/src/main/java/com/ichi2/anki/DeckPickerFloatingActionMenu.kt,0.0495888484189852,803.0,14.0,5.0,14.0,0.010068892421833599,0,CRITICAL,"INFO:1, CRITICAL:13"
42,AnkiDroid/src/main/java/com/ichi2/anki/ui/windows/reviewer/ReviewerViewModel.kt,0.042861561798674966,2153.0,128.0,8.0,3.0,0.010068892421833599,0,MAJOR,"MAJOR:2, INFO:1"
43,AnkiDroid/src/main/java/com/ichi2/anki/deckpicker/DeckPickerViewModel.kt,0.04172517822322973,961.0,50.0,11.0,10.0,0.010068892421833599,0,INFO,INFO:10
44,AnkiDroid/src/main/java/com/ichi2/anki/Reviewer.kt,0.04025054549468089,1191.0,89.0,18.0,8.0,0.010068892421833599,0,CRITICAL,"MAJOR:6, INFO:1, CRITICAL:1"
45,AnkiDroid/src/androidTest/java/com/ichi2/anki/tests/ContentProviderTest.kt,0.03994987958081104,2455.0,43.0,10.0,0.0,0.010068892421833599,0,NONE,
46,AnkiDroid/src/test/java/com/ichi2/anki/CardBrowserTest.kt,0.03990106099069192,2452.0,92.0,15.0,0.0,0.010068892421833599,0,NONE,
47,AnkiDroid/src/test/java/com/ichi2/anki/browser/CardBrowserViewModelTest.kt,0.034889019071795875,2144.0,63.0,8.0,0.0,0.010068892421833599,0,NONE,
48,AnkiDroid/src/main/java/com/ichi2/utils/AlertDialogFacade.kt,0.03153836575170724,335.0,18.0,9.0,10.0,0.010068892421833599,0,CRITICAL,"MAJOR:8, INFO:1, CRITICAL:1"
49,AnkiDroid/src/main/java/com/ichi2/anki/StudyOptionsFragment.kt,0.031389193120682383,1448.0,47.0,11.0,3.0,0.010068892421833599,0,CRITICAL,"MAJOR:1, INFO:1, CRITICAL:1"
50,tools/localization/.yarn/releases/yarn-4.5.3.cjs,0.030397708780837075,1868.0,2.0,1.0,0.0,0.010068892421833599,0,NONE,
51,AnkiDroid/src/main/java/com/ichi2/anki/multimedia/MultimediaImageFragment.kt,0.029377555900823266,1645.0,33.0,8.0,1.0,0.010068892421833599,0,INFO,INFO:1
52,AnkiDroid/src/main/java/com/ichi2/anki/AnkiDroidApp.kt,0.02850153813934665,469.0,44.0,10.0,8.0,0.010068892421833599,0,MAJOR,"MAJOR:1, INFO:7"
53,AnkiDroid/src/test/java/com/ichi2/anki/reviewreminders/ReviewRemindersDatabaseTest.kt,0.027045498925991018,1662.0,10.0,1.0,0.0,0.010068892421833599,0,NONE,
54,tools/localization/.yarn/releases/yarn-4.10.3.cjs,0.026882770292260626,1652.0,2.0,1.0,0.0,0.010068892421833599,0,NONE,
55,AnkiDroid/src/main/res/layout/reviewer2.xml,0.025955217079997397,1595.0,44.0,3.0,0.0,0.010068892421833599,0,NONE,
56,AnkiDroid/src/main/java/com/ichi2/anki/instantnoteeditor/InstantNoteEditorActivity.kt,0.024577061205776726,1350.0,30.0,9.0,1.0,0.010068892421833599,0,INFO,INFO:1
57,AnkiDroid/src/main/java/com/ichi2/anki/dialogs/ChangeNoteTypeDialog.kt,0.024548392665608224,707.0,9.0,3.0,5.0,0.010068892421833599,0,MAJOR,MAJOR:5
58,AnkiDroid/src/main/java/com/ichi2/anki/ui/windows/reviewer/whiteboard/WhiteboardFragment.kt,0.024435642947907028,1181.0,18.0,4.0,2.0,0.010068892421833599,0,CRITICAL,"MAJOR:1, CRITICAL:1"
59,AnkiDroid/src/main/java/com/ichi2/anki/IntentHandler.kt,0.023788605599563035,500.0,31.0,9.0,6.0,0.010068892421833599,0,MAJOR,"MAJOR:3, INFO:3"
60,AnkiDroid/src/main/java/com/ichi2/anki/reviewreminders/ReviewRemindersDatabase.kt,0.022147367050706242,1361.0,13.0,3.0,0.0,0.010068892421833599,0,NONE,
61,AnkiDroid/src/main/java/com/ichi2/anki/cardviewer/CardMediaPlayer.kt,0.022097388134677046,877.0,34.0,10.0,3.0,0.010068892421833599,0,CRITICAL,"MAJOR:1, CRITICAL:2"
62,AnkiDroid/src/main/java/com/ichi2/anki/ui/dialogs/ActivityAgnosticDialogs.kt,0.02164562514680953,208.0,4.0,2.0,7.0,0.010068892421833599,0,CRITICAL,CRITICAL:7
63,AnkiDroid/src/main/java/com/ichi2/anki/dialogs/DatabaseErrorDialog.kt,0.020530155738377638,941.0,33.0,10.0,2.0,0.010068892421833599,0,CRITICAL,"MINOR:1, CRITICAL:1"
64,AnkiDroid/src/main/java/com/ichi2/anki/analytics/UsageAnalytics.kt,0.019988113734579694,1068.0,26.0,10.0,1.0,0.010068892421833599,0,MAJOR,MAJOR:1
65,AnkiDroid/src/main/java/com/ichi2/anki/JavaScriptSTT.kt,0.019432515728076208,72.0,4.0,1.0,7.0,0.010068892421833599,0,CRITICAL,CRITICAL:7
66,AnkiDroid/src/main/java/com/ichi2/anki/reviewreminders/ScheduleReminders.kt,0.01930465347291205,1026.0,20.0,2.0,1.0,0.010068892421833599,0,MAJOR,MAJOR:1
67,AnkiDroid/src/main/java/com/ichi2/anki/multimedia/MultimediaUtils.kt,0.01882034475829845,355.0,10.0,3.0,5.0,0.010068892421833599,0,MAJOR,"MAJOR:4, INFO:1"
68,AnkiDroid/src/test/java/com/ichi2/anki/CardTemplateEditorTest.kt,0.018713792878994988,1150.0,30.0,13.0,0.0,0.010068892421833599,0,NONE,
69,AnkiDroid/src/main/java/com/ichi2/anki/ReadText.kt,0.018576251807702865,340.0,15.0,5.0,5.0,0.010068892421833599,0,MAJOR,"MAJOR:2, INFO:3"
70,AnkiDroid/src/test/java/com/ichi2/anki/services/NotificationServiceTest.kt,0.017867603983596953,1098.0,5.0,1.0,0.0,0.010068892421833599,0,NONE,
71,AnkiDroid/src/main/java/com/ichi2/anki/multimedia/audio/AudioRecordingController.kt,0.01765993394632502,444.0,18.0,6.0,4.0,0.010068892421833599,0,CRITICAL,"INFO:3, CRITICAL:1"
72,AnkiDroid/src/main/res/values-got/02-strings.xml,0.017281780902167546,1062.0,75.0,1.0,0.0,0.010068892421833599,0,NONE,
73,AnkiDroid/src/test/java/com/ichi2/anki/DeckPickerTest.kt,0.01718414372192931,1056.0,54.0,15.0,0.0,0.010068892421833599,0,NONE,
74,AnkiDroid/src/main/java/com/ichi2/anki/multimediacard/fields/BasicImageFieldController.kt,0.017167870858556273,1055.0,6.0,4.0,0.0,0.010068892421833599,0,NONE,
75,AnkiDroid/src/main/java/com/ichi2/anki/NoteEditorActivity.kt,0.01702025476228884,565.0,10.0,5.0,3.0,0.010068892421833599,0,MAJOR,"MAJOR:2, INFO:1"
76,AnkiDroid/src/main/java/com/ichi2/anki/AnkiDroidJsAPI.kt,0.01685752612855845,555.0,28.0,9.0,3.0,0.010068892421833599,0,CRITICAL,"MAJOR:2, CRITICAL:1"
77,AnkiDroid/src/main/java/com/ichi2/anki/dialogs/DeckSelectionDialog.kt,0.016852488616070797,715.0,24.0,7.0,2.0,0.010068892421833599,0,MAJOR,"MAJOR:1, INFO:1"
78,AnkiDroid/src/main/java/com/ichi2/widget/cardanalysis/CardAnalysisWidgetConfig.kt,0.016728503547484216,1028.0,19.0,5.0,0.0,0.010068892421833599,0,NONE,
79,AnkiDroid/src/main/java/com/ichi2/anki/reviewreminders/ReminderTroubleshootingFragment.kt,0.016699835007315714,385.0,3.0,1.0,4.0,0.010068892421833599,0,INFO,INFO:4
80,AnkiDroid/src/main/res/values-ar/02-strings.xml,0.016582047777126862,1019.0,88.0,1.0,0.0,0.010068892421833599,0,NONE,
81,AnkiDroid/src/main/res/values-got/10-preferences.xml,0.016440629519257163,850.0,49.0,1.0,1.0,0.010068892421833599,0,INFO,INFO:1
82,AnkiDroid/src/main/assets/mathjax/sre/sre_browser.js,0.01625659050966608,999.0,1.0,1.0,0.0,0.010068892421833599,0,NONE,
83,AnkiDroid/src/main/java/com/ichi2/anki/servicelayer/PreferenceUpgradeService.kt,0.016050080798304226,826.0,30.0,7.0,1.0,0.010068892421833599,0,MAJOR,MAJOR:1
84,AnkiDroid/src/main/java/com/ichi2/anki/servicelayer/NoteService.kt,0.015799790009310907,490.0,26.0,7.0,3.0,0.010068892421833599,0,MAJOR,"MAJOR:1, INFO:2"
85,AnkiDroid/src/main/java/com/ichi2/anki/browser/search/StandardSearchFragment.kt,0.015702152829072672,484.0,10.0,1.0,3.0,0.010068892421833599,0,INFO,INFO:3
86,vbpd/src/main/java/dev/androidbroadcast/vbpd/ActivityViewBindings.kt,0.015652173913043476,0.0,1.0,1.0,6.0,0.010068892421833599,0,CRITICAL,CRITICAL:6
87,AnkiDroid/src/main/java/com/ichi2/libanki/Notetypes.kt,0.01554058452125236,955.0,30.0,9.0,0.0,0.010068892421833599,0,NONE,
88,tools/localization/.yarn/releases/yarn-4.9.2.cjs,0.01532903729740285,942.0,1.0,1.0,0.0,0.010068892421833599,0,NONE,
89,libanki/src/main/java/com/ichi2/anki/libanki/Decks.kt,0.015300368757234348,299.0,20.0,4.0,4.0,0.010068892421833599,0,MAJOR,"MAJOR:2, INFO:2"
90,tools/localization/.yarn/releases/yarn-4.13.0.cjs,0.015296491570656772,940.0,1.0,1.0,0.0,0.010068892421833599,0,NONE,
91,AnkiDroid/src/main/java/com/ichi2/anki/SharedDecksActivity.kt,0.015160110825274728,611.0,20.0,9.0,2.0,0.010068892421833599,0,MAJOR,"MAJOR:1, INFO:1"
92,AnkiDroid/src/main/java/com/ichi2/anki/dialogs/EditDeckDescriptionDialog.kt,0.01512756509852865,609.0,24.0,7.0,2.0,0.010068892421833599,0,MAJOR,MAJOR:2
93,AnkiDroid/src/main/res/values-gl/02-strings.xml,0.015101217210180304,928.0,87.0,1.0,0.0,0.010068892421833599,0,NONE,
94,AnkiDroid/src/main/java/com/ichi2/anki/dialogs/ChangeNoteTypeViewModel.kt,0.014997382191544336,601.0,4.0,3.0,2.0,0.010068892421833599,0,INFO,INFO:2
95,AnkiDroid/src/main/java/com/ichi2/anki/instantnoteeditor/InstantEditorViewModel.kt,0.014976071815683644,760.0,24.0,8.0,1.0,0.010068892421833599,0,INFO,INFO:1
96,AnkiDroid/src/main/res/values-lv/10-preferences.xml,0.014959798952310605,759.0,51.0,1.0,1.0,0.010068892421833599,0,INFO,INFO:1
97,AnkiDroid/src/main/res/values-uz/10-preferences.xml,0.014797070318580213,749.0,45.0,1.0,1.0,0.010068892421833599,0,INFO,INFO:1
98,AnkiDroid/src/main/java/com/ichi2/widget/AnkiDroidWidgetSmall.kt,0.014795909992670137,268.0,18.0,5.0,4.0,0.010068892421833599,0,CRITICAL,"MINOR:1, INFO:2, CRITICAL:1"
99,AnkiDroid/src/main/java/com/ichi2/anki/BackupManager.kt,0.014731978865088058,745.0,14.0,7.0,1.0,0.010068892421833599,0,MAJOR,MAJOR:1
100,gradle/libs.versions.toml,0.014661849899108247,901.0,130.0,16.0,0.0,0.010068892421833599,0,NONE,
101,AnkiDroid/src/main/java/com/ichi2/anki/dialogs/MediaCheckDialog.kt,0.014580485582243051,896.0,12.0,4.0,0.0,0.010068892421833599,0,NONE,
102,AnkiDroid/src/main/java/com/ichi2/anki/browser/search/AdvancedSearchFragment.kt,0.014400323759229543,404.0,6.0,1.0,3.0,0.010068892421833599,0,INFO,INFO:3
103,AnkiDroid/src/main/res/values-iw/02-strings.xml,0.014385211221766583,884.0,78.0,1.0,0.0,0.010068892421833599,0,NONE,
104,AnkiDroid/src/main/res/values-uz/02-strings.xml,0.014385211221766583,884.0,76.0,1.0,0.0,0.010068892421833599,0,NONE,
105,AnkiDroid/src/main/java/com/ichi2/anki/scheduling/SetDueDateDialog.kt,0.014362740519995813,562.0,27.0,7.0,2.0,0.010068892421833599,0,MAJOR,"MAJOR:1, INFO:1"
106,AnkiDroid/src/main/java/com/ichi2/anki/notetype/ManageNotetypes.kt,0.014162428647031688,710.0,26.0,9.0,1.0,0.010068892421833599,0,CRITICAL,CRITICAL:1
107,AnkiDroid/src/main/java/com/ichi2/anki/DeckSpinnerSelection.kt,0.013983427149928259,699.0,25.0,9.0,1.0,0.010068892421833599,0,INFO,INFO:1
108,AnkiDroid/src/main/res/values-gl/10-preferences.xml,0.013869517106316984,692.0,57.0,1.0,1.0,0.010068892421833599,0,INFO,INFO:1
109,AnkiDroid/src/main/res/values-af/02-strings.xml,0.01386447959382933,852.0,75.0,1.0,0.0,0.010068892421833599,0,NONE,
110,AnkiDroid/src/main/res/values-gu/02-strings.xml,0.01386447959382933,852.0,75.0,1.0,0.0,0.010068892421833599,0,NONE,
111,AnkiDroid/src/main/java/com/ichi2/anki/MetaDB.kt,0.013820698516197867,689.0,12.0,5.0,1.0,0.010068892421833599,0,CRITICAL,CRITICAL:1
112,AnkiDroid/src/main/java/com/ichi2/anki/ui/RecyclerFastScroller.kt,0.013815661003710213,849.0,12.0,4.0,0.0,0.010068892421833599,0,NONE,
113,AnkiDroid/src/main/java/com/ichi2/anki/ui/windows/reviewer/AnswerFeedbackView.kt,0.013526626649573084,190.0,8.0,2.0,4.0,0.010068892421833599,0,CRITICAL,"INFO:1, CRITICAL:3"
114,AnkiDroid/src/main/java/com/ichi2/anki/dialogs/CreateDeckDialog.kt,0.013451460171105621,506.0,21.0,10.0,2.0,0.010068892421833599,0,CRITICAL,"MAJOR:1, CRITICAL:1"
115,AnkiDroid/src/main/res/values-pa/10-preferences.xml,0.013299966888260614,657.0,45.0,1.0,1.0,0.010068892421833599,0,INFO,INFO:1
116,compat/src/main/java/com/ichi2/anki/compat/CompatHelper.kt,0.013222479757972996,11.0,2.0,1.0,5.0,0.010068892421833599,0,MAJOR,MAJOR:5
117,AnkiDroid/src/main/java/com/ichi2/anki/ui/windows/reviewer/GestureParser.kt,0.013197292195534727,811.0,20.0,1.0,0.0,0.010068892421833599,0,NONE,
118,AnkiDroid/src/main/res/values-ta/10-preferences.xml,0.013120965391157185,646.0,42.0,1.0,1.0,0.010068892421833599,0,INFO,INFO:1
119,AnkiDroid/src/main/java/com/ichi2/anki/ui/windows/reviewer/audiorecord/AudioRecordView.kt,0.013039601074291989,641.0,6.0,3.0,1.0,0.010068892421833599,0,MAJOR,MAJOR:1
120,AnkiDroid/src/test/java/com/ichi2/testutils/AnkiFragmentScenario.kt,0.012953199244939139,796.0,3.0,2.0,0.0,0.010068892421833599,0,NONE,
121,AnkiDroid/src/main/java/com/ichi2/anki/settings/Prefs.kt,0.012941963894053754,635.0,61.0,7.0,1.0,0.010068892421833599,0,INFO,INFO:1
122,AnkiDroid/src/main/res/values-lv/02-strings.xml,0.012920653518193062,794.0,71.0,1.0,0.0,0.010068892421833599,0,NONE,
123,AnkiDroid/src/main/java/com/ichi2/anki/MediaRegistration.kt,0.01291445567979533,473.0,17.0,5.0,2.0,0.010068892421833599,0,CRITICAL,"INFO:1, CRITICAL:1"
124,AnkiDroid/src/test/java/com/ichi2/anki/NoteEditorTest.kt,0.012888107791446984,792.0,40.0,13.0,0.0,0.010068892421833599,0,NONE,
125,AnkiDroid/src/main/res/values-ta/02-strings.xml,0.012839289201327866,789.0,68.0,1.0,0.0,0.010068892421833599,0,NONE,
126,AnkiDroid/src/main/java/com/ichi2/anki/widgets/DeckAdapter.kt,0.012811780987069442,627.0,23.0,9.0,1.0,0.010068892421833599,0,CRITICAL,CRITICAL:1
127,AnkiDroid/src/main/res/values-gu/10-preferences.xml,0.012795508123696403,626.0,47.0,1.0,1.0,0.010068892421833599,0,INFO,INFO:1
128,AnkiDroid/src/main/res/values-iw/10-preferences.xml,0.012681598080085128,619.0,51.0,1.0,1.0,0.010068892421833599,0,INFO,INFO:1
129,AnkiDroid/src/main/res/values-bn/10-preferences.xml,0.012535142309727777,610.0,46.0,1.0,1.0,0.010068892421833599,0,INFO,INFO:1
130,AnkiDroid/src/main/java/com/ichi2/anki/FilteredDeckOptions.kt,0.012497559070494045,768.0,16.0,6.0,0.0,0.010068892421833599,0,NONE,
131,AnkiDroid/build.gradle,0.012465013343747966,766.0,152.0,15.0,0.0,0.010068892421833599,0,NONE,
132,AnkiDroid/src/main/res/values-hr/02-strings.xml,0.012334830436763653,758.0,68.0,1.0,0.0,0.010068892421833599,0,NONE,
133,AnkiDroid/src/main/java/com/ichi2/anki/pages/ImageOcclusion.kt,0.012318557573390614,757.0,26.0,7.0,0.0,0.010068892421833599,0,NONE,
134,AnkiDroid/src/main/res/values-eo/02-strings.xml,0.012302284710017574,756.0,96.0,1.0,0.0,0.010068892421833599,0,NONE,
135,AnkiDroid/src/main/java/com/ichi2/anki/filtered/FilteredDeckOptionsFragment.kt,0.012263541144873765,433.0,8.0,1.0,2.0,0.010068892421833599,0,CRITICAL,"INFO:1, CRITICAL:1"
136,AnkiDroid/src/main/res/layout-sw600dp/reviewer2.xml,0.012155828939660223,747.0,20.0,2.0,0.0,0.010068892421833599,0,NONE,
137,AnkiDroid/src/main/java/com/ichi2/widget/cardanalysis/CardAnalysisWidget.kt,0.012079502135282682,582.0,18.0,5.0,1.0,0.010068892421833599,0,INFO,INFO:1
138,AnkiDroid/src/test/java/com/ichi2/anki/dialogs/CustomStudyDialogTest.kt,0.012058191759421988,741.0,26.0,6.0,0.0,0.010068892421833599,0,NONE,
139,AnkiDroid/src/main/res/values-pa/02-strings.xml,0.012041918896048949,740.0,72.0,1.0,0.0,0.010068892421833599,0,NONE,
140,AnkiDroid/src/main/res/values-be/02-strings.xml,0.011846644535572479,728.0,83.0,1.0,0.0,0.010068892421833599,0,NONE,
141,AnkiDroid/src/main/java/com/ichi2/anki/preferences/Preferences.kt,0.011765280218707284,723.0,26.0,8.0,0.0,0.010068892421833599,0,NONE,
142,AnkiDroid/src/main/java/com/ichi2/anki/CollectionHelper.kt,0.011747847029424167,241.0,18.0,5.0,3.0,0.010068892421833599,0,INFO,INFO:3
143,AnkiDroid/src/main/java/com/ichi2/anki/pages/DeckOptions.kt,0.011618824448349932,714.0,30.0,10.0,0.0,0.010068892421833599,0,NONE,
144,AnkiDroid/src/main/java/com/ichi2/anki/MyAccount.kt,0.011586278721603853,712.0,22.0,7.0,0.0,0.010068892421833599,0,NONE,
145,libanki/src/main/java/com/ichi2/anki/libanki/Notetypes.kt,0.011541337318062311,68.0,11.0,4.0,4.0,0.010068892421833599,0,MAJOR,"MINOR:2, MAJOR:1, INFO:1"
146,AnkiDroid/src/main/java/com/ichi2/anki/export/ExportDialogFragment.kt,0.011488641541365618,706.0,20.0,7.0,0.0,0.010068892421833599,0,NONE,
147,AnkiDroid/src/main/res/values-ko/10-preferences.xml,0.011151948923019451,525.0,51.0,1.0,1.0,0.010068892421833599,0,INFO,INFO:1
148,AnkiDroid/src/main/java/com/ichi2/anki/browser/BrowserMultiColumnAdapter.kt,0.011103130332900333,522.0,20.0,7.0,1.0,0.010068892421833599,0,MAJOR,MAJOR:1
149,AnkiDroid/src/main/java/com/ichi2/anki/ui/windows/reviewer/whiteboard/WhiteboardView.kt,0.011070584606154255,520.0,6.0,3.0,1.0,0.010068892421833599,0,CRITICAL,CRITICAL:1
150,AnkiDroid/src/main/res/values-ug/10-preferences.xml,0.011038038879408178,518.0,43.0,1.0,1.0,0.010068892421833599,0,INFO,INFO:1
151,AnkiDroid/src/main/java/com/ichi2/anki/browser/search/CardBrowserSearchViewModel.kt,0.01098922028928906,515.0,14.0,1.0,1.0,0.010068892421833599,0,INFO,INFO:1
152,AnkiDroid/src/main/java/com/ichi2/libanki/Collection.kt,0.010984182776801407,675.0,36.0,10.0,0.0,0.010068892421833599,0,NONE,
153,AnkiDroid/src/main/java/com/ichi2/anki/dialogs/EmptyCardsDialogFragment.kt,0.010924128835796904,511.0,9.0,4.0,1.0,0.010068892421833599,0,INFO,INFO:1
154,AnkiDroid/src/main/res/values-got/01-core.xml,0.01091909132330925,671.0,34.0,1.0,0.0,0.010068892421833599,0,NONE,
155,AnkiDroid/src/main/java/com/ichi2/anki/browser/search/FlagsBottomSheetFragment.kt,0.010917930997399171,190.0,1.0,1.0,3.0,0.010068892421833599,0,INFO,INFO:3
156,AnkiDroid/src/main/java/com/ichi2/anki/multimedia/AudioVideoFragment.kt,0.010886545596563171,669.0,15.0,4.0,0.0,0.010068892421833599,0,NONE,
157,AnkiDroid/src/main/res/values-eo/10-preferences.xml,0.010696308748574355,497.0,61.0,1.0,1.0,0.010068892421833599,0,INFO,INFO:1
158,AnkiDroid/src/main/java/com/ichi2/anki/servicelayer/scopedstorage/migrateuserdata/MigrateUserData.kt,0.010691271236086701,657.0,1.0,1.0,0.0,0.010068892421833599,0,NONE,
159,AnkiDroid/src/main/java/com/ichi2/anki/dialogs/InsertFieldDialog.kt,0.010614944431709161,492.0,11.0,2.0,1.0,0.010068892421833599,0,MAJOR,MAJOR:1
160,AnkiDroid/src/main/java/com/ichi2/utils/ImportUtils.kt,0.010566125841590043,489.0,24.0,13.0,1.0,0.010068892421833599,0,INFO,INFO:1
161,AnkiDroid/src/main/java/com/ichi2/anki/SharedDecksDownloadFragment.kt,0.01043594293460573,481.0,19.0,7.0,1.0,0.010068892421833599,0,MAJOR,MAJOR:1
162,AnkiDroid/src/main/res/values-bn/02-strings.xml,0.010414632558745036,640.0,72.0,1.0,0.0,0.010068892421833599,0,NONE,
163,AnkiDroid/src/main/java/com/ichi2/anki/previewer/TemplatePreviewerViewModel.kt,0.010322032890994455,474.0,28.0,9.0,1.0,0.010068892421833599,0,INFO,INFO:1
164,AnkiDroid/src/main/java/com/ichi2/anki/preferences/HeaderFragment.kt,0.010256941437502299,470.0,31.0,10.0,1.0,0.010068892421833599,0,CRITICAL,CRITICAL:1
165,AnkiDroid/src/main/res/values-et/10-preferences.xml,0.01024066857412926,469.0,44.0,1.0,1.0,0.010068892421833599,0,INFO,INFO:1
166,AnkiDroid/src/main/res/values-fil/10-preferences.xml,0.010208122847383181,467.0,44.0,1.0,1.0,0.010068892421833599,0,INFO,INFO:1
167,AnkiDroid/src/main/res/values-lt/10-preferences.xml,0.010191849984010144,466.0,41.0,1.0,1.0,0.010068892421833599,0,INFO,INFO:1
168,AnkiDroid/src/main/res/values-lt/02-strings.xml,0.010154266744776411,624.0,68.0,1.0,0.0,0.010068892421833599,0,NONE,
169,AnkiDroid/src/main/java/com/ichi2/anki/ui/internationalization/SentenceCase.kt,0.010153106418866333,143.0,9.0,4.0,3.0,0.010068892421833599,0,MAJOR,"MAJOR:2, INFO:1"
170,AnkiDroid/src/main/java/com/ichi2/anki/TtsVoices.kt,0.01013179604300564,302.0,12.0,5.0,2.0,0.010068892421833599,0,INFO,INFO:2
171,AnkiDroid/src/main/java/com/ichi2/anki/CardTemplateNotetype.kt,0.010056629564538176,618.0,25.0,9.0,0.0,0.010068892421833599,0,NONE,
172,AnkiDroid/src/main/java/com/ichi2/anki/services/NotificationService.kt,0.010040356701165137,617.0,13.0,3.0,0.0,0.010068892421833599,0,NONE,
173,AnkiDroid/src/main/res/values-got/03-dialogs.xml,0.010040356701165137,617.0,53.0,1.0,0.0,0.010068892421833599,0,NONE,
174,libanki/src/main/java/com/ichi2/anki/libanki/sched/Scheduler.kt,0.010022923511882019,135.0,10.0,4.0,3.0,0.010068892421833599,0,CRITICAL,"MAJOR:1, INFO:1, CRITICAL:1"
175,AnkiDroid/src/main/java/com/ichi2/anki/NavigationDrawerActivity.kt,0.010012848486906712,455.0,34.0,12.0,1.0,0.010068892421833599,0,INFO,INFO:1
176,AnkiDroid/src/main/java/com/ichi2/anki/cardviewer/ViewerCommand.kt,0.010007810974419058,615.0,24.0,8.0,0.0,0.010068892421833599,0,NONE,
177,AnkiDroid/src/main/java/com/ichi2/anki/model/FieldFilters.kt,0.009980302760160634,453.0,1.0,1.0,1.0,0.010068892421833599,0,INFO,INFO:1
178,AnkiDroid/src/main/res/values-ar/10-preferences.xml,0.009980302760160634,453.0,55.0,1.0,1.0,0.010068892421833599,0,INFO,INFO:1
179,AnkiDroid/src/main/res/values-ko/02-strings.xml,0.00995899238429994,612.0,76.0,1.0,0.0,0.010068892421833599,0,NONE,
180,AnkiDroid/src/main/res/values-mr/10-preferences.xml,0.009931484170041516,450.0,44.0,1.0,1.0,0.010068892421833599,0,INFO,INFO:1
181,AnkiDroid/src/main/res/values-ml/10-preferences.xml,0.009915211306668477,449.0,44.0,1.0,1.0,0.010068892421833599,0,INFO,INFO:1
182,AnkiDroid/src/main/java/com/ichi2/anki/notetype/ManageNoteTypesViewModel.kt,0.009898938443295438,448.0,6.0,3.0,1.0,0.010068892421833599,0,INFO,INFO:1
183,AnkiDroid/src/main/java/com/ichi2/anki/dialogs/TtsVoicesDialogFragment.kt,0.009887703092410053,287.0,9.0,3.0,2.0,0.010068892421833599,0,INFO,INFO:2
184,AnkiDroid/src/main/res/values-ar/01-core.xml,0.009877628067434746,607.0,47.0,1.0,0.0,0.010068892421833599,0,NONE,
185,AnkiDroid/src/main/res/values-ug/02-strings.xml,0.009877628067434746,607.0,55.0,1.0,0.0,0.010068892421833599,0,NONE,
186,AnkiDroid/src/main/java/com/ichi2/anki/workarounds/SafeWebViewLayout.kt,0.009871430229037014,286.0,9.0,5.0,2.0,0.010068892421833599,0,MAJOR,MAJOR:2
187,AnkiDroid/src/main/java/com/ichi2/utils/LanguageUtil.kt,0.009861355204061707,606.0,13.0,6.0,0.0,0.010068892421833599,0,NONE,
188,AnkiDroid/src/main/java/com/ichi2/anki/pages/PostRequestHandler.kt,0.009817574126430244,443.0,21.0,5.0,1.0,0.010068892421833599,0,MAJOR,MAJOR:1
189,AnkiDroid/src/main/java/com/ichi2/anki/multiprofile/ProfileManager.kt,0.009736209809565048,438.0,6.0,1.0,1.0,0.010068892421833599,0,MAJOR,MAJOR:1
190,AnkiDroid/src/main/java/com/ichi2/utils/AdaptionUtil.kt,0.009713739107794276,116.0,9.0,3.0,3.0,0.010068892421833599,0,MAJOR,MAJOR:3
191,AnkiDroid/src/main/java/com/ichi2/anki/dialogs/help/HelpDialog.kt,0.009682353706958276,595.0,11.0,6.0,0.0,0.010068892421833599,0,NONE,
192,AnkiDroid/src/androidTest/java/com/ichi2/anki/ReviewerTest.kt,0.009633535116839159,592.0,16.0,6.0,0.0,0.010068892421833599,0,NONE,
193,AnkiDroid/src/main/java/com/ichi2/anki/SingleFragmentActivity.kt,0.009627337278441426,271.0,27.0,6.0,2.0,0.010068892421833599,0,MAJOR,"MAJOR:1, INFO:1"
194,AnkiDroid/src/main/java/com/ichi2/anki/filtered/FilteredDeckOptionsViewModel.kt,0.009622299765953773,431.0,6.0,1.0,1.0,0.010068892421833599,0,MINOR,MINOR:1
195,AnkiDroid/src/main/res/values-fa/02-strings.xml,0.00960098939009308,590.0,83.0,1.0,0.0,0.010068892421833599,0,NONE,
196,AnkiDroid/src/main/java/com/ichi2/anki/snackbar/Snackbars.kt,0.009583556200809962,108.0,6.0,3.0,3.0,0.010068892421833599,0,CRITICAL,"MAJOR:2, CRITICAL:1"
197,AnkiDroid/src/test/java/com/ichi2/libanki/SchedulerTest.kt,0.009552170799973964,587.0,19.0,5.0,0.0,0.010068892421833599,0,NONE,
198,AnkiDroid/src/main/res/values-pl/02-strings.xml,0.009535897936600925,586.0,78.0,1.0,0.0,0.010068892421833599,0,NONE,
199,AnkiDroid/src/main/java/com/ichi2/anki/previewer/CardViewerFragment.kt,0.00943826075636269,580.0,30.0,7.0,0.0,0.010068892421833599,0,NONE,
200,AnkiDroid/src/main/java/com/ichi2/anki/preferences/AppearanceSettingsFragment.kt,0.009345661088612109,414.0,17.0,6.0,1.0,0.010068892421833599,0,CRITICAL,CRITICAL:1
201,tools/localization/package.json,0.009291804986005337,571.0,42.0,4.0,0.0,0.010068892421833599,0,NONE,
202,AnkiDroid/src/main/java/com/ichi2/anki/ui/windows/reviewer/whiteboard/WhiteboardViewModel.kt,0.009275532122632298,570.0,5.0,3.0,0.0,0.010068892421833599,0,NONE,
203,AnkiDroid/src/main/res/values-fr/02-strings.xml,0.00922671353251318,567.0,81.0,1.0,0.0,0.010068892421833599,0,NONE,
204,AnkiDroid/src/main/res/values-et/02-strings.xml,0.009210440669140141,566.0,69.0,1.0,0.0,0.010068892421833599,0,NONE,
205,AnkiDroid/src/main/java/com/ichi2/anki/browser/FindAndReplaceDialogFragment.kt,0.009199205318254756,405.0,7.0,3.0,1.0,0.010068892421833599,0,INFO,INFO:1
206,AnkiDroid/src/main/res/values-iw/03-dialogs.xml,0.009161622079021025,563.0,53.0,1.0,0.0,0.010068892421833599,0,NONE,
207,AnkiDroid/src/main/res/values-pl/10-preferences.xml,0.009101568138016521,399.0,48.0,1.0,1.0,0.010068892421833599,0,INFO,INFO:1
208,AnkiDroid/src/main/java/com/ichi2/preferences/ControlPreference.kt,0.009096530625528869,559.0,14.0,5.0,0.0,0.010068892421833599,0,NONE,
209,AnkiDroid/src/main/res/values-de/02-strings.xml,0.009096530625528869,559.0,83.0,1.0,0.0,0.010068892421833599,0,NONE,
210,AnkiDroid/src/test/java/com/ichi2/anki/dialogs/ChangeNoteTypeViewModelTest.kt,0.00906398489878279,557.0,1.0,1.0,0.0,0.010068892421833599,0,NONE,
211,AnkiDroid/src/test/java/com/ichi2/anki/dialogs/tags/TagsDialogTest.kt,0.009015166308663673,554.0,17.0,5.0,0.0,0.010068892421833599,0,NONE,
212,AnkiDroid/src/main/res/values-uz/03-dialogs.xml,0.008982620581917594,552.0,51.0,1.0,0.0,0.010068892421833599,0,NONE,
213,AnkiDroid/src/main/res/values-fi/02-strings.xml,0.008933801991798477,549.0,73.0,1.0,0.0,0.010068892421833599,0,NONE,
214,AnkiDroid/src/main/res/xml/preferences_controls.xml,0.008933801991798477,549.0,13.0,4.0,0.0,0.010068892421833599,0,NONE,
215,AnkiDroid/src/main/res/values-ru/02-strings.xml,0.008884983401679359,546.0,79.0,1.0,0.0,0.010068892421833599,0,NONE,
216,AnkiDroid/src/main/res/values-cs/02-strings.xml,0.00885243767493328,544.0,88.0,1.0,0.0,0.010068892421833599,0,NONE,
217,AnkiDroid/src/main/res/values-el/02-strings.xml,0.008819891948187202,542.0,73.0,1.0,0.0,0.010068892421833599,0,NONE,
218,AnkiDroid/src/main/res/values-mr/02-strings.xml,0.008819891948187202,542.0,71.0,1.0,0.0,0.010068892421833599,0,NONE,
219,AnkiDroid/src/main/res/values-uk/02-strings.xml,0.008803619084814165,541.0,79.0,1.0,0.0,0.010068892421833599,0,NONE,
220,buildSrc/src/main/kotlin/com/ichi2/anki/gradle/GitHubActionsTestListener.kt,0.008786185895531045,59.0,1.0,1.0,3.0,0.010068892421833599,0,CRITICAL,CRITICAL:3
221,AnkiDroid/src/main/java/com/ichi2/anki/dialogs/SyncErrorDialog.kt,0.008771073358068086,539.0,17.0,6.0,0.0,0.010068892421833599,0,NONE,
222,AnkiDroid/src/main/java/com/ichi2/anki/dialogs/SavedBrowserSearchesDialogFragment.kt,0.0087598380071827,378.0,11.0,3.0,1.0,0.010068892421833599,0,INFO,INFO:1
223,AnkiDroid/src/main/java/com/ichi2/anki/AnkiFragment.kt,0.008754800494695047,538.0,14.0,5.0,0.0,0.010068892421833599,0,NONE,
224,AnkiDroid/src/main/java/com/ichi2/utils/Permissions.kt,0.008716056929551236,215.0,14.0,7.0,2.0,0.010068892421833599,0,INFO,INFO:2
225,AnkiDroid/src/main/java/com/ichi2/libanki/sched/Scheduler.kt,0.00868970904120289,534.0,27.0,10.0,0.0,0.010068892421833599,0,NONE,
226,AnkiDroid/src/main/res/values-is/02-strings.xml,0.00868970904120289,534.0,42.0,2.0,0.0,0.010068892421833599,0,NONE,
227,AnkiDroid/src/main/java/com/ichi2/anki/multimediacard/activity/MultimediaEditFieldActivity.kt,0.008640890451083773,531.0,4.0,3.0,0.0,0.010068892421833599,0,NONE,
228,AnkiDroid/src/main/res/values-gl/03-dialogs.xml,0.008608344724337694,529.0,61.0,1.0,0.0,0.010068892421833599,0,NONE,
229,AnkiDroid/src/main/res/values-gu/03-dialogs.xml,0.008608344724337694,529.0,48.0,1.0,0.0,0.010068892421833599,0,NONE,
230,AnkiDroid/src/main/res/values-es-rES/02-strings.xml,0.008575798997591616,527.0,78.0,1.0,0.0,0.010068892421833599,0,NONE,
231,AnkiDroid/src/main/res/values-jv/02-strings.xml,0.008559526134218577,526.0,42.0,2.0,0.0,0.010068892421833599,0,NONE,
232,AnkiDroid/src/main/java/com/ichi2/anki/jsaddons/TgzPackageExtract.kt,0.008553328295820846,205.0,10.0,5.0,2.0,0.010068892421833599,0,MAJOR,"MAJOR:1, INFO:1"
233,AnkiDroid/src/main/java/com/ichi2/anki/preferences/ControlsSettingsFragment.kt,0.008548290783333192,365.0,27.0,9.0,1.0,0.010068892421833599,0,INFO,INFO:1
234,AnkiDroid/src/main/res/values-pt-rPT/10-preferences.xml,0.008548290783333192,365.0,55.0,1.0,1.0,0.010068892421833599,0,INFO,INFO:1
235,AnkiDroid/src/main/res/values-hr/03-dialogs.xml,0.008543253270845538,525.0,44.0,1.0,0.0,0.010068892421833599,0,NONE,
236,AnkiDroid/src/main/java/com/ichi2/audio/AudioRecordingController.kt,0.008526980407472498,524.0,9.0,5.0,0.0,0.010068892421833599,0,NONE,
237,AnkiDroid/src/main/res/values-iw/01-core.xml,0.008526980407472498,524.0,35.0,1.0,0.0,0.010068892421833599,0,NONE,
238,AnkiDroid/src/main/java/com/ichi2/anki/pages/RemoveAccountFragment.kt,0.008515745056587113,363.0,8.0,3.0,1.0,0.010068892421833599,0,INFO,INFO:1
239,AnkiDroid/src/main/res/values-eo/01-core.xml,0.00851070754409946,523.0,45.0,1.0,0.0,0.010068892421833599,0,NONE,
240,AnkiDroid/src/main/java/com/ichi2/anki/preferences/reviewer/ViewerAction.kt,0.008483199329841035,361.0,26.0,5.0,1.0,0.010068892421833599,0,MAJOR,MAJOR:1
241,AnkiDroid/src/main/res/values-es-rAR/02-strings.xml,0.008445616090607302,519.0,77.0,1.0,0.0,0.010068892421833599,0,NONE,
242,AnkiDroid/src/main/res/values-heb/02-strings.xml,0.008445616090607302,519.0,77.0,1.0,0.0,0.010068892421833599,0,NONE,
243,AnkiDroid/src/test/java/com/ichi2/anki/services/AlarmManagerServiceTest.kt,0.008429343227234265,518.0,4.0,1.0,0.0,0.010068892421833599,0,NONE,
244,AnkiDroid/src/main/res/values-lv/03-dialogs.xml,0.008380524637115147,515.0,51.0,1.0,0.0,0.010068892421833599,0,NONE,
245,AnkiDroid/src/main/res/values-ss/02-strings.xml,0.008347978910369069,513.0,39.0,2.0,0.0,0.010068892421833599,0,NONE,
246,AnkiDroid/src/main/res/values-sw/02-strings.xml,0.008347978910369069,513.0,39.0,2.0,0.0,0.010068892421833599,0,NONE,
247,api/src/main/java/com/ichi2/anki/api/NoteInfo.kt,0.00834681858445899,32.0,2.0,2.0,3.0,0.010068892421833599,0,MINOR,MINOR:3
248,AnkiDroid/src/main/res/values-tg/02-strings.xml,0.008299160320249951,510.0,38.0,2.0,0.0,0.010068892421833599,0,NONE,
249,AnkiDroid/src/main/res/values-ar/03-dialogs.xml,0.008234068866757795,506.0,57.0,1.0,0.0,0.010068892421833599,0,NONE,
250,AnkiDroid/src/main/res/values-ja/02-strings.xml,0.008234068866757795,506.0,91.0,1.0,0.0,0.010068892421833599,0,NONE,
251,AnkiDroid/src/main/res/values-ta/03-dialogs.xml,0.008234068866757795,506.0,47.0,1.0,0.0,0.010068892421833599,0,NONE,
252,AnkiDroid/src/main/res/values-sat/02-strings.xml,0.008217796003384755,505.0,70.0,1.0,0.0,0.010068892421833599,0,NONE,
253,AnkiDroid/src/main/java/com/ichi2/widget/deckpicker/DeckPickerWidget.kt,0.008174014925753292,342.0,20.0,7.0,1.0,0.010068892421833599,0,INFO,INFO:1
254,AnkiDroid/src/main/res/values-sat/10-preferences.xml,0.008157742062380253,341.0,40.0,1.0,1.0,0.010068892421833599,0,INFO,INFO:1
255,AnkiDroid/src/main/res/values-pt-rBR/02-strings.xml,0.00813643168651956,500.0,85.0,1.0,0.0,0.010068892421833599,0,NONE,
256,AnkiDroid/src/main/res/values-el/10-preferences.xml,0.008060104882142018,335.0,45.0,1.0,1.0,0.010068892421833599,0,INFO,INFO:1
257,AnkiDroid/src/main/java/com/ichi2/imagecropper/ImageCropper.kt,0.008038794506281326,494.0,8.0,5.0,0.0,0.010068892421833599,0,NONE,
258,AnkiDroid/src/main/java/com/ichi2/anki/noteeditor/NoteEditorLauncher.kt,0.008022521642908287,493.0,16.0,6.0,0.0,0.010068892421833599,0,NONE,
259,AnkiDroid/src/main/res/values-pa/03-dialogs.xml,0.008006248779535248,492.0,47.0,1.0,0.0,0.010068892421833599,0,NONE,
260,build.gradle.kts,0.00797370305278917,490.0,34.0,8.0,0.0,0.010068892421833599,0,NONE,
261,AnkiDroid/src/main/java/com/ichi2/anki/services/BootService.kt,0.007967505214391437,169.0,18.0,7.0,2.0,0.010068892421833599,0,MAJOR,"MAJOR:1, INFO:1"
262,AnkiDroid/src/main/java/com/ichi2/widget/DeckPickerWidgetConfig.kt,0.00795743018941613,489.0,1.0,1.0,0.0,0.010068892421833599,0,NONE,
263,AnkiDroid/src/main/java/com/ichi2/anki/reviewreminders/AddEditReminderDialog.kt,0.007924884462670052,487.0,8.0,4.0,0.0,0.010068892421833599,0,NONE,
264,AnkiDroid/src/main/res/values-is/10-preferences.xml,0.007924884462670052,487.0,34.0,2.0,0.0,0.010068892421833599,0,NONE,
265,AnkiDroid/src/main/res/values-nl/02-strings.xml,0.007908611599297012,486.0,76.0,1.0,0.0,0.010068892421833599,0,NONE,
266,AnkiDroid/src/main/res/values-ur/03-dialogs.xml,0.007908611599297012,486.0,42.0,1.0,0.0,0.010068892421833599,0,NONE,
267,AnkiDroid/src/main/res/values-tn/02-strings.xml,0.007876065872550934,484.0,36.0,2.0,0.0,0.010068892421833599,0,NONE,
268,AnkiDroid/src/main/res/values-ts/02-strings.xml,0.007876065872550934,484.0,36.0,2.0,0.0,0.010068892421833599,0,NONE,
269,AnkiDroid/src/main/res/values-ve/02-strings.xml,0.007876065872550934,484.0,36.0,2.0,0.0,0.010068892421833599,0,NONE,
270,AnkiDroid/src/main/res/values-xh/02-strings.xml,0.007876065872550934,484.0,36.0,2.0,0.0,0.010068892421833599,0,NONE,
271,AnkiDroid/src/main/res/values-zu/02-strings.xml,0.007876065872550934,484.0,36.0,2.0,0.0,0.010068892421833599,0,NONE,
272,AnkiDroid/src/main/java/com/ichi2/anki/pages/PageFragment.kt,0.007864830521665549,323.0,22.0,7.0,1.0,0.010068892421833599,0,CRITICAL,CRITICAL:1
273,AnkiDroid/src/main/res/values-jv/10-preferences.xml,0.007843520145804856,482.0,34.0,2.0,0.0,0.010068892421833599,0,NONE,
274,AnkiDroid/src/main/res/values-te/02-strings.xml,0.007778428692312699,478.0,76.0,1.0,0.0,0.010068892421833599,0,NONE,
275,AnkiDroid/src/main/res/values-zh-rCN/02-strings.xml,0.007778428692312699,478.0,97.0,1.0,0.0,0.010068892421833599,0,NONE,
276,AnkiDroid/src/main/res/values-wo/02-strings.xml,0.007745882965566621,476.0,36.0,2.0,0.0,0.010068892421833599,0,NONE,
277,AnkiDroid/src/main/res/values-yue/02-strings.xml,0.007745882965566621,476.0,36.0,2.0,0.0,0.010068892421833599,0,NONE,
278,AnkiDroid/src/main/res/values-ss/10-preferences.xml,0.007729610102193582,475.0,31.0,2.0,0.0,0.010068892421833599,0,NONE,
279,AnkiDroid/src/main/res/values-sw/10-preferences.xml,0.007729610102193582,475.0,31.0,2.0,0.0,0.010068892421833599,0,NONE,
280,AnkiDroid/src/test/java/com/ichi2/anki/ui/windows/reviewer/GestureParserTest.kt,0.007729610102193582,475.0,13.0,1.0,0.0,0.010068892421833599,0,NONE,
281,AnkiDroid/src/test/java/com/ichi2/anki/widget/cardanalysis/CardAnalysisWidgetConfigTest.kt,0.007729610102193582,475.0,10.0,4.0,0.0,0.010068892421833599,0,NONE,
282,AnkiDroid/src/main/res/values-be/10-preferences.xml,0.007702101887935157,313.0,50.0,1.0,1.0,0.010068892421833599,0,INFO,INFO:1
283,AnkiDroid/src/main/res/values-tg/10-preferences.xml,0.007697064375447504,473.0,30.0,2.0,0.0,0.010068892421833599,0,NONE,
284,AnkiDroid/src/main/java/com/ichi2/anki/dialogs/ImportFileSelectionFragment.kt,0.007690866537049772,152.0,14.0,7.0,2.0,0.010068892421833599,0,MAJOR,MAJOR:2
285,AnkiDroid/src/main/java/com/ichi2/anki/ui/windows/reviewer/whiteboard/ColorPickerDialog.kt,0.007690866537049772,152.0,4.0,3.0,2.0,0.010068892421833599,0,CRITICAL,"INFO:1, CRITICAL:1"
286,AnkiDroid/src/main/java/com/ichi2/anki/multimediacard/MediaPlayer.kt,0.007680791512074465,472.0,5.0,3.0,0.0,0.010068892421833599,0,NONE,
287,AnkiDroid/src/main/res/values-ml/02-strings.xml,0.007680791512074465,472.0,69.0,1.0,0.0,0.010068892421833599,0,NONE,
288,AnkiDroid/src/main/java/com/ichi2/anki/services/MigrationService.kt,0.007648245785328386,470.0,2.0,2.0,0.0,0.010068892421833599,0,NONE,
289,AnkiDroid/src/main/res/values-fil/02-strings.xml,0.007631972921955347,469.0,74.0,1.0,0.0,0.010068892421833599,0,NONE,
290,AnkiDroid/src/main/java/com/ichi2/anki/scheduling/SetDueDateViewModel.kt,0.007609502220184576,147.0,7.0,2.0,2.0,0.010068892421833599,0,MINOR,"MINOR:1, INFO:1"
291,AnkiDroid/src/main/res/values-hr/10-preferences.xml,0.007588191844323883,306.0,42.0,1.0,1.0,0.010068892421833599,0,INFO,INFO:1
292,AnkiDroid/src/test/java/com/ichi2/anki/browser/search/CardBrowserSearchViewModelTest.kt,0.007485517151597995,460.0,7.0,1.0,0.0,0.010068892421833599,0,NONE,
293,AnkiDroid/src/main/java/com/ichi2/anki/instantnoteeditor/EditorChips.kt,0.00747428180071261,299.0,7.0,2.0,1.0,0.010068892421833599,0,INFO,INFO:1
294,AnkiDroid/src/main/res/values-gl/01-core.xml,0.007469244288224956,459.0,43.0,1.0,0.0,0.010068892421833599,0,NONE,
295,AnkiDroid/src/main/res/values-it/02-strings.xml,0.007469244288224956,459.0,72.0,1.0,0.0,0.010068892421833599,0,NONE,
296,AnkiDroid/src/main/res/values-tn/10-preferences.xml,0.007452971424851917,458.0,28.0,2.0,0.0,0.010068892421833599,0,NONE,
297,AnkiDroid/src/main/res/values-ts/10-preferences.xml,0.007452971424851917,458.0,28.0,2.0,0.0,0.010068892421833599,0,NONE,
298,AnkiDroid/src/main/res/values-ve/10-preferences.xml,0.007452971424851917,458.0,28.0,2.0,0.0,0.010068892421833599,0,NONE,
299,AnkiDroid/src/main/res/values-xh/10-preferences.xml,0.007452971424851917,458.0,28.0,2.0,0.0,0.010068892421833599,0,NONE,
300,AnkiDroid/src/main/res/values-zu/10-preferences.xml,0.007452971424851917,458.0,28.0,2.0,0.0,0.010068892421833599,0,NONE,
301,AnkiDroid/src/main/java/com/ichi2/anki/dialogs/FieldSelectionDialog.kt,0.007430500723081146,136.0,1.0,1.0,2.0,0.010068892421833599,0,INFO,INFO:2
302,AnkiDroid/src/main/res/values-tr/02-strings.xml,0.007420425698105838,456.0,85.0,1.0,0.0,0.010068892421833599,0,NONE,
303,AnkiDroid/src/main/res/values-es-rAR/10-preferences.xml,0.007409190347220453,295.0,52.0,1.0,1.0,0.010068892421833599,0,INFO,INFO:1
304,AnkiDroid/src/main/res/values-wo/10-preferences.xml,0.007404152834732799,455.0,28.0,2.0,0.0,0.010068892421833599,0,NONE,
305,AnkiDroid/src/main/res/values-yue/10-preferences.xml,0.007404152834732799,455.0,28.0,2.0,0.0,0.010068892421833599,0,NONE,
306,AnkiDroid/src/main/java/com/ichi2/anki/browser/BrowserColumnSelectionFragment.kt,0.007392917483847414,294.0,6.0,1.0,1.0,0.010068892421833599,0,INFO,INFO:1
307,AnkiDroid/src/main/res/values-bg/02-strings.xml,0.007387879971359761,454.0,69.0,1.0,0.0,0.010068892421833599,0,NONE,
308,AnkiDroid/src/main/java/com/ichi2/anki/ModelFieldEditor.kt,0.007371607107986722,453.0,16.0,8.0,0.0,0.010068892421833599,0,NONE,
309,AnkiDroid/src/main/java/com/ichi2/ui/AppCompatPreferenceActivity.kt,0.007371607107986722,453.0,9.0,5.0,0.0,0.010068892421833599,0,NONE,
310,AnkiDroid/src/main/java/com/ichi2/anki/scheduling/ForgetCardsDialog.kt,0.007360371757101336,292.0,17.0,6.0,1.0,0.010068892421833599,0,INFO,INFO:1
311,AnkiDroid/src/main/res/values-uz/01-core.xml,0.0073553342446136824,452.0,41.0,1.0,0.0,0.010068892421833599,0,NONE,
312,AnkiDroid/src/main/res/values-de/10-preferences.xml,0.0073440988937282965,291.0,54.0,1.0,1.0,0.010068892421833599,0,INFO,INFO:1
313,AnkiDroid/src/main/res/values-nl/10-preferences.xml,0.0073440988937282965,291.0,45.0,1.0,1.0,0.010068892421833599,0,INFO,INFO:1
314,AnkiDroid/src/main/res/values-pt-rPT/02-strings.xml,0.007339061381240643,451.0,80.0,1.0,0.0,0.010068892421833599,0,NONE,
315,AnkiDroid/src/main/res/values-fi/10-preferences.xml,0.007311553166982218,289.0,45.0,1.0,1.0,0.010068892421833599,0,INFO,INFO:1
316,AnkiDroid/src/main/res/values-af/01-core.xml,0.007241424201002408,445.0,34.0,1.0,0.0,0.010068892421833599,0,NONE,
317,libanki/src/main/java/com/ichi2/anki/libanki/Media.kt,0.007186407772485559,121.0,9.0,1.0,2.0,0.010068892421833599,0,MAJOR,MAJOR:2
318,AnkiDroid/src/main/res/values-ja/10-preferences.xml,0.007181370259997906,281.0,69.0,1.0,1.0,0.010068892421833599,0,INFO,INFO:1
319,AnkiDroid/src/main/res/values-af/03-dialogs.xml,0.007176332747510252,441.0,45.0,1.0,0.0,0.010068892421833599,0,NONE,
320,AnkiDroid/src/main/java/com/ichi2/anki/utils/ext/BundleUtils.kt,0.0071701349091125195,120.0,4.0,1.0,2.0,0.010068892421833599,0,MAJOR,MAJOR:2
321,AnkiDroid/src/main/java/com/ichi2/anki/snackbar/SensibleSwipeDismissBehavior.kt,0.007153862045739481,119.0,4.0,2.0,2.0,0.010068892421833599,0,MAJOR,MAJOR:2
322,AnkiDroid/src/main/res/values-bn/03-dialogs.xml,0.007143787020764174,439.0,47.0,1.0,0.0,0.010068892421833599,0,NONE,
323,AnkiDroid/src/main/java/com/ichi2/anki/AndroidTtsPlayer.kt,0.0071162788065057495,277.0,7.0,3.0,1.0,0.010068892421833599,0,INFO,INFO:1
324,AnkiDroid/src/main/java/com/ichi2/anki/AcraCrashReporter.kt,0.007105043455620364,116.0,2.0,1.0,2.0,0.010068892421833599,0,MAJOR,MAJOR:2
325,AnkiDroid/src/main/java/com/ichi2/anki/multimedia/MultimediaFragment.kt,0.00710000594313271,276.0,18.0,5.0,1.0,0.010068892421833599,0,INFO,INFO:1
326,AnkiDroid/src/main/res/values-kn/10-preferences.xml,0.00710000594313271,276.0,46.0,1.0,1.0,0.010068892421833599,0,INFO,INFO:1
327,AnkiDroid/src/main/res/values-da/02-strings.xml,0.007094968430645056,436.0,68.0,1.0,0.0,0.010068892421833599,0,NONE,
328,AnkiDroid/src/main/res/values-fa/10-preferences.xml,0.007083733079759671,275.0,53.0,1.0,1.0,0.010068892421833599,0,INFO,INFO:1
329,AnkiDroid/src/test/java/com/ichi2/anki/instanteditor/InstantEditorViewModelTest.kt,0.007078695567272017,435.0,14.0,4.0,0.0,0.010068892421833599,0,NONE,
330,AnkiDroid/src/main/res/values-pt-rPT/03-dialogs.xml,0.007062422703898978,434.0,57.0,1.0,0.0,0.010068892421833599,0,NONE,
331,AnkiDroid/src/main/java/com/ichi2/anki/reviewreminders/ReviewReminder.kt,0.007046149840525939,433.0,14.0,2.0,0.0,0.010068892421833599,0,NONE,
332,AnkiDroid/src/main/java/com/ichi2/anki/android/back/ExitViaDoubleTapBackBackPressCallback.kt,0.007039952002128207,112.0,4.0,2.0,2.0,0.010068892421833599,0,MAJOR,"MAJOR:1, INFO:1"
333,AnkiDroid/src/main/java/com/ichi2/anki/mediacheck/MediaCheckFragment.kt,0.007029876977152899,432.0,9.0,3.0,0.0,0.010068892421833599,0,NONE,
334,AnkiDroid/src/main/res/values-az/02-strings.xml,0.007029876977152899,432.0,68.0,1.0,0.0,0.010068892421833599,0,NONE,
335,AnkiDroid/src/main/java/com/ichi2/anki/browser/BrowserRowCollection.kt,0.007023679138755168,111.0,4.0,1.0,2.0,0.010068892421833599,0,INFO,INFO:2
336,AnkiDroid/src/main/java/com/ichi2/anki/previewer/PreviewerFragment.kt,0.007013604113779861,431.0,29.0,9.0,0.0,0.010068892421833599,0,NONE,
337,AnkiDroid/src/main/java/com/ichi2/anki/tags/ManageTagsViewModel.kt,0.006997331250406822,430.0,4.0,1.0,0.0,0.010068892421833599,0,NONE,
338,AnkiDroid/src/main/res/values-fa/01-core.xml,0.006997331250406822,430.0,45.0,1.0,0.0,0.010068892421833599,0,NONE,
339,AnkiDroid/src/main/res/layout-sw720dp/reviewer2.xml,0.006981058387033783,429.0,8.0,1.0,0.0,0.010068892421833599,0,NONE,
340,AnkiDroid/src/main/java/com/ichi2/anki/export/ActivityExportingDelegate.kt,0.0069647855236607435,428.0,11.0,3.0,0.0,0.010068892421833599,0,NONE,
341,AnkiDroid/src/main/res/values-ind/02-strings.xml,0.0069647855236607435,428.0,70.0,1.0,0.0,0.010068892421833599,0,NONE,
342,AnkiDroid/src/main/java/com/ichi2/anki/reviewer/MappableBinding.kt,0.006932239796914665,426.0,19.0,5.0,0.0,0.010068892421833599,0,NONE,
343,AnkiDroid/src/main/java/com/ichi2/anki/reviewreminders/ReminderTroubleshootingViewModel.kt,0.006872185855910162,262.0,6.0,1.0,1.0,0.010068892421833599,0,INFO,INFO:1
344,AnkiDroid/src/main/res/layout/studyoptions_fragment.xml,0.006867148343422508,422.0,7.0,3.0,0.0,0.010068892421833599,0,NONE,
345,AnkiDroid/src/main/res/values-kn/02-strings.xml,0.006867148343422508,422.0,70.0,1.0,0.0,0.010068892421833599,0,NONE,
346,AnkiDroid/src/main/java/com/ichi2/anki/dialogs/IntegerDialog.kt,0.0068609505050247765,101.0,7.0,2.0,2.0,0.010068892421833599,0,INFO,INFO:2
347,AnkiDroid/src/main/res/values-cs/10-preferences.xml,0.006855912992537122,261.0,55.0,1.0,1.0,0.010068892421833599,0,INFO,INFO:1
348,AnkiDroid/src/main/res/values-zh-rCN/10-preferences.xml,0.006855912992537122,261.0,62.0,1.0,1.0,0.010068892421833599,0,INFO,INFO:1
349,AnkiDroid/src/main/res/layout/fragment_filtered_deck_options.xml,0.006850875480049469,421.0,5.0,1.0,0.0,0.010068892421833599,0,NONE,
350,AnkiDroid/src/main/java/com/ichi2/anki/backend/AnkiDroidDB.kt,0.006834602616676431,420.0,5.0,1.0,0.0,0.010068892421833599,0,NONE,
351,AnkiDroid/src/main/java/com/ichi2/libanki/DB.kt,0.006834602616676431,420.0,9.0,4.0,0.0,0.010068892421833599,0,NONE,
352,AnkiDroid/src/main/java/com/ichi2/anki/StudyOptionsActivity.kt,0.006823367265791046,259.0,21.0,6.0,1.0,0.010068892421833599,0,INFO,INFO:1
353,AnkiDroid/src/main/res/values-ru/10-preferences.xml,0.006823367265791046,259.0,50.0,1.0,1.0,0.010068892421833599,0,INFO,INFO:1
354,AnkiDroid/src/test/java/com/ichi2/anki/tags/FlattenTreeTest.kt,0.006818329753303392,419.0,2.0,1.0,0.0,0.010068892421833599,0,NONE,
355,AnkiDroid/src/main/java/com/ichi2/widget/deckpicker/DeckPickerWidgetConfig.kt,0.0068070944024180065,258.0,22.0,8.0,1.0,0.010068892421833599,0,MAJOR,MAJOR:1
356,AnkiDroid/src/main/res/values-ur/10-preferences.xml,0.006790821539044967,257.0,36.0,1.0,1.0,0.010068892421833599,0,INFO,INFO:1
357,AnkiDroid/src/main/assets/scripts/ankidroid.js,0.006769511163184274,416.0,20.0,3.0,0.0,0.010068892421833599,0,NONE,
358,AnkiDroid/src/main/res/values-ug/03-dialogs.xml,0.006769511163184274,416.0,30.0,1.0,0.0,0.010068892421833599,0,NONE,
359,AnkiDroid/src/main/java/com/ichi2/anki/mediacheck/MediaCheckViewModel.kt,0.006763313324786542,95.0,6.0,3.0,2.0,0.010068892421833599,0,INFO,INFO:2
360,AnkiDroid/src/main/java/com/ichi2/anki/Whiteboard.kt,0.006758275812298889,255.0,17.0,8.0,1.0,0.010068892421833599,0,CRITICAL,CRITICAL:1
361,AnkiDroid/src/main/res/values-fr/10-preferences.xml,0.006758275812298889,255.0,50.0,1.0,1.0,0.010068892421833599,0,INFO,INFO:1
362,AnkiDroid/src/main/res/values-heb/10-preferences.xml,0.006758275812298889,255.0,51.0,1.0,1.0,0.010068892421833599,0,INFO,INFO:1
363,AnkiDroid/src/main/res/values-gu/01-core.xml,0.006753238299811235,415.0,36.0,1.0,0.0,0.010068892421833599,0,NONE,
364,AnkiDroid/src/main/res/values-sq/03-dialogs.xml,0.006736965436438196,414.0,43.0,1.0,0.0,0.010068892421833599,0,NONE,
365,AnkiDroid/src/main/java/com/ichi2/libanki/Card.kt,0.006720692573065156,413.0,28.0,8.0,0.0,0.010068892421833599,0,NONE,
366,AnkiDroid/src/main/res/values-es-rES/10-preferences.xml,0.006693184358806732,251.0,51.0,1.0,1.0,0.010068892421833599,0,INFO,INFO:1
367,AnkiDroid/src/main/res/values-te/10-preferences.xml,0.006693184358806732,251.0,46.0,1.0,1.0,0.010068892421833599,0,INFO,INFO:1
368,AnkiDroid/src/main/res/values-uk/10-preferences.xml,0.006660638632060654,249.0,50.0,1.0,1.0,0.010068892421833599,0,INFO,INFO:1
369,AnkiDroid/src/main/java/com/ichi2/libanki/Decks.kt,0.006639328256199961,408.0,15.0,8.0,0.0,0.010068892421833599,0,NONE,
370,AnkiDroid/src/main/res/values-km/10-preferences.xml,0.006595547178568497,245.0,42.0,1.0,1.0,0.010068892421833599,0,INFO,INFO:1
371,AnkiDroid/src/main/res/values-be/01-core.xml,0.006590509666080844,405.0,43.0,1.0,0.0,0.010068892421833599,0,NONE,
372,AnkiDroid/src/main/res/values-pt-rBR/10-preferences.xml,0.006563001451822419,243.0,57.0,1.0,1.0,0.010068892421833599,0,INFO,INFO:1
373,AnkiDroid/src/androidTest/java/com/ichi2/anki/ReviewerFragmentTest.kt,0.006557963939334765,403.0,18.0,6.0,0.0,0.010068892421833599,0,NONE,
374,AnkiDroid/src/test/java/com/ichi2/anki/tags/ManageTagsViewModelTest.kt,0.006557963939334765,403.0,2.0,1.0,0.0,0.010068892421833599,0,NONE,
375,AnkiDroid/src/main/java/com/ichi2/utils/WebViewUtils.kt,0.00653045572507634,241.0,10.0,7.0,1.0,0.010068892421833599,0,INFO,INFO:1
376,AnkiDroid/src/main/res/values-sc/10-preferences.xml,0.00653045572507634,241.0,39.0,1.0,1.0,0.010068892421833599,0,INFO,INFO:1
377,AnkiDroid/src/main/java/com/ichi2/anki/previewer/PreviewerViewModel.kt,0.006525418212588687,401.0,36.0,7.0,0.0,0.010068892421833599,0,NONE,
378,AnkiDroid/src/main/res/values-pa/01-core.xml,0.006525418212588687,401.0,31.0,1.0,0.0,0.010068892421833599,0,NONE,
379,AnkiDroid/src/main/res/values-zh-rTW/02-strings.xml,0.006525418212588687,401.0,67.0,1.0,0.0,0.010068892421833599,0,NONE,
380,AnkiDroid/src/test/java/com/ichi2/anki/TranslationTest.kt,0.006525418212588687,401.0,2.0,2.0,0.0,0.010068892421833599,0,NONE,
381,AnkiDroid/src/main/res/values-km/02-strings.xml,0.006509145349215648,400.0,67.0,1.0,0.0,0.010068892421833599,0,NONE,
382,AnkiDroid/src/main/res/values-ca/02-strings.xml,0.006476599622469569,398.0,69.0,1.0,0.0,0.010068892421833599,0,NONE,
383,AnkiDroid/src/main/java/com/ichi2/anki/previewer/TemplatePreviewerFragment.kt,0.006460326759096531,397.0,26.0,7.0,0.0,0.010068892421833599,0,NONE,
384,AnkiDroid/src/main/java/com/ichi2/anki/pages/CongratsPage.kt,0.006444053895723492,396.0,28.0,7.0,0.0,0.010068892421833599,0,NONE,
385,AnkiDroid/src/main/java/com/ichi2/anki/services/AlarmManagerService.kt,0.006427781032350453,395.0,5.0,2.0,0.0,0.010068892421833599,0,NONE,
386,AnkiDroid/src/main/res/values-fil/01-core.xml,0.006427781032350453,395.0,33.0,1.0,0.0,0.010068892421833599,0,NONE,
387,AnkiDroid/src/main/java/com/ichi2/anki/multimedia/SoundUtils.kt,0.00636772709134595,231.0,4.0,1.0,1.0,0.010068892421833599,0,INFO,INFO:1
388,AnkiDroid/src/main/java/com/ichi2/anki/notetype/AddNewNotesType.kt,0.006362689578858296,391.0,18.0,8.0,0.0,0.010068892421833599,0,NONE,
389,AnkiDroid/src/main/res/values-be/03-dialogs.xml,0.006362689578858296,391.0,56.0,1.0,0.0,0.010068892421833599,0,NONE,
390,AnkiDroid/src/main/java/com/ichi2/anki/multimedia/MultimediaActivity.kt,0.006351454227972911,230.0,12.0,3.0,1.0,0.010068892421833599,0,INFO,INFO:1
391,AnkiDroid/src/main/java/com/ichi2/anki/FieldEditText.kt,0.006335181364599872,229.0,11.0,6.0,1.0,0.010068892421833599,0,MAJOR,MAJOR:1
392,AnkiDroid/src/main/res/values-lt/03-dialogs.xml,0.0063301438521122175,389.0,44.0,1.0,0.0,0.010068892421833599,0,NONE,
393,AnkiDroid/src/main/res/layout/activity_audio_recording_reviewer.xml,0.006318908501226832,228.0,3.0,3.0,1.0,0.010068892421833599,0,INFO,INFO:1
394,AnkiDroid/src/main/java/com/ichi2/anki/CrashReportService.kt,0.006313870988739178,388.0,18.0,6.0,0.0,0.010068892421833599,0,NONE,
395,AnkiDroid/src/main/res/values-hi/02-strings.xml,0.006297598125366139,387.0,72.0,1.0,0.0,0.010068892421833599,0,NONE,
396,AnkiDroid/src/main/res/values-or/02-strings.xml,0.0062813252619931,386.0,70.0,1.0,0.0,0.010068892421833599,0,NONE,
397,AnkiDroid/src/test/java/com/ichi2/anki/RobolectricTest.kt,0.006248779535247022,384.0,39.0,8.0,0.0,0.010068892421833599,0,NONE,
398,AnkiDroid/src/main/res/values-sq/02-strings.xml,0.006199960945127905,381.0,64.0,1.0,0.0,0.010068892421833599,0,NONE,
399,AnkiDroid/src/main/java/com/ichi2/anki/preferences/SyncSettingsFragment.kt,0.006193763106730173,60.0,10.0,3.0,2.0,0.010068892421833599,0,INFO,INFO:2
400,AnkiDroid/src/main/java/com/ichi2/anki/dialogs/tags/TagsArrayAdapter.kt,0.006123634140750362,216.0,15.0,7.0,1.0,0.010068892421833599,0,CRITICAL,CRITICAL:1
401,AnkiDroid/src/main/assets/scripts/ankidroid-reviewer.js,0.006096125926491938,54.0,4.0,1.0,2.0,0.010068892421833599,0,MAJOR,"MINOR:1, MAJOR:1"
402,AnkiDroid/src/main/res/values-lv/01-core.xml,0.006086050901516631,374.0,30.0,1.0,0.0,0.010068892421833599,0,NONE,
403,AnkiDroid/src/main/res/values-pl/03-dialogs.xml,0.006086050901516631,374.0,54.0,1.0,0.0,0.010068892421833599,0,NONE,
404,AnkiDroid/src/test/java/com/ichi2/libanki/ModelTest.kt,0.006069778038143592,373.0,10.0,4.0,0.0,0.010068892421833599,0,NONE,
405,api/src/main/java/com/ichi2/anki/api/AddContentApi.kt,0.0060635801997458594,52.0,5.0,4.0,2.0,0.010068892421833599,0,CRITICAL,"MAJOR:1, CRITICAL:1"
406,AnkiDroid/src/main/res/values-sq/01-core.xml,0.006037232311397514,371.0,27.0,1.0,0.0,0.010068892421833599,0,NONE,
407,api/src/main/java/com/ichi2/anki/FlashCardsContract.kt,0.006004686584651435,369.0,9.0,7.0,0.0,0.010068892421833599,0,NONE,
408,AnkiDroid/src/main/res/values-tr/10-preferences.xml,0.00599345123376605,208.0,56.0,1.0,1.0,0.010068892421833599,0,INFO,INFO:1
409,AnkiDroid/src/main/java/com/ichi2/anki/InitialActivity.kt,0.005988413721278396,368.0,22.0,11.0,0.0,0.010068892421833599,0,NONE,
410,AnkiDroid/src/main/res/values-sk/10-preferences.xml,0.005977178370393011,207.0,39.0,1.0,1.0,0.010068892421833599,0,INFO,INFO:1
411,libanki/src/main/java/com/ichi2/anki/libanki/LibAnki.kt,0.005949670156134586,45.0,1.0,1.0,2.0,0.010068892421833599,0,INFO,INFO:2
412,AnkiDroid/src/main/res/values-nn/01-core.xml,0.0059395951311592785,365.0,32.0,1.0,0.0,0.010068892421833599,0,NONE,
413,AnkiDroid/src/main/res/values-zh-rTW/01-core.xml,0.0059395951311592785,365.0,33.0,1.0,0.0,0.010068892421833599,0,NONE,
414,AnkiDroid/src/main/java/com/ichi2/anki/reviewer/AutomaticAnswer.kt,0.0059283597802738935,204.0,15.0,5.0,1.0,0.010068892421833599,0,INFO,INFO:1
415,AnkiDroid/src/main/res/values-fil/03-dialogs.xml,0.005923322267786239,364.0,49.0,1.0,0.0,0.010068892421833599,0,NONE,
416,AnkiDroid/src/main/java/com/ichi2/anki/ui/windows/reviewer/audiorecord/CheckPronunciationFragment.kt,0.005912086916900854,203.0,5.0,2.0,1.0,0.010068892421833599,0,MAJOR,MAJOR:1
417,AnkiDroid/src/main/java/com/ichi2/anki/Flag.kt,0.005874503677667123,361.0,17.0,8.0,0.0,0.010068892421833599,0,NONE,
418,AnkiDroid/src/main/java/com/ichi2/anki/account/LoginFragment.kt,0.005874503677667123,361.0,8.0,4.0,0.0,0.010068892421833599,0,NONE,
419,AnkiDroid/src/main/res/values-ro/02-strings.xml,0.005874503677667123,361.0,64.0,1.0,0.0,0.010068892421833599,0,NONE,
420,libanki/src/main/java/com/ichi2/anki/libanki/Note.kt,0.005868305839269391,40.0,3.0,1.0,2.0,0.010068892421833599,0,MAJOR,"MAJOR:1, INFO:1"
421,libanki/src/main/java/com/ichi2/anki/libanki/Utils.kt,0.005868305839269391,40.0,4.0,3.0,2.0,0.010068892421833599,0,INFO,INFO:2
422,AnkiDroid/src/main/res/values-eo/03-dialogs.xml,0.005841957950921044,359.0,63.0,1.0,0.0,0.010068892421833599,0,NONE,
423,AnkiDroid/src/main/res/values-is/03-dialogs.xml,0.005841957950921044,359.0,29.0,2.0,0.0,0.010068892421833599,0,NONE,
424,AnkiDroid/src/test/java/com/ichi2/anki/servicelayer/scopedstorage/ScopedStorageMigrationIntegrationTest.kt,0.005841957950921044,359.0,2.0,2.0,0.0,0.010068892421833599,0,NONE,
425,AnkiDroid/src/main/java/com/ichi2/anki/TtsParser.kt,0.0058357601125233124,38.0,4.0,2.0,2.0,0.010068892421833599,0,MAJOR,MAJOR:2
426,AnkiDroid/src/main/java/com/ichi2/anki/dialogs/SaveBrowserSearchDialogFragment.kt,0.005830722600035658,198.0,5.0,2.0,1.0,0.010068892421833599,0,INFO,INFO:1
427,AnkiDroid/src/main/res/values-ko/01-core.xml,0.005825685087548005,358.0,35.0,1.0,0.0,0.010068892421833599,0,NONE,
428,api/src/main/java/com/ichi2/anki/api/Utils.kt,0.005819487249150273,37.0,3.0,3.0,2.0,0.010068892421833599,0,MINOR,"MINOR:1, INFO:1"
429,AnkiDroid/src/main/java/com/ichi2/anki/dialogs/GradeNowDialog.kt,0.005814449736662619,197.0,8.0,4.0,1.0,0.010068892421833599,0,INFO,INFO:1
430,AnkiDroid/src/main/res/values-et/03-dialogs.xml,0.005809412224174966,357.0,46.0,1.0,0.0,0.010068892421833599,0,NONE,
431,AnkiDroid/src/main/res/values-sc/02-strings.xml,0.005809412224174966,357.0,66.0,1.0,0.0,0.010068892421833599,0,NONE,
432,AnkiDroid/src/main/res/values-uk/03-dialogs.xml,0.005793139360801927,356.0,49.0,1.0,0.0,0.010068892421833599,0,NONE,
433,AnkiDroid/src/test/java/com/ichi2/anki/servicelayer/scopedstorage/MoveFileTest.kt,0.005793139360801927,356.0,2.0,2.0,0.0,0.010068892421833599,0,NONE,
434,AnkiDroid/src/main/res/values-vi/10-preferences.xml,0.005781904009916541,195.0,39.0,1.0,1.0,0.010068892421833599,0,INFO,INFO:1
435,AnkiDroid/src/main/res/values-hi/10-preferences.xml,0.0057656311465435015,194.0,46.0,1.0,1.0,0.010068892421833599,0,INFO,INFO:1
436,AnkiDroid/src/main/res/values-is/01-core.xml,0.005760593634055848,354.0,20.0,2.0,0.0,0.010068892421833599,0,NONE,
437,AnkiDroid/src/main/java/com/ichi2/anki/model/SortType.kt,0.005749358283170462,193.0,10.0,2.0,1.0,0.010068892421833599,0,INFO,INFO:1
438,AnkiDroid/src/main/java/com/ichi2/anki/utils/ext/TabLayout.kt,0.005738122932285077,32.0,1.0,1.0,2.0,0.010068892421833599,0,CRITICAL,CRITICAL:2
439,AnkiDroid/src/main/java/com/ichi2/anki/previewer/CardViewerViewModel.kt,0.00572804790730977,352.0,26.0,3.0,0.0,0.010068892421833599,0,NONE,
440,AnkiDroid/src/main/java/com/ichi2/anki/ui/windows/reviewer/whiteboard/WhiteboardToolbar.kt,0.00572804790730977,352.0,3.0,2.0,0.0,0.010068892421833599,0,NONE,
441,AnkiDroid/src/main/res/values-nn/02-strings.xml,0.00572804790730977,352.0,68.0,1.0,0.0,0.010068892421833599,0,NONE,
442,AnkiDroid/src/main/res/values-ss/03-dialogs.xml,0.00572804790730977,352.0,27.0,2.0,0.0,0.010068892421833599,0,NONE,
443,AnkiDroid/src/main/res/values-sw/03-dialogs.xml,0.00572804790730977,352.0,27.0,2.0,0.0,0.010068892421833599,0,NONE,
444,AnkiDroid/src/main/res/values-tg/01-core.xml,0.00572804790730977,352.0,20.0,2.0,0.0,0.010068892421833599,0,NONE,
445,AnkiDroid/src/main/res/values-th/02-strings.xml,0.00572804790730977,352.0,62.0,1.0,0.0,0.010068892421833599,0,NONE,
446,AnkiDroid/src/main/res/values-vi/02-strings.xml,0.00572804790730977,352.0,66.0,1.0,0.0,0.010068892421833599,0,NONE,
447,AnkiDroid/src/main/java/com/ichi2/anki/dialogs/customstudy/IncludedExcludedTagsAdapter.kt,0.005716812556424385,191.0,4.0,2.0,1.0,0.010068892421833599,0,INFO,INFO:1
448,AnkiDroid/src/main/res/values-tg/03-dialogs.xml,0.0057117750439367315,351.0,26.0,2.0,0.0,0.010068892421833599,0,NONE,
449,lint-rules/src/main/java/com/ichi2/anki/lint/rules/LayoutPrefixDetector.kt,0.0057117750439367315,351.0,8.0,2.0,0.0,0.010068892421833599,0,NONE,
450,tools/crashes-data-mining/etl.ktr,0.0057117750439367315,351.0,1.0,1.0,0.0,0.010068892421833599,0,NONE,
451,AnkiDroid/src/main/res/values-ckb/02-strings.xml,0.005695502180563692,350.0,69.0,1.0,0.0,0.010068892421833599,0,NONE,
452,AnkiDroid/src/main/res/values-ss/01-core.xml,0.005695502180563692,350.0,19.0,2.0,0.0,0.010068892421833599,0,NONE,
453,AnkiDroid/src/main/res/values-sw/01-core.xml,0.005695502180563692,350.0,19.0,2.0,0.0,0.010068892421833599,0,NONE,
454,AnkiDroid/src/main/res/values-or/10-preferences.xml,0.005684266829678306,189.0,44.0,1.0,1.0,0.010068892421833599,0,INFO,INFO:1
455,AnkiDroid/src/main/res/values-zh-rTW/10-preferences.xml,0.005684266829678306,189.0,37.0,1.0,1.0,0.010068892421833599,0,INFO,INFO:1
456,AnkiDroid/src/main/res/values-ka/02-strings.xml,0.005679229317190653,349.0,72.0,1.0,0.0,0.010068892421833599,0,NONE,
457,AnkiDroid/src/main/java/com/ichi2/anki/multiprofile/ProfileContextWrapper.kt,0.005667993966305267,188.0,1.0,1.0,1.0,0.010068892421833599,0,MAJOR,MAJOR:1
458,AnkiDroid/src/main/java/com/ichi2/anki/Onboarding.kt,0.0056304107270715355,346.0,2.0,2.0,0.0,0.010068892421833599,0,NONE,
459,AnkiDroid/src/main/res/values-am/02-strings.xml,0.0056304107270715355,346.0,67.0,1.0,0.0,0.010068892421833599,0,NONE,
460,AnkiDroid/src/main/res/values-eu/02-strings.xml,0.0056304107270715355,346.0,67.0,1.0,0.0,0.010068892421833599,0,NONE,
461,AnkiDroid/src/main/res/values-fy/02-strings.xml,0.0056304107270715355,346.0,67.0,1.0,0.0,0.010068892421833599,0,NONE,
462,AnkiDroid/src/main/res/values-jv/01-core.xml,0.0056304107270715355,346.0,20.0,2.0,0.0,0.010068892421833599,0,NONE,
463,AnkiDroid/src/main/res/values-tn/01-core.xml,0.0056304107270715355,346.0,17.0,2.0,0.0,0.010068892421833599,0,NONE,
464,AnkiDroid/src/main/res/values-ts/01-core.xml,0.0056304107270715355,346.0,17.0,2.0,0.0,0.010068892421833599,0,NONE,
465,AnkiDroid/src/main/res/values-ve/01-core.xml,0.0056304107270715355,346.0,17.0,2.0,0.0,0.010068892421833599,0,NONE,
466,AnkiDroid/src/main/res/values-xh/01-core.xml,0.0056304107270715355,346.0,17.0,2.0,0.0,0.010068892421833599,0,NONE,
467,AnkiDroid/src/main/res/values-zu/01-core.xml,0.0056304107270715355,346.0,17.0,2.0,0.0,0.010068892421833599,0,NONE,
468,AnkiDroid/src/main/res/values-jv/03-dialogs.xml,0.005614137863698496,345.0,29.0,2.0,0.0,0.010068892421833599,0,NONE,
469,AnkiDroid/src/main/res/values-ko/03-dialogs.xml,0.005614137863698496,345.0,51.0,1.0,0.0,0.010068892421833599,0,NONE,
470,AnkiDroid/src/main/res/values-tn/03-dialogs.xml,0.005581592136952418,343.0,25.0,2.0,0.0,0.010068892421833599,0,NONE,
471,AnkiDroid/src/main/res/values-ts/03-dialogs.xml,0.005581592136952418,343.0,25.0,2.0,0.0,0.010068892421833599,0,NONE,
472,AnkiDroid/src/main/res/values-ve/03-dialogs.xml,0.005581592136952418,343.0,25.0,2.0,0.0,0.010068892421833599,0,NONE,
473,AnkiDroid/src/main/res/values-xh/03-dialogs.xml,0.005581592136952418,343.0,25.0,2.0,0.0,0.010068892421833599,0,NONE,
474,AnkiDroid/src/main/res/values-zu/03-dialogs.xml,0.005581592136952418,343.0,25.0,2.0,0.0,0.010068892421833599,0,NONE,
475,AnkiDroid/src/test/java/com/ichi2/anki/ReviewerTest.kt,0.005581592136952418,343.0,39.0,11.0,0.0,0.010068892421833599,0,NONE,
476,AnkiDroid/src/main/java/com/ichi2/preferences/SliderPreference.kt,0.005575394298554686,22.0,4.0,4.0,2.0,0.010068892421833599,0,CRITICAL,"MAJOR:1, CRITICAL:1"
477,AnkiDroid/src/main/java/com/ichi2/anki/services/ReminderService.kt,0.005565319273579379,342.0,8.0,3.0,0.0,0.010068892421833599,0,NONE,
478,AnkiDroid/src/main/java/com/ichi2/anki/browser/search/CardStateBottomSheetFragment.kt,0.005554083922693994,181.0,2.0,1.0,1.0,0.010068892421833599,0,INFO,INFO:1
479,AnkiDroid/src/main/java/com/ichi2/anki/preferences/DevOptionsFragment.kt,0.00554904641020634,341.0,30.0,8.0,0.0,0.010068892421833599,0,NONE,
480,AnkiDroid/src/main/res/values-th/01-core.xml,0.0055327735468333,340.0,29.0,1.0,0.0,0.010068892421833599,0,NONE,
481,AnkiDroid/src/main/res/xml/preferences_reviewer_controls.xml,0.0055327735468333,340.0,11.0,5.0,0.0,0.010068892421833599,0,NONE,
482,AnkiDroid/src/main/res/values-et/01-core.xml,0.005516500683460262,339.0,32.0,1.0,0.0,0.010068892421833599,0,NONE,
483,AnkiDroid/src/main/res/values-ru/03-dialogs.xml,0.005500227820087223,338.0,53.0,1.0,0.0,0.010068892421833599,0,NONE,
484,AnkiDroid/src/main/res/values-wo/01-core.xml,0.005500227820087223,338.0,17.0,2.0,0.0,0.010068892421833599,0,NONE,
485,AnkiDroid/src/main/res/values-yue/01-core.xml,0.005500227820087223,338.0,17.0,2.0,0.0,0.010068892421833599,0,NONE,
486,AnkiDroid/src/main/java/com/ichi2/anki/dialogs/DiscardChangesDialog.kt,0.005477757118316452,16.0,4.0,4.0,2.0,0.010068892421833599,0,MAJOR,"MAJOR:1, INFO:1"
487,AnkiDroid/src/main/res/values/10-preferences.xml,0.005472719605828798,176.0,51.0,14.0,1.0,0.010068892421833599,0,INFO,INFO:1
488,AnkiDroid/src/main/java/com/ichi2/anki/pages/viewmodel/ImageOcclusionViewModel.kt,0.0054676820933411445,336.0,7.0,2.0,0.0,0.010068892421833599,0,NONE,
489,AnkiDroid/src/main/java/com/ichi2/anki/servicelayer/ThrowableFilterService.kt,0.0054564467424557585,175.0,4.0,2.0,1.0,0.010068892421833599,0,MAJOR,MAJOR:1
490,AnkiDroid/src/main/res/values-am/10-preferences.xml,0.0054564467424557585,175.0,43.0,1.0,1.0,0.010068892421833599,0,INFO,INFO:1
491,AnkiDroid/src/main/res/values-ka/10-preferences.xml,0.0054564467424557585,175.0,47.0,1.0,1.0,0.010068892421833599,0,INFO,INFO:1
492,AnkiDroid/src/main/res/values-az/10-preferences.xml,0.00542390101570968,173.0,43.0,1.0,1.0,0.010068892421833599,0,INFO,INFO:1
493,AnkiDroid/src/main/res/values-it/10-preferences.xml,0.00542390101570968,173.0,42.0,1.0,1.0,0.010068892421833599,0,INFO,INFO:1
494,.github/workflows/codeql.yml,0.005418863503222027,333.0,9.0,4.0,0.0,0.010068892421833599,0,NONE,
495,AnkiDroid/src/main/res/values-ca/01-core.xml,0.005418863503222027,333.0,32.0,1.0,0.0,0.010068892421833599,0,NONE,
496,AnkiDroid/src/main/res/values-hu/02-strings.xml,0.005418863503222027,333.0,71.0,1.0,0.0,0.010068892421833599,0,NONE,
497,AnkiDroid/src/main/java/com/ichi2/anki/workarounds/ClosableDrawerLayout.kt,0.005412665664824295,12.0,2.0,2.0,2.0,0.010068892421833599,0,MAJOR,"MAJOR:1, INFO:1"
498,AnkiDroid/src/main/java/com/ichi2/anki/contextmenu/DeckPickerMenuContentProvider.kt,0.005407628152336641,172.0,4.0,2.0,1.0,0.010068892421833599,0,CRITICAL,CRITICAL:1
499,AnkiDroid/src/main/res/values-hu/10-preferences.xml,0.005407628152336641,172.0,44.0,1.0,1.0,0.010068892421833599,0,INFO,INFO:1
500,AnkiDroid/src/main/res/values-hy/10-preferences.xml,0.005391355288963602,171.0,43.0,1.0,1.0,0.010068892421833599,0,INFO,INFO:1
501,AnkiDroid/src/main/res/values-wo/03-dialogs.xml,0.0053863177764759485,331.0,25.0,2.0,0.0,0.010068892421833599,0,NONE,
502,AnkiDroid/src/main/res/values-yue/03-dialogs.xml,0.0053863177764759485,331.0,25.0,2.0,0.0,0.010068892421833599,0,NONE,
503,AnkiDroid/src/test/java/com/ichi2/anki/dialogs/CreateDeckDialogTest.kt,0.0053863177764759485,331.0,9.0,4.0,0.0,0.010068892421833599,0,NONE,
504,AnkiDroid/src/main/res/values-te/03-dialogs.xml,0.005370044913102909,330.0,49.0,1.0,0.0,0.010068892421833599,0,NONE,
505,AnkiDroid/src/main/res/xml/preferences_reviewer.xml,0.005370044913102909,330.0,28.0,1.0,0.0,0.010068892421833599,0,NONE,
506,AnkiDroid/src/main/java/com/ichi2/anki/previewer/PreviewerHelpers.kt,0.00535377204972987,329.0,19.0,5.0,0.0,0.010068892421833599,0,NONE,
507,AnkiDroid/src/main/java/com/ichi2/compat/CompatV24.kt,0.00535377204972987,329.0,9.0,3.0,0.0,0.010068892421833599,0,NONE,
508,AnkiDroid/src/main/res/values-de/01-core.xml,0.00535377204972987,329.0,43.0,1.0,0.0,0.010068892421833599,0,NONE,
509,AnkiDroid/src/main/res/values-ur/02-strings.xml,0.00535377204972987,329.0,62.0,1.0,0.0,0.010068892421833599,0,NONE,
510,AnkiDroid/src/main/java/com/ichi2/anki/preferences/reviewer/ReviewerMenuView.kt,0.005321226322983793,327.0,9.0,2.0,0.0,0.010068892421833599,0,NONE,
511,AnkiDroid/src/main/java/com/ichi2/preferences/ReviewerControlPreference.kt,0.005304953459610753,326.0,18.0,3.0,0.0,0.010068892421833599,0,NONE,
512,AnkiDroid/src/main/res/menu/reviewer2.xml,0.005304953459610753,326.0,11.0,1.0,0.0,0.010068892421833599,0,NONE,
513,AnkiDroid/src/main/java/com/ichi2/preferences/AutoFocusEditTextPreference.kt,0.005298755621213022,5.0,2.0,1.0,2.0,0.010068892421833599,0,MAJOR,"MAJOR:1, INFO:1"
514,AnkiDroid/src/main/java/com/ichi2/anki/NotificationChannels.kt,0.0052937181087253675,165.0,9.0,5.0,1.0,0.010068892421833599,0,INFO,INFO:1
515,AnkiDroid/src/main/res/values-hy/02-strings.xml,0.005272407732864675,324.0,68.0,1.0,0.0,0.010068892421833599,0,NONE,
516,AnkiDroid/src/test/java/com/ichi2/anki/browser/SearchHistoryTest.kt,0.005272407732864675,324.0,4.0,1.0,0.0,0.010068892421833599,0,NONE,
517,AnkiDroid/src/main/java/com/ichi2/libanki/NotetypeJson.kt,0.005256134869491636,323.0,18.0,6.0,0.0,0.010068892421833599,0,NONE,
518,AnkiDroid/src/main/res/values-el/01-core.xml,0.005256134869491636,323.0,32.0,1.0,0.0,0.010068892421833599,0,NONE,
519,AnkiDroid/src/main/res/values-pt-rBR/01-core.xml,0.005256134869491636,323.0,40.0,1.0,0.0,0.010068892421833599,0,NONE,
520,AnkiDroid/src/test/java/com/ichi2/anki/filtered/FilteredDeckOptionsViewModelTest.kt,0.005256134869491636,323.0,4.0,1.0,0.0,0.010068892421833599,0,NONE,
521,AnkiDroid/src/test/java/com/ichi2/anki/reviewreminders/ReminderTroubleshootingViewModelTest.kt,0.005256134869491636,323.0,6.0,1.0,0.0,0.010068892421833599,0,NONE,
522,common/android/src/main/java/com/ichi2/anki/common/crashreporting/CrashReportService.kt,0.005249937031093904,2.0,1.0,1.0,2.0,0.010068892421833599,0,INFO,INFO:2
523,AnkiDroid/src/main/res/values-pt-rBR/03-dialogs.xml,0.005239862006118597,322.0,55.0,1.0,0.0,0.010068892421833599,0,NONE,
524,AnkiDroid/src/main/res/values-sv/02-strings.xml,0.005239862006118597,322.0,67.0,1.0,0.0,0.010068892421833599,0,NONE,
525,AnkiDroid/src/main/java/com/ichi2/ui/AnimationUtil.kt,0.005233664167720865,1.0,1.0,1.0,2.0,0.010068892421833599,0,CRITICAL,CRITICAL:2
526,AnkiDroid/src/main/res/values-ml/01-core.xml,0.005223589142745557,321.0,32.0,1.0,0.0,0.010068892421833599,0,NONE,
527,AnkiDroid/src/main/res/layout/fragment_my_account.xml,0.005217391304347826,0.0,1.0,1.0,2.0,0.010068892421833599,0,INFO,INFO:2
528,AnkiDroid/src/main/res/values-es-rAR/01-core.xml,0.005207316279372518,320.0,38.0,1.0,0.0,0.010068892421833599,0,NONE,
529,AnkiDroid/src/main/java/com/ichi2/anki/dialogs/LocaleSelectionDialog.kt,0.005191043415999479,319.0,9.0,3.0,0.0,0.010068892421833599,0,NONE,
530,AnkiDroid/src/main/res/values-sk/02-strings.xml,0.005191043415999479,319.0,65.0,1.0,0.0,0.010068892421833599,0,NONE,
531,AnkiDroid/src/main/java/com/ichi2/anki/browser/CardBrowserColumn.kt,0.00517477055262644,318.0,15.0,2.0,0.0,0.010068892421833599,0,NONE,
532,AnkiDroid/src/main/res/values-es-rES/01-core.xml,0.00517477055262644,318.0,38.0,1.0,0.0,0.010068892421833599,0,NONE,
533,AnkiDroid/src/main/res/values-da/10-preferences.xml,0.005163535201741055,157.0,43.0,1.0,1.0,0.010068892421833599,0,INFO,INFO:1
534,AnkiDroid/src/main/res/values-bg/01-core.xml,0.005158497689253401,317.0,31.0,1.0,0.0,0.010068892421833599,0,NONE,
535,AnkiDroid/src/main/res/values-sr/01-core.xml,0.005158497689253401,317.0,29.0,1.0,0.0,0.010068892421833599,0,NONE,
536,AnkiDroid/src/main/java/com/ichi2/widget/DeckPickerWidget.kt,0.005125951962507323,315.0,3.0,1.0,0.0,0.010068892421833599,0,NONE,
537,AnkiDroid/src/main/res/layout/about_layout.xml,0.005125951962507323,315.0,4.0,3.0,0.0,0.010068892421833599,0,NONE,
538,AnkiDroid/src/test/java/com/ichi2/anki/servicelayer/scopedstorage/MoveConflictedFileTest.kt,0.005109679099134284,314.0,2.0,2.0,0.0,0.010068892421833599,0,NONE,
539,AnkiDroid/src/main/java/com/ichi2/anki/browser/SearchHistory.kt,0.005098443748248898,153.0,3.0,1.0,1.0,0.010068892421833599,0,INFO,INFO:1
540,AnkiDroid/src/main/java/com/ichi2/utils/FileUtil.kt,0.005093406235761245,313.0,12.0,7.0,0.0,0.010068892421833599,0,NONE,
541,AnkiDroid/src/main/res/values-cs/01-core.xml,0.005093406235761245,313.0,42.0,1.0,0.0,0.010068892421833599,0,NONE,
542,AnkiDroid/src/main/res/values-ta/01-core.xml,0.005093406235761245,313.0,30.0,1.0,0.0,0.010068892421833599,0,NONE,
543,AnkiDroid/src/main/res/values-ug/01-core.xml,0.005060860509015166,311.0,17.0,1.0,0.0,0.010068892421833599,0,NONE,
544,AnkiDroid/src/main/java/com/ichi2/anki/servicelayer/scopedstorage/MigrateEssentialFiles.kt,0.005028314782269088,309.0,2.0,2.0,0.0,0.010068892421833599,0,NONE,
545,AnkiDroid/src/main/res/layout/floating_add_button.xml,0.005028314782269088,309.0,7.0,5.0,0.0,0.010068892421833599,0,NONE,
546,AnkiDroid/src/main/java/com/ichi2/widget/WidgetStatus.kt,0.005000806568010663,147.0,9.0,4.0,1.0,0.010068892421833599,0,INFO,INFO:1
547,AnkiDroid/src/main/res/values-it/03-dialogs.xml,0.0049957690555230095,307.0,48.0,1.0,0.0,0.010068892421833599,0,NONE,
548,AnkiDroid/src/main/java/com/ichi2/anki/previewer/TypeAnswer.kt,0.00497949619214997,306.0,9.0,3.0,0.0,0.010068892421833599,0,NONE,
549,AnkiDroid/src/main/res/menu/card_browser_multiselect.xml,0.004968260841264585,145.0,11.0,6.0,1.0,0.010068892421833599,0,INFO,INFO:1
550,AnkiDroid/src/main/java/com/ichi2/anki/browser/RepositionCardFragment.kt,0.004963223328776932,305.0,7.0,5.0,0.0,0.010068892421833599,0,NONE,
551,AnkiDroid/src/main/res/values-es-rES/03-dialogs.xml,0.004963223328776932,305.0,54.0,1.0,0.0,0.010068892421833599,0,NONE,
552,AnkiDroid/src/main/res/values-fi/01-core.xml,0.004963223328776932,305.0,32.0,1.0,0.0,0.010068892421833599,0,NONE,
553,AnkiDroid/src/main/res/values-nl/03-dialogs.xml,0.004946950465403893,304.0,49.0,1.0,0.0,0.010068892421833599,0,NONE,
554,AnkiDroid/src/main/java/com/ichi2/anki/browser/search/AdvancedSearchFieldsTab.kt,0.004935715114518507,143.0,1.0,1.0,1.0,0.010068892421833599,0,INFO,INFO:1
555,AnkiDroid/src/main/res/values-ga/10-preferences.xml,0.004935715114518507,143.0,42.0,1.0,1.0,0.010068892421833599,0,INFO,INFO:1
556,AnkiDroid/src/main/res/values-pl/01-core.xml,0.004930677602030854,303.0,41.0,1.0,0.0,0.010068892421833599,0,NONE,
557,AnkiDroid/src/main/java/com/ichi2/anki/pages/Statistics.kt,0.004914404738657814,302.0,22.0,7.0,0.0,0.010068892421833599,0,NONE,
558,AnkiDroid/src/main/res/values-fr/01-core.xml,0.004914404738657814,302.0,39.0,1.0,0.0,0.010068892421833599,0,NONE,
559,AnkiDroid/src/main/res/values-mr/03-dialogs.xml,0.004914404738657814,302.0,47.0,1.0,0.0,0.010068892421833599,0,NONE,
560,AnkiDroid/src/main/res/values-ca/10-preferences.xml,0.004903169387772429,141.0,43.0,1.0,1.0,0.010068892421833599,0,INFO,INFO:1
561,AnkiDroid/src/main/res/values-sv/10-preferences.xml,0.004903169387772429,141.0,41.0,1.0,1.0,0.010068892421833599,0,INFO,INFO:1
562,AnkiDroid/src/main/res/values-hy/01-core.xml,0.004898131875284775,301.0,31.0,1.0,0.0,0.010068892421833599,0,NONE,
563,AnkiDroid/src/main/res/values-tr/03-dialogs.xml,0.004898131875284775,301.0,61.0,1.0,0.0,0.010068892421833599,0,NONE,
564,AnkiDroid/src/main/java/com/ichi2/widget/Id.kt,0.00488689652439939,140.0,1.0,1.0,1.0,0.010068892421833599,0,INFO,INFO:1
565,AnkiDroid/src/main/res/values-eu/10-preferences.xml,0.004870623661026351,139.0,43.0,1.0,1.0,0.010068892421833599,0,INFO,INFO:1
566,AnkiDroid/src/main/java/com/ichi2/anki/instantnoteeditor/TextSurroundHelper.kt,0.004849313285165658,298.0,2.0,1.0,0.0,0.010068892421833599,0,NONE,
567,AnkiDroid/src/main/java/com/ichi2/anki/backend/HtmlUtils.kt,0.004838077934280273,137.0,2.0,1.0,1.0,0.010068892421833599,0,MINOR,MINOR:1
568,AnkiDroid/src/main/res/layout/fragment_advanced_search.xml,0.004838077934280273,137.0,2.0,1.0,1.0,0.010068892421833599,0,MAJOR,MAJOR:1
569,AnkiDroid/src/main/res/values-af/10-preferences.xml,0.004838077934280273,137.0,42.0,1.0,1.0,0.010068892421833599,0,INFO,INFO:1
570,AnkiDroid/src/main/res/values-bg/10-preferences.xml,0.004838077934280273,137.0,42.0,1.0,1.0,0.010068892421833599,0,INFO,INFO:1
571,AnkiDroid/src/main/res/values-ckb/10-preferences.xml,0.004838077934280273,137.0,42.0,1.0,1.0,0.010068892421833599,0,INFO,INFO:1
572,AnkiDroid/src/main/res/values-fy/10-preferences.xml,0.004838077934280273,137.0,42.0,1.0,1.0,0.010068892421833599,0,INFO,INFO:1
573,AnkiDroid/src/main/res/values-nn/10-preferences.xml,0.004838077934280273,137.0,42.0,1.0,1.0,0.010068892421833599,0,INFO,INFO:1
574,AnkiDroid/src/main/java/com/ichi2/anki/browser/BrowserColumnSelectionAdapter.kt,0.0048330404217926184,297.0,3.0,1.0,0.0,0.010068892421833599,0,NONE,
575,AnkiDroid/src/main/res/values-fr/03-dialogs.xml,0.0048330404217926184,297.0,50.0,1.0,0.0,0.010068892421833599,0,NONE,
576,AnkiDroid/src/main/res/values-sat/01-core.xml,0.0048330404217926184,297.0,35.0,1.0,0.0,0.010068892421833599,0,NONE,
577,AnkiDroid/src/main/res/values-de/03-dialogs.xml,0.00480049469504654,295.0,58.0,1.0,0.0,0.010068892421833599,0,NONE,
578,AnkiDroid/src/main/res/values-kn/03-dialogs.xml,0.00480049469504654,295.0,49.0,1.0,0.0,0.010068892421833599,0,NONE,
579,AnkiDroid/src/main/res/values-tt/10-preferences.xml,0.004789259344161155,134.0,36.0,1.0,1.0,0.010068892421833599,0,INFO,INFO:1
580,AnkiDroid/src/main/res/layout/note_editor_fragment.xml,0.004784221831673501,294.0,5.0,3.0,0.0,0.010068892421833599,0,NONE,
581,AnkiDroid/src/main/java/com/ichi2/utils/ViewUtils.kt,0.004772986480788116,133.0,7.0,4.0,1.0,0.010068892421833599,0,INFO,INFO:1
582,AnkiDroid/src/main/res/values-fi/03-dialogs.xml,0.0047679489683004625,293.0,50.0,1.0,0.0,0.010068892421833599,0,NONE,
583,AnkiDroid/src/main/res/values-heb/03-dialogs.xml,0.0047679489683004625,293.0,52.0,1.0,0.0,0.010068892421833599,0,NONE,
584,AnkiDroid/src/main/res/values-th/10-preferences.xml,0.004756713617415077,132.0,36.0,1.0,1.0,0.010068892421833599,0,INFO,INFO:1
585,AnkiDroid/src/main/java/com/ichi2/anki/analytics/AnalyticsConstants.kt,0.004751676104927423,292.0,1.0,1.0,0.0,0.010068892421833599,0,NONE,
586,AnkiDroid/src/main/res/values-zh-rCN/03-dialogs.xml,0.004751676104927423,292.0,62.0,1.0,0.0,0.010068892421833599,0,NONE,
587,AnkiDroid/src/main/java/com/ichi2/anki/dialogs/tags/TagsDialogViewModel.kt,0.004740440754042037,131.0,5.0,4.0,1.0,0.010068892421833599,0,INFO,INFO:1
588,AnkiDroid/src/test/java/com/ichi2/anki/multiprofile/ProfileManagerTest.kt,0.004719130378181345,290.0,4.0,1.0,0.0,0.010068892421833599,0,NONE,
589,AnkiDroid/src/main/res/values-ru/01-core.xml,0.004702857514808306,289.0,40.0,1.0,0.0,0.010068892421833599,0,NONE,
590,AnkiDroid/src/test/java/com/ichi2/anki/deckpicker/DeckPickerViewModelTest.kt,0.004702857514808306,289.0,12.0,5.0,0.0,0.010068892421833599,0,NONE,
591,AnkiDroid/src/main/res/values-cs/03-dialogs.xml,0.004670311788062227,287.0,54.0,1.0,0.0,0.010068892421833599,0,NONE,
592,AnkiDroid/src/main/res/values-hr/01-core.xml,0.004654038924689188,286.0,29.0,1.0,0.0,0.010068892421833599,0,NONE,
593,AnkiDroid/src/main/java/com/ichi2/anki/notetype/NotetypeAdapter.kt,0.004637766061316149,285.0,7.0,3.0,0.0,0.010068892421833599,0,NONE,
594,AnkiDroid/src/main/res/values-te/01-core.xml,0.004637766061316149,285.0,35.0,1.0,0.0,0.010068892421833599,0,NONE,
595,AnkiDroid/src/main/res/values-fa/03-dialogs.xml,0.004605220334570071,283.0,52.0,1.0,0.0,0.010068892421833599,0,NONE,
596,AnkiDroid/src/main/java/com/ichi2/anki/DrawingFragment.kt,0.0045939849836846855,122.0,5.0,2.0,1.0,0.010068892421833599,0,INFO,INFO:1
597,AnkiDroid/src/main/java/com/ichi2/anki/ui/windows/managespace/ManageSpaceFragment.kt,0.0045939849836846855,122.0,13.0,5.0,1.0,0.010068892421833599,0,INFO,INFO:1
598,AnkiDroid/src/main/res/values-no/02-strings.xml,0.004588947471197032,282.0,66.0,1.0,0.0,0.010068892421833599,0,NONE,
599,AnkiDroid/src/test/java/com/ichi2/anki/settings/PrefsRobolectricTest.kt,0.004588947471197032,282.0,9.0,3.0,0.0,0.010068892421833599,0,NONE,
600,AnkiDroid/src/main/res/values-no/10-preferences.xml,0.004577712120311646,121.0,41.0,1.0,1.0,0.010068892421833599,0,INFO,INFO:1
601,AnkiDroid/src/main/java/com/ichi2/anki/servicelayer/ScopedStorageService.kt,0.004572674607823993,281.0,6.0,3.0,0.0,0.010068892421833599,0,NONE,
602,AnkiDroid/src/main/res/values-es-rAR/03-dialogs.xml,0.004572674607823993,281.0,54.0,1.0,0.0,0.010068892421833599,0,NONE,
603,AnkiDroid/src/main/res/values-ga/02-strings.xml,0.004556401744450954,280.0,67.0,1.0,0.0,0.010068892421833599,0,NONE,
604,AnkiDroid/src/main/res/values-ja/03-dialogs.xml,0.004556401744450954,280.0,61.0,1.0,0.0,0.010068892421833599,0,NONE,
605,AnkiDroid/src/main/res/values-az/01-core.xml,0.004540128881077915,279.0,30.0,1.0,0.0,0.010068892421833599,0,NONE,
606,AnkiDroid/src/main/res/values-bn/01-core.xml,0.004540128881077915,279.0,31.0,1.0,0.0,0.010068892421833599,0,NONE,
607,AnkiDroid/src/main/java/com/ichi2/anki/sync/SchemaChanges.kt,0.004528893530192529,118.0,4.0,1.0,1.0,0.010068892421833599,0,INFO,INFO:1
608,common/src/main/java/com/ichi2/anki/common/utils/StringUtils.kt,0.004528893530192529,118.0,6.0,3.0,1.0,0.010068892421833599,0,INFO,INFO:1
609,AnkiDroid/src/main/java/com/ichi2/widget/AnalyticsWidgetProvider.kt,0.0045126206668194896,117.0,4.0,3.0,1.0,0.010068892421833599,0,INFO,INFO:1
610,AnkiDroid/src/main/res/values-ind/10-preferences.xml,0.0045126206668194896,117.0,41.0,1.0,1.0,0.010068892421833599,0,INFO,INFO:1
611,AnkiDroid/src/main/res/values-kk/10-preferences.xml,0.0045126206668194896,117.0,41.0,1.0,1.0,0.010068892421833599,0,INFO,INFO:1
612,AnkiDroid/src/main/res/values-ku/10-preferences.xml,0.0045126206668194896,117.0,41.0,1.0,1.0,0.010068892421833599,0,INFO,INFO:1
613,AnkiDroid/src/main/res/values-ky/10-preferences.xml,0.0045126206668194896,117.0,41.0,1.0,1.0,0.010068892421833599,0,INFO,INFO:1
614,AnkiDroid/src/main/res/values-mk/10-preferences.xml,0.0045126206668194896,117.0,41.0,1.0,1.0,0.010068892421833599,0,INFO,INFO:1
615,AnkiDroid/src/main/res/values-mn/10-preferences.xml,0.0045126206668194896,117.0,41.0,1.0,1.0,0.010068892421833599,0,INFO,INFO:1
616,AnkiDroid/src/main/res/values-lt/01-core.xml,0.004475037427585758,275.0,31.0,1.0,0.0,0.010068892421833599,0,NONE,
617,AnkiDroid/src/main/java/com/ichi2/anki/ui/windows/reviewer/ReviewerMenu.kt,0.004463802076700373,114.0,2.0,1.0,1.0,0.010068892421833599,0,CRITICAL,CRITICAL:1
618,AnkiDroid/src/main/java/com/ichi2/anki/NoteTypeFieldEditor.kt,0.004458764564212719,274.0,22.0,7.0,0.0,0.010068892421833599,0,NONE,
619,AnkiDroid/src/main/res/values-mn/02-strings.xml,0.004458764564212719,274.0,67.0,1.0,0.0,0.010068892421833599,0,NONE,
620,AnkiDroid/src/test/java/com/ichi2/anki/model/FieldFilterChainTest.kt,0.004458764564212719,274.0,1.0,1.0,0.0,0.010068892421833599,0,NONE,
621,AnkiDroid/src/main/res/values-ms/10-preferences.xml,0.004447529213327334,113.0,40.0,1.0,1.0,0.010068892421833599,0,INFO,INFO:1
622,AnkiDroid/src/main/res/values-my/10-preferences.xml,0.004447529213327334,113.0,40.0,1.0,1.0,0.010068892421833599,0,INFO,INFO:1
623,AnkiDroid/src/main/java/com/ichi2/anki/reviewer/SingleAxisDetector.kt,0.0044312563499542944,112.0,2.0,1.0,1.0,0.010068892421833599,0,INFO,INFO:1
624,AnkiDroid/src/main/res/values-am/01-core.xml,0.004409945974093601,271.0,29.0,1.0,0.0,0.010068892421833599,0,NONE,
625,AnkiDroid/src/main/res/values-ga/01-core.xml,0.004393673110720563,270.0,30.0,1.0,0.0,0.010068892421833599,0,NONE,
626,AnkiDroid/src/main/res/values-nl/01-core.xml,0.004393673110720563,270.0,34.0,1.0,0.0,0.010068892421833599,0,NONE,
627,AnkiDroid/src/main/java/com/ichi2/anki/preferences/AdvancedSettingsFragment.kt,0.004382437759835177,109.0,15.0,5.0,1.0,0.010068892421833599,0,INFO,INFO:1
628,AnkiDroid/src/main/res/values-kk/02-strings.xml,0.004361127383974484,268.0,66.0,1.0,0.0,0.010068892421833599,0,NONE,
629,AnkiDroid/src/main/res/values-ku/02-strings.xml,0.004361127383974484,268.0,66.0,1.0,0.0,0.010068892421833599,0,NONE,
630,AnkiDroid/src/main/res/values-ky/02-strings.xml,0.004361127383974484,268.0,66.0,1.0,0.0,0.010068892421833599,0,NONE,
631,AnkiDroid/src/main/res/values-mk/02-strings.xml,0.004361127383974484,268.0,66.0,1.0,0.0,0.010068892421833599,0,NONE,
632,AnkiDroid/src/test/java/com/ichi2/anki/notetype/ManageNoteTypesViewModelTest.kt,0.004361127383974484,268.0,3.0,3.0,0.0,0.010068892421833599,0,NONE,
633,AnkiDroid/src/main/java/com/ichi2/anim/ActivityTransitionAnimation.kt,0.0043498920330890985,107.0,5.0,2.0,1.0,0.010068892421833599,0,MAJOR,MAJOR:1
634,AnkiDroid/src/main/res/values-el/03-dialogs.xml,0.004344854520601445,267.0,47.0,1.0,0.0,0.010068892421833599,0,NONE,
635,AnkiDroid/src/main/java/com/ichi2/async/CollectionOperations.kt,0.004328581657228406,266.0,14.0,5.0,0.0,0.010068892421833599,0,NONE,
636,AnkiDroid/src/main/res/values-ro/10-preferences.xml,0.00431734630634302,105.0,38.0,1.0,1.0,0.010068892421833599,0,INFO,INFO:1
637,AnkiDroid/src/main/res/values-sl/10-preferences.xml,0.00431734630634302,105.0,38.0,1.0,1.0,0.010068892421833599,0,INFO,INFO:1
638,AnkiDroid/src/main/res/values-sq/10-preferences.xml,0.00431734630634302,105.0,38.0,1.0,1.0,0.010068892421833599,0,INFO,INFO:1
639,AnkiDroid/src/main/res/values-sr/10-preferences.xml,0.00431734630634302,105.0,38.0,1.0,1.0,0.010068892421833599,0,INFO,INFO:1
640,libanki/src/main/java/com/ichi2/anki/libanki/NotetypeJson.kt,0.00431734630634302,105.0,5.0,2.0,1.0,0.010068892421833599,0,INFO,INFO:1
641,AnkiDroid/src/main/res/layout/fragment_whiteboard.xml,0.004312308793855367,265.0,4.0,1.0,0.0,0.010068892421833599,0,NONE,
642,AnkiDroid/src/main/java/com/ichi2/anki/FieldEditLine.kt,0.004296035930482328,264.0,16.0,8.0,0.0,0.010068892421833599,0,NONE,
643,AnkiDroid/src/main/res/values/styles.xml,0.004284800579596942,103.0,16.0,7.0,1.0,0.010068892421833599,0,INFO,INFO:1
644,AnkiDroid/src/androidTest/java/com/ichi2/anki/tests/InstrumentedTest.kt,0.004263490203736249,262.0,23.0,7.0,0.0,0.010068892421833599,0,NONE,
645,AnkiDroid/src/main/AndroidManifest.xml,0.004263490203736249,262.0,36.0,12.0,0.0,0.010068892421833599,0,NONE,
646,AnkiDroid/src/main/res/values-ms/02-strings.xml,0.004263490203736249,262.0,66.0,1.0,0.0,0.010068892421833599,0,NONE,
647,AnkiDroid/src/main/res/values-ro/01-core.xml,0.004263490203736249,262.0,30.0,1.0,0.0,0.010068892421833599,0,NONE,
648,AnkiDroid/src/main/java/com/ichi2/anki/dialogs/DialogHandler.kt,0.004252254852850864,101.0,11.0,5.0,1.0,0.010068892421833599,0,INFO,INFO:1
649,AnkiDroid/src/main/res/values-da/01-core.xml,0.00424721734036321,261.0,32.0,1.0,0.0,0.010068892421833599,0,NONE,
650,AnkiDroid/src/main/java/com/ichi2/anki/ui/preferences/screens/BackupLimitsPresenter.kt,0.004235981989477825,100.0,4.0,2.0,1.0,0.010068892421833599,0,INFO,INFO:1
651,AnkiDroid/src/main/java/com/ichi2/anki/dialogs/FlagAdapter.kt,0.004230944476990171,260.0,11.0,4.0,0.0,0.010068892421833599,0,NONE,
652,AnkiDroid/src/main/res/values-my/02-strings.xml,0.004230944476990171,260.0,65.0,1.0,0.0,0.010068892421833599,0,NONE,
653,AnkiDroid/jacoco.gradle,0.0042146716136171325,259.0,20.0,5.0,0.0,0.010068892421833599,0,NONE,
654,AnkiDroid/src/main/res/values-ckb/01-core.xml,0.0042146716136171325,259.0,29.0,1.0,0.0,0.010068892421833599,0,NONE,
655,AnkiDroid/src/test/java/com/ichi2/testutils/TestClass.kt,0.0042146716136171325,259.0,26.0,4.0,0.0,0.010068892421833599,0,NONE,
656,AnkiDroid/src/main/res/values-heb/01-core.xml,0.004198398750244093,258.0,35.0,1.0,0.0,0.010068892421833599,0,NONE,
657,AnkiDroid/src/test/java/com/ichi2/anki/AnkiDroidJsAPITest.kt,0.004198398750244093,258.0,20.0,6.0,0.0,0.010068892421833599,0,NONE,
658,AnkiDroid/src/main/java/com/ichi2/anki/utils/Exceptions.kt,0.004187163399358707,97.0,2.0,2.0,1.0,0.010068892421833599,0,INFO,INFO:1
659,AnkiDroid/src/main/res/layout/add_edit_reminder_dialog.xml,0.004182125886871054,257.0,5.0,2.0,0.0,0.010068892421833599,0,NONE,
660,AnkiDroid/src/main/res/layout/fragment_standard_search.xml,0.004182125886871054,257.0,5.0,1.0,0.0,0.010068892421833599,0,NONE,
661,AnkiDroid/src/main/res/values-ml/03-dialogs.xml,0.004182125886871054,257.0,46.0,1.0,0.0,0.010068892421833599,0,NONE,
662,AnkiDroid/src/main/res/values-uk/01-core.xml,0.004165853023498015,256.0,37.0,1.0,0.0,0.010068892421833599,0,NONE,
663,AnkiDroid/src/main/java/com/ichi2/anki/preferences/AccessibilitySettingsFragment.kt,0.004154617672612629,95.0,5.0,2.0,1.0,0.010068892421833599,0,INFO,INFO:1
664,AnkiDroid/src/main/res/values-sl/02-strings.xml,0.004149580160124976,255.0,63.0,1.0,0.0,0.010068892421833599,0,NONE,
665,AnkiDroid/src/main/res/values-sat/03-dialogs.xml,0.0041333072967519365,254.0,44.0,1.0,0.0,0.010068892421833599,0,NONE,
666,AnkiDroid/src/main/res/values-sk/03-dialogs.xml,0.0041333072967519365,254.0,42.0,1.0,0.0,0.010068892421833599,0,NONE,
667,AnkiDroid/src/main/res/values-mr/01-core.xml,0.004117034433378897,253.0,34.0,1.0,0.0,0.010068892421833599,0,NONE,
668,AnkiDroid/src/main/res/values-sr/02-strings.xml,0.004117034433378897,253.0,63.0,1.0,0.0,0.010068892421833599,0,NONE,
669,AnkiDroid/src/main/res/values-zh-rCN/01-core.xml,0.004100761570005858,252.0,41.0,1.0,0.0,0.010068892421833599,0,NONE,
670,AnkiDroid/src/main/res/values-no/01-core.xml,0.004084488706632819,251.0,30.0,1.0,0.0,0.010068892421833599,0,NONE,
671,AnkiDroid/src/main/res/values-tt/02-strings.xml,0.00406821584325978,250.0,62.0,1.0,0.0,0.010068892421833599,0,NONE,
672,AnkiDroid/src/test/java/com/ichi2/anki/servicelayer/scopedstorage/MoveDirectoryTest.kt,0.00406821584325978,250.0,2.0,2.0,0.0,0.010068892421833599,0,NONE,
673,AnkiDroid/src/main/java/com/ichi2/anki/dialogs/customstudy/TagLimitFragment.kt,0.0040519429798867405,249.0,7.0,2.0,0.0,0.010068892421833599,0,NONE,
674,AnkiDroid/src/main/java/com/ichi2/anki/reviewreminders/ScheduleRemindersAdapter.kt,0.0040519429798867405,249.0,8.0,3.0,0.0,0.010068892421833599,0,NONE,
675,AnkiDroid/src/main/res/values-eu/01-core.xml,0.0040519429798867405,249.0,28.0,1.0,0.0,0.010068892421833599,0,NONE,
676,AnkiDroid/src/main/res/values-fy/01-core.xml,0.0040519429798867405,249.0,28.0,1.0,0.0,0.010068892421833599,0,NONE,
677,AnkiDroid/src/main/res/values-kn/01-core.xml,0.0040519429798867405,249.0,33.0,1.0,0.0,0.010068892421833599,0,NONE,
678,AnkiDroid/src/main/res/values-tgl/10-preferences.xml,0.0040407076290013555,88.0,35.0,1.0,1.0,0.010068892421833599,0,INFO,INFO:1
679,AnkiDroid/src/main/res/values-ti/10-preferences.xml,0.0040407076290013555,88.0,35.0,1.0,1.0,0.010068892421833599,0,INFO,INFO:1
680,AnkiDroid/src/main/res/values-got/07-cardbrowser.xml,0.004035670116513701,248.0,19.0,1.0,0.0,0.010068892421833599,0,NONE,
681,AnkiDroid/src/main/java/com/ichi2/ui/GestureDisplay.kt,0.004024434765628316,87.0,6.0,4.0,1.0,0.010068892421833599,0,MINOR,MINOR:1
682,AnkiDroid/src/main/java/com/ichi2/anki/ViewerResourceHandler.kt,0.004019397253140663,247.0,9.0,3.0,0.0,0.010068892421833599,0,NONE,
683,AnkiDroid/src/main/java/com/ichi2/anki/multimedia/AudioRecordingFragment.kt,0.003986851526394585,245.0,10.0,3.0,0.0,0.010068892421833599,0,NONE,
684,AnkiDroid/src/main/res/values-az/03-dialogs.xml,0.003986851526394585,245.0,45.0,1.0,0.0,0.010068892421833599,0,NONE,
685,AnkiDroid/src/main/java/com/ichi2/anki/multimediacard/fields/BasicMediaClipFieldController.kt,0.003970578663021545,244.0,4.0,3.0,0.0,0.010068892421833599,0,NONE,
686,AnkiDroid/src/main/java/com/ichi2/anki/notetype/NoteTypesAdapter.kt,0.003970578663021545,244.0,3.0,2.0,0.0,0.010068892421833599,0,NONE,
687,AnkiDroid/src/main/java/com/ichi2/anki/preferences/profiles/SwitchProfilesFragment.kt,0.0039593433121361595,83.0,3.0,1.0,1.0,0.010068892421833599,0,INFO,INFO:1
688,AnkiDroid/src/main/res/values/attrs.xml,0.0039593433121361595,83.0,21.0,10.0,1.0,0.010068892421833599,0,INFO,INFO:1
689,AnkiDroid/src/main/res/values-km/03-dialogs.xml,0.003954305799648506,243.0,44.0,1.0,0.0,0.010068892421833599,0,NONE,
690,lint-rules/src/main/java/com/ichi2/anki/lint/rules/FixedPreferencesTitleLength.kt,0.003954305799648506,243.0,4.0,3.0,0.0,0.010068892421833599,0,NONE,
691,AnkiDroid/src/main/java/com/ichi2/anki/cardviewer/MediaErrorHandler.kt,0.00394307044876312,82.0,5.0,2.0,1.0,0.010068892421833599,0,INFO,INFO:1
692,AnkiDroid/src/main/res/layout/activity_manage_note_types.xml,0.00394307044876312,82.0,3.0,2.0,1.0,0.010068892421833599,0,INFO,INFO:1
693,AnkiDroid/src/main/res/values-km/01-core.xml,0.003938032936275467,242.0,28.0,1.0,0.0,0.010068892421833599,0,NONE,
694,AnkiDroid/src/main/java/com/ichi2/libanki/LaTeX.kt,0.003921760072902428,241.0,5.0,2.0,0.0,0.010068892421833599,0,NONE,
695,AnkiDroid/src/main/res/values-da/03-dialogs.xml,0.003921760072902428,241.0,45.0,1.0,0.0,0.010068892421833599,0,NONE,
696,AnkiDroid/src/main/res/values-tr/01-core.xml,0.003921760072902428,241.0,41.0,1.0,0.0,0.010068892421833599,0,NONE,
697,AnkiDroid/src/main/java/com/ichi2/anki/worker/SyncMediaWorker.kt,0.0038942518586440036,79.0,12.0,4.0,1.0,0.010068892421833599,0,INFO,INFO:1
698,AnkiDroid/src/main/java/com/ichi2/anki/Info.kt,0.0038892143461563495,239.0,12.0,3.0,0.0,0.010068892421833599,0,NONE,
699,AnkiDroid/src/test/java/com/ichi2/anki/servicelayer/scopedstorage/MoveDirectoryContentTest.kt,0.0038892143461563495,239.0,2.0,2.0,0.0,0.010068892421833599,0,NONE,
700,libanki/src/test/java/com/ichi2/anki/libanki/SchedulerTest.kt,0.0038892143461563495,239.0,7.0,4.0,0.0,0.010068892421833599,0,NONE,
701,AnkiDroid/src/main/java/com/ichi2/anki/previewer/PreviewerAction.kt,0.0038779789952709644,78.0,4.0,3.0,1.0,0.010068892421833599,0,INFO,INFO:1
702,AnkiDroid/src/main/java/com/ichi2/widget/WidgetAlarm.kt,0.0038566686194102715,237.0,7.0,4.0,0.0,0.010068892421833599,0,NONE,
703,AnkiDroid/src/main/res/values-kk/01-core.xml,0.0038566686194102715,237.0,29.0,1.0,0.0,0.010068892421833599,0,NONE,
704,AnkiDroid/src/main/java/com/ichi2/ui/GesturePicker.kt,0.003845433268524886,76.0,7.0,3.0,1.0,0.010068892421833599,0,CRITICAL,CRITICAL:1
705,AnkiDroid/src/main/res/values-iw/07-cardbrowser.xml,0.003807850029291154,234.0,23.0,1.0,0.0,0.010068892421833599,0,NONE,
706,AnkiDroid/src/main/java/com/ichi2/anki/noteeditor/Toolbar.kt,0.003791577165918115,233.0,14.0,9.0,0.0,0.010068892421833599,0,NONE,
707,AnkiDroid/src/main/java/com/ichi2/libanki/Note.kt,0.003791577165918115,233.0,14.0,5.0,0.0,0.010068892421833599,0,NONE,
708,AnkiDroid/src/main/res/values-hi/03-dialogs.xml,0.003791577165918115,233.0,46.0,1.0,0.0,0.010068892421833599,0,NONE,
709,AnkiDroid/src/main/res/values-ind/03-dialogs.xml,0.003791577165918115,233.0,47.0,1.0,0.0,0.010068892421833599,0,NONE,
710,AnkiDroid/src/test/java/com/ichi2/anki/pages/viewmodel/ImageOcclusionViewModelTest.kt,0.003791577165918115,233.0,2.0,1.0,0.0,0.010068892421833599,0,NONE,
711,libanki/src/main/java/com/ichi2/anki/libanki/DeckConfig.kt,0.003791577165918115,233.0,6.0,2.0,0.0,0.010068892421833599,0,NONE,
712,AnkiDroid/src/main/res/values-hi/01-core.xml,0.003775304302545076,232.0,35.0,1.0,0.0,0.010068892421833599,0,NONE,
713,AnkiDroid/src/main/res/values-sc/03-dialogs.xml,0.003775304302545076,232.0,44.0,1.0,0.0,0.010068892421833599,0,NONE,
714,AnkiDroid/src/test/java/com/ichi2/anki/settings/PrefsTest.kt,0.003775304302545076,232.0,5.0,2.0,0.0,0.010068892421833599,0,NONE,
715,common/src/main/java/com/ichi2/anki/common/time/TimeUtils.kt,0.00376406895165969,71.0,3.0,2.0,1.0,0.010068892421833599,0,MAJOR,MAJOR:1
716,AnkiDroid/src/test/java/com/ichi2/anki/reviewreminders/ReviewReminderTest.kt,0.0037590314391720368,231.0,5.0,1.0,0.0,0.010068892421833599,0,NONE,
717,.github/workflows/tests_unit.yml,0.0037264857124259584,229.0,26.0,4.0,0.0,0.010068892421833599,0,NONE,
718,AnkiDroid/src/main/java/com/ichi2/preferences/IncrementerNumberRangePreferenceCompat.kt,0.0037264857124259584,229.0,6.0,4.0,0.0,0.010068892421833599,0,NONE,
719,common/src/test/java/com/ichi2/anki/common/utils/StringUtilsTest.kt,0.0037264857124259584,229.0,4.0,2.0,0.0,0.010068892421833599,0,NONE,
720,AnkiDroid/src/main/java/com/ichi2/preferences/NumberRangePreference.kt,0.003715250361540573,68.0,5.0,2.0,1.0,0.010068892421833599,0,INFO,INFO:1
721,AnkiDroid/src/main/java/com/ichi2/anki/recorder/AudioRecorder.kt,0.003710212849052919,228.0,3.0,2.0,0.0,0.010068892421833599,0,NONE,
722,AnkiDroid/src/main/java/com/ichi2/libanki/Utils.kt,0.003710212849052919,228.0,5.0,2.0,0.0,0.010068892421833599,0,NONE,
723,AnkiDroid/src/main/res/values-ka/03-dialogs.xml,0.0036939399856798804,227.0,46.0,1.0,0.0,0.010068892421833599,0,NONE,
724,AnkiDroid/src/test/java/com/ichi2/utils/NoteTypeTest.kt,0.0036939399856798804,227.0,9.0,4.0,0.0,0.010068892421833599,0,NONE,
725,AnkiDroid/src/main/java/com/ichi2/anki/preferences/ReviewerOptionsFragment.kt,0.0036776671223068412,226.0,21.0,2.0,0.0,0.010068892421833599,0,NONE,
726,AnkiDroid/src/main/res/values-zh-rTW/03-dialogs.xml,0.0036776671223068412,226.0,42.0,1.0,0.0,0.010068892421833599,0,NONE,
727,AnkiDroid/src/main/java/com/ichi2/preferences/IncrementerNumberRangePreference.kt,0.0036664317714214557,65.0,6.0,3.0,1.0,0.010068892421833599,0,INFO,INFO:1
728,AnkiDroid/src/main/res/values-or/01-core.xml,0.003661394258933802,225.0,32.0,1.0,0.0,0.010068892421833599,0,NONE,
729,AnkiDroid/src/test/java/com/ichi2/testutils/JvmTest.kt,0.003661394258933802,225.0,17.0,4.0,0.0,0.010068892421833599,0,NONE,
730,AnkiDroid/src/main/java/com/ichi2/anki/observability/ChangeManager.kt,0.0036501589080484165,64.0,6.0,3.0,1.0,0.010068892421833599,0,MAJOR,MAJOR:1
731,AnkiDroid/src/main/java/com/ichi2/anki/dialogs/CardBrowserMySearchesDialog.kt,0.003645121395560763,224.0,6.0,2.0,0.0,0.010068892421833599,0,NONE,
732,AnkiDroid/src/main/java/com/ichi2/anki/dialogs/DeckPickerContextMenu.kt,0.0036288485321877236,223.0,11.0,4.0,0.0,0.010068892421833599,0,NONE,
733,AnkiDroid/src/test/java/com/ichi2/anki/multiprofile/ProfileContextWrapperTest.kt,0.0036125756688146844,222.0,2.0,2.0,0.0,0.010068892421833599,0,NONE,
734,AnkiDroid/src/main/java/com/ichi2/preferences/VersatileTextPreference.kt,0.003601340317929299,61.0,1.0,1.0,1.0,0.010068892421833599,0,MAJOR,MAJOR:1
735,.github/workflows/tests_emulator.yml,0.0035963028054416457,221.0,21.0,6.0,0.0,0.010068892421833599,0,NONE,
736,AnkiDroid/src/main/res/values-it/01-core.xml,0.0035963028054416457,221.0,35.0,1.0,0.0,0.010068892421833599,0,NONE,
737,AnkiDroid/src/main/res/values-pt-rPT/01-core.xml,0.0035963028054416457,221.0,38.0,1.0,0.0,0.010068892421833599,0,NONE,
738,AnkiDroid/src/test/java/com/ichi2/anki/servicelayer/scopedstorage/MigrateEssentialFilesTest.kt,0.0035963028054416457,221.0,2.0,2.0,0.0,0.010068892421833599,0,NONE,
739,lint-rules/src/main/java/com/ichi2/anki/lint/utils/LayoutPrefixUtils.kt,0.0035800299420686065,220.0,2.0,2.0,0.0,0.010068892421833599,0,NONE,
740,AnkiDroid/src/main/java/com/ichi2/anki/ui/windows/reviewer/AnswerTimer.kt,0.003547484215322528,218.0,3.0,1.0,0.0,0.010068892421833599,0,NONE,
741,AnkiDroid/src/main/res/layout/instant_editor_dialog.xml,0.003547484215322528,218.0,6.0,2.0,0.0,0.010068892421833599,0,NONE,
742,AnkiDroid/src/main/res/values-ja/01-core.xml,0.003547484215322528,218.0,44.0,1.0,0.0,0.010068892421833599,0,NONE,
743,AnkiDroid/src/main/res/values-tgl/02-strings.xml,0.003547484215322528,218.0,60.0,1.0,0.0,0.010068892421833599,0,NONE,
744,AnkiDroid/src/main/res/values-ti/02-strings.xml,0.003547484215322528,218.0,60.0,1.0,0.0,0.010068892421833599,0,NONE,
745,AnkiDroid/src/test/java/com/ichi2/anki/pages/DeckOptionsTest.kt,0.003547484215322528,218.0,3.0,3.0,0.0,0.010068892421833599,0,NONE,
746,libanki/src/main/java/com/ichi2/anki/libanki/DB.kt,0.003547484215322528,218.0,6.0,2.0,0.0,0.010068892421833599,0,NONE,
747,AnkiDroid/src/main/assets/scripts/js-api.js,0.0035362488644371426,57.0,7.0,4.0,1.0,0.010068892421833599,0,CRITICAL,CRITICAL:1
748,AnkiDroid/src/main/java/com/ichi2/anki/dialogs/BrowserOptionsDialog.kt,0.003531211351949489,217.0,12.0,5.0,0.0,0.010068892421833599,0,NONE,
749,AnkiDroid/src/main/res/layout/browser_options_dialog.xml,0.003531211351949489,217.0,10.0,3.0,0.0,0.010068892421833599,0,NONE,
750,AnkiDroid/src/test/java/com/ichi2/anki/AbstractFlashcardViewerTest.kt,0.0035149384885764497,216.0,33.0,9.0,0.0,0.010068892421833599,0,NONE,
751,AnkiDroid/src/main/res/values-ind/01-core.xml,0.003498665625203411,215.0,32.0,1.0,0.0,0.010068892421833599,0,NONE,
752,AnkiDroid/src/main/java/com/ichi2/anki/widgets/DeckDropDownAdapter.kt,0.0034661198984573325,213.0,9.0,3.0,0.0,0.010068892421833599,0,NONE,
753,AnkiDroid/src/main/java/com/ichi2/libanki/Consts.kt,0.0034661198984573325,213.0,7.0,2.0,0.0,0.010068892421833599,0,NONE,
754,AnkiDroid/src/test/java/com/ichi2/anki/ui/windows/reviewer/autoadvance/AutoAdvanceTest.kt,0.0034661198984573325,213.0,1.0,1.0,0.0,0.010068892421833599,0,NONE,
755,AnkiDroid/src/main/java/com/ichi2/anki/pages/PageWebViewClient.kt,0.0034498470350842934,212.0,8.0,3.0,0.0,0.010068892421833599,0,NONE,
756,AnkiDroid/src/main/res/values-got/11-arrays.xml,0.0034498470350842934,212.0,13.0,1.0,0.0,0.010068892421833599,0,NONE,
757,AnkiDroid/src/test/java/com/ichi2/anki/ReviewerKeyboardInputTest.kt,0.0034498470350842934,212.0,15.0,6.0,0.0,0.010068892421833599,0,NONE,
758,AnkiDroid/src/test/java/com/ichi2/libanki/DeckConfigTest.kt,0.0034498470350842934,212.0,1.0,1.0,0.0,0.010068892421833599,0,NONE,
759,AnkiDroid/src/main/java/com/ichi2/anki/IntroductionActivity.kt,0.003438611684198908,51.0,11.0,5.0,1.0,0.010068892421833599,0,INFO,INFO:1
760,AnkiDroid/src/main/java/com/ichi2/anki/ui/dialogs/tools/AsyncDialogs.kt,0.003438611684198908,51.0,4.0,2.0,1.0,0.010068892421833599,0,INFO,INFO:1
761,AnkiDroid/src/androidTest/java/com/ichi2/anki/tests/ACRATest.kt,0.003433574171711254,211.0,9.0,5.0,0.0,0.010068892421833599,0,NONE,
762,AnkiDroid/src/main/java/com/ichi2/preferences/StepsPreference.kt,0.003433574171711254,211.0,6.0,4.0,0.0,0.010068892421833599,0,NONE,
763,AnkiDroid/src/main/res/values-hu/03-dialogs.xml,0.003433574171711254,211.0,49.0,1.0,0.0,0.010068892421833599,0,NONE,
764,libanki/src/main/java/com/ichi2/anki/libanki/CardTemplate.kt,0.0034223388208258687,50.0,4.0,2.0,1.0,0.010068892421833599,0,INFO,INFO:1
765,AnkiDroid/src/main/res/layout/view_whiteboard_toolbar.xml,0.0034173013083382154,210.0,4.0,3.0,0.0,0.010068892421833599,0,NONE,
766,AnkiDroid/src/main/res/values-or/03-dialogs.xml,0.0034173013083382154,210.0,48.0,1.0,0.0,0.010068892421833599,0,NONE,
767,AnkiDroid/src/main/res/values-vi/03-dialogs.xml,0.0034173013083382154,210.0,44.0,1.0,0.0,0.010068892421833599,0,NONE,
768,AnkiDroid/src/main/java/com/ichi2/anki/noteeditor/FieldState.kt,0.003401028444965176,209.0,13.0,6.0,0.0,0.010068892421833599,0,NONE,
769,AnkiDroid/src/main/java/com/ichi2/anki/reviewer/EaseButton.kt,0.0033897930940797907,48.0,8.0,5.0,1.0,0.010068892421833599,0,CRITICAL,CRITICAL:1
770,AnkiDroid/src/main/java/com/ichi2/anki/previewer/TemplatePreviewerPage.kt,0.003384755581592137,208.0,9.0,5.0,0.0,0.010068892421833599,0,NONE,
771,AnkiDroid/src/main/java/com/ichi2/anki/ui/windows/reviewer/autoadvance/AutoAdvance.kt,0.003384755581592137,208.0,11.0,4.0,0.0,0.010068892421833599,0,NONE,
772,AnkiDroid/src/main/java/com/ichi2/utils/VersionUtils.kt,0.0033735202307067515,47.0,5.0,4.0,1.0,0.010068892421833599,0,CRITICAL,CRITICAL:1
773,AnkiDroid/src/main/java/com/ichi2/anki/browser/BrowserColumnCollection.kt,0.003368482718219098,207.0,11.0,3.0,0.0,0.010068892421833599,0,NONE,
774,AnkiDroid/src/main/java/com/ichi2/anki/dialogs/EditDeckDescriptionDialogViewModel.kt,0.003368482718219098,207.0,4.0,1.0,0.0,0.010068892421833599,0,NONE,
775,AnkiDroid/src/main/res/values-ga/03-dialogs.xml,0.003368482718219098,207.0,46.0,1.0,0.0,0.010068892421833599,0,NONE,
776,AnkiDroid/src/test/java/com/ichi2/anki/browser/SortTypeTest.kt,0.003368482718219098,207.0,1.0,1.0,0.0,0.010068892421833599,0,NONE,
777,AnkiDroid/src/main/java/com/ichi2/anki/cardviewer/Gesture.kt,0.0033572473673337123,46.0,10.0,4.0,1.0,0.010068892421833599,0,INFO,INFO:1
778,AnkiDroid/src/main/java/com/ichi2/libanki/DeckConfig.kt,0.0033522098548460586,206.0,4.0,2.0,0.0,0.010068892421833599,0,NONE,
779,AnkiDroid/src/main/res/values-vi/01-core.xml,0.0033522098548460586,206.0,33.0,1.0,0.0,0.010068892421833599,0,NONE,
780,AnkiDroid/src/main/java/com/ichi2/anki/servicelayer/scopedstorage/MoveFile.kt,0.0033359369914730194,205.0,2.0,2.0,0.0,0.010068892421833599,0,NONE,
781,AnkiDroid/src/test/java/com/ichi2/anki/BackupManagerSimpleTest.kt,0.0033359369914730194,205.0,3.0,3.0,0.0,0.010068892421833599,0,NONE,
782,AnkiDroid/src/main/java/com/ichi2/anki/utils/ext/MenuHost.kt,0.003324701640587634,44.0,1.0,1.0,1.0,0.010068892421833599,0,CRITICAL,CRITICAL:1
783,AnkiDroid/src/main/res/values/sentence-case.xml,0.003324701640587634,44.0,21.0,9.0,1.0,0.010068892421833599,0,INFO,INFO:1
784,AnkiDroid/src/main/java/com/ichi2/libanki/Sound.kt,0.0033196641280999807,204.0,10.0,5.0,0.0,0.010068892421833599,0,NONE,
785,AnkiDroid/src/test/java/com/ichi2/anki/dialogs/EditDeckDescriptionDialogViewModelTest.kt,0.0033196641280999807,204.0,4.0,1.0,0.0,0.010068892421833599,0,NONE,
786,AnkiDroid/src/main/java/com/ichi2/anki/notetype/CardTypeName.kt,0.003308428777214595,43.0,1.0,1.0,1.0,0.010068892421833599,0,MAJOR,MAJOR:1
787,AnkiDroid/src/main/java/com/ichi2/anki/dialogs/InsertFieldDialogViewModel.kt,0.0033033912647269415,203.0,4.0,1.0,0.0,0.010068892421833599,0,NONE,
788,AnkiDroid/src/main/java/com/ichi2/anki/dialogs/viewmodel/TtsVoicesViewModel.kt,0.0033033912647269415,203.0,5.0,2.0,0.0,0.010068892421833599,0,NONE,
789,AnkiDroid/src/main/res/values-ka/01-core.xml,0.0033033912647269415,203.0,34.0,1.0,0.0,0.010068892421833599,0,NONE,
790,AnkiDroid/src/test/java/com/ichi2/anki/browser/CardBrowserColumnTest.kt,0.0033033912647269415,203.0,6.0,3.0,0.0,0.010068892421833599,0,NONE,
791,AnkiDroid/src/test/java/com/ichi2/anki/dialogs/InsertFieldDialogTest.kt,0.0033033912647269415,203.0,3.0,1.0,0.0,0.010068892421833599,0,NONE,
792,lint-rules/src/main/java/com/ichi2/anki/lint/rules/FragmentLayoutPrefixDetector.kt,0.0032871184013539023,202.0,2.0,2.0,0.0,0.010068892421833599,0,NONE,
793,AnkiDroid/src/main/java/com/ichi2/anki/reviewer/PreviousAnswerIndicator.kt,0.003275883050468517,41.0,6.0,3.0,1.0,0.010068892421833599,0,MAJOR,MAJOR:1
794,AnkiDroid/src/main/java/com/ichi2/anki/utils/ext/NoteType.kt,0.003275883050468517,41.0,4.0,3.0,1.0,0.010068892421833599,0,MAJOR,MAJOR:1
795,AnkiDroid/src/main/java/com/ichi2/anki/reviewreminders/AddEditReminderDialogViewModel.kt,0.003270845537980863,201.0,6.0,2.0,0.0,0.010068892421833599,0,NONE,
796,AnkiDroid/src/test/java/com/ichi2/anki/servicelayer/scopedstorage/ExecutorTest.kt,0.003270845537980863,201.0,3.0,3.0,0.0,0.010068892421833599,0,NONE,
797,AnkiDroid/src/main/java/com/ichi2/anki/PromptBackgroundInterface.kt,0.003254572674607824,200.0,4.0,1.0,0.0,0.010068892421833599,0,NONE,
798,AnkiDroid/src/main/java/com/ichi2/anki/deckpicker/DisplayDeckNode.kt,0.0032382998112347847,199.0,7.0,4.0,0.0,0.010068892421833599,0,NONE,
799,AnkiDroid/src/main/res/values/12-dont-translate.xml,0.003227064460349399,38.0,7.0,2.0,1.0,0.010068892421833599,0,INFO,INFO:1
800,AnkiDroid/src/main/res/values-sv/03-dialogs.xml,0.003222026947861746,198.0,44.0,1.0,0.0,0.010068892421833599,0,NONE,
801,lint-rules/src/main/java/com/ichi2/anki/lint/rules/DialogLayoutPrefixDetector.kt,0.003222026947861746,198.0,2.0,2.0,0.0,0.010068892421833599,0,NONE,
802,lint-rules/src/main/java/com/ichi2/anki/lint/rules/ViewLayoutPrefixDetector.kt,0.003222026947861746,198.0,2.0,2.0,0.0,0.010068892421833599,0,NONE,
803,AnkiDroid/src/main/java/com/ichi2/anki/workarounds/NestedScrollingWebView.kt,0.0032057540844887067,197.0,3.0,3.0,0.0,0.010068892421833599,0,NONE,
804,AnkiDroid/src/main/res/values-ur/01-core.xml,0.0032057540844887067,197.0,27.0,1.0,0.0,0.010068892421833599,0,NONE,
805,AnkiDroid/src/test/java/com/ichi2/anki/recorder/AudioRecorderTest.kt,0.0032057540844887067,197.0,4.0,2.0,0.0,0.010068892421833599,0,NONE,
806,AnkiDroid/src/main/java/com/ichi2/anki/dialogs/FlagRenameDialog.kt,0.0031894812211156675,196.0,8.0,3.0,0.0,0.010068892421833599,0,NONE,
807,AnkiDroid/src/main/java/com/ichi2/anki/reviewer/Binding.kt,0.0031894812211156675,196.0,9.0,3.0,0.0,0.010068892421833599,0,NONE,
808,AnkiDroid/src/main/java/com/ichi2/anki/reviewer/PeripheralKeymap.kt,0.0031894812211156675,196.0,9.0,3.0,0.0,0.010068892421833599,0,NONE,
809,AnkiDroid/src/main/java/com/ichi2/libanki/Media.kt,0.0031894812211156675,196.0,11.0,6.0,0.0,0.010068892421833599,0,NONE,
810,lint-rules/src/test/java/com/ichi2/anki/lint/rules/ActivityLayoutPrefixDetectorTest.kt,0.0031894812211156675,196.0,2.0,2.0,0.0,0.010068892421833599,0,NONE,
811,lint-rules/src/test/java/com/ichi2/anki/lint/rules/DialogLayoutPrefixDetectorTest.kt,0.0031894812211156675,196.0,2.0,2.0,0.0,0.010068892421833599,0,NONE,
812,lint-rules/src/test/java/com/ichi2/anki/lint/rules/FragmentLayoutPrefixDetectorTest.kt,0.0031894812211156675,196.0,2.0,2.0,0.0,0.010068892421833599,0,NONE,
813,lint-rules/src/test/java/com/ichi2/anki/lint/rules/ViewLayoutPrefixDetectorTest.kt,0.0031894812211156675,196.0,2.0,2.0,0.0,0.010068892421833599,0,NONE,
814,AnkiDroid/src/main/java/com/ichi2/anki/ActionProviderCompat.kt,0.003178245870230282,35.0,3.0,1.0,1.0,0.010068892421833599,0,INFO,INFO:1
815,AnkiDroid/src/main/res/xml/preferences_custom_buttons.xml,0.003178245870230282,35.0,9.0,5.0,1.0,0.010068892421833599,0,INFO,INFO:1
816,libanki/src/main/java/com/ichi2/anki/libanki/Field.kt,0.003178245870230282,35.0,3.0,2.0,1.0,0.010068892421833599,0,INFO,INFO:1
817,AnkiDroid/src/main/res/values-am/03-dialogs.xml,0.0031732083577426283,195.0,45.0,1.0,0.0,0.010068892421833599,0,NONE,
818,AnkiDroid/src/main/res/values-sc/01-core.xml,0.0031732083577426283,195.0,27.0,1.0,0.0,0.010068892421833599,0,NONE,
819,AnkiDroid/src/test/java/com/ichi2/anki/DeckPickerOnDiskTest.kt,0.0031732083577426283,195.0,6.0,3.0,0.0,0.010068892421833599,0,NONE,
820,AnkiDroid/src/main/java/com/ichi2/anki/ui/windows/reviewer/audiorecord/AudioRecorder.kt,0.003156935494369589,194.0,2.0,2.0,0.0,0.010068892421833599,0,NONE,
821,AnkiDroid/src/main/java/com/ichi2/anki/account/LoginViewModel.kt,0.00314066263099655,193.0,6.0,2.0,0.0,0.010068892421833599,0,NONE,
822,AnkiDroid/src/test/java/com/ichi2/anki/recorder/AudioTimerTest.kt,0.00314066263099655,193.0,1.0,1.0,0.0,0.010068892421833599,0,NONE,
823,AnkiDroid/src/test/java/com/ichi2/utils/PermissionsTest.kt,0.00314066263099655,193.0,2.0,2.0,0.0,0.010068892421833599,0,NONE,
824,AnkiDroid/src/main/java/com/ichi2/anki/jsaddons/NpmUtils.kt,0.003129427280111165,32.0,2.0,2.0,1.0,0.010068892421833599,0,CRITICAL,CRITICAL:1
825,AnkiDroid/src/main/java/com/ichi2/utils/NoteFieldDecorator.kt,0.003129427280111165,32.0,2.0,2.0,1.0,0.010068892421833599,0,MAJOR,MAJOR:1
826,AnkiDroid/src/main/res/layout/my_account_logged_in.xml,0.003124389767623511,192.0,8.0,5.0,0.0,0.010068892421833599,0,NONE,
827,AnkiDroid/src/main/res/values-hu/01-core.xml,0.003124389767623511,192.0,31.0,1.0,0.0,0.010068892421833599,0,NONE,
828,AnkiDroid/src/test/java/com/ichi2/anki/preferences/reviewer/MenuDisplayTypeTest.kt,0.003124389767623511,192.0,2.0,1.0,0.0,0.010068892421833599,0,NONE,
829,common/android/src/main/java/com/ichi2/anki/CrashReportService.kt,0.003124389767623511,192.0,1.0,1.0,0.0,0.010068892421833599,0,NONE,
830,AnkiDroid/src/main/java/com/ichi2/compat/customtabs/CustomTabsHelper.kt,0.0031131544167381257,31.0,7.0,3.0,1.0,0.010068892421833599,0,MAJOR,MAJOR:1
831,.github/workflows/compare_apk_size.yml,0.003108116904250472,191.0,15.0,6.0,0.0,0.010068892421833599,0,NONE,
832,AnkiDroid/src/main/res/values-sk/01-core.xml,0.003108116904250472,191.0,30.0,1.0,0.0,0.010068892421833599,0,NONE,
833,AnkiDroid/src/main/java/com/ichi2/anki/multimediacard/AudioRecorder.kt,0.003091844040877433,190.0,5.0,4.0,0.0,0.010068892421833599,0,NONE,
834,AnkiDroid/src/main/java/com/ichi2/anki/utils/CardTemplateJson.kt,0.003091844040877433,190.0,4.0,2.0,0.0,0.010068892421833599,0,NONE,
835,AnkiDroid/src/test/java/com/ichi2/anki/ui/windows/reviewer/audiorecord/CheckPronunciationViewModelTest.kt,0.003091844040877433,190.0,2.0,2.0,0.0,0.010068892421833599,0,NONE,
836,AnkiDroid/src/main/java/com/ichi2/preferences/DialogFragmentProvider.kt,0.0030806086899920473,29.0,2.0,1.0,1.0,0.010068892421833599,0,MAJOR,MAJOR:1
837,AnkiDroid/src/main/res/values-ca/03-dialogs.xml,0.0030755711775043936,189.0,46.0,1.0,0.0,0.010068892421833599,0,NONE,
838,AnkiDroid/src/test/java/com/ichi2/anki/ui/windows/reviewer/whiteboard/MultiTouchDetectorTest.kt,0.0030755711775043936,189.0,1.0,1.0,0.0,0.010068892421833599,0,NONE,
839,AnkiDroid/src/main/res/values-sv/01-core.xml,0.0030592983141313544,188.0,30.0,1.0,0.0,0.010068892421833599,0,NONE,
840,lint-rules/src/main/java/com/ichi2/anki/lint/rules/ActivityLayoutPrefixDetector.kt,0.0030592983141313544,188.0,2.0,2.0,0.0,0.010068892421833599,0,NONE,
841,AnkiDroid/src/main/java/com/ichi2/anki/deckpicker/BackgroundImage.kt,0.0030430254507583156,187.0,9.0,2.0,0.0,0.010068892421833599,0,NONE,
842,AnkiDroid/src/main/res/values-tt/03-dialogs.xml,0.0030430254507583156,187.0,41.0,1.0,0.0,0.010068892421833599,0,NONE,
843,AnkiDroid/src/test/java/com/ichi2/anki/ui/windows/reviewer/AnswerTimerTest.kt,0.0030430254507583156,187.0,1.0,1.0,0.0,0.010068892421833599,0,NONE,
844,AnkiDroid/src/main/java/com/ichi2/anki/preferences/DeveloperOptionsFragment.kt,0.0030317900998729297,26.0,3.0,2.0,1.0,0.010068892421833599,0,CRITICAL,CRITICAL:1
845,AnkiDroid/src/main/java/com/ichi2/anki/DeckUtils.kt,0.0030267525873852764,186.0,8.0,4.0,0.0,0.010068892421833599,0,NONE,
846,AnkiDroid/src/main/java/com/ichi2/anki/preferences/AboutFragment.kt,0.0030267525873852764,186.0,14.0,6.0,0.0,0.010068892421833599,0,NONE,
847,AnkiDroid/src/main/java/com/ichi2/anki/preferences/reviewer/ReviewerMenuSettingsAdapter.kt,0.0030267525873852764,186.0,6.0,2.0,0.0,0.010068892421833599,0,NONE,
848,AnkiDroid/src/main/res/layout/fragment_find_replace.xml,0.0030267525873852764,186.0,2.0,1.0,0.0,0.010068892421833599,0,NONE,
849,AnkiDroid/src/main/res/values-ar/07-cardbrowser.xml,0.0030267525873852764,186.0,23.0,1.0,0.0,0.010068892421833599,0,NONE,
850,lint-rules/src/test/java/com/ichi2/anki/lint/rules/TranslationTypoTest.kt,0.0030267525873852764,186.0,4.0,1.0,0.0,0.010068892421833599,0,NONE,
851,AnkiDroid/src/main/res/values-ckb/03-dialogs.xml,0.0030104797240122372,185.0,44.0,1.0,0.0,0.010068892421833599,0,NONE,
852,AnkiDroid/src/main/java/com/ichi2/anki/reviewreminders/ReviewReminderSchema.kt,0.002994206860639198,184.0,2.0,1.0,0.0,0.010068892421833599,0,NONE,
853,common/src/main/java/com/ichi2/anki/common/json/JSONContainer.kt,0.002994206860639198,184.0,3.0,2.0,0.0,0.010068892421833599,0,NONE,
854,AnkiDroid/src/main/java/com/ichi2/anki/utils/Destination.kt,0.0029829715097538126,23.0,1.0,1.0,1.0,0.010068892421833599,0,MAJOR,MAJOR:1
855,AnkiDroid/src/main/java/com/ichi2/ui/KeyPicker.kt,0.0029829715097538126,23.0,1.0,1.0,1.0,0.010068892421833599,0,MINOR,MINOR:1
856,AnkiDroid/src/main/java/com/ichi2/anki/preferences/SettingsFragment.kt,0.002977933997266159,183.0,13.0,3.0,0.0,0.010068892421833599,0,NONE,
857,AnkiDroid/src/main/res/values-eu/03-dialogs.xml,0.002977933997266159,183.0,44.0,1.0,0.0,0.010068892421833599,0,NONE,
858,AnkiDroid/src/main/res/values-fy/03-dialogs.xml,0.002977933997266159,183.0,44.0,1.0,0.0,0.010068892421833599,0,NONE,
859,AnkiDroid/src/main/res/values-lv/07-cardbrowser.xml,0.002977933997266159,183.0,18.0,1.0,0.0,0.010068892421833599,0,NONE,
860,tools/release.sh,0.002977933997266159,183.0,12.0,6.0,0.0,0.010068892421833599,0,NONE,
861,AnkiDroid/src/main/java/com/ichi2/compat/customtabs/CustomTabActivityHelper.kt,0.0029666986463807734,22.0,3.0,3.0,1.0,0.010068892421833599,0,MAJOR,MAJOR:1
862,.github/workflows/conflict.yaml,0.0029616611338931197,182.0,8.0,5.0,0.0,0.010068892421833599,0,NONE,
863,lint-rules/src/main/java/com/ichi2/anki/lint/rules/DuplicateCrowdInStrings.kt,0.002950425783007734,21.0,2.0,2.0,1.0,0.010068892421833599,0,CRITICAL,CRITICAL:1
864,AnkiDroid/src/main/res/values-hr/07-cardbrowser.xml,0.002945388270520081,181.0,15.0,1.0,0.0,0.010068892421833599,0,NONE,
865,AnkiDroid/src/main/res/values-ku/01-core.xml,0.002945388270520081,181.0,28.0,1.0,0.0,0.010068892421833599,0,NONE,
866,AnkiDroid/src/test/java/com/ichi2/anki/export/ExportDialogFragmentTest.kt,0.002945388270520081,181.0,3.0,3.0,0.0,0.010068892421833599,0,NONE,
867,AnkiDroid/src/main/java/com/ichi2/anki/ui/windows/managespace/FileUtils.kt,0.0029178800562616562,19.0,4.0,2.0,1.0,0.010068892421833599,0,INFO,INFO:1
868,AnkiDroid/src/main/res/values/constants.xml,0.0029128425437740025,179.0,34.0,12.0,0.0,0.010068892421833599,0,NONE,
869,AnkiDroid/src/main/java/com/ichi2/anki/workarounds/AppLoadedFromBackupWorkaround.kt,0.002901607192888617,18.0,5.0,2.0,1.0,0.010068892421833599,0,INFO,INFO:1
870,AnkiDroid/src/main/java/com/ichi2/anki/servicelayer/scopedstorage/MoveConflictedFile.kt,0.0028965696804009633,178.0,2.0,2.0,0.0,0.010068892421833599,0,NONE,
871,AnkiDroid/src/test/java/com/ichi2/anki/analytics/PreferencesAnalyticsTest.kt,0.0028965696804009633,178.0,22.0,6.0,0.0,0.010068892421833599,0,NONE,
872,AnkiDroid/src/main/java/com/ichi2/anki/preferences/reviewer/ReviewerMenuSettingsFragment.kt,0.002880296817027924,177.0,7.0,2.0,0.0,0.010068892421833599,0,NONE,
873,AnkiDroid/src/main/res/values-ku/03-dialogs.xml,0.002880296817027924,177.0,43.0,1.0,0.0,0.010068892421833599,0,NONE,
874,AnkiDroid/src/test/java/com/ichi2/libanki/CardTest.kt,0.002880296817027924,177.0,12.0,3.0,0.0,0.010068892421833599,0,NONE,
875,AnkiDroid/src/main/java/com/ichi2/anki/CardTemplateBrowserAppearanceEditor.kt,0.002864023953654885,176.0,13.0,5.0,0.0,0.010068892421833599,0,NONE,
876,AnkiDroid/src/main/res/values-sl/03-dialogs.xml,0.002864023953654885,176.0,41.0,1.0,0.0,0.010068892421833599,0,NONE,
877,libanki/testutils/build.gradle.kts,0.002864023953654885,176.0,7.0,2.0,0.0,0.010068892421833599,0,NONE,
878,AnkiDroid/src/main/res/values-kk/03-dialogs.xml,0.002847751090281846,175.0,43.0,1.0,0.0,0.010068892421833599,0,NONE,
879,AnkiDroid/src/main/res/values-ky/03-dialogs.xml,0.002847751090281846,175.0,43.0,1.0,0.0,0.010068892421833599,0,NONE,
880,AnkiDroid/src/main/res/values-mk/03-dialogs.xml,0.002847751090281846,175.0,43.0,1.0,0.0,0.010068892421833599,0,NONE,
881,AnkiDroid/src/main/res/values-mn/03-dialogs.xml,0.002847751090281846,175.0,43.0,1.0,0.0,0.010068892421833599,0,NONE,
882,AnkiDroid/src/test/java/com/ichi2/utils/FileUtilTest.kt,0.002847751090281846,175.0,3.0,2.0,0.0,0.010068892421833599,0,NONE,
883,AnkiDroid/src/main/res/layout/bottomsheet_multimedia.xml,0.002831478226908807,174.0,3.0,2.0,0.0,0.010068892421833599,0,NONE,
884,AnkiDroid/src/main/res/values-ro/03-dialogs.xml,0.002831478226908807,174.0,42.0,1.0,0.0,0.010068892421833599,0,NONE,
885,AnkiDroid/src/main/res/values-tt/01-core.xml,0.002831478226908807,174.0,28.0,1.0,0.0,0.010068892421833599,0,NONE,
886,AnkiDroid/src/test/java/com/ichi2/anki/previewer/TemplatePreviewerViewModelTest.kt,0.002831478226908807,174.0,7.0,4.0,0.0,0.010068892421833599,0,NONE,
887,AnkiDroid/src/test/java/com/ichi2/anki/services/NoteServiceTest.kt,0.002831478226908807,174.0,11.0,4.0,0.0,0.010068892421833599,0,NONE,
888,AnkiDroid/src/test/java/com/ichi2/anki/sync/MeteredSyncPolicyTest.kt,0.002831478226908807,174.0,2.0,1.0,0.0,0.010068892421833599,0,NONE,
889,AnkiDroid/src/main/java/com/ichi2/anki/browser/ColumnSelectionDialogFragment.kt,0.0027989325001627286,172.0,5.0,4.0,0.0,0.010068892421833599,0,NONE,
890,AnkiDroid/src/main/res/values-sr/03-dialogs.xml,0.0027989325001627286,172.0,41.0,1.0,0.0,0.010068892421833599,0,NONE,
891,AnkiDroid/src/test/java/com/ichi2/anki/browser/FindAndReplaceDialogFragmentTest.kt,0.0027989325001627286,172.0,1.0,1.0,0.0,0.010068892421833599,0,NONE,
892,AnkiDroid/src/main/java/com/ichi2/anki/dialogs/ImportDialog.kt,0.0027826596367896894,171.0,7.0,2.0,0.0,0.010068892421833599,0,NONE,
893,AnkiDroid/src/main/java/com/ichi2/compat/Compat.kt,0.0027826596367896894,171.0,13.0,8.0,0.0,0.010068892421833599,0,NONE,
894,AnkiDroid/src/main/java/com/ichi2/libanki/StdModels.kt,0.0027826596367896894,171.0,1.0,1.0,0.0,0.010068892421833599,0,NONE,
895,AnkiDroid/src/main/res/values-ky/01-core.xml,0.0027826596367896894,171.0,28.0,1.0,0.0,0.010068892421833599,0,NONE,
896,AnkiDroid/src/test/java/com/ichi2/anki/settings/PrefsDelegatesTest.kt,0.0027826596367896894,171.0,6.0,2.0,0.0,0.010068892421833599,0,NONE,
897,AnkiDroid/src/main/res/values-ar/11-arrays.xml,0.00276638677341665,170.0,14.0,1.0,0.0,0.010068892421833599,0,NONE,
898,AnkiDroid/src/main/res/values-is/07-cardbrowser.xml,0.00276638677341665,170.0,13.0,2.0,0.0,0.010068892421833599,0,NONE,
899,AnkiDroid/src/main/res/values-mn/01-core.xml,0.00276638677341665,170.0,28.0,1.0,0.0,0.010068892421833599,0,NONE,
900,AnkiDroid/src/main/res/values-my/01-core.xml,0.00276638677341665,170.0,27.0,1.0,0.0,0.010068892421833599,0,NONE,
901,AnkiDroid/src/main/java/com/ichi2/anki/browser/ReverseDirection.kt,0.0027551514225312647,9.0,3.0,1.0,1.0,0.010068892421833599,0,INFO,INFO:1
902,AnkiDroid/src/main/java/com/ichi2/anki/logging/ProductionCrashReportingTree.kt,0.0027551514225312647,9.0,2.0,1.0,1.0,0.010068892421833599,0,MAJOR,MAJOR:1
903,AnkiDroid/src/main/java/com/ichi2/ui/OnGestureListener.kt,0.0027551514225312647,9.0,1.0,1.0,1.0,0.010068892421833599,0,INFO,INFO:1
904,AnkiDroid/src/main/java/com/ichi2/anki/reviewer/ReviewerBinding.kt,0.0027501139100436114,169.0,6.0,2.0,0.0,0.010068892421833599,0,NONE,
905,AnkiDroid/src/main/res/values-sl/01-core.xml,0.0027501139100436114,169.0,26.0,1.0,0.0,0.010068892421833599,0,NONE,
906,AnkiDroid/src/main/java/com/ichi2/anki/utils/Time.kt,0.0027338410466705722,168.0,9.0,6.0,0.0,0.010068892421833599,0,NONE,
907,AnkiDroid/src/main/java/com/ichi2/compat/BaseCompat.kt,0.0027338410466705722,168.0,11.0,6.0,0.0,0.010068892421833599,0,NONE,
908,AnkiDroid/src/main/res/values-my/03-dialogs.xml,0.0027338410466705722,168.0,42.0,1.0,0.0,0.010068892421833599,0,NONE,
909,libanki/src/main/java/com/ichi2/anki/libanki/utils/PythonExtensions.kt,0.0027226056957851867,7.0,3.0,2.0,1.0,0.010068892421833599,0,MAJOR,MAJOR:1
910,AnkiDroid/src/main/res/values-mk/01-core.xml,0.002717568183297533,167.0,27.0,1.0,0.0,0.010068892421833599,0,NONE,
911,AnkiDroid/src/main/assets/scripts/ankidroid-cardviewer.js,0.0027063328324121476,6.0,2.0,1.0,1.0,0.010068892421833599,0,BLOCKER,BLOCKER:1
912,AnkiDroid/src/main/java/com/ichi2/anki/workarounds/FullDraggableContainerFix.kt,0.0027063328324121476,6.0,1.0,1.0,1.0,0.010068892421833599,0,MINOR,MINOR:1
913,lint-rules/src/main/java/com/ichi2/anki/lint/rules/JUnitNullAssertionDetector.kt,0.0027063328324121476,6.0,1.0,1.0,1.0,0.010068892421833599,0,INFO,INFO:1
914,AnkiDroid/src/main/res/values-et/07-cardbrowser.xml,0.002701295319924494,166.0,17.0,1.0,0.0,0.010068892421833599,0,NONE,
915,AnkiDroid/src/main/res/values-fil/11-arrays.xml,0.002701295319924494,166.0,10.0,1.0,0.0,0.010068892421833599,0,NONE,
916,AnkiDroid/src/test/java/com/ichi2/anki/browser/search/SearchRequestTest.kt,0.002701295319924494,166.0,5.0,1.0,0.0,0.010068892421833599,0,NONE,
917,AnkiDroid/src/main/res/values-bg/03-dialogs.xml,0.0026850224565514546,165.0,43.0,1.0,0.0,0.010068892421833599,0,NONE,
918,AnkiDroid/src/main/res/values-ko/07-cardbrowser.xml,0.0026850224565514546,165.0,19.0,1.0,0.0,0.010068892421833599,0,NONE,
919,AnkiDroid/src/main/res/values-bn/11-arrays.xml,0.002668749593178416,164.0,11.0,1.0,0.0,0.010068892421833599,0,NONE,
920,AnkiDroid/src/main/res/values-gl/07-cardbrowser.xml,0.002668749593178416,164.0,23.0,1.0,0.0,0.010068892421833599,0,NONE,
921,AnkiDroid/src/main/res/values-got/17-model-manager.xml,0.002668749593178416,164.0,13.0,1.0,0.0,0.010068892421833599,0,NONE,
922,AnkiDroid/src/main/res/values-nn/03-dialogs.xml,0.002668749593178416,164.0,42.0,1.0,0.0,0.010068892421833599,0,NONE,
923,AnkiDroid/src/main/res/values-no/03-dialogs.xml,0.002668749593178416,164.0,42.0,1.0,0.0,0.010068892421833599,0,NONE,
924,AnkiDroid/src/test/java/com/ichi2/anki/dialogs/tags/TagsDialogViewModelTest.kt,0.002668749593178416,164.0,1.0,1.0,0.0,0.010068892421833599,0,NONE,
925,lint-rules/src/main/java/com/ichi2/anki/lint/utils/Crowdin.kt,0.002668749593178416,164.0,4.0,2.0,0.0,0.010068892421833599,0,NONE,
926,AnkiDroid/src/main/java/com/ichi2/anki/ui/ResizablePaneManager.kt,0.0026524767298053767,163.0,4.0,2.0,0.0,0.010068892421833599,0,NONE,
927,AnkiDroid/src/main/res/values-jv/07-cardbrowser.xml,0.0026524767298053767,163.0,13.0,2.0,0.0,0.010068892421833599,0,NONE,
928,libanki/src/test/java/com/ichi2/anki/libanki/CardTest.kt,0.0026524767298053767,163.0,7.0,4.0,0.0,0.010068892421833599,0,NONE,
929,compat/src/main/java/com/ichi2/anki/compat/UtteranceProgressListenerCompat.kt,0.002641241378919991,2.0,1.0,1.0,1.0,0.010068892421833599,0,INFO,INFO:1
930,AnkiDroid/src/main/res/layout/item_manage_note_type.xml,0.0026362038664323375,162.0,4.0,3.0,0.0,0.010068892421833599,0,NONE,
931,AnkiDroid/src/main/res/values-ms/01-core.xml,0.0026362038664323375,162.0,27.0,1.0,0.0,0.010068892421833599,0,NONE,
932,AnkiDroid/src/main/res/values-ms/03-dialogs.xml,0.0026362038664323375,162.0,41.0,1.0,0.0,0.010068892421833599,0,NONE,
933,AnkiDroid/src/main/res/values-ug/07-cardbrowser.xml,0.0026362038664323375,162.0,17.0,1.0,0.0,0.010068892421833599,0,NONE,
934,AnkiDroid/src/test/java/com/ichi2/anki/DeckPickerNoExternalFilesDirTest.kt,0.0026362038664323375,162.0,5.0,1.0,0.0,0.010068892421833599,0,NONE,
935,libanki/src/main/java/com/ichi2/anki/libanki/sched/Ease.kt,0.002624968515546952,1.0,2.0,2.0,1.0,0.010068892421833599,0,INFO,INFO:1
936,AnkiDroid/src/main/res/values-ti/01-core.xml,0.0026199310030592983,161.0,25.0,1.0,0.0,0.010068892421833599,0,NONE,
937,common/build.gradle.kts,0.0026199310030592983,161.0,16.0,4.0,0.0,0.010068892421833599,0,NONE,
938,libanki/src/test/java/com/ichi2/anki/libanki/SortOrderTest.kt,0.0026199310030592983,161.0,5.0,1.0,0.0,0.010068892421833599,0,NONE,
939,AnkiDroid/src/main/java/com/ichi2/ui/TextInputEditField.kt,0.002608695652173913,0.0,0.0,0.0,1.0,0.010068892421833599,0,MAJOR,MAJOR:1
940,AnkiDroid/src/main/java/com/ichi2/utils/FragmentManagerSupplier.kt,0.002608695652173913,0.0,0.0,0.0,1.0,0.010068892421833599,0,MAJOR,MAJOR:1
941,AnkiDroid/src/main/java/com/ichi2/utils/MenuItemUtil.kt,0.002608695652173913,0.0,0.0,0.0,1.0,0.010068892421833599,0,INFO,INFO:1
942,AnkiDroid/src/main/res/layout/item_browser_columns_entry.xml,0.002608695652173913,0.0,1.0,1.0,1.0,0.010068892421833599,0,INFO,INFO:1
943,AnkiDroid/src/main/res/layout/item_tts_voice.xml,0.002608695652173913,0.0,1.0,1.0,1.0,0.010068892421833599,0,INFO,INFO:1
944,AnkiDroid/src/main/res/layout/view_colorpicker_flag_bubble.xml,0.002608695652173913,0.0,1.0,1.0,1.0,0.010068892421833599,0,INFO,INFO:1
945,libanki/src/main/java/com/ichi2/anki/libanki/TemplateManager.kt,0.002608695652173913,0.0,1.0,1.0,1.0,0.010068892421833599,0,MAJOR,MAJOR:1
946,libanki/src/main/java/com/ichi2/anki/libanki/Tts.kt,0.002608695652173913,0.0,1.0,1.0,1.0,0.010068892421833599,0,MAJOR,MAJOR:1
947,libanki/src/main/java/com/ichi2/anki/libanki/sched/DeckNode.kt,0.002608695652173913,0.0,1.0,1.0,1.0,0.010068892421833599,0,INFO,INFO:1
948,lint-rules/src/main/java/com/ichi2/anki/lint/rules/NonPositionalFormatSubstitutions.kt,0.002608695652173913,0.0,0.0,0.0,1.0,0.010068892421833599,0,MAJOR,MAJOR:1
949,lint-rules/src/main/java/com/ichi2/anki/lint/utils/Aapt2Util.kt,0.002608695652173913,0.0,0.0,0.0,1.0,0.010068892421833599,0,CRITICAL,CRITICAL:1
950,vbpd/src/main/java/dev/androidbroadcast/vbpd/ViewGroupBindings.kt,0.002608695652173913,0.0,1.0,1.0,1.0,0.010068892421833599,0,INFO,INFO:1
951,vbpd/src/main/java/dev/androidbroadcast/vbpd/internal/VbpdUtils.kt,0.002608695652173913,0.0,1.0,1.0,1.0,0.010068892421833599,0,MAJOR,MAJOR:1
952,AnkiDroid/src/main/java/com/ichi2/anki/dialogs/LoadingDialogFragment.kt,0.002603658139686259,160.0,2.0,2.0,0.0,0.010068892421833599,0,NONE,
953,AnkiDroid/src/main/java/com/ichi2/widget/WidgetConfigScreenAdapter.kt,0.002603658139686259,160.0,9.0,3.0,0.0,0.010068892421833599,0,NONE,
954,AnkiDroid/src/main/res/layout/widget_deck_picker_drawable_v31.xml,0.002603658139686259,160.0,2.0,1.0,0.0,0.010068892421833599,0,NONE,
955,AnkiDroid/src/main/res/xml/preferences_dev_options.xml,0.002603658139686259,160.0,25.0,8.0,0.0,0.010068892421833599,0,NONE,
956,AnkiDroid/src/main/java/com/ichi2/preferences/ListPreferenceTrait.kt,0.00258738527631322,159.0,2.0,1.0,0.0,0.010068892421833599,0,NONE,
957,AnkiDroid/src/main/java/dev/androidbroadcast/vbpd/ActivityViewBindings.kt,0.00258738527631322,159.0,1.0,1.0,0.0,0.010068892421833599,0,NONE,
958,AnkiDroid/src/main/res/values-tgl/01-core.xml,0.00258738527631322,159.0,24.0,1.0,0.0,0.010068892421833599,0,NONE,
959,AnkiDroid/src/main/res/values-tgl/03-dialogs.xml,0.00258738527631322,159.0,39.0,1.0,0.0,0.010068892421833599,0,NONE,
960,AnkiDroid/src/main/res/values-ti/03-dialogs.xml,0.00258738527631322,159.0,39.0,1.0,0.0,0.010068892421833599,0,NONE,
961,lint-rules/src/test/java/com/ichi2/anki/lint/utils/CrowdinLanguageTagTest.kt,0.00258738527631322,159.0,1.0,1.0,0.0,0.010068892421833599,0,NONE,
962,AnkiDroid/src/androidTest/java/com/ichi2/anki/DeckPickerTest.kt,0.002571112412940181,158.0,9.0,4.0,0.0,0.010068892421833599,0,NONE,
963,AnkiDroid/src/main/java/dev/androidbroadcast/vbpd/FragmentViewBindings.kt,0.002571112412940181,158.0,1.0,1.0,0.0,0.010068892421833599,0,NONE,
964,AnkiDroid/src/main/res/values-et/11-arrays.xml,0.002571112412940181,158.0,10.0,1.0,0.0,0.010068892421833599,0,NONE,
965,AnkiDroid/src/main/res/values-pa/11-arrays.xml,0.002571112412940181,158.0,11.0,1.0,0.0,0.010068892421833599,0,NONE,
966,AnkiDroid/src/main/res/values-uz/07-cardbrowser.xml,0.002571112412940181,158.0,19.0,1.0,0.0,0.010068892421833599,0,NONE,
967,AnkiDroid/src/test/java/com/ichi2/anki/widget/DeckPickerWidgetConfigTest.kt,0.002571112412940181,158.0,1.0,1.0,0.0,0.010068892421833599,0,NONE,
968,AnkiDroid/src/main/java/com/ichi2/anki/DrawingActivity.kt,0.002554839549567142,157.0,6.0,5.0,0.0,0.010068892421833599,0,NONE,
969,AnkiDroid/src/main/java/com/ichi2/anki/dialogs/ExportReadyDialog.kt,0.002554839549567142,157.0,11.0,4.0,0.0,0.010068892421833599,0,NONE,
970,AnkiDroid/src/main/res/values-hy/03-dialogs.xml,0.002554839549567142,157.0,43.0,1.0,0.0,0.010068892421833599,0,NONE,
971,libanki/src/main/java/com/ichi2/anki/libanki/SortOrder.kt,0.002554839549567142,157.0,7.0,1.0,0.0,0.010068892421833599,0,NONE,
972,libanki/testutils/src/main/java/com/ichi2/anki/libanki/testutils/TestCollectionManager.kt,0.002554839549567142,157.0,3.0,1.0,0.0,0.010068892421833599,0,NONE,
973,AnkiDroid/src/main/java/com/ichi2/anki/Undo.kt,0.0025385666861941028,156.0,7.0,2.0,0.0,0.010068892421833599,0,NONE,
974,AnkiDroid/src/main/assets/fonts/freefont/GNU GENERAL PUBLIC LICENSE.txt,0.0025222938228210636,155.0,1.0,1.0,0.0,0.010068892421833599,0,NONE,
975,AnkiDroid/src/main/java/com/ichi2/anki/android/input/Shortcut.kt,0.0025222938228210636,155.0,7.0,4.0,0.0,0.010068892421833599,0,NONE,
976,AnkiDroid/src/main/res/values-th/03-dialogs.xml,0.0025222938228210636,155.0,39.0,1.0,0.0,0.010068892421833599,0,NONE,
977,AnkiDroid/src/main/java/com/ichi2/anki/multimedia/MultimediaBottomSheet.kt,0.0025060209594480244,154.0,6.0,2.0,0.0,0.010068892421833599,0,NONE,
978,AnkiDroid/src/main/java/com/ichi2/anki/preferences/ReviewingSettingsFragment.kt,0.0025060209594480244,154.0,12.0,6.0,0.0,0.010068892421833599,0,NONE,
979,AnkiDroid/src/main/java/com/ichi2/anki/recorder/AudioTimer.kt,0.0025060209594480244,154.0,1.0,1.0,0.0,0.010068892421833599,0,NONE,
980,AnkiDroid/src/main/java/com/ichi2/anki/ui/windows/reviewer/whiteboard/MultiTouchDetector.kt,0.0025060209594480244,154.0,3.0,1.0,0.0,0.010068892421833599,0,NONE,
981,AnkiDroid/src/test/java/com/ichi2/anki/dialogs/ImportFileSelectionFragmentTest.kt,0.0025060209594480244,154.0,1.0,1.0,0.0,0.010068892421833599,0,NONE,
982,AnkiDroid/src/main/java/com/ichi2/anki/notetype/ManageNoteTypesState.kt,0.002489748096074985,153.0,5.0,2.0,0.0,0.010068892421833599,0,NONE,
983,AnkiDroid/src/test/java/com/ichi2/anki/multimediacard/fields/BasicImageFieldControllerTest.kt,0.002489748096074985,153.0,4.0,4.0,0.0,0.010068892421833599,0,NONE,
984,AnkiDroid/src/main/java/com/ichi2/compat/VibrationAttributesCompat.kt,0.0024734752327019464,152.0,1.0,1.0,0.0,0.010068892421833599,0,NONE,
985,AnkiDroid/src/main/res/drawable/login_logo.xml,0.0024734752327019464,152.0,1.0,1.0,0.0,0.010068892421833599,0,NONE,
986,AnkiDroid/src/main/res/layout/image_occlusion_options_layout.xml,0.0024734752327019464,152.0,4.0,3.0,0.0,0.010068892421833599,0,NONE,
987,AnkiDroid/src/main/res/layout-land/view_audio_recorder.xml,0.002457202369328907,151.0,1.0,1.0,0.0,0.010068892421833599,0,NONE,
988,AnkiDroid/src/main/res/layout/audio_record_view.xml,0.002457202369328907,151.0,2.0,1.0,0.0,0.010068892421833599,0,NONE,
989,AnkiDroid/src/main/res/layout/view_audio_recorder.xml,0.002457202369328907,151.0,1.0,1.0,0.0,0.010068892421833599,0,NONE,
990,AnkiDroid/src/androidTest/java/com/ichi2/anki/testutil/DeckPicker.kt,0.002440929505955868,150.0,4.0,2.0,0.0,0.010068892421833599,0,NONE,
991,AnkiDroid/src/main/java/com/ichi2/anki/preferences/reviewer/MenuDisplayType.kt,0.002440929505955868,150.0,2.0,1.0,0.0,0.010068892421833599,0,NONE,
992,AnkiDroid/src/main/java/com/ichi2/anki/ui/windows/reviewer/audiorecord/AudioPlayView.kt,0.002440929505955868,150.0,4.0,3.0,0.0,0.010068892421833599,0,NONE,
993,AnkiDroid/src/main/res/values-gu/07-cardbrowser.xml,0.002440929505955868,150.0,17.0,1.0,0.0,0.010068892421833599,0,NONE,
994,AnkiDroid/src/main/java/com/ichi2/anki/ui/windows/permissions/AllPermissionsExplanationFragment.kt,0.002424656642582829,149.0,4.0,3.0,0.0,0.010068892421833599,0,NONE,
995,AnkiDroid/src/main/java/com/ichi2/libanki/sched/DeckNode.kt,0.002424656642582829,149.0,9.0,9.0,0.0,0.010068892421833599,0,NONE,
996,AnkiDroid/src/main/res/layout/dialog_empty_cards.xml,0.002424656642582829,149.0,5.0,3.0,0.0,0.010068892421833599,0,NONE,
997,AnkiDroid/src/main/res/values-iw/11-arrays.xml,0.002424656642582829,149.0,11.0,1.0,0.0,0.010068892421833599,0,NONE,
998,AnkiDroid/src/main/res/values-es-rES/11-arrays.xml,0.0024083837792097896,148.0,14.0,1.0,0.0,0.010068892421833599,0,NONE,
999,AnkiDroid/src/test/java/com/ichi2/anki/ui/windows/reviewer/StudyScreenRepositoryTest.kt,0.0024083837792097896,148.0,2.0,1.0,0.0,0.010068892421833599,0,NONE,
1000,AnkiDroid/src/main/res/values-is/11-arrays.xml,0.0023921109158367504,147.0,8.0,2.0,0.0,0.010068892421833599,0,NONE,
1001,AnkiDroid/src/main/res/values-jv/11-arrays.xml,0.0023921109158367504,147.0,8.0,2.0,0.0,0.010068892421833599,0,NONE,
1002,AnkiDroid/src/main/res/values-ss/11-arrays.xml,0.0023921109158367504,147.0,8.0,2.0,0.0,0.010068892421833599,0,NONE,
1003,AnkiDroid/src/main/res/values-sw/11-arrays.xml,0.0023921109158367504,147.0,8.0,2.0,0.0,0.010068892421833599,0,NONE,
1004,AnkiDroid/src/main/res/values-tg/11-arrays.xml,0.0023921109158367504,147.0,8.0,2.0,0.0,0.010068892421833599,0,NONE,
1005,AnkiDroid/src/main/java/com/ichi2/anki/ui/windows/permissions/PermissionsFragment.kt,0.0023758380524637117,146.0,7.0,4.0,0.0,0.010068892421833599,0,NONE,
1006,AnkiDroid/src/main/res/values-es-rAR/11-arrays.xml,0.0023758380524637117,146.0,14.0,1.0,0.0,0.010068892421833599,0,NONE,
1007,AnkiDroid/src/main/res/values-ml/07-cardbrowser.xml,0.0023758380524637117,146.0,16.0,1.0,0.0,0.010068892421833599,0,NONE,
1008,AnkiDroid/src/main/res/values-ss/07-cardbrowser.xml,0.0023758380524637117,146.0,11.0,2.0,0.0,0.010068892421833599,0,NONE,
1009,AnkiDroid/src/main/res/values-sw/07-cardbrowser.xml,0.0023758380524637117,146.0,11.0,2.0,0.0,0.010068892421833599,0,NONE,
1010,AnkiDroid/src/main/res/values-tg/07-cardbrowser.xml,0.0023758380524637117,146.0,11.0,2.0,0.0,0.010068892421833599,0,NONE,
1011,AnkiDroid/src/main/res/values-tn/07-cardbrowser.xml,0.0023758380524637117,146.0,11.0,2.0,0.0,0.010068892421833599,0,NONE,
1012,AnkiDroid/src/main/res/values-ts/07-cardbrowser.xml,0.0023758380524637117,146.0,11.0,2.0,0.0,0.010068892421833599,0,NONE,
1013,AnkiDroid/src/main/res/values-ve/07-cardbrowser.xml,0.0023758380524637117,146.0,11.0,2.0,0.0,0.010068892421833599,0,NONE,
1014,AnkiDroid/src/main/res/values-xh/07-cardbrowser.xml,0.0023758380524637117,146.0,11.0,2.0,0.0,0.010068892421833599,0,NONE,
1015,AnkiDroid/src/main/res/values-zu/07-cardbrowser.xml,0.0023758380524637117,146.0,11.0,2.0,0.0,0.010068892421833599,0,NONE,
1016,lint-rules/src/main/java/com/ichi2/anki/lint/rules/TranslationTypo.kt,0.0023758380524637117,146.0,12.0,6.0,0.0,0.010068892421833599,0,NONE,
1017,AnkiDroid/src/main/java/com/ichi2/anki/BackendExporting.kt,0.0023595651890906725,145.0,9.0,3.0,0.0,0.010068892421833599,0,NONE,
1018,AnkiDroid/src/test/java/com/ichi2/anki/multiprofile/ProfileNameTest.kt,0.0023595651890906725,145.0,1.0,1.0,0.0,0.010068892421833599,0,NONE,
1019,AnkiDroid/src/test/java/com/ichi2/anki/pages/StatisticsTest.kt,0.0023595651890906725,145.0,3.0,3.0,0.0,0.010068892421833599,0,NONE,
1020,AnkiDroid/src/main/java/com/ichi2/anki/i18n/LocaleCodes.kt,0.0023432923257176333,144.0,3.0,1.0,0.0,0.010068892421833599,0,NONE,
1021,AnkiDroid/src/main/java/com/ichi2/anki/ui/windows/reviewer/whiteboard/WhiteboardRepository.kt,0.0023432923257176333,144.0,3.0,2.0,0.0,0.010068892421833599,0,NONE,
1022,AnkiDroid/src/main/java/com/ichi2/ui/CollectionMediaImageGetter.kt,0.0023432923257176333,144.0,1.0,1.0,0.0,0.010068892421833599,0,NONE,
1023,AnkiDroid/src/main/res/values-gl/11-arrays.xml,0.0023432923257176333,144.0,14.0,1.0,0.0,0.010068892421833599,0,NONE,
1024,AnkiDroid/src/main/java/com/ichi2/anki/backend/BackendDBUtils.kt,0.002327019462344594,143.0,7.0,2.0,0.0,0.010068892421833599,0,NONE,
1025,AnkiDroid/src/main/res/values-tn/11-arrays.xml,0.002327019462344594,143.0,7.0,2.0,0.0,0.010068892421833599,0,NONE,
1026,AnkiDroid/src/main/res/values-ts/11-arrays.xml,0.002327019462344594,143.0,7.0,2.0,0.0,0.010068892421833599,0,NONE,
1027,AnkiDroid/src/main/res/values-ve/11-arrays.xml,0.002327019462344594,143.0,7.0,2.0,0.0,0.010068892421833599,0,NONE,
1028,AnkiDroid/src/main/res/values-wo/11-arrays.xml,0.002327019462344594,143.0,7.0,2.0,0.0,0.010068892421833599,0,NONE,
1029,AnkiDroid/src/main/res/values-xh/11-arrays.xml,0.002327019462344594,143.0,7.0,2.0,0.0,0.010068892421833599,0,NONE,
1030,AnkiDroid/src/main/res/values-yue/11-arrays.xml,0.002327019462344594,143.0,7.0,2.0,0.0,0.010068892421833599,0,NONE,
1031,AnkiDroid/src/main/res/values-zu/11-arrays.xml,0.002327019462344594,143.0,7.0,2.0,0.0,0.010068892421833599,0,NONE,
1032,AnkiDroid/src/test/java/com/ichi2/anki/browser/search/StandardSearchFragmentTest.kt,0.002327019462344594,143.0,3.0,1.0,0.0,0.010068892421833599,0,NONE,
1033,AnkiDroid/src/main/res/layout/fragment_schedule_reminders.xml,0.002310746598971555,142.0,8.0,2.0,0.0,0.010068892421833599,0,NONE,
1034,AnkiDroid/src/main/res/values-gu/11-arrays.xml,0.002310746598971555,142.0,11.0,1.0,0.0,0.010068892421833599,0,NONE,
1035,AnkiDroid/src/test/java/com/ichi2/anki/dialogs/InsertFieldDialogViewModelTest.kt,0.002310746598971555,142.0,3.0,1.0,0.0,0.010068892421833599,0,NONE,
1036,AnkiDroid/src/main/res/layout/cardbrowser_searchview.xml,0.002294473735598516,141.0,3.0,1.0,0.0,0.010068892421833599,0,NONE,
1037,AnkiDroid/src/test/java/com/ichi2/anki/servicemodel/PreferenceUpgradeServiceTest.kt,0.002294473735598516,141.0,7.0,4.0,0.0,0.010068892421833599,0,NONE,
1038,AnkiDroid/src/main/res/layout-xlarge/card_template_editor.xml,0.002278200872225477,140.0,6.0,3.0,0.0,0.010068892421833599,0,NONE,
1039,AnkiDroid/src/main/res/layout/reviewer_menu_item.xml,0.002278200872225477,140.0,3.0,1.0,0.0,0.010068892421833599,0,NONE,
1040,AnkiDroid/src/main/res/menu/deck_picker.xml,0.002278200872225477,140.0,6.0,5.0,0.0,0.010068892421833599,0,NONE,
1041,AnkiDroid/src/main/res/values-wo/07-cardbrowser.xml,0.002278200872225477,140.0,11.0,2.0,0.0,0.010068892421833599,0,NONE,
1042,AnkiDroid/src/main/res/values-yue/07-cardbrowser.xml,0.002278200872225477,140.0,11.0,2.0,0.0,0.010068892421833599,0,NONE,
1043,AnkiDroid/src/main/java/com/ichi2/libanki/CardTemplate.kt,0.0022619280088524377,139.0,4.0,2.0,0.0,0.010068892421833599,0,NONE,
1044,AnkiDroid/src/test/java/com/ichi2/anki/BackupManagerTest.kt,0.0022619280088524377,139.0,2.0,2.0,0.0,0.010068892421833599,0,NONE,
1045,AnkiDroid/src/test/java/com/ichi2/anki/servicelayer/scopedstorage/MigrateEssentialFilesIntegrationTest.kt,0.0022619280088524377,139.0,1.0,1.0,0.0,0.010068892421833599,0,NONE,
1046,AnkiDroid/src/test/java/com/ichi2/libanki/CollectionTest.kt,0.0022619280088524377,139.0,11.0,5.0,0.0,0.010068892421833599,0,NONE,
1047,AnkiDroid/src/test/java/com/ichi2/anki/multiprofile/ProfileSwitchGuardTest.kt,0.0022456551454793985,138.0,1.0,1.0,0.0,0.010068892421833599,0,NONE,
1048,AnkiDroid/src/main/java/com/ichi2/anki/filtered/FilteredDeckOptionsState.kt,0.0022293822821063593,137.0,4.0,1.0,0.0,0.010068892421833599,0,NONE,
1049,AnkiDroid/src/test/java/com/ichi2/anki/browser/search/SavedSearchesTest.kt,0.0022293822821063593,137.0,3.0,1.0,0.0,0.010068892421833599,0,NONE,
1050,AnkiDroid/src/test/java/com/ichi2/anki/ui/windows/reviewer/StudyScreenScreenshotTest.kt,0.0022293822821063593,137.0,4.0,1.0,0.0,0.010068892421833599,0,NONE,
1051,libanki/build.gradle.kts,0.0022293822821063593,137.0,12.0,2.0,0.0,0.010068892421833599,0,NONE,
1052,AnkiDroid/src/main/java/com/ichi2/anki/account/LoggedInFragment.kt,0.00221310941873332,136.0,3.0,2.0,0.0,0.010068892421833599,0,NONE,
1053,AnkiDroid/src/main/res/drawable/logged_in_logo.xml,0.00221310941873332,136.0,1.0,1.0,0.0,0.010068892421833599,0,NONE,
1054,AnkiDroid/src/main/res/layout/template_previewer.xml,0.00221310941873332,136.0,7.0,4.0,0.0,0.010068892421833599,0,NONE,
1055,AnkiDroid/src/main/res/values-iw/08-widget.xml,0.00221310941873332,136.0,9.0,1.0,0.0,0.010068892421833599,0,NONE,
1056,AnkiDroid/src/main/java/com/ichi2/anki/browser/ColumnWithSample.kt,0.0021968365553602814,135.0,2.0,1.0,0.0,0.010068892421833599,0,NONE,
1057,AnkiDroid/src/main/java/com/ichi2/anki/multimediacard/fields/BasicTextFieldController.kt,0.0021968365553602814,135.0,1.0,1.0,0.0,0.010068892421833599,0,NONE,
1058,AnkiDroid/src/main/java/com/ichi2/anki/ui/windows/reviewer/audiorecord/CheckPronunciationViewModel.kt,0.0021968365553602814,135.0,2.0,2.0,0.0,0.010068892421833599,0,NONE,
1059,AnkiDroid/src/main/res/values-pa/07-cardbrowser.xml,0.0021968365553602814,135.0,17.0,1.0,0.0,0.010068892421833599,0,NONE,
1060,AnkiDroid/src/main/java/com/ichi2/anki/servicelayer/DebugInfoService.kt,0.002180563691987242,134.0,13.0,5.0,0.0,0.010068892421833599,0,NONE,
1061,AnkiDroid/src/main/res/menu/reviewer.xml,0.002180563691987242,134.0,10.0,8.0,0.0,0.010068892421833599,0,NONE,
1062,AnkiDroid/src/main/res/values-ta/07-cardbrowser.xml,0.002180563691987242,134.0,17.0,1.0,0.0,0.010068892421833599,0,NONE,
1063,AnkiDroid/src/test/java/com/ichi2/testutils/TestChangeSubscriber.kt,0.002180563691987242,134.0,7.0,1.0,0.0,0.010068892421833599,0,NONE,
1064,AnkiDroid/src/main/java/com/ichi2/libanki/Field.kt,0.002164290828614203,133.0,7.0,2.0,0.0,0.010068892421833599,0,NONE,
1065,AnkiDroid/src/main/java/com/ichi2/libanki/Fields.kt,0.002164290828614203,133.0,3.0,1.0,0.0,0.010068892421833599,0,NONE,
1066,AnkiDroid/src/main/res/values-ug/11-arrays.xml,0.002164290828614203,133.0,9.0,1.0,0.0,0.010068892421833599,0,NONE,
1067,AnkiDroid/src/test/java/com/ichi2/anki/OnboardingFlagTest.kt,0.002164290828614203,133.0,1.0,1.0,0.0,0.010068892421833599,0,NONE,
1068,AnkiDroid/src/test/java/com/ichi2/anki/cardviewer/MediaErrorHandlerJvmTest.kt,0.002164290828614203,133.0,1.0,1.0,0.0,0.010068892421833599,0,NONE,
1069,AnkiDroid/src/androidTest/java/com/ichi2/anki/tests/libanki/MediaTest.kt,0.002148017965241164,132.0,16.0,7.0,0.0,0.010068892421833599,0,NONE,
1070,AnkiDroid/src/main/java/com/ichi2/anki/ui/windows/reviewer/StudyScreenRepository.kt,0.002148017965241164,132.0,13.0,1.0,0.0,0.010068892421833599,0,NONE,
1071,AnkiDroid/src/main/res/layout/card_browser.xml,0.002148017965241164,132.0,10.0,5.0,0.0,0.010068892421833599,0,NONE,
1072,AnkiDroid/src/main/res/values-pt-rPT/11-arrays.xml,0.002148017965241164,132.0,13.0,1.0,0.0,0.010068892421833599,0,NONE,
1073,AnkiDroid/src/main/assets/mathjax/sre/mathmaps/en.js,0.0021317451018681246,131.0,1.0,1.0,0.0,0.010068892421833599,0,NONE,
1074,AnkiDroid/src/main/java/com/ichi2/anki/dialogs/ConfirmationDialog.kt,0.0021317451018681246,131.0,7.0,1.0,0.0,0.010068892421833599,0,NONE,
1075,AnkiDroid/src/main/res/layout/card_browser_searchview_fragment.xml,0.0021317451018681246,131.0,7.0,1.0,0.0,0.010068892421833599,0,NONE,
1076,AnkiDroid/src/main/res/values-iw/16-multimedia-editor.xml,0.0021317451018681246,131.0,14.0,1.0,0.0,0.010068892421833599,0,NONE,
1077,AnkiDroid/src/main/res/values-iw/17-model-manager.xml,0.0021317451018681246,131.0,13.0,1.0,0.0,0.010068892421833599,0,NONE,
1078,AnkiDroid/src/main/java/com/ichi2/anki/multimedia/MultimediaViewModel.kt,0.0021154722384950854,130.0,7.0,3.0,0.0,0.010068892421833599,0,NONE,
1079,AnkiDroid/src/main/java/com/ichi2/anki/multimedia/audio/AudioTimer.kt,0.0021154722384950854,130.0,4.0,2.0,0.0,0.010068892421833599,0,NONE,
1080,AnkiDroid/src/main/res/values-uz/11-arrays.xml,0.0021154722384950854,130.0,11.0,1.0,0.0,0.010068892421833599,0,NONE,
1081,AnkiDroid/src/test/java/com/ichi2/preferences/NumberRangePreferenceCompatTest.kt,0.0021154722384950854,130.0,1.0,1.0,0.0,0.010068892421833599,0,NONE,
1082,AnkiDroid/src/test/java/com/ichi2/anki/servicelayer/ScopedStorageAndroidTest.kt,0.0020991993751220466,129.0,1.0,1.0,0.0,0.010068892421833599,0,NONE,
1083,build.gradle,0.0020991993751220466,129.0,1.0,1.0,0.0,0.010068892421833599,0,NONE,
1084,AnkiDroid/src/main/java/com/ichi2/anki/mediacheck/MediaCheckAdapter.kt,0.0020829265117490075,128.0,2.0,1.0,0.0,0.010068892421833599,0,NONE,
1085,AnkiDroid/src/main/res/values-be/07-cardbrowser.xml,0.0020829265117490075,128.0,21.0,1.0,0.0,0.010068892421833599,0,NONE,
1086,AnkiDroid/src/main/res/values/preferences.xml,0.0020666536483759683,127.0,67.0,12.0,0.0,0.010068892421833599,0,NONE,
1087,AnkiDroid/src/main/java/com/ichi2/anki/bottomsheet/ImageOcclusionBottomSheetFragment.kt,0.002050380785002929,126.0,4.0,3.0,0.0,0.010068892421833599,0,NONE,
1088,AnkiDroid/src/main/java/com/ichi2/anki/browser/search/CardState.kt,0.002050380785002929,126.0,1.0,1.0,0.0,0.010068892421833599,0,NONE,
1089,AnkiDroid/src/main/java/com/ichi2/anki/multimediacard/impl/MultimediaEditableNote.kt,0.002050380785002929,126.0,12.0,5.0,0.0,0.010068892421833599,0,NONE,
1090,AnkiDroid/src/main/java/com/ichi2/anki/pages/AnkiPackageImporterFragment.kt,0.002050380785002929,126.0,5.0,2.0,0.0,0.010068892421833599,0,NONE,
1091,AnkiDroid/src/main/java/com/ichi2/libanki/Tags.kt,0.002050380785002929,126.0,4.0,3.0,0.0,0.010068892421833599,0,NONE,
1092,AnkiDroid/src/main/res/drawable/intro_ankidroid_logo.xml,0.002050380785002929,126.0,1.0,1.0,0.0,0.010068892421833599,0,NONE,
1093,AnkiDroid/src/main/res/values-fa/07-cardbrowser.xml,0.002050380785002929,126.0,24.0,1.0,0.0,0.010068892421833599,0,NONE,
1094,AnkiDroid/src/main/res/values-lv/11-arrays.xml,0.002050380785002929,126.0,11.0,1.0,0.0,0.010068892421833599,0,NONE,
1095,AnkiDroid/src/test/java/com/ichi2/anki/backend/HtmlUtilsTest.kt,0.002050380785002929,126.0,3.0,1.0,0.0,0.010068892421833599,0,NONE,
1096,AnkiDroid/src/test/java/com/ichi2/anki/preferences/PreferencesTest.kt,0.002050380785002929,126.0,10.0,4.0,0.0,0.010068892421833599,0,NONE,
1097,AnkiDroid/src/main/assets/mathjax/sre/mathmaps/de.js,0.00203410792162989,125.0,1.0,1.0,0.0,0.010068892421833599,0,NONE,
1098,AnkiDroid/src/main/assets/mathjax/sre/mathmaps/fr.js,0.00203410792162989,125.0,1.0,1.0,0.0,0.010068892421833599,0,NONE,
1099,AnkiDroid/src/main/assets/mathjax/sre/mathmaps/hi.js,0.00203410792162989,125.0,1.0,1.0,0.0,0.010068892421833599,0,NONE,
1100,AnkiDroid/src/main/assets/mathjax/sre/mathmaps/it.js,0.00203410792162989,125.0,1.0,1.0,0.0,0.010068892421833599,0,NONE,
1101,AnkiDroid/src/main/java/com/ichi2/anki/browser/search/SavedSearches.kt,0.00203410792162989,125.0,3.0,1.0,0.0,0.010068892421833599,0,NONE,
1102,AnkiDroid/src/main/java/com/ichi2/anki/utils/CollectionPreferences.kt,0.0020178350582568507,124.0,3.0,1.0,0.0,0.010068892421833599,0,NONE,
1103,AnkiDroid/src/main/res/values-eo/11-arrays.xml,0.0020178350582568507,124.0,17.0,1.0,0.0,0.010068892421833599,0,NONE,
1104,AnkiDroid/src/main/res/values-fil/07-cardbrowser.xml,0.0020178350582568507,124.0,16.0,1.0,0.0,0.010068892421833599,0,NONE,
1105,AnkiDroid/src/main/res/values-nn/11-arrays.xml,0.0020178350582568507,124.0,9.0,1.0,0.0,0.010068892421833599,0,NONE,
1106,AnkiDroid/src/main/res/values-no/11-arrays.xml,0.0020178350582568507,124.0,9.0,1.0,0.0,0.010068892421833599,0,NONE,
1107,AnkiDroid/src/main/res/values-uz/17-model-manager.xml,0.0020178350582568507,124.0,16.0,1.0,0.0,0.010068892421833599,0,NONE,
1108,AnkiDroid/src/test/java/com/ichi2/anki/servicelayer/ScopedStorageAnkiDroidTest.kt,0.0020178350582568507,124.0,1.0,1.0,0.0,0.010068892421833599,0,NONE,
1109,AnkiDroid/src/main/java/com/ichi2/anki/ui/windows/permissions/PermissionsBottomSheet.kt,0.002001562194883812,123.0,3.0,2.0,0.0,0.010068892421833599,0,NONE,
1110,AnkiDroid/src/androidTest/java/com/ichi2/anki/tests/Shared.kt,0.0019852893315107727,122.0,12.0,3.0,0.0,0.010068892421833599,0,NONE,
1111,AnkiDroid/src/main/assets/mathjax/sre/mathmaps/es.js,0.0019852893315107727,122.0,1.0,1.0,0.0,0.010068892421833599,0,NONE,
1112,AnkiDroid/src/main/java/com/ichi2/anki/pages/CsvImporter.kt,0.0019852893315107727,122.0,6.0,3.0,0.0,0.010068892421833599,0,NONE,
1113,AnkiDroid/src/test/java/com/ichi2/anki/ConstantUniquenessTest.kt,0.0019852893315107727,122.0,6.0,3.0,0.0,0.010068892421833599,0,NONE,
1114,AnkiDroid/src/test/java/com/ichi2/anki/DeckPickerFloatingActionMenuTest.kt,0.0019852893315107727,122.0,4.0,2.0,0.0,0.010068892421833599,0,NONE,
1115,AnkiDroid/src/main/java/com/ichi2/anki/CustomActionModeCallback.kt,0.0019690164681377335,121.0,6.0,3.0,0.0,0.010068892421833599,0,NONE,
1116,AnkiDroid/src/main/res/drawable-v31/ic_anki_unthemed_finish.xml,0.0019690164681377335,121.0,2.0,1.0,0.0,0.010068892421833599,0,NONE,
1117,AnkiDroid/src/main/res/drawable/ic_widget_small.xml,0.0019690164681377335,121.0,1.0,1.0,0.0,0.010068892421833599,0,NONE,
1118,AnkiDroid/src/test/java/com/ichi2/anki/servicelayer/scopedstorage/migrateuserdata/MigrateUserDataJvmTest.kt,0.0019690164681377335,121.0,2.0,2.0,0.0,0.010068892421833599,0,NONE,
1119,AnkiDroid/src/main/java/com/ichi2/anki/ui/windows/reviewer/AnswerButton.kt,0.0019527436047646943,120.0,4.0,1.0,0.0,0.010068892421833599,0,NONE,
1120,AnkiDroid/src/main/java/com/ichi2/ui/ButtonItemAdapter.kt,0.0019527436047646943,120.0,3.0,2.0,0.0,0.010068892421833599,0,NONE,
1121,AnkiDroid/src/main/res/layout-land/fragment_tag_limit.xml,0.0019527436047646943,120.0,2.0,2.0,0.0,0.010068892421833599,0,NONE,
1122,AnkiDroid/src/main/res/values-az/07-cardbrowser.xml,0.0019527436047646943,120.0,16.0,1.0,0.0,0.010068892421833599,0,NONE,
1123,AnkiDroid/src/main/res/values-da/07-cardbrowser.xml,0.0019527436047646943,120.0,16.0,1.0,0.0,0.010068892421833599,0,NONE,
1124,funding.json,0.0019527436047646943,120.0,1.0,1.0,0.0,0.010068892421833599,0,NONE,
1125,AnkiDroid/src/main/java/com/ichi2/anki/dialogs/BackupPromptDialog.kt,0.0019364707413916553,119.0,10.0,4.0,0.0,0.010068892421833599,0,NONE,
1126,AnkiDroid/src/main/java/com/ichi2/anki/reviewreminders/ReviewReminderGroup.kt,0.0019364707413916553,119.0,1.0,1.0,0.0,0.010068892421833599,0,NONE,
1127,AnkiDroid/src/main/java/com/ichi2/anki/services/ServiceUtils.kt,0.0019364707413916553,119.0,5.0,2.0,0.0,0.010068892421833599,0,NONE,
1128,AnkiDroid/src/main/java/com/ichi2/anki/ui/windows/permissions/PermissionsItem.kt,0.0019364707413916553,119.0,6.0,4.0,0.0,0.010068892421833599,0,NONE,
1129,AnkiDroid/src/main/res/layout/fragment_media_check.xml,0.0019364707413916553,119.0,3.0,2.0,0.0,0.010068892421833599,0,NONE,
1130,AnkiDroid/src/main/res/layout/popup_eraser_options.xml,0.0019364707413916553,119.0,4.0,2.0,0.0,0.010068892421833599,0,NONE,
1131,AnkiDroid/src/test/java/com/ichi2/anki/ui/windows/reviewer/StudyCountsViewTest.kt,0.0019364707413916553,119.0,1.0,1.0,0.0,0.010068892421833599,0,NONE,
1132,AnkiDroid/src/main/java/com/ichi2/anki/cardviewer/TypeAnswer.kt,0.0019201978780186162,118.0,12.0,6.0,0.0,0.010068892421833599,0,NONE,
1133,AnkiDroid/src/main/java/com/ichi2/compat/CompatHelper.kt,0.0019201978780186162,118.0,10.0,5.0,0.0,0.010068892421833599,0,NONE,
1134,AnkiDroid/src/main/res/values-az/11-arrays.xml,0.0019201978780186162,118.0,10.0,1.0,0.0,0.010068892421833599,0,NONE,
1135,AnkiDroid/src/main/res/values-de/11-arrays.xml,0.0019201978780186162,118.0,14.0,1.0,0.0,0.010068892421833599,0,NONE,
1136,AnkiDroid/src/main/res/values-ml/11-arrays.xml,0.0019201978780186162,118.0,10.0,1.0,0.0,0.010068892421833599,0,NONE,
1137,AnkiDroid/src/main/res/values-ta/11-arrays.xml,0.0019201978780186162,118.0,10.0,1.0,0.0,0.010068892421833599,0,NONE,
1138,AnkiDroid/src/test/java/com/ichi2/libanki/LaTeXTest.kt,0.0019201978780186162,118.0,2.0,2.0,0.0,0.010068892421833599,0,NONE,
1139,AnkiDroid/src/main/java/com/ichi2/anki/model/SpecialField.kt,0.001903925014645577,117.0,2.0,1.0,0.0,0.010068892421833599,0,NONE,
1140,AnkiDroid/src/main/java/com/ichi2/themes/Themes.kt,0.001903925014645577,117.0,6.0,4.0,0.0,0.010068892421833599,0,NONE,
1141,AnkiDroid/src/main/res/layout/dialog_templates.xml,0.001903925014645577,117.0,1.0,1.0,0.0,0.010068892421833599,0,NONE,
1142,AnkiDroid/src/main/res/values-ug/17-model-manager.xml,0.001903925014645577,117.0,12.0,1.0,0.0,0.010068892421833599,0,NONE,
1143,AnkiDroid/src/test/java/com/ichi2/anki/CardTemplateNotetypeTest.kt,0.001903925014645577,117.0,9.0,4.0,0.0,0.010068892421833599,0,NONE,
1144,lint-rules/src/test/java/com/ichi2/anki/lint/rules/FixedPreferencesTitleLengthTest.kt,0.001903925014645577,117.0,1.0,1.0,0.0,0.010068892421833599,0,NONE,
1145,AnkiDroid/src/androidTest/java/com/ichi2/anki/preferences/PreferencesNavigationTest.kt,0.001887652151272538,116.0,4.0,4.0,0.0,0.010068892421833599,0,NONE,
1146,AnkiDroid/src/main/java/com/ichi2/anki/dialogs/DeckPickerConfirmDeleteDeckDialog.kt,0.001887652151272538,116.0,8.0,2.0,0.0,0.010068892421833599,0,NONE,
1147,AnkiDroid/src/main/java/com/ichi2/anki/utils/ext/Flow.kt,0.001887652151272538,116.0,5.0,3.0,0.0,0.010068892421833599,0,NONE,
1148,AnkiDroid/src/main/java/com/ichi2/utils/ImageUtils.kt,0.001887652151272538,116.0,2.0,1.0,0.0,0.010068892421833599,0,NONE,
1149,AnkiDroid/src/main/res/layout/cardbrowser.xml,0.001887652151272538,116.0,5.0,2.0,0.0,0.010068892421833599,0,NONE,
1150,AnkiDroid/src/main/res/values-fa/11-arrays.xml,0.001887652151272538,116.0,12.0,1.0,0.0,0.010068892421833599,0,NONE,
1151,AnkiDroid/src/main/res/values-ko/11-arrays.xml,0.001887652151272538,116.0,11.0,1.0,0.0,0.010068892421833599,0,NONE,
1152,libanki/src/main/java/com/ichi2/anki/libanki/Deck.kt,0.001887652151272538,116.0,9.0,2.0,0.0,0.010068892421833599,0,NONE,
1153,AnkiDroid/src/main/res/drawable-v31/ic_anki_dynamic.xml,0.0018713792878994988,115.0,1.0,1.0,0.0,0.010068892421833599,0,NONE,
1154,AnkiDroid/src/main/res/drawable-v31/ic_anki_dynamic_finish.xml,0.0018713792878994988,115.0,1.0,1.0,0.0,0.010068892421833599,0,NONE,
1155,AnkiDroid/src/main/res/drawable-v31/ic_anki_unthemed.xml,0.0018713792878994988,115.0,1.0,1.0,0.0,0.010068892421833599,0,NONE,
1156,AnkiDroid/src/test/java/com/ichi2/libanki/DeckNodeTest.kt,0.0018713792878994988,115.0,3.0,3.0,0.0,0.010068892421833599,0,NONE,
1157,AnkiDroid/src/main/java/com/ichi2/anki/browser/search/SearchString.kt,0.0018551064245264596,114.0,2.0,1.0,0.0,0.010068892421833599,0,NONE,
1158,AnkiDroid/src/main/java/com/ichi2/anki/ui/OnHoldListener.kt,0.0018551064245264596,114.0,3.0,2.0,0.0,0.010068892421833599,0,NONE,
1159,AnkiDroid/src/main/java/com/ichi2/anki/ui/windows/reviewer/autoadvance/AnswerAction.kt,0.0018551064245264596,114.0,6.0,3.0,0.0,0.010068892421833599,0,NONE,
1160,AnkiDroid/src/main/res/values/11-arrays.xml,0.0018551064245264596,114.0,11.0,5.0,0.0,0.010068892421833599,0,NONE,
1161,AnkiDroid/src/main/assets/mathjax/sre/mathmaps/nemeth.js,0.0018388335611534206,113.0,1.0,1.0,0.0,0.010068892421833599,0,NONE,
1162,AnkiDroid/src/main/java/com/ichi2/anki/utils/ext/JSONObject.kt,0.0018388335611534206,113.0,5.0,3.0,0.0,0.010068892421833599,0,NONE,
1163,AnkiDroid/src/main/java/com/ichi2/utils/MenuUtils.kt,0.0018388335611534206,113.0,4.0,2.0,0.0,0.010068892421833599,0,NONE,
1164,AnkiDroid/src/test/java/com/ichi2/anki/servicelayer/scopedstorage/OperationTest.kt,0.0018388335611534206,113.0,2.0,2.0,0.0,0.010068892421833599,0,NONE,
1165,lint-rules/src/main/java/com/ichi2/anki/lint/rules/LocaleRootDetector.kt,0.0018388335611534206,113.0,2.0,2.0,0.0,0.010068892421833599,0,NONE,
1166,AnkiDroid/src/main/res/values-es-rAR/07-cardbrowser.xml,0.0018225606977803814,112.0,21.0,1.0,0.0,0.010068892421833599,0,NONE,
1167,AnkiDroid/src/test/java/com/ichi2/anki/dialogs/GradeNowDialogTest.kt,0.0018225606977803814,112.0,1.0,1.0,0.0,0.010068892421833599,0,NONE,
1168,AnkiDroid/src/test/java/com/ichi2/anki/multimediacard/fields/ImageFieldTest.kt,0.0018225606977803814,112.0,1.0,1.0,0.0,0.010068892421833599,0,NONE,
1169,common/src/test/java/com/ichi2/anki/common/time/TimeUtilsTest.kt,0.0018225606977803814,112.0,3.0,2.0,0.0,0.010068892421833599,0,NONE,
1170,AnkiDroid/src/main/java/com/ichi2/anki/ui/windows/reviewer/whiteboard/BrushAdapter.kt,0.0018062878344073422,111.0,2.0,2.0,0.0,0.010068892421833599,0,NONE,
1171,AnkiDroid/src/main/res/layout/fragment_reminder_troubleshooting.xml,0.0018062878344073422,111.0,2.0,1.0,0.0,0.010068892421833599,0,NONE,
1172,AnkiDroid/src/test/java/com/ichi2/anki/FilteredDeckOptionsTest.kt,0.0018062878344073422,111.0,2.0,2.0,0.0,0.010068892421833599,0,NONE,
1173,AnkiDroid/src/main/java/com/ichi2/anki/OnboardingUtils.kt,0.0017900149710343032,110.0,2.0,2.0,0.0,0.010068892421833599,0,NONE,
1174,AnkiDroid/src/main/java/com/ichi2/anki/jsaddons/AddonData.kt,0.0017900149710343032,110.0,6.0,2.0,0.0,0.010068892421833599,0,NONE,
1175,AnkiDroid/src/main/java/com/ichi2/anki/worker/SyncWorker.kt,0.0017900149710343032,110.0,13.0,3.0,0.0,0.010068892421833599,0,NONE,
1176,AnkiDroid/src/main/java/com/ichi2/utils/DimmedPromptBackgroundDecorator.kt,0.0017900149710343032,110.0,2.0,2.0,0.0,0.010068892421833599,0,NONE,
1177,AnkiDroid/src/main/res/values-gu/17-model-manager.xml,0.0017900149710343032,110.0,11.0,1.0,0.0,0.010068892421833599,0,NONE,
1178,AnkiDroid/src/main/res/values-lv/17-model-manager.xml,0.0017900149710343032,110.0,10.0,1.0,0.0,0.010068892421833599,0,NONE,
1179,AnkiDroid/src/main/res/values-pa/17-model-manager.xml,0.0017900149710343032,110.0,12.0,1.0,0.0,0.010068892421833599,0,NONE,
1180,AnkiDroid/src/main/res/values-ta/17-model-manager.xml,0.0017900149710343032,110.0,12.0,1.0,0.0,0.010068892421833599,0,NONE,
1181,testlib/build.gradle.kts,0.0017900149710343032,110.0,8.0,3.0,0.0,0.010068892421833599,0,NONE,
1182,AnkiDroid/src/main/res/layout/fragment_tag_limit.xml,0.001773742107661264,109.0,2.0,2.0,0.0,0.010068892421833599,0,NONE,
1183,docs/marketing/localized_description/ankidroid-titles.txt,0.001773742107661264,109.0,11.0,2.0,0.0,0.010068892421833599,0,NONE,
1184,lint-rules/src/test/java/com/ichi2/anki/lint/rules/LocaleRootDetectorTest.kt,0.001773742107661264,109.0,2.0,2.0,0.0,0.010068892421833599,0,NONE,
1185,AnkiDroid/src/main/java/com/ichi2/compat/CompatV26.kt,0.0017574692442882249,108.0,10.0,6.0,0.0,0.010068892421833599,0,NONE,
1186,AnkiDroid/src/main/java/dev/androidbroadcast/vbpd/internal/VbpdUtils.kt,0.0017574692442882249,108.0,1.0,1.0,0.0,0.010068892421833599,0,NONE,
1187,AnkiDroid/src/main/res/values-cs/07-cardbrowser.xml,0.0017574692442882249,108.0,27.0,1.0,0.0,0.010068892421833599,0,NONE,
1188,AnkiDroid/src/main/res/values-de/07-cardbrowser.xml,0.0017574692442882249,108.0,22.0,1.0,0.0,0.010068892421833599,0,NONE,
1189,AnkiDroid/src/main/res/values-el/11-arrays.xml,0.0017574692442882249,108.0,11.0,1.0,0.0,0.010068892421833599,0,NONE,
1190,AnkiDroid/src/main/res/values-eo/07-cardbrowser.xml,0.0017574692442882249,108.0,26.0,1.0,0.0,0.010068892421833599,0,NONE,
1191,AnkiDroid/src/main/java/com/ichi2/anki/account/AccountActivity.kt,0.0017411963809151859,107.0,2.0,2.0,0.0,0.010068892421833599,0,NONE,
1192,AnkiDroid/src/main/res/layout/fragment_multimedia_image.xml,0.0017411963809151859,107.0,5.0,3.0,0.0,0.010068892421833599,0,NONE,
1193,AnkiDroid/src/main/res/layout/widget_card_analysis.xml,0.0017411963809151859,107.0,7.0,2.0,0.0,0.010068892421833599,0,NONE,
1194,AnkiDroid/src/main/java/com/ichi2/anki/analytics/AnkiDroidCrashReportDialog.kt,0.0017249235175421467,106.0,11.0,4.0,0.0,0.010068892421833599,0,NONE,
1195,AnkiDroid/src/main/res/menu/card_browser.xml,0.0017249235175421467,106.0,10.0,7.0,0.0,0.010068892421833599,0,NONE,
1196,AnkiDroid/src/main/res/values-es-rES/07-cardbrowser.xml,0.0017249235175421467,106.0,21.0,1.0,0.0,0.010068892421833599,0,NONE,
1197,AnkiDroid/src/main/res/values-fr/07-cardbrowser.xml,0.0017249235175421467,106.0,20.0,1.0,0.0,0.010068892421833599,0,NONE,
1198,AnkiDroid/src/main/res/values-heb/07-cardbrowser.xml,0.0017249235175421467,106.0,23.0,1.0,0.0,0.010068892421833599,0,NONE,
1199,AnkiDroid/src/main/res/values-hr/11-arrays.xml,0.0017249235175421467,106.0,9.0,1.0,0.0,0.010068892421833599,0,NONE,
1200,AnkiDroid/src/main/res/values-is/16-multimedia-editor.xml,0.0017249235175421467,106.0,10.0,2.0,0.0,0.010068892421833599,0,NONE,
1201,AnkiDroid/src/main/res/values-jv/16-multimedia-editor.xml,0.0017249235175421467,106.0,10.0,2.0,0.0,0.010068892421833599,0,NONE,
1202,common/README.md,0.0017249235175421467,106.0,2.0,1.0,0.0,0.010068892421833599,0,NONE,
1203,AnkiDroid/src/main/java/com/ichi2/anki/IntentHandler2.kt,0.0017086506541691077,105.0,8.0,6.0,0.0,0.010068892421833599,0,NONE,
1204,AnkiDroid/src/main/java/com/ichi2/anki/NoteFieldsCheckResult.kt,0.0017086506541691077,105.0,8.0,4.0,0.0,0.010068892421833599,0,NONE,
1205,AnkiDroid/src/main/java/com/ichi2/anki/browser/search/SearchFilters.kt,0.0017086506541691077,105.0,3.0,1.0,0.0,0.010068892421833599,0,NONE,
1206,AnkiDroid/src/main/java/com/ichi2/anki/multimediacard/fields/ImageField.kt,0.0017086506541691077,105.0,13.0,6.0,0.0,0.010068892421833599,0,NONE,
1207,AnkiDroid/src/main/res/values-ar/08-widget.xml,0.0017086506541691077,105.0,11.0,1.0,0.0,0.010068892421833599,0,NONE,
1208,AnkiDroid/src/test/java/com/ichi2/anki/utils/ext/ParcelableUtilsTest.kt,0.0017086506541691077,105.0,1.0,1.0,0.0,0.010068892421833599,0,NONE,
1209,AnkiDroid/src/main/java/com/ichi2/anki/reviewer/MotionEventHandler.kt,0.0016923777907960685,104.0,7.0,3.0,0.0,0.010068892421833599,0,NONE,
1210,AnkiDroid/src/main/java/com/ichi2/anki/ui/windows/reviewer/AnswerTimerView.kt,0.0016923777907960685,104.0,2.0,1.0,0.0,0.010068892421833599,0,NONE,
1211,AnkiDroid/src/main/res/values-af/11-arrays.xml,0.0016923777907960685,104.0,9.0,1.0,0.0,0.010068892421833599,0,NONE,
1212,AnkiDroid/src/main/res/values-am/11-arrays.xml,0.0016923777907960685,104.0,9.0,1.0,0.0,0.010068892421833599,0,NONE,
1213,AnkiDroid/src/main/res/values-ar/17-model-manager.xml,0.0016923777907960685,104.0,17.0,1.0,0.0,0.010068892421833599,0,NONE,
1214,AnkiDroid/src/main/res/values-bg/11-arrays.xml,0.0016923777907960685,104.0,9.0,1.0,0.0,0.010068892421833599,0,NONE,
1215,AnkiDroid/src/main/res/values-ckb/11-arrays.xml,0.0016923777907960685,104.0,9.0,1.0,0.0,0.010068892421833599,0,NONE,
1216,AnkiDroid/src/main/res/values-da/11-arrays.xml,0.0016923777907960685,104.0,9.0,1.0,0.0,0.010068892421833599,0,NONE,
1217,AnkiDroid/src/main/res/values-eu/11-arrays.xml,0.0016923777907960685,104.0,9.0,1.0,0.0,0.010068892421833599,0,NONE,
1218,AnkiDroid/src/main/res/values-fi/07-cardbrowser.xml,0.0016923777907960685,104.0,17.0,1.0,0.0,0.010068892421833599,0,NONE,
1219,AnkiDroid/src/main/res/values-fy/11-arrays.xml,0.0016923777907960685,104.0,9.0,1.0,0.0,0.010068892421833599,0,NONE,
1220,AnkiDroid/src/main/res/values-ga/11-arrays.xml,0.0016923777907960685,104.0,9.0,1.0,0.0,0.010068892421833599,0,NONE,
1221,AnkiDroid/src/main/res/values-ml/17-model-manager.xml,0.0016923777907960685,104.0,10.0,1.0,0.0,0.010068892421833599,0,NONE,
1222,AnkiDroid/src/main/res/values-ss/16-multimedia-editor.xml,0.0016923777907960685,104.0,9.0,2.0,0.0,0.010068892421833599,0,NONE,
1223,AnkiDroid/src/main/res/values-sw/16-multimedia-editor.xml,0.0016923777907960685,104.0,9.0,2.0,0.0,0.010068892421833599,0,NONE,
1224,AnkiDroid/src/main/res/values-tg/16-multimedia-editor.xml,0.0016923777907960685,104.0,9.0,2.0,0.0,0.010068892421833599,0,NONE,
1225,AnkiDroid/src/main/res/values-tn/16-multimedia-editor.xml,0.0016923777907960685,104.0,9.0,2.0,0.0,0.010068892421833599,0,NONE,
1226,AnkiDroid/src/main/res/values-ts/16-multimedia-editor.xml,0.0016923777907960685,104.0,9.0,2.0,0.0,0.010068892421833599,0,NONE,
1227,AnkiDroid/src/main/res/values-ve/16-multimedia-editor.xml,0.0016923777907960685,104.0,9.0,2.0,0.0,0.010068892421833599,0,NONE,
1228,AnkiDroid/src/main/res/values-wo/16-multimedia-editor.xml,0.0016923777907960685,104.0,9.0,2.0,0.0,0.010068892421833599,0,NONE,
1229,AnkiDroid/src/main/res/values-xh/16-multimedia-editor.xml,0.0016923777907960685,104.0,9.0,2.0,0.0,0.010068892421833599,0,NONE,
1230,AnkiDroid/src/main/res/values-yue/16-multimedia-editor.xml,0.0016923777907960685,104.0,9.0,2.0,0.0,0.010068892421833599,0,NONE,
1231,AnkiDroid/src/main/res/values-zu/16-multimedia-editor.xml,0.0016923777907960685,104.0,9.0,2.0,0.0,0.010068892421833599,0,NONE,
1232,AnkiDroid/src/main/java/com/ichi2/anki/android/menu/SearchBarMenuHost.kt,0.0016761049274230293,103.0,1.0,1.0,0.0,0.010068892421833599,0,NONE,
1233,AnkiDroid/src/main/res/values-is/08-widget.xml,0.0016761049274230293,103.0,6.0,2.0,0.0,0.010068892421833599,0,NONE,
1234,AnkiDroid/src/test/java/com/ichi2/anki/cardviewer/CardMediaPlayerTest.kt,0.0016761049274230293,103.0,7.0,4.0,0.0,0.010068892421833599,0,NONE,
1235,AnkiDroid/src/main/java/com/ichi2/anki/utils/ext/FragmentActivity.kt,0.0016598320640499903,102.0,5.0,1.0,0.0,0.010068892421833599,0,NONE,
1236,AnkiDroid/src/main/res/values-gl/17-model-manager.xml,0.0016598320640499903,102.0,18.0,1.0,0.0,0.010068892421833599,0,NONE,
1237,AnkiDroid/src/test/java/com/ichi2/anki/preferences/PreferenceTestUtils.kt,0.0016598320640499903,102.0,9.0,2.0,0.0,0.010068892421833599,0,NONE,
1238,lint-rules/src/test/java/com/ichi2/anki/lint/rules/OpenInputStreamSafeDetectorTest.kt,0.0016598320640499903,102.0,1.0,1.0,0.0,0.010068892421833599,0,NONE,
1239,AnkiDroid/src/main/java/com/ichi2/anki/cardviewer/SoundTagPlayer.kt,0.0016435592006769511,101.0,11.0,3.0,0.0,0.010068892421833599,0,NONE,
1240,AnkiDroid/src/main/res/values-gu/16-multimedia-editor.xml,0.0016435592006769511,101.0,13.0,1.0,0.0,0.010068892421833599,0,NONE,
1241,AnkiDroid/src/test/java/com/ichi2/anki/MyAccountTest.kt,0.0016435592006769511,101.0,4.0,4.0,0.0,0.010068892421833599,0,NONE,
1242,AnkiDroid/src/test/java/com/ichi2/anki/services/ReminderServiceTest.kt,0.0016435592006769511,101.0,3.0,3.0,0.0,0.010068892421833599,0,NONE,
1243,AnkiDroid/src/androidTest/java/com/ichi2/anki/dialogs/CollectionPathMismatchRecoveryTest.kt,0.001627286337303912,100.0,1.0,1.0,0.0,0.010068892421833599,0,NONE,
1244,AnkiDroid/src/main/java/com/ichi2/anki/dialogs/MigrationProgressDialogFragment.kt,0.001627286337303912,100.0,2.0,2.0,0.0,0.010068892421833599,0,NONE,
1245,AnkiDroid/src/main/java/com/ichi2/anki/preferences/profiles/ProfileAdapter.kt,0.001627286337303912,100.0,2.0,2.0,0.0,0.010068892421833599,0,NONE,
1246,AnkiDroid/src/main/java/com/ichi2/libanki/ChangeManager.kt,0.001627286337303912,100.0,10.0,3.0,0.0,0.010068892421833599,0,NONE,
1247,AnkiDroid/src/main/res/layout/fragment_reposition_card.xml,0.001627286337303912,100.0,3.0,3.0,0.0,0.010068892421833599,0,NONE,
1248,AnkiDroid/src/main/res/values-bn/17-model-manager.xml,0.001627286337303912,100.0,13.0,1.0,0.0,0.010068892421833599,0,NONE,
1249,AnkiDroid/src/main/res/values-el/07-cardbrowser.xml,0.001627286337303912,100.0,18.0,1.0,0.0,0.010068892421833599,0,NONE,
1250,AnkiDroid/src/main/res/values-pt-rPT/07-cardbrowser.xml,0.001627286337303912,100.0,22.0,1.0,0.0,0.010068892421833599,0,NONE,
1251,AnkiDroid/src/test/java/com/ichi2/anki/browser/BrowserColumnCollectionTest.kt,0.001627286337303912,100.0,1.0,1.0,0.0,0.010068892421833599,0,NONE,
1252,AnkiDroid/src/test/java/com/ichi2/anki/ui/internationalization/SentenceCaseTest.kt,0.001627286337303912,100.0,15.0,6.0,0.0,0.010068892421833599,0,NONE,
1253,AnkiDroid/src/test/java/com/ichi2/anki/ui/windows/reviewer/AnswerAreaViewTest.kt,0.001627286337303912,100.0,2.0,2.0,0.0,0.010068892421833599,0,NONE,
1254,AnkiDroid/src/test/java/com/ichi2/testutils/JsonUtils.kt,0.001627286337303912,100.0,5.0,3.0,0.0,0.010068892421833599,0,NONE,
1255,tools/localization/src/update.ts,0.001627286337303912,100.0,7.0,4.0,0.0,0.010068892421833599,0,NONE,
1256,AnkiDroid/src/main/java/com/ichi2/anki/PromptBackgroundAdapter.kt,0.001611013473930873,99.0,4.0,1.0,0.0,0.010068892421833599,0,NONE,
1257,AnkiDroid/src/main/java/com/ichi2/libanki/TemplateManager.kt,0.001611013473930873,99.0,11.0,5.0,0.0,0.010068892421833599,0,NONE,
1258,AnkiDroid/src/main/res/layout/dialog_fields.xml,0.001611013473930873,99.0,1.0,1.0,0.0,0.010068892421833599,0,NONE,
1259,AnkiDroid/src/main/java/com/ichi2/preferences/NumberRangePreferenceCompat.kt,0.0015947406105578338,98.0,7.0,6.0,0.0,0.010068892421833599,0,NONE,
1260,AnkiDroid/src/main/res/layout/fragment_image_cropper.xml,0.0015947406105578338,98.0,4.0,3.0,0.0,0.010068892421833599,0,NONE,
1261,AnkiDroid/src/main/res/layout/preference_slider.xml,0.0015947406105578338,98.0,1.0,1.0,0.0,0.010068892421833599,0,NONE,
1262,AnkiDroid/src/main/res/values-be/11-arrays.xml,0.0015947406105578338,98.0,11.0,1.0,0.0,0.010068892421833599,0,NONE,
1263,AnkiDroid/src/main/java/com/ichi2/anki/UIUtils.kt,0.0015784677471847946,97.0,8.0,4.0,0.0,0.010068892421833599,0,NONE,
1264,AnkiDroid/src/main/java/com/ichi2/anki/dialogs/SchedulerUpgradeDialog.kt,0.0015784677471847946,97.0,3.0,3.0,0.0,0.010068892421833599,0,NONE,
1265,AnkiDroid/src/main/java/com/ichi2/anki/model/RelativeFilePath.kt,0.0015784677471847946,97.0,1.0,1.0,0.0,0.010068892421833599,0,NONE,
1266,AnkiDroid/src/main/java/com/ichi2/anki/servicelayer/scopedstorage/FileUtils.kt,0.0015784677471847946,97.0,1.0,1.0,0.0,0.010068892421833599,0,NONE,
1267,AnkiDroid/src/main/java/com/ichi2/anki/tags/TagName.kt,0.0015784677471847946,97.0,2.0,1.0,0.0,0.010068892421833599,0,NONE,
1268,AnkiDroid/src/main/java/com/ichi2/widget/cardanalysis/CardAnalysisWidgetPreferences.kt,0.0015784677471847946,97.0,4.0,3.0,0.0,0.010068892421833599,0,NONE,
1269,AnkiDroid/src/main/res/values-pl/07-cardbrowser.xml,0.0015784677471847946,97.0,21.0,1.0,0.0,0.010068892421833599,0,NONE,
1270,AnkiDroid/src/main/res/values-ss/08-widget.xml,0.0015784677471847946,97.0,4.0,2.0,0.0,0.010068892421833599,0,NONE,
1271,AnkiDroid/src/main/res/values-sw/08-widget.xml,0.0015784677471847946,97.0,4.0,2.0,0.0,0.010068892421833599,0,NONE,
1272,AnkiDroid/src/main/res/values-tg/08-widget.xml,0.0015784677471847946,97.0,4.0,2.0,0.0,0.010068892421833599,0,NONE,
1273,AnkiDroid/src/main/res/values-tn/08-widget.xml,0.0015784677471847946,97.0,4.0,2.0,0.0,0.010068892421833599,0,NONE,
1274,AnkiDroid/src/main/res/values-ts/08-widget.xml,0.0015784677471847946,97.0,4.0,2.0,0.0,0.010068892421833599,0,NONE,
1275,AnkiDroid/src/main/res/values-ve/08-widget.xml,0.0015784677471847946,97.0,4.0,2.0,0.0,0.010068892421833599,0,NONE,
1276,AnkiDroid/src/main/res/values-xh/08-widget.xml,0.0015784677471847946,97.0,4.0,2.0,0.0,0.010068892421833599,0,NONE,
1277,AnkiDroid/src/main/res/values-zu/08-widget.xml,0.0015784677471847946,97.0,4.0,2.0,0.0,0.010068892421833599,0,NONE,
1278,AnkiDroid/src/main/java/com/ichi2/anki/web/HttpFetcher.kt,0.0015621948838117556,96.0,5.0,2.0,0.0,0.010068892421833599,0,NONE,
1279,AnkiDroid/src/main/res/layout/dialog_incrementer_preference.xml,0.0015621948838117556,96.0,3.0,2.0,0.0,0.010068892421833599,0,NONE,
1280,AnkiDroid/src/main/res/values-jv/08-widget.xml,0.0015621948838117556,96.0,6.0,2.0,0.0,0.010068892421833599,0,NONE,
1281,AnkiDroid/src/androidTest/java/com/ichi2/anki/dialogs/DatabaseCorruptDialogTest.kt,0.0015459220204387164,95.0,1.0,1.0,0.0,0.010068892421833599,0,NONE,
1282,AnkiDroid/src/main/java/com/ichi2/utils/SyncStatus.kt,0.0015459220204387164,95.0,5.0,2.0,0.0,0.010068892421833599,0,NONE,
1283,AnkiDroid/src/main/res/values-got/08-widget.xml,0.0015459220204387164,95.0,10.0,1.0,0.0,0.010068892421833599,0,NONE,
1284,AnkiDroid/src/main/res/values-iw/04-network.xml,0.0015459220204387164,95.0,6.0,1.0,0.0,0.010068892421833599,0,NONE,
1285,AnkiDroid/src/main/res/values-lv/04-network.xml,0.0015459220204387164,95.0,6.0,1.0,0.0,0.010068892421833599,0,NONE,
1286,AnkiDroid/src/androidTest/java/com/ichi2/anki/NoteEditorTest.kt,0.0015296491570656772,94.0,9.0,6.0,0.0,0.010068892421833599,0,NONE,
1287,AnkiDroid/src/main/java/com/ichi2/anki/multimediacard/fields/AudioField.kt,0.0015296491570656772,94.0,11.0,4.0,0.0,0.010068892421833599,0,NONE,
1288,AnkiDroid/src/main/java/com/ichi2/anki/utils/ext/Context.kt,0.0015296491570656772,94.0,4.0,2.0,0.0,0.010068892421833599,0,NONE,
1289,AnkiDroid/src/main/res/layout/statistics.xml,0.0015296491570656772,94.0,6.0,4.0,0.0,0.010068892421833599,0,NONE,
1290,AnkiDroid/src/main/res/values-ko/17-model-manager.xml,0.0015296491570656772,94.0,13.0,1.0,0.0,0.010068892421833599,0,NONE,
1291,lint-rules/src/main/java/com/ichi2/anki/lint/rules/AvoidAlertDialogUsage.kt,0.0015296491570656772,94.0,3.0,3.0,0.0,0.010068892421833599,0,NONE,
1292,AnkiDroid/src/main/assets/fonts/noto/OFL.txt,0.0015133762936926382,93.0,1.0,1.0,0.0,0.010068892421833599,0,NONE,
1293,AnkiDroid/src/main/java/com/ichi2/anki/dialogs/EmptyCardsViewModel.kt,0.0015133762936926382,93.0,2.0,1.0,0.0,0.010068892421833599,0,NONE,
1294,AnkiDroid/src/main/res/layout/dialog_axis_picker.xml,0.0015133762936926382,93.0,4.0,3.0,0.0,0.010068892421833599,0,NONE,
1295,AnkiDroid/src/main/res/values-is/17-model-manager.xml,0.0015133762936926382,93.0,6.0,2.0,0.0,0.010068892421833599,0,NONE,
1296,AnkiDroid/src/main/res/values-ss/17-model-manager.xml,0.0015133762936926382,93.0,6.0,2.0,0.0,0.010068892421833599,0,NONE,
1297,AnkiDroid/src/main/res/values-sw/17-model-manager.xml,0.0015133762936926382,93.0,6.0,2.0,0.0,0.010068892421833599,0,NONE,
1298,AnkiDroid/src/main/res/xml/cram_deck_options.xml,0.0015133762936926382,93.0,2.0,2.0,0.0,0.010068892421833599,0,NONE,
1299,AnkiDroid/src/test/java/com/ichi2/utils/ExceptionsTest.kt,0.0015133762936926382,93.0,1.0,1.0,0.0,0.010068892421833599,0,NONE,
1300,lint-release.xml,0.0015133762936926382,93.0,5.0,4.0,0.0,0.010068892421833599,0,NONE,
1301,AnkiDroid/src/main/java/com/ichi2/anki/OnContextAndLongClickListener.kt,0.001497103430319599,92.0,3.0,2.0,0.0,0.010068892421833599,0,NONE,
1302,AnkiDroid/src/main/java/com/ichi2/anki/utils/AndroidUtils.kt,0.001497103430319599,92.0,5.0,5.0,0.0,0.010068892421833599,0,NONE,
1303,AnkiDroid/src/main/res/layout/item_troubleshooting_check.xml,0.001497103430319599,92.0,2.0,1.0,0.0,0.010068892421833599,0,NONE,
1304,AnkiDroid/src/main/res/values-lt/07-cardbrowser.xml,0.001497103430319599,92.0,15.0,1.0,0.0,0.010068892421833599,0,NONE,
1305,AnkiDroid/src/main/res/values-wo/08-widget.xml,0.001497103430319599,92.0,4.0,2.0,0.0,0.010068892421833599,0,NONE,
1306,AnkiDroid/src/main/res/values-yue/08-widget.xml,0.001497103430319599,92.0,4.0,2.0,0.0,0.010068892421833599,0,NONE,
1307,AnkiDroid/src/main/java/com/ichi2/anki/dialogs/TtsPlaybackErrorDialog.kt,0.0014808305669465598,91.0,7.0,5.0,0.0,0.010068892421833599,0,NONE,
1308,AnkiDroid/src/main/res/layout/change_note_type_dialog.xml,0.0014808305669465598,91.0,1.0,1.0,0.0,0.010068892421833599,0,NONE,
1309,AnkiDroid/src/main/res/values-jv/17-model-manager.xml,0.0014808305669465598,91.0,6.0,2.0,0.0,0.010068892421833599,0,NONE,
1310,AnkiDroid/src/test/java/com/ichi2/testutils/TranslationUtils.kt,0.0014808305669465598,91.0,1.0,1.0,0.0,0.010068892421833599,0,NONE,
1311,AnkiDroid/src/main/java/com/ichi2/anki/CustomMaterialTapTargetPromptBuilder.kt,0.0014645577035735209,90.0,1.0,1.0,0.0,0.010068892421833599,0,NONE,
1312,AnkiDroid/src/main/java/com/ichi2/anki/DatabaseCheck.kt,0.0014645577035735209,90.0,4.0,1.0,0.0,0.010068892421833599,0,NONE,
1313,AnkiDroid/src/main/java/com/ichi2/anki/cardviewer/AndroidCardRenderContext.kt,0.0014482848402004817,89.0,8.0,2.0,0.0,0.010068892421833599,0,NONE,
1314,AnkiDroid/src/main/java/com/ichi2/anki/dialogs/tags/TagsList.kt,0.0014482848402004817,89.0,6.0,4.0,0.0,0.010068892421833599,0,NONE,
1315,AnkiDroid/src/main/res/layout/browser_columns_selection_entry.xml,0.0014482848402004817,89.0,3.0,2.0,0.0,0.010068892421833599,0,NONE,
1316,AnkiDroid/src/main/res/values-da/16-multimedia-editor.xml,0.0014482848402004817,89.0,12.0,1.0,0.0,0.010068892421833599,0,NONE,
1317,AnkiDroid/src/main/res/values-tg/17-model-manager.xml,0.0014482848402004817,89.0,5.0,2.0,0.0,0.010068892421833599,0,NONE,
1318,AnkiDroid/src/main/res/values-tn/17-model-manager.xml,0.0014482848402004817,89.0,5.0,2.0,0.0,0.010068892421833599,0,NONE,
1319,AnkiDroid/src/main/res/values-ts/17-model-manager.xml,0.0014482848402004817,89.0,5.0,2.0,0.0,0.010068892421833599,0,NONE,
1320,AnkiDroid/src/main/res/values-ve/17-model-manager.xml,0.0014482848402004817,89.0,5.0,2.0,0.0,0.010068892421833599,0,NONE,
1321,AnkiDroid/src/main/res/values-xh/17-model-manager.xml,0.0014482848402004817,89.0,5.0,2.0,0.0,0.010068892421833599,0,NONE,
1322,AnkiDroid/src/main/res/values-zu/17-model-manager.xml,0.0014482848402004817,89.0,5.0,2.0,0.0,0.010068892421833599,0,NONE,
1323,AnkiDroid/src/test/java/com/ichi2/anki/dialogs/DeckSelectionDialogTest.kt,0.0014482848402004817,89.0,3.0,3.0,0.0,0.010068892421833599,0,NONE,
1324,AnkiDroid/src/test/java/com/ichi2/anki/preferences/reviewer/ReviewerMenuRepositoryTest.kt,0.0014482848402004817,89.0,1.0,1.0,0.0,0.010068892421833599,0,NONE,
1325,libanki/src/main/java/com/ichi2/anki/libanki/BackendImportExport.kt,0.0014482848402004817,89.0,6.0,1.0,0.0,0.010068892421833599,0,NONE,
1326,AnkiDroid/src/androidTest/java/com/ichi2/anki/NoteEditorIntentTest.kt,0.0014320119768274425,88.0,10.0,6.0,0.0,0.010068892421833599,0,NONE,
1327,AnkiDroid/src/main/java/com/ichi2/anki/browser/search/SearchRequest.kt,0.0014320119768274425,88.0,3.0,1.0,0.0,0.010068892421833599,0,NONE,
1328,AnkiDroid/src/main/java/com/ichi2/anki/notetype/NotetypeUiModel.kt,0.0014320119768274425,88.0,7.0,3.0,0.0,0.010068892421833599,0,NONE,
1329,AnkiDroid/src/main/res/values-fr/11-arrays.xml,0.0014320119768274425,88.0,13.0,1.0,0.0,0.010068892421833599,0,NONE,
1330,AnkiDroid/src/test/java/com/ichi2/anki/previewer/TemplatePreviewerViewModelFileSystemTest.kt,0.0014320119768274425,88.0,3.0,2.0,0.0,0.010068892421833599,0,NONE,
1331,AnkiDroid/src/main/java/androidx/appcompat/widget/DialogTitleView.kt,0.0014157391134544035,87.0,1.0,1.0,0.0,0.010068892421833599,0,NONE,
1332,AnkiDroid/src/main/java/com/ichi2/anki/LoginActivity.kt,0.0014157391134544035,87.0,4.0,2.0,0.0,0.010068892421833599,0,NONE,
1333,AnkiDroid/src/main/java/com/ichi2/anki/multimediacard/activity/PickStringDialogFragment.kt,0.0014157391134544035,87.0,6.0,4.0,0.0,0.010068892421833599,0,NONE,
1334,AnkiDroid/src/main/java/com/ichi2/anki/preferences/reviewer/ReviewerMenuSettingsTouchHelperCallback.kt,0.0014157391134544035,87.0,1.0,1.0,0.0,0.010068892421833599,0,NONE,
1335,AnkiDroid/src/main/java/com/ichi2/utils/BitmapUtil.kt,0.0014157391134544035,87.0,3.0,3.0,0.0,0.010068892421833599,0,NONE,
1336,AnkiDroid/src/main/res/layout/edit_flag_item.xml,0.0014157391134544035,87.0,2.0,2.0,0.0,0.010068892421833599,0,NONE,
1337,AnkiDroid/src/main/res/layout/preferences_reviewer_menu.xml,0.0014157391134544035,87.0,5.0,2.0,0.0,0.010068892421833599,0,NONE,
1338,AnkiDroid/src/main/res/values-ja/07-cardbrowser.xml,0.0014157391134544035,87.0,24.0,1.0,0.0,0.010068892421833599,0,NONE,
1339,AnkiDroid/src/main/res/values-ug/16-multimedia-editor.xml,0.0014157391134544035,87.0,6.0,1.0,0.0,0.010068892421833599,0,NONE,
1340,AnkiDroid/src/main/res/values-wo/17-model-manager.xml,0.0014157391134544035,87.0,5.0,2.0,0.0,0.010068892421833599,0,NONE,
1341,AnkiDroid/src/main/res/values-yue/17-model-manager.xml,0.0014157391134544035,87.0,5.0,2.0,0.0,0.010068892421833599,0,NONE,
1342,AnkiDroid/src/main/res/xml/preferences_previewer_controls.xml,0.0014157391134544035,87.0,3.0,2.0,0.0,0.010068892421833599,0,NONE,
1343,AnkiDroid/src/test/java/com/ichi2/anki/model/DiskFileTest.kt,0.0014157391134544035,87.0,2.0,2.0,0.0,0.010068892421833599,0,NONE,
1344,AnkiDroid/src/main/java/com/ichi2/anki/notetype/RepositionCardTemplateDialog.kt,0.0013994662500813643,86.0,3.0,1.0,0.0,0.010068892421833599,0,NONE,
1345,AnkiDroid/src/main/java/com/ichi2/anki/reviewreminders/ReminderTroubleshootingRepository.kt,0.0013994662500813643,86.0,5.0,1.0,0.0,0.010068892421833599,0,NONE,
1346,AnkiDroid/src/main/res/values-bn/07-cardbrowser.xml,0.0013994662500813643,86.0,16.0,1.0,0.0,0.010068892421833599,0,NONE,
1347,AnkiDroid/src/main/res/values-ca/11-arrays.xml,0.0013994662500813643,86.0,9.0,1.0,0.0,0.010068892421833599,0,NONE,
1348,AnkiDroid/src/main/res/values-fi/11-arrays.xml,0.0013994662500813643,86.0,11.0,1.0,0.0,0.010068892421833599,0,NONE,
1349,AnkiDroid/src/main/res/values-is/04-network.xml,0.0013994662500813643,86.0,2.0,2.0,0.0,0.010068892421833599,0,NONE,
1350,AnkiDroid/src/main/res/values-jv/04-network.xml,0.0013994662500813643,86.0,2.0,2.0,0.0,0.010068892421833599,0,NONE,
1351,AnkiDroid/src/main/res/values-ss/04-network.xml,0.0013994662500813643,86.0,2.0,2.0,0.0,0.010068892421833599,0,NONE,
1352,AnkiDroid/src/main/res/values-sw/04-network.xml,0.0013994662500813643,86.0,2.0,2.0,0.0,0.010068892421833599,0,NONE,
1353,AnkiDroid/src/main/res/values-tg/04-network.xml,0.0013994662500813643,86.0,2.0,2.0,0.0,0.010068892421833599,0,NONE,
1354,AnkiDroid/src/main/res/values-tn/04-network.xml,0.0013994662500813643,86.0,2.0,2.0,0.0,0.010068892421833599,0,NONE,
1355,AnkiDroid/src/main/res/values-tr/11-arrays.xml,0.0013994662500813643,86.0,13.0,1.0,0.0,0.010068892421833599,0,NONE,
1356,AnkiDroid/src/main/res/values-ts/04-network.xml,0.0013994662500813643,86.0,2.0,2.0,0.0,0.010068892421833599,0,NONE,
1357,AnkiDroid/src/main/res/values-ug/04-network.xml,0.0013994662500813643,86.0,2.0,1.0,0.0,0.010068892421833599,0,NONE,
1358,AnkiDroid/src/main/res/values-ur/07-cardbrowser.xml,0.0013994662500813643,86.0,13.0,1.0,0.0,0.010068892421833599,0,NONE,
1359,AnkiDroid/src/main/res/values-ve/04-network.xml,0.0013994662500813643,86.0,2.0,2.0,0.0,0.010068892421833599,0,NONE,
1360,AnkiDroid/src/main/res/values-wo/04-network.xml,0.0013994662500813643,86.0,2.0,2.0,0.0,0.010068892421833599,0,NONE,
1361,AnkiDroid/src/main/res/values-xh/04-network.xml,0.0013994662500813643,86.0,2.0,2.0,0.0,0.010068892421833599,0,NONE,
1362,AnkiDroid/src/main/res/values-yue/04-network.xml,0.0013994662500813643,86.0,2.0,2.0,0.0,0.010068892421833599,0,NONE,
1363,AnkiDroid/src/main/res/values-zu/04-network.xml,0.0013994662500813643,86.0,2.0,2.0,0.0,0.010068892421833599,0,NONE,
1364,AnkiDroid/src/test/java/com/ichi2/anki/browser/CardBrowserFragmentTest.kt,0.0013994662500813643,86.0,2.0,1.0,0.0,0.010068892421833599,0,NONE,
1365,AnkiDroid/src/test/java/com/ichi2/anki/servicelayer/scopedstorage/DeleteEmptyDirectoryTest.kt,0.0013994662500813643,86.0,1.0,1.0,0.0,0.010068892421833599,0,NONE,
1366,compat/src/main/java/com/ichi2/anki/compat/PackageManagerCompat.kt,0.0013994662500813643,86.0,2.0,1.0,0.0,0.010068892421833599,0,NONE,
1367,AnkiDroid/src/main/java/com/ichi2/anki/dialogs/DeckOptionsSelectionDialog.kt,0.001383193386708325,85.0,1.0,1.0,0.0,0.010068892421833599,0,NONE,
1368,AnkiDroid/src/main/java/com/ichi2/anki/model/SelectableDeck.kt,0.001383193386708325,85.0,4.0,1.0,0.0,0.010068892421833599,0,NONE,
1369,AnkiDroid/src/main/java/com/ichi2/anki/scheduling/ForgetCardsViewModel.kt,0.001383193386708325,85.0,2.0,2.0,0.0,0.010068892421833599,0,NONE,
1370,AnkiDroid/src/main/java/com/ichi2/anki/ui/windows/permissions/NotificationsPermissionFragment.kt,0.001383193386708325,85.0,2.0,2.0,0.0,0.010068892421833599,0,NONE,
1371,AnkiDroid/src/test/java/com/ichi2/anki/model/RelativeFilePathTest.kt,0.001383193386708325,85.0,2.0,2.0,0.0,0.010068892421833599,0,NONE,
1372,buildSrc/src/main/kotlin/com/ichi2/anki/gradle/TestSummaryService.kt,0.001383193386708325,85.0,1.0,1.0,0.0,0.010068892421833599,0,NONE,
1373,.github/workflows/lint.yml,0.0013669205233352861,84.0,15.0,4.0,0.0,0.010068892421833599,0,NONE,
1374,AnkiDroid/src/main/java/com/ichi2/anki/preferences/CustomButtonsSettingsFragment.kt,0.0013669205233352861,84.0,10.0,5.0,0.0,0.010068892421833599,0,NONE,
1375,AnkiDroid/src/main/java/dev/androidbroadcast/vbpd/ViewBindingProperty.kt,0.0013669205233352861,84.0,1.0,1.0,0.0,0.010068892421833599,0,NONE,
1376,AnkiDroid/src/main/res/layout-v31/widget_small_unthemed.xml,0.0013669205233352861,84.0,1.0,1.0,0.0,0.010068892421833599,0,NONE,
1377,AnkiDroid/src/main/res/values-et/17-model-manager.xml,0.0013669205233352861,84.0,11.0,1.0,0.0,0.010068892421833599,0,NONE,
1378,AnkiDroid/src/main/res/values-km/11-arrays.xml,0.0013669205233352861,84.0,10.0,1.0,0.0,0.010068892421833599,0,NONE,
1379,AnkiDroid/src/main/res/values-lv/08-widget.xml,0.0013669205233352861,84.0,9.0,1.0,0.0,0.010068892421833599,0,NONE,
1380,AnkiDroid/src/main/res/values-th/17-model-manager.xml,0.0013669205233352861,84.0,9.0,1.0,0.0,0.010068892421833599,0,NONE,
1381,AnkiDroid/src/main/java/com/ichi2/anki/ui/windows/reviewer/audiorecord/AudioPlayer.kt,0.001350647659962247,83.0,1.0,1.0,0.0,0.010068892421833599,0,NONE,
1382,AnkiDroid/src/main/res/layout-v31/widget_small.xml,0.001350647659962247,83.0,1.0,1.0,0.0,0.010068892421833599,0,NONE,
1383,AnkiDroid/src/main/res/layout/fragment_audio_video.xml,0.001350647659962247,83.0,3.0,3.0,0.0,0.010068892421833599,0,NONE,
1384,AnkiDroid/src/main/res/menu/previewer.xml,0.001350647659962247,83.0,3.0,3.0,0.0,0.010068892421833599,0,NONE,
1385,AnkiDroid/src/main/res/values-gl/08-widget.xml,0.001350647659962247,83.0,10.0,1.0,0.0,0.010068892421833599,0,NONE,
1386,AnkiDroid/src/main/res/values-uz/16-multimedia-editor.xml,0.001350647659962247,83.0,13.0,1.0,0.0,0.010068892421833599,0,NONE,
1387,lint-rules/src/main/java/com/ichi2/anki/lint/rules/OpenInputStreamSafeDetector.kt,0.001350647659962247,83.0,1.0,1.0,0.0,0.010068892421833599,0,NONE,
1388,AnkiDroid/src/main/java/com/ichi2/anki/reviewer/BindingMap.kt,0.001334374796589208,82.0,5.0,1.0,0.0,0.010068892421833599,0,NONE,
1389,AnkiDroid/src/main/res/layout/view_saved_search_item.xml,0.001334374796589208,82.0,1.0,1.0,0.0,0.010068892421833599,0,NONE,
1390,AnkiDroid/src/main/res/values-it/07-cardbrowser.xml,0.001334374796589208,82.0,17.0,1.0,0.0,0.010068892421833599,0,NONE,
1391,AnkiDroid/src/main/res/values-lt/11-arrays.xml,0.001334374796589208,82.0,8.0,1.0,0.0,0.010068892421833599,0,NONE,
1392,AnkiDroid/src/main/res/values-ug/08-widget.xml,0.001334374796589208,82.0,3.0,1.0,0.0,0.010068892421833599,0,NONE,
1393,AnkiDroid/src/main/java/com/ichi2/anki/multiprofile/ProfileSwitchGuard.kt,0.0013181019332161687,81.0,1.0,1.0,0.0,0.010068892421833599,0,NONE,
1394,AnkiDroid/src/main/res/layout/dialog_export_options.xml,0.0013181019332161687,81.0,3.0,3.0,0.0,0.010068892421833599,0,NONE,
1395,AnkiDroid/src/main/res/layout/widget_deck_picker_config.xml,0.0013181019332161687,81.0,2.0,2.0,0.0,0.010068892421833599,0,NONE,
1396,AnkiDroid/src/main/res/menu-xlarge/deck_picker.xml,0.0013181019332161687,81.0,4.0,3.0,0.0,0.010068892421833599,0,NONE,
1397,AnkiDroid/src/main/res/values-km/07-cardbrowser.xml,0.0013181019332161687,81.0,15.0,1.0,0.0,0.010068892421833599,0,NONE,
1398,AnkiDroid/src/test/java/com/ichi2/anki/dialogs/EmptyCardsReportTest.kt,0.0013181019332161687,81.0,2.0,2.0,0.0,0.010068892421833599,0,NONE,
1399,AnkiDroid/src/test/java/com/ichi2/anki/servicelayer/ScopedStorageServiceTest.kt,0.0013181019332161687,81.0,1.0,1.0,0.0,0.010068892421833599,0,NONE,
1400,AnkiDroid/src/test/java/com/ichi2/libanki/FinderTest.kt,0.0013181019332161687,81.0,16.0,7.0,0.0,0.010068892421833599,0,NONE,
1401,libanki/src/main/java/com/ichi2/anki/libanki/BackendUndo.kt,0.0013181019332161687,81.0,4.0,1.0,0.0,0.010068892421833599,0,NONE,
1402,AnkiDroid/src/main/java/com/ichi2/anki/AnkiDroidJsAPIConstants.kt,0.0013018290698431296,80.0,4.0,2.0,0.0,0.010068892421833599,0,NONE,
1403,AnkiDroid/src/main/java/com/ichi2/anki/Import.kt,0.0013018290698431296,80.0,11.0,4.0,0.0,0.010068892421833599,0,NONE,
1404,AnkiDroid/src/main/java/com/ichi2/anki/pages/DeckOptionsDestination.kt,0.0013018290698431296,80.0,3.0,2.0,0.0,0.010068892421833599,0,NONE,
1405,AnkiDroid/src/main/java/com/ichi2/anki/reviewer/GestureMapper.kt,0.0013018290698431296,80.0,4.0,2.0,0.0,0.010068892421833599,0,NONE,
1406,AnkiDroid/src/main/java/dev/androidbroadcast/vbpd/ViewGroupBindings.kt,0.0013018290698431296,80.0,1.0,1.0,0.0,0.010068892421833599,0,NONE,
1407,AnkiDroid/src/main/res/values-cs/11-arrays.xml,0.0013018290698431296,80.0,11.0,1.0,0.0,0.010068892421833599,0,NONE,
1408,AnkiDroid/src/main/res/values-mr/11-arrays.xml,0.0013018290698431296,80.0,11.0,1.0,0.0,0.010068892421833599,0,NONE,
1409,AnkiDroid/src/main/res/values-uz/04-network.xml,0.0013018290698431296,80.0,7.0,1.0,0.0,0.010068892421833599,0,NONE,
1410,AnkiDroid/src/test/java/com/ichi2/utils/BundleUtilsTest.kt,0.0013018290698431296,80.0,6.0,4.0,0.0,0.010068892421833599,0,NONE,
1411,lint-rules/src/main/java/com/ichi2/anki/lint/rules/SentenceCaseConventions.kt,0.0013018290698431296,80.0,1.0,1.0,0.0,0.010068892421833599,0,NONE,
1412,AnkiDroid/src/main/java/com/ichi2/anki/multiprofile/ProfileName.kt,0.0012855562064700906,79.0,1.0,1.0,0.0,0.010068892421833599,0,NONE,
1413,AnkiDroid/src/main/java/com/ichi2/anki/sync/MeteredSyncPolicy.kt,0.0012855562064700906,79.0,3.0,1.0,0.0,0.010068892421833599,0,NONE,
1414,AnkiDroid/src/main/java/com/ichi2/anki/ui/windows/reviewer/HideSystemBars.kt,0.0012855562064700906,79.0,3.0,2.0,0.0,0.010068892421833599,0,NONE,
1415,AnkiDroid/src/main/java/com/ichi2/utils/JSONContainer.kt,0.0012855562064700906,79.0,3.0,3.0,0.0,0.010068892421833599,0,NONE,
1416,AnkiDroid/src/main/res/values-got/16-multimedia-editor.xml,0.0012855562064700906,79.0,14.0,1.0,0.0,0.010068892421833599,0,NONE,
1417,AnkiDroid/src/main/res/values-lv/16-multimedia-editor.xml,0.0012855562064700906,79.0,13.0,1.0,0.0,0.010068892421833599,0,NONE,
1418,AnkiDroid/src/test/java/com/ichi2/anki/libanki/NoteTypeTest.kt,0.0012855562064700906,79.0,11.0,4.0,0.0,0.010068892421833599,0,NONE,
1419,AnkiDroid/src/test/java/com/ichi2/libanki/NotetypesTest.kt,0.0012855562064700906,79.0,1.0,1.0,0.0,0.010068892421833599,0,NONE,
1420,AnkiDroid/src/main/java/com/ichi2/anki/contextmenu/MouseContextMenuHandler.kt,0.0012692833430970514,78.0,1.0,1.0,0.0,0.010068892421833599,0,NONE,
1421,AnkiDroid/src/main/java/com/ichi2/anki/servicelayer/scopedstorage/MoveDirectoryContent.kt,0.0012692833430970514,78.0,1.0,1.0,0.0,0.010068892421833599,0,NONE,
1422,AnkiDroid/src/main/java/dev/androidbroadcast/vbpd/ViewHolderBindings.kt,0.0012692833430970514,78.0,1.0,1.0,0.0,0.010068892421833599,0,NONE,
1423,AnkiDroid/src/main/res/values-eo/17-model-manager.xml,0.0012692833430970514,78.0,15.0,1.0,0.0,0.010068892421833599,0,NONE,
1424,AnkiDroid/src/main/res/values-hr/17-model-manager.xml,0.0012692833430970514,78.0,10.0,1.0,0.0,0.010068892421833599,0,NONE,
1425,AnkiDroid/src/main/res/values-te/11-arrays.xml,0.0012692833430970514,78.0,12.0,1.0,0.0,0.010068892421833599,0,NONE,
1426,AnkiDroid/src/test/java/com/ichi2/anki/servicelayer/scopedstorage/MockMigrationContext.kt,0.0012692833430970514,78.0,1.0,1.0,0.0,0.010068892421833599,0,NONE,
1427,AnkiDroid/src/test/java/com/ichi2/anki/utils/ext/JSONObjectTest.kt,0.0012692833430970514,78.0,5.0,1.0,0.0,0.010068892421833599,0,NONE,
1428,AnkiDroid/src/main/java/com/ichi2/anki/BackendImporting.kt,0.0012530104797240122,77.0,8.0,3.0,0.0,0.010068892421833599,0,NONE,
1429,AnkiDroid/src/main/java/com/ichi2/anki/JavaScriptTTS.kt,0.0012530104797240122,77.0,5.0,1.0,0.0,0.010068892421833599,0,NONE,
1430,AnkiDroid/src/main/java/com/ichi2/anki/pages/CardInfoDestination.kt,0.0012530104797240122,77.0,9.0,3.0,0.0,0.010068892421833599,0,NONE,
1431,AnkiDroid/src/main/java/com/ichi2/anki/preferences/reviewer/ReviewerMenuRepository.kt,0.0012530104797240122,77.0,1.0,1.0,0.0,0.010068892421833599,0,NONE,
1432,AnkiDroid/src/main/java/com/ichi2/anki/servicelayer/scopedstorage/MoveFileOrDirectory.kt,0.0012530104797240122,77.0,2.0,2.0,0.0,0.010068892421833599,0,NONE,
1433,AnkiDroid/src/main/res/layout/item_browser_filter_bottom_sheet.xml,0.0012530104797240122,77.0,1.0,1.0,0.0,0.010068892421833599,0,NONE,
1434,AnkiDroid/src/main/res/values-got/04-network.xml,0.0012530104797240122,77.0,9.0,1.0,0.0,0.010068892421833599,0,NONE,
1435,AnkiDroid/src/main/res/values-ta/16-multimedia-editor.xml,0.0012530104797240122,77.0,11.0,1.0,0.0,0.010068892421833599,0,NONE,
1436,AnkiDroid/src/test/java/com/ichi2/anki/CardBrowserNonAndroidTest.kt,0.0012530104797240122,77.0,1.0,1.0,0.0,0.010068892421833599,0,NONE,
1437,AnkiDroid/src/test/java/com/ichi2/anki/ReviewerNoParamTest.kt,0.0012530104797240122,77.0,17.0,5.0,0.0,0.010068892421833599,0,NONE,
1438,AnkiDroid/src/test/java/com/ichi2/anki/browser/search/SearchStringTest.kt,0.0012530104797240122,77.0,1.0,1.0,0.0,0.010068892421833599,0,NONE,
1439,AnkiDroid/src/test/java/com/ichi2/anki/widget/deckpicker/DeckPickerWidgetConfigTest.kt,0.0012530104797240122,77.0,9.0,3.0,0.0,0.010068892421833599,0,NONE,
1440,AnkiDroid/src/main/java/com/ichi2/anki/ui/windows/reviewer/autoadvance/AutoAdvanceSettings.kt,0.0012367376163509732,76.0,5.0,3.0,0.0,0.010068892421833599,0,NONE,
1441,AnkiDroid/src/main/java/com/ichi2/anki/utils/ViewModelUtils.kt,0.0012367376163509732,76.0,1.0,1.0,0.0,0.010068892421833599,0,NONE,
1442,AnkiDroid/src/main/java/com/ichi2/libanki/BackendImportExport.kt,0.0012367376163509732,76.0,7.0,4.0,0.0,0.010068892421833599,0,NONE,
1443,AnkiDroid/src/main/java/com/ichi2/widget/WidgetPreferences.kt,0.0012367376163509732,76.0,1.0,1.0,0.0,0.010068892421833599,0,NONE,
1444,AnkiDroid/src/main/res/layout/control_preference.xml,0.0012367376163509732,76.0,4.0,2.0,0.0,0.010068892421833599,0,NONE,
1445,AnkiDroid/src/test/java/com/ichi2/anki/browser/search/CardStateTest.kt,0.0012367376163509732,76.0,2.0,1.0,0.0,0.010068892421833599,0,NONE,
1446,AnkiDroid/src/test/java/com/ichi2/anki/servicemodel/UpgradeGesturesToControlsTest.kt,0.0012367376163509732,76.0,6.0,3.0,0.0,0.010068892421833599,0,NONE,
1447,AnkiDroid/src/test/java/com/ichi2/anki/utils/ext/StateFlowLifecycleCollectionTest.kt,0.0012367376163509732,76.0,1.0,1.0,0.0,0.010068892421833599,0,NONE,
1448,AnkiDroid/src/test/java/com/ichi2/anki/utils/ext/ViewerCommand.kt,0.0012367376163509732,76.0,5.0,2.0,0.0,0.010068892421833599,0,NONE,
1449,AnkiDroid/src/test/java/com/ichi2/anki/widget/DeckNameAndStatsTest.kt,0.0012367376163509732,76.0,1.0,1.0,0.0,0.010068892421833599,0,NONE,
1450,AnkiDroid/src/test/java/com/ichi2/audio/AudioRecordingControllerTest.kt,0.0012367376163509732,76.0,5.0,3.0,0.0,0.010068892421833599,0,NONE,
1451,AnkiDroid/src/main/java/com/ichi2/anki/dialogs/WhiteBoardWidthDialog.kt,0.001220464752977934,75.0,6.0,3.0,0.0,0.010068892421833599,0,NONE,
1452,AnkiDroid/src/main/java/com/ichi2/audio/AudioWaveform.kt,0.001220464752977934,75.0,1.0,1.0,0.0,0.010068892421833599,0,NONE,
1453,AnkiDroid/src/main/java/com/ichi2/widget/AddNoteWidget.kt,0.001220464752977934,75.0,6.0,5.0,0.0,0.010068892421833599,0,NONE,
1454,AnkiDroid/src/main/res/values-iw/09-backup.xml,0.001220464752977934,75.0,5.0,1.0,0.0,0.010068892421833599,0,NONE,
1455,AnkiDroid/src/main/res/values/theme_black.xml,0.001220464752977934,75.0,23.0,9.0,0.0,0.010068892421833599,0,NONE,
1456,AnkiDroid/src/test/java/com/ichi2/anki/ThrowableFilterServiceTest.kt,0.001220464752977934,75.0,2.0,2.0,0.0,0.010068892421833599,0,NONE,
1457,AnkiDroid/src/androidTest/java/com/ichi2/anki/DrawingActivityTest.kt,0.0012041918896048948,74.0,2.0,2.0,0.0,0.010068892421833599,0,NONE,
1458,AnkiDroid/src/main/java/com/ichi2/anki/ui/windows/reviewer/AnswerAreaView.kt,0.0012041918896048948,74.0,1.0,1.0,0.0,0.010068892421833599,0,NONE,
1459,AnkiDroid/src/main/res/values-kn/11-arrays.xml,0.0012041918896048948,74.0,10.0,1.0,0.0,0.010068892421833599,0,NONE,
1460,AnkiDroid/src/test/java/com/ichi2/anki/ui/windows/reviewer/StudyScreenRepositoryCollectionTest.kt,0.0012041918896048948,74.0,3.0,2.0,0.0,0.010068892421833599,0,NONE,
1461,AnkiDroid/src/test/java/com/ichi2/testutils/ActivityList.kt,0.0012041918896048948,74.0,21.0,9.0,0.0,0.010068892421833599,0,NONE,
1462,compat/build.gradle.kts,0.0012041918896048948,74.0,4.0,2.0,0.0,0.010068892421833599,0,NONE,
1463,AnkiDroid/src/main/java/com/ichi2/anki/browser/BrowserDestination.kt,0.0011879190262318558,73.0,4.0,2.0,0.0,0.010068892421833599,0,NONE,
1464,AnkiDroid/src/main/res/values-gl/16-multimedia-editor.xml,0.0011879190262318558,73.0,17.0,1.0,0.0,0.010068892421833599,0,NONE,
1465,AnkiDroid/src/main/res/values-uk/08-widget.xml,0.0011879190262318558,73.0,11.0,1.0,0.0,0.010068892421833599,0,NONE,
1466,AnkiDroid/src/main/res/values-uz/08-widget.xml,0.0011879190262318558,73.0,8.0,1.0,0.0,0.010068892421833599,0,NONE,
1467,AnkiDroid/src/test/java/com/ichi2/anki/IntentHandlerTest.kt,0.0011879190262318558,73.0,4.0,4.0,0.0,0.010068892421833599,0,NONE,
1468,AnkiDroid/src/test/java/com/ichi2/anki/multimediacard/activity/MultimediaEditFieldActivityTestBase.kt,0.0011879190262318558,73.0,2.0,2.0,0.0,0.010068892421833599,0,NONE,
1469,docs/marketing/localized_description/marketdescription-ro.txt,0.0011879190262318558,73.0,3.0,1.0,0.0,0.010068892421833599,0,NONE,
1470,libanki/testutils/src/main/java/com/ichi2/anki/libanki/testutils/ext/Collection.kt,0.0011879190262318558,73.0,5.0,2.0,0.0,0.010068892421833599,0,NONE,
1471,AnkiDroid/src/androidTest/java/com/ichi2/anki/PagesTest.kt,0.0011716461628588166,72.0,9.0,4.0,0.0,0.010068892421833599,0,NONE,
1472,AnkiDroid/src/main/java/com/ichi2/libanki/Config.kt,0.0011716461628588166,72.0,5.0,4.0,0.0,0.010068892421833599,0,NONE,
1473,AnkiDroid/src/main/java/com/ichi2/ui/RecyclerSingleTouchAdapter.kt,0.0011716461628588166,72.0,1.0,1.0,0.0,0.010068892421833599,0,NONE,
1474,AnkiDroid/src/main/res/layout/view_answer_area.xml,0.0011716461628588166,72.0,1.0,1.0,0.0,0.010068892421833599,0,NONE,
1475,AnkiDroid/src/main/res/values-ml/16-multimedia-editor.xml,0.0011716461628588166,72.0,11.0,1.0,0.0,0.010068892421833599,0,NONE,
1476,AnkiDroid/src/main/res/values-ru/07-cardbrowser.xml,0.0011716461628588166,72.0,19.0,1.0,0.0,0.010068892421833599,0,NONE,
1477,AnkiDroid/src/main/res/values/07-cardbrowser.xml,0.0011716461628588166,72.0,17.0,7.0,0.0,0.010068892421833599,0,NONE,
1478,docs/marketing/localized_description/marketdescription-uz.txt,0.0011716461628588166,72.0,7.0,1.0,0.0,0.010068892421833599,0,NONE,
1479,libanki/src/main/java/com/ichi2/anki/libanki/CollectionFiles.kt,0.0011716461628588166,72.0,6.0,1.0,0.0,0.010068892421833599,0,NONE,
1480,AnkiDroid/src/main/java/com/ichi2/anki/servicelayer/scopedstorage/migrateuserdata/MoveDirectory.kt,0.0011553732994857774,71.0,1.0,1.0,0.0,0.010068892421833599,0,NONE,
1481,AnkiDroid/src/main/res/values-be/08-widget.xml,0.0011553732994857774,71.0,10.0,1.0,0.0,0.010068892421833599,0,NONE,
1482,AnkiDroid/src/main/res/values-cs/08-widget.xml,0.0011553732994857774,71.0,12.0,1.0,0.0,0.010068892421833599,0,NONE,
1483,AnkiDroid/src/main/res/values-ga/07-cardbrowser.xml,0.0011553732994857774,71.0,15.0,1.0,0.0,0.010068892421833599,0,NONE,
1484,AnkiDroid/src/main/res/values-or/07-cardbrowser.xml,0.0011553732994857774,71.0,18.0,1.0,0.0,0.010068892421833599,0,NONE,
1485,AnkiDroid/src/main/res/values-ug/09-backup.xml,0.0011553732994857774,71.0,3.0,1.0,0.0,0.010068892421833599,0,NONE,
1486,AnkiDroid/src/main/res/values/theme_dark.xml,0.0011553732994857774,71.0,22.0,9.0,0.0,0.010068892421833599,0,NONE,
1487,AnkiDroid/src/test/java/com/ichi2/anki/multimediacard/AudioRecorderAndroidTest.kt,0.0011553732994857774,71.0,1.0,1.0,0.0,0.010068892421833599,0,NONE,
1488,AnkiDroid/src/test/java/com/ichi2/anki/servicelayer/scopedstorage/Utils.kt,0.0011553732994857774,71.0,2.0,2.0,0.0,0.010068892421833599,0,NONE,
1489,AI_POLICY.md,0.0011391004361127385,70.0,2.0,2.0,0.0,0.010068892421833599,0,NONE,
1490,AnkiDroid/src/main/java/com/ichi2/anki/multimediacard/fields/IFieldController.kt,0.0011391004361127385,70.0,1.0,1.0,0.0,0.010068892421833599,0,NONE,
1491,AnkiDroid/src/main/java/com/ichi2/anki/settings/PrefKey.kt,0.0011391004361127385,70.0,3.0,1.0,0.0,0.010068892421833599,0,NONE,
1492,AnkiDroid/src/main/res/layout/note_type_field_editor.xml,0.0011391004361127385,70.0,8.0,3.0,0.0,0.010068892421833599,0,NONE,
1493,AnkiDroid/src/main/res/values-is/09-backup.xml,0.0011391004361127385,70.0,2.0,2.0,0.0,0.010068892421833599,0,NONE,
1494,AnkiDroid/src/main/res/values-jv/09-backup.xml,0.0011391004361127385,70.0,2.0,2.0,0.0,0.010068892421833599,0,NONE,
1495,AnkiDroid/src/main/res/values-ka/07-cardbrowser.xml,0.0011391004361127385,70.0,17.0,1.0,0.0,0.010068892421833599,0,NONE,
1496,AnkiDroid/src/main/res/values-uk/07-cardbrowser.xml,0.0011391004361127385,70.0,22.0,1.0,0.0,0.010068892421833599,0,NONE,
1497,AnkiDroid/src/test/java/com/ichi2/anki/widget/AnalyticalWidgetProviderTest.kt,0.0011391004361127385,70.0,2.0,2.0,0.0,0.010068892421833599,0,NONE,
1498,AnkiDroid/src/test/java/com/ichi2/utils/ImportUtilsTest.kt,0.0011391004361127385,70.0,7.0,6.0,0.0,0.010068892421833599,0,NONE,
1499,common/android/build.gradle.kts,0.0011391004361127385,70.0,2.0,1.0,0.0,0.010068892421833599,0,NONE,
1500,docs/marketing/localized_description/marketdescription-lv.txt,0.0011391004361127385,70.0,7.0,1.0,0.0,0.010068892421833599,0,NONE,
1501,AnkiDroid/src/main/java/com/ichi2/anki/servicelayer/CardService.kt,0.0011228275727396993,69.0,5.0,1.0,0.0,0.010068892421833599,0,NONE,
1502,AnkiDroid/src/main/java/com/ichi2/anki/ui/windows/reviewer/StudyCountsView.kt,0.0011228275727396993,69.0,3.0,2.0,0.0,0.010068892421833599,0,NONE,
1503,AnkiDroid/src/main/res/layout/deck_picker_dialog_list_item.xml,0.0011228275727396993,69.0,2.0,2.0,0.0,0.010068892421833599,0,NONE,
1504,AnkiDroid/src/main/res/layout/widget_card_analysis_drawable_v31.xml,0.0011228275727396993,69.0,3.0,1.0,0.0,0.010068892421833599,0,NONE,
1505,AnkiDroid/src/main/res/values-ar/16-multimedia-editor.xml,0.0011228275727396993,69.0,19.0,1.0,0.0,0.010068892421833599,0,NONE,
1506,AnkiDroid/src/main/res/values-bn/04-network.xml,0.0011228275727396993,69.0,6.0,1.0,0.0,0.010068892421833599,0,NONE,
1507,AnkiDroid/src/main/res/values-da/04-network.xml,0.0011228275727396993,69.0,5.0,1.0,0.0,0.010068892421833599,0,NONE,
1508,AnkiDroid/src/main/res/values-et/16-multimedia-editor.xml,0.0011228275727396993,69.0,12.0,1.0,0.0,0.010068892421833599,0,NONE,
1509,AnkiDroid/src/main/res/values-gu/04-network.xml,0.0011228275727396993,69.0,7.0,1.0,0.0,0.010068892421833599,0,NONE,
1510,AnkiDroid/src/main/res/values-pa/08-widget.xml,0.0011228275727396993,69.0,8.0,1.0,0.0,0.010068892421833599,0,NONE,
1511,AnkiDroid/src/main/res/values-pt-rBR/07-cardbrowser.xml,0.0011228275727396993,69.0,21.0,1.0,0.0,0.010068892421833599,0,NONE,
1512,AnkiDroid/src/main/res/values-ta/04-network.xml,0.0011228275727396993,69.0,5.0,1.0,0.0,0.010068892421833599,0,NONE,
1513,AnkiDroid/src/main/java/com/ichi2/anki/dialogs/SimpleMessageDialog.kt,0.00110655470936666,68.0,4.0,1.0,0.0,0.010068892421833599,0,NONE,
1514,AnkiDroid/src/main/java/com/ichi2/anki/preferences/ControlsTabPreference.kt,0.00110655470936666,68.0,4.0,3.0,0.0,0.010068892421833599,0,NONE,
1515,AnkiDroid/src/main/java/com/ichi2/anki/utils/ext/Translations.kt,0.00110655470936666,68.0,3.0,3.0,0.0,0.010068892421833599,0,NONE,
1516,AnkiDroid/src/main/java/com/ichi2/widget/WidgetUtils.kt,0.00110655470936666,68.0,5.0,2.0,0.0,0.010068892421833599,0,NONE,
1517,AnkiDroid/src/main/res/drawable/ic_restart.xml,0.00110655470936666,68.0,2.0,1.0,0.0,0.010068892421833599,0,NONE,
1518,AnkiDroid/src/main/res/layout/fragment_switch_profiles.xml,0.00110655470936666,68.0,3.0,1.0,0.0,0.010068892421833599,0,NONE,
1519,AnkiDroid/src/main/res/values-af/07-cardbrowser.xml,0.00110655470936666,68.0,15.0,1.0,0.0,0.010068892421833599,0,NONE,
1520,AnkiDroid/src/main/res/values-am/07-cardbrowser.xml,0.00110655470936666,68.0,15.0,1.0,0.0,0.010068892421833599,0,NONE,
1521,AnkiDroid/src/main/res/values-bg/07-cardbrowser.xml,0.00110655470936666,68.0,15.0,1.0,0.0,0.010068892421833599,0,NONE,
1522,AnkiDroid/src/main/res/values-ca/07-cardbrowser.xml,0.00110655470936666,68.0,15.0,1.0,0.0,0.010068892421833599,0,NONE,
1523,AnkiDroid/src/main/res/values-ckb/07-cardbrowser.xml,0.00110655470936666,68.0,15.0,1.0,0.0,0.010068892421833599,0,NONE,
1524,AnkiDroid/src/main/res/values-eu/07-cardbrowser.xml,0.00110655470936666,68.0,15.0,1.0,0.0,0.010068892421833599,0,NONE,
1525,AnkiDroid/src/main/res/values-fy/07-cardbrowser.xml,0.00110655470936666,68.0,15.0,1.0,0.0,0.010068892421833599,0,NONE,
1526,AnkiDroid/src/main/res/values-hu/07-cardbrowser.xml,0.00110655470936666,68.0,17.0,1.0,0.0,0.010068892421833599,0,NONE,
1527,AnkiDroid/src/main/res/values-hy/07-cardbrowser.xml,0.00110655470936666,68.0,17.0,1.0,0.0,0.010068892421833599,0,NONE,
1528,AnkiDroid/src/main/res/values-ss/09-backup.xml,0.00110655470936666,68.0,1.0,1.0,0.0,0.010068892421833599,0,NONE,
1529,AnkiDroid/src/main/res/values-sw/09-backup.xml,0.00110655470936666,68.0,1.0,1.0,0.0,0.010068892421833599,0,NONE,
1530,AnkiDroid/src/main/res/values-tg/09-backup.xml,0.00110655470936666,68.0,1.0,1.0,0.0,0.010068892421833599,0,NONE,
1531,AnkiDroid/src/main/res/values-tn/09-backup.xml,0.00110655470936666,68.0,1.0,1.0,0.0,0.010068892421833599,0,NONE,
1532,AnkiDroid/src/main/res/values-ve/09-backup.xml,0.00110655470936666,68.0,1.0,1.0,0.0,0.010068892421833599,0,NONE,
1533,AnkiDroid/src/main/res/values-wo/09-backup.xml,0.00110655470936666,68.0,1.0,1.0,0.0,0.010068892421833599,0,NONE,
1534,AnkiDroid/src/main/res/values-xh/09-backup.xml,0.00110655470936666,68.0,1.0,1.0,0.0,0.010068892421833599,0,NONE,
1535,AnkiDroid/src/main/res/values-yue/09-backup.xml,0.00110655470936666,68.0,1.0,1.0,0.0,0.010068892421833599,0,NONE,
1536,AnkiDroid/src/main/res/values-zu/09-backup.xml,0.00110655470936666,68.0,1.0,1.0,0.0,0.010068892421833599,0,NONE,
1537,AnkiDroid/src/main/res/values/theme_light.xml,0.00110655470936666,68.0,24.0,10.0,0.0,0.010068892421833599,0,NONE,
1538,AnkiDroid/src/test/java/com/ichi2/anki/ShortcutTest.kt,0.00110655470936666,68.0,2.0,2.0,0.0,0.010068892421833599,0,NONE,
1539,AnkiDroid/src/test/java/com/ichi2/anki/libanki/DeckConfigTest.kt,0.00110655470936666,68.0,5.0,1.0,0.0,0.010068892421833599,0,NONE,
1540,AnkiDroid/src/test/java/com/ichi2/anki/servicelayer/scopedstorage/MoveFileOrDirectoryTest.kt,0.00110655470936666,68.0,1.0,1.0,0.0,0.010068892421833599,0,NONE,
1541,AnkiDroid/src/test/java/com/ichi2/anki/utils/ext/ConfigTest.kt,0.00110655470936666,68.0,1.0,1.0,0.0,0.010068892421833599,0,NONE,
1542,buildSrc/src/main/kotlin/com/ichi2/anki/gradle/ReportOpener.kt,0.00110655470936666,68.0,2.0,1.0,0.0,0.010068892421833599,0,NONE,
1543,testlib/src/main/java/com/ichi2/testutils/FailOnUnhandledExceptionRule.kt,0.00110655470936666,68.0,1.0,1.0,0.0,0.010068892421833599,0,NONE,
1544,AnkiDroid/src/androidTest/java/com/ichi2/anki/TestUtils.kt,0.001090281845993621,67.0,4.0,1.0,0.0,0.010068892421833599,0,NONE,
1545,AnkiDroid/src/main/res/layout/widget_item_deck_main.xml,0.001090281845993621,67.0,2.0,1.0,0.0,0.010068892421833599,0,NONE,
1546,AnkiDroid/src/main/res/values-heb/08-widget.xml,0.001090281845993621,67.0,8.0,1.0,0.0,0.010068892421833599,0,NONE,
1547,AnkiDroid/src/main/res/values-hr/04-network.xml,0.001090281845993621,67.0,4.0,1.0,0.0,0.010068892421833599,0,NONE,
1548,AnkiDroid/src/main/res/values-pa/04-network.xml,0.001090281845993621,67.0,6.0,1.0,0.0,0.010068892421833599,0,NONE,
1549,AnkiDroid/src/main/res/values-pa/16-multimedia-editor.xml,0.001090281845993621,67.0,11.0,1.0,0.0,0.010068892421833599,0,NONE,
1550,AnkiDroid/src/main/res/values-pl/08-widget.xml,0.001090281845993621,67.0,11.0,1.0,0.0,0.010068892421833599,0,NONE,
1551,AnkiDroid/src/test/java/com/ichi2/anki/dialogs/DeckPickerContextMenuTest.kt,0.001090281845993621,67.0,4.0,3.0,0.0,0.010068892421833599,0,NONE,
1552,AnkiDroid/src/test/java/com/ichi2/utils/ClipboardUtilTest.kt,0.001090281845993621,67.0,2.0,2.0,0.0,0.010068892421833599,0,NONE,
1553,common/src/main/java/com/ichi2/anki/utils/android/ColorUtils.kt,0.001090281845993621,67.0,2.0,1.0,0.0,0.010068892421833599,0,NONE,
1554,AnkiDroid/src/main/java/com/ichi2/anki/servicelayer/scopedstorage/DeleteEmptyDirectory.kt,0.001074008982620582,66.0,2.0,2.0,0.0,0.010068892421833599,0,NONE,
1555,AnkiDroid/src/main/java/com/ichi2/anki/servicelayer/scopedstorage/migrateuserdata/UserDataMigrationPreferences.kt,0.001074008982620582,66.0,1.0,1.0,0.0,0.010068892421833599,0,NONE,
1556,AnkiDroid/src/main/res/layout/dialog_key_picker.xml,0.001074008982620582,66.0,2.0,2.0,0.0,0.010068892421833599,0,NONE,
1557,AnkiDroid/src/main/res/layout/template_previewer_container.xml,0.001074008982620582,66.0,2.0,2.0,0.0,0.010068892421833599,0,NONE,
1558,AnkiDroid/src/main/res/values-kn/07-cardbrowser.xml,0.001074008982620582,66.0,17.0,1.0,0.0,0.010068892421833599,0,NONE,
1559,AnkiDroid/src/main/res/values-ur/11-arrays.xml,0.001074008982620582,66.0,8.0,1.0,0.0,0.010068892421833599,0,NONE,
1560,AnkiDroid/src/main/res/xml/widget_provider_deck_picker.xml,0.001074008982620582,66.0,5.0,3.0,0.0,0.010068892421833599,0,NONE,
1561,AnkiDroid/src/test/java/com/ichi2/anki/notetype/ManageNotetypesTest.kt,0.001074008982620582,66.0,1.0,1.0,0.0,0.010068892421833599,0,NONE,
1562,AnkiDroid/src/test/java/com/ichi2/anki/tags/ManageTagsTestUtils.kt,0.001074008982620582,66.0,3.0,1.0,0.0,0.010068892421833599,0,NONE,
1563,AnkiDroid/src/test/java/com/ichi2/libanki/FlagTest.kt,0.001074008982620582,66.0,4.0,3.0,0.0,0.010068892421833599,0,NONE,
1564,docs/marketing/localized_description/marketdescription-ur-PK.txt,0.001074008982620582,66.0,3.0,1.0,0.0,0.010068892421833599,0,NONE,
1565,AnkiDroid/src/androidTest/java/com/ichi2/anki/tests/libanki/DBTest.kt,0.0010577361192475427,65.0,8.0,2.0,0.0,0.010068892421833599,0,NONE,
1566,AnkiDroid/src/androidTest/java/com/ichi2/anki/testutil/NoteEditor.kt,0.0010577361192475427,65.0,3.0,2.0,0.0,0.010068892421833599,0,NONE,
1567,AnkiDroid/src/main/java/com/ichi2/anki/multimedia/MultimediaMenuProvider.kt,0.0010577361192475427,65.0,4.0,2.0,0.0,0.010068892421833599,0,NONE,
1568,AnkiDroid/src/main/java/com/ichi2/anki/multimedia/audio/AudioWaveform.kt,0.0010577361192475427,65.0,5.0,3.0,0.0,0.010068892421833599,0,NONE,
1569,AnkiDroid/src/main/java/com/ichi2/anki/ui/ResizingDivider.kt,0.0010577361192475427,65.0,3.0,2.0,0.0,0.010068892421833599,0,NONE,
1570,AnkiDroid/src/main/java/com/ichi2/anki/ui/windows/permissions/PermissionsUntil29Fragment.kt,0.0010577361192475427,65.0,8.0,4.0,0.0,0.010068892421833599,0,NONE,
1571,AnkiDroid/src/main/java/com/ichi2/anki/utils/ext/FragmentResult.kt,0.0010577361192475427,65.0,2.0,2.0,0.0,0.010068892421833599,0,NONE,
1572,AnkiDroid/src/main/java/com/ichi2/ui/AxisPicker.kt,0.0010577361192475427,65.0,3.0,3.0,0.0,0.010068892421833599,0,NONE,
1573,AnkiDroid/src/main/res/layout/activity_card_analysis_widget_config.xml,0.0010577361192475427,65.0,1.0,1.0,0.0,0.010068892421833599,0,NONE,
1574,AnkiDroid/src/main/res/layout/all_permissions_explanation_fragment.xml,0.0010577361192475427,65.0,1.0,1.0,0.0,0.010068892421833599,0,NONE,
1575,AnkiDroid/src/main/res/layout/fragment_audio_recording.xml,0.0010577361192475427,65.0,2.0,2.0,0.0,0.010068892421833599,0,NONE,
1576,AnkiDroid/src/main/res/values-is/20-search-preference.xml,0.0010577361192475427,65.0,1.0,1.0,0.0,0.010068892421833599,0,NONE,
1577,AnkiDroid/src/main/res/values-iw/20-search-preference.xml,0.0010577361192475427,65.0,1.0,1.0,0.0,0.010068892421833599,0,NONE,
1578,AnkiDroid/src/main/res/values-jv/20-search-preference.xml,0.0010577361192475427,65.0,1.0,1.0,0.0,0.010068892421833599,0,NONE,
1579,AnkiDroid/src/main/res/values-ml/04-network.xml,0.0010577361192475427,65.0,5.0,1.0,0.0,0.010068892421833599,0,NONE,
1580,AnkiDroid/src/main/res/values-ru/08-widget.xml,0.0010577361192475427,65.0,11.0,1.0,0.0,0.010068892421833599,0,NONE,
1581,AnkiDroid/src/main/res/values-ss/20-search-preference.xml,0.0010577361192475427,65.0,1.0,1.0,0.0,0.010068892421833599,0,NONE,
1582,AnkiDroid/src/main/res/values-sw/20-search-preference.xml,0.0010577361192475427,65.0,1.0,1.0,0.0,0.010068892421833599,0,NONE,
1583,AnkiDroid/src/main/res/values-tg/20-search-preference.xml,0.0010577361192475427,65.0,1.0,1.0,0.0,0.010068892421833599,0,NONE,
1584,AnkiDroid/src/main/res/values-tn/20-search-preference.xml,0.0010577361192475427,65.0,1.0,1.0,0.0,0.010068892421833599,0,NONE,
1585,AnkiDroid/src/main/res/values-ts/20-search-preference.xml,0.0010577361192475427,65.0,1.0,1.0,0.0,0.010068892421833599,0,NONE,
1586,AnkiDroid/src/main/res/values-ug/20-search-preference.xml,0.0010577361192475427,65.0,1.0,1.0,0.0,0.010068892421833599,0,NONE,
1587,AnkiDroid/src/main/res/values-ve/20-search-preference.xml,0.0010577361192475427,65.0,1.0,1.0,0.0,0.010068892421833599,0,NONE,
1588,AnkiDroid/src/main/res/values-wo/20-search-preference.xml,0.0010577361192475427,65.0,1.0,1.0,0.0,0.010068892421833599,0,NONE,
1589,AnkiDroid/src/main/res/values-xh/20-search-preference.xml,0.0010577361192475427,65.0,1.0,1.0,0.0,0.010068892421833599,0,NONE,
1590,AnkiDroid/src/main/res/values-yue/20-search-preference.xml,0.0010577361192475427,65.0,1.0,1.0,0.0,0.010068892421833599,0,NONE,
1591,AnkiDroid/src/main/res/values-zu/20-search-preference.xml,0.0010577361192475427,65.0,1.0,1.0,0.0,0.010068892421833599,0,NONE,
1592,AnkiDroid/src/test/java/com/ichi2/anki/AbstractFlashcardViewerCommandTest.kt,0.0010577361192475427,65.0,4.0,4.0,0.0,0.010068892421833599,0,NONE,
1593,AnkiDroid/src/test/java/com/ichi2/anki/CardUtilsTest.kt,0.0010577361192475427,65.0,1.0,1.0,0.0,0.010068892421833599,0,NONE,
1594,AnkiDroid/src/test/java/com/ichi2/anki/FlagSerializerTest.kt,0.0010577361192475427,65.0,1.0,1.0,0.0,0.010068892421833599,0,NONE,
1595,AnkiDroid/src/test/java/com/ichi2/anki/scheduling/SetDueDateViewModelTest.kt,0.0010577361192475427,65.0,4.0,3.0,0.0,0.010068892421833599,0,NONE,
1596,AnkiDroid/src/test/java/com/ichi2/libanki/UtilsTest.kt,0.0010577361192475427,65.0,1.0,1.0,0.0,0.010068892421833599,0,NONE,
1597,AnkiDroid/src/androidTest/java/com/ichi2/anki/DownloadFileTest.kt,0.0010414632558745037,64.0,3.0,1.0,0.0,0.010068892421833599,0,NONE,
1598,AnkiDroid/src/main/java/com/ichi2/anki/multimediacard/fields/TextField.kt,0.0010414632558745037,64.0,10.0,4.0,0.0,0.010068892421833599,0,NONE,
1599,AnkiDroid/src/main/java/com/ichi2/anki/ui/windows/permissions/TiramisuPermissionsFragment.kt,0.0010414632558745037,64.0,4.0,3.0,0.0,0.010068892421833599,0,NONE,
1600,AnkiDroid/src/main/java/com/ichi2/anki/utils/ext/Fragment.kt,0.0010414632558745037,64.0,6.0,4.0,0.0,0.010068892421833599,0,NONE,
1601,AnkiDroid/src/main/java/com/ichi2/utils/ExifUtil.kt,0.0010414632558745037,64.0,2.0,2.0,0.0,0.010068892421833599,0,NONE,
1602,AnkiDroid/src/main/res/layout/audio_play_view.xml,0.0010414632558745037,64.0,2.0,2.0,0.0,0.010068892421833599,0,NONE,
1603,AnkiDroid/src/main/res/layout/item_profiles.xml,0.0010414632558745037,64.0,1.0,1.0,0.0,0.010068892421833599,0,NONE,
1604,AnkiDroid/src/main/res/values-fil/17-model-manager.xml,0.0010414632558745037,64.0,11.0,1.0,0.0,0.010068892421833599,0,NONE,
1605,AnkiDroid/src/test/java/com/ichi2/anki/LoginActivityTest.kt,0.0010414632558745037,64.0,2.0,2.0,0.0,0.010068892421833599,0,NONE,
1606,AnkiDroid/src/test/java/com/ichi2/libanki/DecksTest.kt,0.0010414632558745037,64.0,4.0,3.0,0.0,0.010068892421833599,0,NONE,
1607,docs/marketing/localized_description/marketdescription-et.txt,0.0010414632558745037,64.0,3.0,1.0,0.0,0.010068892421833599,0,NONE,
1608,fastlane/metadata/android/en-US/full_description.txt,0.0010414632558745037,64.0,4.0,3.0,0.0,0.010068892421833599,0,NONE,
1609,lint-rules/src/main/java/com/ichi2/anki/lint/IssueRegistry.kt,0.0010414632558745037,64.0,10.0,7.0,0.0,0.010068892421833599,0,NONE,
1610,AnkiDroid/src/androidTest/java/com/ichi2/anki/testutil/IntroductionSlide.kt,0.0010251903925014645,63.0,3.0,3.0,0.0,0.010068892421833599,0,NONE,
1611,AnkiDroid/src/androidTest/java/com/ichi2/anki/testutil/StudyOptionsFragment.kt,0.0010251903925014645,63.0,2.0,2.0,0.0,0.010068892421833599,0,NONE,
1612,AnkiDroid/src/main/java/com/ichi2/anki/reviewer/ActionButtonStatus.kt,0.0010251903925014645,63.0,8.0,4.0,0.0,0.010068892421833599,0,NONE,
1613,AnkiDroid/src/main/java/com/ichi2/utils/ClipboardUtil.kt,0.0010251903925014645,63.0,4.0,2.0,0.0,0.010068892421833599,0,NONE,
1614,AnkiDroid/src/main/res/values-ta/08-widget.xml,0.0010251903925014645,63.0,8.0,1.0,0.0,0.010068892421833599,0,NONE,
1615,AnkiDroid/src/test/java/com/ichi2/anki/FlagTest.kt,0.0010251903925014645,63.0,2.0,1.0,0.0,0.010068892421833599,0,NONE,
1616,AnkiDroid/src/test/java/com/ichi2/libanki/ChangeManagerTest.kt,0.0010251903925014645,63.0,1.0,1.0,0.0,0.010068892421833599,0,NONE,
1617,AnkiDroid/src/test/java/com/ichi2/libanki/FieldTest.kt,0.0010251903925014645,63.0,3.0,2.0,0.0,0.010068892421833599,0,NONE,
1618,AnkiDroid/src/test/java/com/ichi2/preferences/IncrementerNumberRangePreferenceCompatTest.kt,0.0010251903925014645,63.0,1.0,1.0,0.0,0.010068892421833599,0,NONE,
1619,lint-rules/src/test/java/com/ichi2/anki/lint/rules/LayoutPrefixDetectorTest.kt,0.0010251903925014645,63.0,1.0,1.0,0.0,0.010068892421833599,0,NONE,
1620,vbpd/build.gradle.kts,0.0010251903925014645,63.0,3.0,2.0,0.0,0.010068892421833599,0,NONE,
1621,AnkiDroid/src/main/java/com/ichi2/anki/DayRolloverHandler.kt,0.0010089175291284253,62.0,11.0,3.0,0.0,0.010068892421833599,0,NONE,
1622,AnkiDroid/src/main/java/com/ichi2/anki/introduction/SetupCollectionFragment.kt,0.0010089175291284253,62.0,7.0,3.0,0.0,0.010068892421833599,0,NONE,
1623,AnkiDroid/src/main/java/com/ichi2/anki/preferences/PreferenceUtils.kt,0.0010089175291284253,62.0,6.0,2.0,0.0,0.010068892421833599,0,NONE,
1624,AnkiDroid/src/main/java/com/ichi2/anki/utils/AnimationUtils.kt,0.0010089175291284253,62.0,1.0,1.0,0.0,0.010068892421833599,0,NONE,
1625,AnkiDroid/src/main/java/com/ichi2/anki/utils/ext/String.kt,0.0010089175291284253,62.0,2.0,2.0,0.0,0.010068892421833599,0,NONE,
1626,AnkiDroid/src/main/res/layout/alert_dialog_title_with_help.xml,0.0010089175291284253,62.0,2.0,2.0,0.0,0.010068892421833599,0,NONE,
1627,AnkiDroid/src/main/res/layout/popup_brush_options.xml,0.0010089175291284253,62.0,2.0,1.0,0.0,0.010068892421833599,0,NONE,
1628,AnkiDroid/src/main/res/values-ka/11-arrays.xml,0.0010089175291284253,62.0,10.0,1.0,0.0,0.010068892421833599,0,NONE,
1629,AnkiDroid/src/test/java/com/ichi2/anki/instanteditor/InstantEditorViewModelParameterizedTest.kt,0.0010089175291284253,62.0,1.0,1.0,0.0,0.010068892421833599,0,NONE,
1630,AnkiDroid/src/test/java/com/ichi2/utils/EditTextUtilsTest.kt,0.0010089175291284253,62.0,2.0,1.0,0.0,0.010068892421833599,0,NONE,
1631,libanki/src/test/java/com/ichi2/anki/libanki/FinderTest.kt,0.0010089175291284253,62.0,7.0,3.0,0.0,0.010068892421833599,0,NONE,
1632,pre-commit,0.0010089175291284253,62.0,6.0,3.0,0.0,0.010068892421833599,0,NONE,
1633,AnkiDroid/src/main/java/com/ichi2/anki/ImageOcclusionIntentBuilder.kt,0.0009926446657553864,61.0,7.0,4.0,0.0,0.010068892421833599,0,NONE,
1634,AnkiDroid/src/main/java/com/ichi2/anki/cardviewer/GestureProcessor.kt,0.0009926446657553864,61.0,7.0,3.0,0.0,0.010068892421833599,0,NONE,
1635,AnkiDroid/src/main/java/com/ichi2/anki/cardviewer/TTS.kt,0.0009926446657553864,61.0,6.0,1.0,0.0,0.010068892421833599,0,NONE,
1636,AnkiDroid/src/main/java/com/ichi2/anki/dialogs/customstudy/CustomStudyDialogFactory.kt,0.0009926446657553864,61.0,6.0,2.0,0.0,0.010068892421833599,0,NONE,
1637,AnkiDroid/src/main/java/com/ichi2/async/CollectionLoader.kt,0.0009926446657553864,61.0,2.0,2.0,0.0,0.010068892421833599,0,NONE,
1638,AnkiDroid/src/main/res/layout/dialog_deck_description.xml,0.0009926446657553864,61.0,4.0,1.0,0.0,0.010068892421833599,0,NONE,
1639,AnkiDroid/src/main/res/values-fa/08-widget.xml,0.0009926446657553864,61.0,11.0,1.0,0.0,0.010068892421833599,0,NONE,
1640,AnkiDroid/src/main/res/values-gu/08-widget.xml,0.0009926446657553864,61.0,8.0,1.0,0.0,0.010068892421833599,0,NONE,
1641,AnkiDroid/src/main/res/values-iw/05-feedback.xml,0.0009926446657553864,61.0,2.0,1.0,0.0,0.010068892421833599,0,NONE,
1642,AnkiDroid/src/main/res/values-ur/16-multimedia-editor.xml,0.0009926446657553864,61.0,10.0,1.0,0.0,0.010068892421833599,0,NONE,
1643,AnkiDroid/src/main/res/xml/preference_headers.xml,0.0009926446657553864,61.0,8.0,6.0,0.0,0.010068892421833599,0,NONE,
1644,lint-rules/src/test/java/com/ichi2/anki/lint/rules/SentenceCaseConventionsTest.kt,0.0009926446657553864,61.0,1.0,1.0,0.0,0.010068892421833599,0,NONE,
1645,AnkiDroid/robolectricDownloader.gradle,0.0009763718023823472,60.0,6.0,2.0,0.0,0.010068892421833599,0,NONE,
1646,AnkiDroid/src/main/java/com/ichi2/anki/multimediacard/fields/FieldControllerBase.kt,0.0009763718023823472,60.0,1.0,1.0,0.0,0.010068892421833599,0,NONE,
1647,AnkiDroid/src/main/java/com/ichi2/anki/reviewer/Axis.kt,0.0009763718023823472,60.0,2.0,2.0,0.0,0.010068892421833599,0,NONE,
1648,AnkiDroid/src/main/res/layout-xlarge/card_browser.xml,0.0009763718023823472,60.0,6.0,4.0,0.0,0.010068892421833599,0,NONE,
1649,AnkiDroid/src/main/res/layout/activity_manage_space.xml,0.0009763718023823472,60.0,1.0,1.0,0.0,0.010068892421833599,0,NONE,
1650,AnkiDroid/src/main/res/values-tr/07-cardbrowser.xml,0.0009763718023823472,60.0,23.0,1.0,0.0,0.010068892421833599,0,NONE,
1651,AnkiDroid/src/main/res/values-zh-rCN/07-cardbrowser.xml,0.0009763718023823472,60.0,24.0,1.0,0.0,0.010068892421833599,0,NONE,
1652,AnkiDroid/src/test/java/com/ichi2/anki/multiprofile/ProfileIdTest.kt,0.0009763718023823472,60.0,1.0,1.0,0.0,0.010068892421833599,0,NONE,
1653,AnkiDroid/src/test/java/com/ichi2/anki/notetype/AddNewNotesTypeTest.kt,0.0009763718023823472,60.0,1.0,1.0,0.0,0.010068892421833599,0,NONE,
1654,AnkiDroid/src/test/java/com/ichi2/anki/previewer/TypeAnswerTest.kt,0.0009763718023823472,60.0,1.0,1.0,0.0,0.010068892421833599,0,NONE,
1655,AnkiDroid/src/test/java/com/ichi2/testutils/ScreenSize.kt,0.0009763718023823472,60.0,3.0,1.0,0.0,0.010068892421833599,0,NONE,
1656,AnkiDroid/src/main/java/com/ichi2/anki/exception/SystemStorageException.kt,0.0009600989390093081,59.0,1.0,1.0,0.0,0.010068892421833599,0,NONE,
1657,AnkiDroid/src/main/java/com/ichi2/anki/logging/FragmentLifecycleLogger.kt,0.0009600989390093081,59.0,2.0,1.0,0.0,0.010068892421833599,0,NONE,
1658,AnkiDroid/src/main/java/com/ichi2/imagecropper/ImageCropperLauncher.kt,0.0009600989390093081,59.0,2.0,2.0,0.0,0.010068892421833599,0,NONE,
1659,AnkiDroid/src/main/res/values-de/08-widget.xml,0.0009600989390093081,59.0,9.0,1.0,0.0,0.010068892421833599,0,NONE,
1660,AnkiDroid/src/main/res/values-eo/08-widget.xml,0.0009600989390093081,59.0,10.0,1.0,0.0,0.010068892421833599,0,NONE,
1661,AnkiDroid/src/main/res/values-fil/16-multimedia-editor.xml,0.0009600989390093081,59.0,12.0,1.0,0.0,0.010068892421833599,0,NONE,
1662,AnkiDroid/src/main/res/values-hr/16-multimedia-editor.xml,0.0009600989390093081,59.0,11.0,1.0,0.0,0.010068892421833599,0,NONE,
1663,AnkiDroid/src/main/res/values-is/05-feedback.xml,0.0009600989390093081,59.0,1.0,1.0,0.0,0.010068892421833599,0,NONE,
1664,AnkiDroid/src/main/res/values-jv/05-feedback.xml,0.0009600989390093081,59.0,1.0,1.0,0.0,0.010068892421833599,0,NONE,
1665,AnkiDroid/src/main/res/values-ss/05-feedback.xml,0.0009600989390093081,59.0,1.0,1.0,0.0,0.010068892421833599,0,NONE,
1666,AnkiDroid/src/main/res/values-sw/05-feedback.xml,0.0009600989390093081,59.0,1.0,1.0,0.0,0.010068892421833599,0,NONE,
1667,AnkiDroid/src/main/res/values-tg/05-feedback.xml,0.0009600989390093081,59.0,1.0,1.0,0.0,0.010068892421833599,0,NONE,
1668,AnkiDroid/src/main/res/values-tn/05-feedback.xml,0.0009600989390093081,59.0,1.0,1.0,0.0,0.010068892421833599,0,NONE,
1669,AnkiDroid/src/main/res/values-ts/05-feedback.xml,0.0009600989390093081,59.0,1.0,1.0,0.0,0.010068892421833599,0,NONE,
1670,AnkiDroid/src/main/res/values-ug/05-feedback.xml,0.0009600989390093081,59.0,1.0,1.0,0.0,0.010068892421833599,0,NONE,
1671,AnkiDroid/src/main/res/values-uz/09-backup.xml,0.0009600989390093081,59.0,4.0,1.0,0.0,0.010068892421833599,0,NONE,
1672,AnkiDroid/src/main/res/values-ve/05-feedback.xml,0.0009600989390093081,59.0,1.0,1.0,0.0,0.010068892421833599,0,NONE,
1673,AnkiDroid/src/main/res/values-wo/05-feedback.xml,0.0009600989390093081,59.0,1.0,1.0,0.0,0.010068892421833599,0,NONE,
1674,AnkiDroid/src/main/res/values-xh/05-feedback.xml,0.0009600989390093081,59.0,1.0,1.0,0.0,0.010068892421833599,0,NONE,
1675,AnkiDroid/src/main/res/values-yue/05-feedback.xml,0.0009600989390093081,59.0,1.0,1.0,0.0,0.010068892421833599,0,NONE,
1676,AnkiDroid/src/main/res/values-zu/05-feedback.xml,0.0009600989390093081,59.0,1.0,1.0,0.0,0.010068892421833599,0,NONE,
1677,AnkiDroid/src/main/res/values/ids.xml,0.0009600989390093081,59.0,11.0,3.0,0.0,0.010068892421833599,0,NONE,
1678,testlib/src/test/java/com/ichi2/testutils/common/AnkiAssertTest.kt,0.0009600989390093081,59.0,1.0,1.0,0.0,0.010068892421833599,0,NONE,
1679,AnkiDroid/src/main/java/com/ichi2/anki/multimediacard/fields/IField.kt,0.000943826075636269,58.0,6.0,3.0,0.0,0.010068892421833599,0,NONE,
1680,AnkiDroid/src/main/java/com/ichi2/anki/utils/ShortcutUtils.kt,0.000943826075636269,58.0,2.0,2.0,0.0,0.010068892421833599,0,NONE,
1681,AnkiDroid/src/main/res/drawable/ic_rounded_draw.xml,0.000943826075636269,58.0,2.0,2.0,0.0,0.010068892421833599,0,NONE,
1682,AnkiDroid/src/main/res/layout/card_browser_item_my_searches_dialog.xml,0.000943826075636269,58.0,3.0,3.0,0.0,0.010068892421833599,0,NONE,
1683,AnkiDroid/src/main/res/values-hy/11-arrays.xml,0.000943826075636269,58.0,8.0,1.0,0.0,0.010068892421833599,0,NONE,
1684,AnkiDroid/src/main/res/values-ind/11-arrays.xml,0.000943826075636269,58.0,8.0,1.0,0.0,0.010068892421833599,0,NONE,
1685,AnkiDroid/src/main/res/values-iw/06-statistics.xml,0.000943826075636269,58.0,4.0,1.0,0.0,0.010068892421833599,0,NONE,
1686,AnkiDroid/src/main/res/values-kk/11-arrays.xml,0.000943826075636269,58.0,8.0,1.0,0.0,0.010068892421833599,0,NONE,
1687,AnkiDroid/src/main/res/values-kn/17-model-manager.xml,0.000943826075636269,58.0,11.0,1.0,0.0,0.010068892421833599,0,NONE,
1688,AnkiDroid/src/main/res/values-ku/11-arrays.xml,0.000943826075636269,58.0,8.0,1.0,0.0,0.010068892421833599,0,NONE,
1689,AnkiDroid/src/main/res/values-ky/11-arrays.xml,0.000943826075636269,58.0,8.0,1.0,0.0,0.010068892421833599,0,NONE,
1690,AnkiDroid/src/main/res/values-lt/17-model-manager.xml,0.000943826075636269,58.0,10.0,1.0,0.0,0.010068892421833599,0,NONE,
1691,AnkiDroid/src/main/res/values-mk/11-arrays.xml,0.000943826075636269,58.0,8.0,1.0,0.0,0.010068892421833599,0,NONE,
1692,AnkiDroid/src/main/res/values-mn/11-arrays.xml,0.000943826075636269,58.0,8.0,1.0,0.0,0.010068892421833599,0,NONE,
1693,AnkiDroid/src/main/res/values-ms/11-arrays.xml,0.000943826075636269,58.0,8.0,1.0,0.0,0.010068892421833599,0,NONE,
1694,AnkiDroid/src/main/res/values-my/11-arrays.xml,0.000943826075636269,58.0,8.0,1.0,0.0,0.010068892421833599,0,NONE,
1695,AnkiDroid/src/main/res/values-ro/11-arrays.xml,0.000943826075636269,58.0,8.0,1.0,0.0,0.010068892421833599,0,NONE,
1696,AnkiDroid/src/main/res/values-sl/11-arrays.xml,0.000943826075636269,58.0,8.0,1.0,0.0,0.010068892421833599,0,NONE,
1697,AnkiDroid/src/main/res/values-sq/11-arrays.xml,0.000943826075636269,58.0,8.0,1.0,0.0,0.010068892421833599,0,NONE,
1698,AnkiDroid/src/main/res/values-sr/11-arrays.xml,0.000943826075636269,58.0,8.0,1.0,0.0,0.010068892421833599,0,NONE,
1699,AnkiDroid/src/main/res/values-vi/07-cardbrowser.xml,0.000943826075636269,58.0,17.0,1.0,0.0,0.010068892421833599,0,NONE,
1700,AnkiDroid/src/test/java/com/ichi2/anki/utils/ext/CardExt.kt,0.000943826075636269,58.0,3.0,2.0,0.0,0.010068892421833599,0,NONE,
1701,AnkiDroid/src/test/java/com/ichi2/anki/widget/DeckAdapterTest.kt,0.000943826075636269,58.0,1.0,1.0,0.0,0.010068892421833599,0,NONE,
1702,.editorconfig,0.0009275532122632298,57.0,7.0,4.0,0.0,0.010068892421833599,0,NONE,
1703,AnkiDroid/proguard-rules.pro,0.0009275532122632298,57.0,8.0,6.0,0.0,0.010068892421833599,0,NONE,
1704,AnkiDroid/src/main/java/com/ichi2/anki/dialogs/help/HelpItemActionsDispatcher.kt,0.0009275532122632298,57.0,6.0,4.0,0.0,0.010068892421833599,0,NONE,
1705,AnkiDroid/src/main/java/com/ichi2/anki/export/ExportDialogsFactory.kt,0.0009275532122632298,57.0,4.0,2.0,0.0,0.010068892421833599,0,NONE,
1706,AnkiDroid/src/main/java/com/ichi2/anki/pages/CardInfo.kt,0.0009275532122632298,57.0,1.0,1.0,0.0,0.010068892421833599,0,NONE,
1707,AnkiDroid/src/main/res/values-kn/08-widget.xml,0.0009275532122632298,57.0,8.0,1.0,0.0,0.010068892421833599,0,NONE,
1708,AnkiDroid/src/main/res/values-nl/08-widget.xml,0.0009275532122632298,57.0,9.0,1.0,0.0,0.010068892421833599,0,NONE,
1709,AnkiDroid/src/test/java/com/ichi2/testutils/CollectionDBCorruption.kt,0.0009275532122632298,57.0,1.0,1.0,0.0,0.010068892421833599,0,NONE,
1710,AnkiDroid/src/test/java/com/ichi2/utils/KeyUtilsTest.kt,0.0009275532122632298,57.0,2.0,2.0,0.0,0.010068892421833599,0,NONE,
1711,tools/chromeos/release.sh,0.0009275532122632298,57.0,1.0,1.0,0.0,0.010068892421833599,0,NONE,
1712,tools/update-js-libs.sh,0.0009275532122632298,57.0,1.0,1.0,0.0,0.010068892421833599,0,NONE,
1713,.github/workflows/publish.yml,0.0009112803488901907,56.0,11.0,6.0,0.0,0.010068892421833599,0,NONE,
1714,AnkiDroid/src/androidTest/java/com/ichi2/anki/tests/NotificationChannelTest.kt,0.0009112803488901907,56.0,7.0,3.0,0.0,0.010068892421833599,0,NONE,
1715,AnkiDroid/src/main/java/com/ichi2/anki/ui/animations/ViewAnimations.kt,0.0009112803488901907,56.0,1.0,1.0,0.0,0.010068892421833599,0,NONE,
1716,AnkiDroid/src/main/res/values-ja/11-arrays.xml,0.0009112803488901907,56.0,12.0,1.0,0.0,0.010068892421833599,0,NONE,
1717,AnkiDroid/src/main/res/values-sat/07-cardbrowser.xml,0.0009112803488901907,56.0,14.0,1.0,0.0,0.010068892421833599,0,NONE,
1718,AnkiDroid/src/main/res/values-ug/06-statistics.xml,0.0009112803488901907,56.0,2.0,1.0,0.0,0.010068892421833599,0,NONE,
1719,AnkiDroid/src/main/res/values-ur/17-model-manager.xml,0.0009112803488901907,56.0,9.0,1.0,0.0,0.010068892421833599,0,NONE,
1720,AnkiDroid/src/test/java/com/ichi2/anki/browser/BrowserMultiColumnAdapterTest.kt,0.0009112803488901907,56.0,1.0,1.0,0.0,0.010068892421833599,0,NONE,
1721,AnkiDroid/src/test/java/com/ichi2/testutils/AnkiAssert.kt,0.0009112803488901907,56.0,6.0,2.0,0.0,0.010068892421833599,0,NONE,
1722,AnkiDroid/src/test/java/com/ichi2/widget/WidgetUtilsIntegrationTest.kt,0.0009112803488901907,56.0,1.0,1.0,0.0,0.010068892421833599,0,NONE,
1723,AnkiDroid/src/androidTest/java/com/ichi2/anki/tests/libanki/RetryRule.kt,0.0008950074855171516,55.0,4.0,1.0,0.0,0.010068892421833599,0,NONE,
1724,AnkiDroid/src/main/java/com/ichi2/anki/BackendBackups.kt,0.0008950074855171516,55.0,7.0,3.0,0.0,0.010068892421833599,0,NONE,
1725,AnkiDroid/src/main/res/layout-sw600dp/preferences.xml,0.0008950074855171516,55.0,3.0,1.0,0.0,0.010068892421833599,0,NONE,
1726,AnkiDroid/src/main/res/layout/dialog_insert_field.xml,0.0008950074855171516,55.0,1.0,1.0,0.0,0.010068892421833599,0,NONE,
1727,AnkiDroid/src/main/res/layout/fragment_card_browser_searchview.xml,0.0008950074855171516,55.0,7.0,1.0,0.0,0.010068892421833599,0,NONE,
1728,AnkiDroid/src/main/res/layout/media_check_dialog_body.xml,0.0008950074855171516,55.0,3.0,2.0,0.0,0.010068892421833599,0,NONE,
1729,AnkiDroid/src/main/res/values-el/08-widget.xml,0.0008950074855171516,55.0,11.0,1.0,0.0,0.010068892421833599,0,NONE,
1730,AnkiDroid/src/main/res/values-es-rAR/08-widget.xml,0.0008950074855171516,55.0,9.0,1.0,0.0,0.010068892421833599,0,NONE,
1731,AnkiDroid/src/main/res/values-fi/08-widget.xml,0.0008950074855171516,55.0,8.0,1.0,0.0,0.010068892421833599,0,NONE,
1732,AnkiDroid/src/main/res/values-pt-rBR/08-widget.xml,0.0008950074855171516,55.0,9.0,1.0,0.0,0.010068892421833599,0,NONE,
1733,AnkiDroid/src/test/java/com/ichi2/anki/observability/ChangeManagerTest.kt,0.0008950074855171516,55.0,3.0,2.0,0.0,0.010068892421833599,0,NONE,
1734,AnkiDroid/src/test/java/com/ichi2/utils/WebViewUtilsTest.kt,0.0008950074855171516,55.0,3.0,1.0,0.0,0.010068892421833599,0,NONE,
1735,.github/workflows/sync_translations.yml,0.0008787346221441124,54.0,10.0,5.0,0.0,0.010068892421833599,0,NONE,
1736,AnkiDroid/src/main/java/com/ichi2/anki/LeakCanaryConfiguration.kt,0.0008787346221441124,54.0,3.0,1.0,0.0,0.010068892421833599,0,NONE,
1737,AnkiDroid/src/main/java/com/ichi2/anki/model/DiskFile.kt,0.0008787346221441124,54.0,1.0,1.0,0.0,0.010068892421833599,0,NONE,
1738,AnkiDroid/src/main/java/com/ichi2/anki/noteeditor/EditCardDestination.kt,0.0008787346221441124,54.0,2.0,1.0,0.0,0.010068892421833599,0,NONE,
1739,AnkiDroid/src/main/java/com/ichi2/anki/observability/OpChangesNotifier.kt,0.0008787346221441124,54.0,4.0,1.0,0.0,0.010068892421833599,0,NONE,
1740,AnkiDroid/src/main/java/com/ichi2/anki/ui/DoubleTapListener.kt,0.0008787346221441124,54.0,3.0,1.0,0.0,0.010068892421833599,0,NONE,
1741,AnkiDroid/src/main/java/com/ichi2/anki/utils/ext/TextView.kt,0.0008787346221441124,54.0,1.0,1.0,0.0,0.010068892421833599,0,NONE,
1742,AnkiDroid/src/main/java/com/ichi2/libanki/BrowserConfig.kt,0.0008787346221441124,54.0,1.0,1.0,0.0,0.010068892421833599,0,NONE,
1743,AnkiDroid/src/main/res/values-hr/08-widget.xml,0.0008787346221441124,54.0,7.0,1.0,0.0,0.010068892421833599,0,NONE,
1744,AnkiDroid/src/main/res/values-tgl/11-arrays.xml,0.0008787346221441124,54.0,7.0,1.0,0.0,0.010068892421833599,0,NONE,
1745,AnkiDroid/src/main/res/values-th/11-arrays.xml,0.0008787346221441124,54.0,7.0,1.0,0.0,0.010068892421833599,0,NONE,
1746,AnkiDroid/src/main/res/values-ti/11-arrays.xml,0.0008787346221441124,54.0,7.0,1.0,0.0,0.010068892421833599,0,NONE,
1747,AnkiDroid/src/main/res/values-tt/11-arrays.xml,0.0008787346221441124,54.0,7.0,1.0,0.0,0.010068892421833599,0,NONE,
1748,AnkiDroid/src/test/java/com/ichi2/utils/HtmlUtilsTest.kt,0.0008787346221441124,54.0,1.0,1.0,0.0,0.010068892421833599,0,NONE,
1749,docs/marketing/localized_description/marketdescription-got.txt,0.0008787346221441124,54.0,5.0,1.0,0.0,0.010068892421833599,0,NONE,
1750,libanki/src/main/java/com/ichi2/anki/libanki/Card.kt,0.0008787346221441124,54.0,7.0,3.0,0.0,0.010068892421833599,0,NONE,
1751,libanki/src/main/java/com/ichi2/anki/libanki/Sync.kt,0.0008787346221441124,54.0,3.0,1.0,0.0,0.010068892421833599,0,NONE,
1752,AnkiDroid/src/main/java/com/ichi2/anki/ImageOcclusionActivity.kt,0.0008624617587710733,53.0,1.0,1.0,0.0,0.010068892421833599,0,NONE,
1753,AnkiDroid/src/main/java/com/ichi2/anki/LanguageUtils.kt,0.0008624617587710733,53.0,5.0,4.0,0.0,0.010068892421833599,0,NONE,
1754,AnkiDroid/src/main/java/com/ichi2/anki/dialogs/FatalErrorDialog.kt,0.0008624617587710733,53.0,1.0,1.0,0.0,0.010068892421833599,0,NONE,
1755,AnkiDroid/src/main/java/com/ichi2/anki/exception/CombinedException.kt,0.0008624617587710733,53.0,1.0,1.0,0.0,0.010068892421833599,0,NONE,
1756,AnkiDroid/src/main/java/com/ichi2/anki/preferences/ExtendedPreferenceCategory.kt,0.0008624617587710733,53.0,4.0,2.0,0.0,0.010068892421833599,0,NONE,
1757,AnkiDroid/src/main/java/com/ichi2/anki/scheduling/Fsrs.kt,0.0008624617587710733,53.0,4.0,1.0,0.0,0.010068892421833599,0,NONE,
1758,AnkiDroid/src/main/java/com/ichi2/anki/ui/windows/reviewer/autoadvance/QuestionAction.kt,0.0008624617587710733,53.0,6.0,3.0,0.0,0.010068892421833599,0,NONE,
1759,AnkiDroid/src/main/java/com/ichi2/anki/ui/windows/reviewer/whiteboard/EraserButton.kt,0.0008624617587710733,53.0,1.0,1.0,0.0,0.010068892421833599,0,NONE,
1760,AnkiDroid/src/main/java/com/ichi2/anki/utils/ext/Collection.kt,0.0008624617587710733,53.0,5.0,2.0,0.0,0.010068892421833599,0,NONE,
1761,AnkiDroid/src/main/java/com/ichi2/anki/utils/ext/ParcelableUtils.kt,0.0008624617587710733,53.0,1.0,1.0,0.0,0.010068892421833599,0,NONE,
1762,AnkiDroid/src/main/java/com/ichi2/async/AsyncOperation.kt,0.0008624617587710733,53.0,1.0,1.0,0.0,0.010068892421833599,0,NONE,
1763,AnkiDroid/src/main/res/layout-xlarge/homescreen.xml,0.0008624617587710733,53.0,5.0,3.0,0.0,0.010068892421833599,0,NONE,
1764,AnkiDroid/src/main/res/layout/fragment_custom_study.xml,0.0008624617587710733,53.0,4.0,1.0,0.0,0.010068892421833599,0,NONE,
1765,AnkiDroid/src/main/res/layout/gesture_display.xml,0.0008624617587710733,53.0,2.0,2.0,0.0,0.010068892421833599,0,NONE,
1766,AnkiDroid/src/main/res/values-be/16-multimedia-editor.xml,0.0008624617587710733,53.0,17.0,1.0,0.0,0.010068892421833599,0,NONE,
1767,AnkiDroid/src/main/res/values-es-rES/08-widget.xml,0.0008624617587710733,53.0,8.0,1.0,0.0,0.010068892421833599,0,NONE,
1768,AnkiDroid/src/main/res/values-et/08-widget.xml,0.0008624617587710733,53.0,7.0,1.0,0.0,0.010068892421833599,0,NONE,
1769,AnkiDroid/src/main/res/values-fr/08-widget.xml,0.0008624617587710733,53.0,9.0,1.0,0.0,0.010068892421833599,0,NONE,
1770,AnkiDroid/src/main/res/values-fr/16-multimedia-editor.xml,0.0008624617587710733,53.0,14.0,1.0,0.0,0.010068892421833599,0,NONE,
1771,AnkiDroid/src/main/res/values-is/06-statistics.xml,0.0008624617587710733,53.0,3.0,2.0,0.0,0.010068892421833599,0,NONE,
1772,AnkiDroid/src/main/res/values-it/08-widget.xml,0.0008624617587710733,53.0,8.0,1.0,0.0,0.010068892421833599,0,NONE,
1773,AnkiDroid/src/main/res/values-jv/06-statistics.xml,0.0008624617587710733,53.0,3.0,2.0,0.0,0.010068892421833599,0,NONE,
1774,AnkiDroid/src/main/res/values-pt-rPT/08-widget.xml,0.0008624617587710733,53.0,8.0,1.0,0.0,0.010068892421833599,0,NONE,
1775,AnkiDroid/src/main/res/values/colors.xml,0.0008624617587710733,53.0,10.0,5.0,0.0,0.010068892421833599,0,NONE,
1776,AnkiDroid/src/test/java/com/ichi2/anki/multimediacard/AudioRecorderTest.kt,0.0008624617587710733,53.0,2.0,2.0,0.0,0.010068892421833599,0,NONE,
1777,AnkiDroid/src/test/java/com/ichi2/testutils/ext/Collection.kt,0.0008624617587710733,53.0,4.0,1.0,0.0,0.010068892421833599,0,NONE,
1778,compat/src/main/java/com/ichi2/anki/compat/ResolveInfoCompat.kt,0.0008624617587710733,53.0,2.0,1.0,0.0,0.010068892421833599,0,NONE,
1779,libanki/src/main/java/com/ichi2/anki/libanki/Storage.kt,0.0008624617587710733,53.0,3.0,1.0,0.0,0.010068892421833599,0,NONE,
1780,AnkiDroid/src/androidTest/java/com/ichi2/anki/NoteEditorTabOrderTest.kt,0.0008461888953980343,52.0,5.0,4.0,0.0,0.010068892421833599,0,NONE,
1781,AnkiDroid/src/main/java/com/ichi2/anki/dialogs/DeckPickerBackupNoSpaceLeftDialog.kt,0.0008461888953980343,52.0,2.0,1.0,0.0,0.010068892421833599,0,NONE,
1782,AnkiDroid/src/main/java/com/ichi2/anki/dialogs/customstudy/CustomStudyViewModel.kt,0.0008461888953980343,52.0,1.0,1.0,0.0,0.010068892421833599,0,NONE,
1783,AnkiDroid/src/main/java/com/ichi2/ui/AxisSelector.kt,0.0008461888953980343,52.0,3.0,2.0,0.0,0.010068892421833599,0,NONE,
1784,AnkiDroid/src/main/java/com/ichi2/utils/TimeUtil.kt,0.0008461888953980343,52.0,2.0,2.0,0.0,0.010068892421833599,0,NONE,
1785,AnkiDroid/src/main/res/layout/activity_multimedia.xml,0.0008461888953980343,52.0,1.0,1.0,0.0,0.010068892421833599,0,NONE,
1786,AnkiDroid/src/main/res/values-hi/07-cardbrowser.xml,0.0008461888953980343,52.0,17.0,1.0,0.0,0.010068892421833599,0,NONE,
1787,AnkiDroid/src/main/res/values-hy/17-model-manager.xml,0.0008461888953980343,52.0,10.0,1.0,0.0,0.010068892421833599,0,NONE,
1788,AnkiDroid/src/main/res/values-ko/08-widget.xml,0.0008461888953980343,52.0,9.0,1.0,0.0,0.010068892421833599,0,NONE,
1789,AnkiDroid/src/main/res/values-pt-rBR/11-arrays.xml,0.0008461888953980343,52.0,10.0,1.0,0.0,0.010068892421833599,0,NONE,
1790,AnkiDroid/src/main/res/values-ss/06-statistics.xml,0.0008461888953980343,52.0,2.0,2.0,0.0,0.010068892421833599,0,NONE,
1791,AnkiDroid/src/main/res/values-sw/06-statistics.xml,0.0008461888953980343,52.0,2.0,2.0,0.0,0.010068892421833599,0,NONE,
1792,AnkiDroid/src/main/res/values-te/07-cardbrowser.xml,0.0008461888953980343,52.0,17.0,1.0,0.0,0.010068892421833599,0,NONE,
1793,AnkiDroid/src/main/res/values-tg/06-statistics.xml,0.0008461888953980343,52.0,2.0,2.0,0.0,0.010068892421833599,0,NONE,
1794,AnkiDroid/src/main/res/values-tn/06-statistics.xml,0.0008461888953980343,52.0,2.0,2.0,0.0,0.010068892421833599,0,NONE,
1795,AnkiDroid/src/main/res/values-ts/06-statistics.xml,0.0008461888953980343,52.0,2.0,2.0,0.0,0.010068892421833599,0,NONE,
1796,AnkiDroid/src/main/res/values-ve/06-statistics.xml,0.0008461888953980343,52.0,2.0,2.0,0.0,0.010068892421833599,0,NONE,
1797,AnkiDroid/src/main/res/values-wo/06-statistics.xml,0.0008461888953980343,52.0,2.0,2.0,0.0,0.010068892421833599,0,NONE,
1798,AnkiDroid/src/main/res/values-xh/06-statistics.xml,0.0008461888953980343,52.0,2.0,2.0,0.0,0.010068892421833599,0,NONE,
1799,AnkiDroid/src/main/res/values-yue/06-statistics.xml,0.0008461888953980343,52.0,2.0,2.0,0.0,0.010068892421833599,0,NONE,
1800,AnkiDroid/src/main/res/values-zu/06-statistics.xml,0.0008461888953980343,52.0,2.0,2.0,0.0,0.010068892421833599,0,NONE,
1801,AnkiDroid/src/test/java/com/ichi2/anki/NoteTypeFieldEditorTest.kt,0.0008461888953980343,52.0,5.0,3.0,0.0,0.010068892421833599,0,NONE,
1802,AnkiDroid/src/test/java/com/ichi2/anki/servicelayer/scopedstorage/MockMigrationContextTest.kt,0.0008461888953980343,52.0,2.0,2.0,0.0,0.010068892421833599,0,NONE,
1803,AnkiDroid/src/main/java/com/ichi2/anki/servicelayer/LanguageHintService.kt,0.0008299160320249952,51.0,8.0,4.0,0.0,0.010068892421833599,0,NONE,
1804,AnkiDroid/src/main/java/com/ichi2/anki/ui/windows/permissions/AllPermissionsExplanationActivity.kt,0.0008299160320249952,51.0,2.0,2.0,0.0,0.010068892421833599,0,NONE,
1805,AnkiDroid/src/main/java/com/ichi2/anki/utils/Translations.kt,0.0008299160320249952,51.0,2.0,1.0,0.0,0.010068892421833599,0,NONE,
1806,AnkiDroid/src/main/java/com/ichi2/libanki/utils/PythonExtensions.kt,0.0008299160320249952,51.0,4.0,3.0,0.0,0.010068892421833599,0,NONE,
1807,AnkiDroid/src/main/res/layout/dialog_insert_special_field_recycler_item.xml,0.0008299160320249952,51.0,1.0,1.0,0.0,0.010068892421833599,0,NONE,
1808,AnkiDroid/src/main/res/layout/permissions_bottom_sheet.xml,0.0008299160320249952,51.0,1.0,1.0,0.0,0.010068892421833599,0,NONE,
1809,AnkiDroid/src/main/res/layout/view_search_history_item.xml,0.0008299160320249952,51.0,1.0,1.0,0.0,0.010068892421833599,0,NONE,
1810,AnkiDroid/src/main/res/menu/study_options_fragment.xml,0.0008299160320249952,51.0,3.0,3.0,0.0,0.010068892421833599,0,NONE,
1811,AnkiDroid/src/main/res/values-bn/16-multimedia-editor.xml,0.0008299160320249952,51.0,12.0,1.0,0.0,0.010068892421833599,0,NONE,
1812,AnkiDroid/src/main/res/values-es-rAR/16-multimedia-editor.xml,0.0008299160320249952,51.0,14.0,1.0,0.0,0.010068892421833599,0,NONE,
1813,AnkiDroid/src/main/res/values-hi/08-widget.xml,0.0008299160320249952,51.0,8.0,1.0,0.0,0.010068892421833599,0,NONE,
1814,AnkiDroid/src/main/res/values-iw/18-standard-models.xml,0.0008299160320249952,51.0,3.0,1.0,0.0,0.010068892421833599,0,NONE,
1815,AnkiDroid/src/main/res/values-lt/08-widget.xml,0.0008299160320249952,51.0,7.0,1.0,0.0,0.010068892421833599,0,NONE,
1816,AnkiDroid/src/main/res/values-ml/08-widget.xml,0.0008299160320249952,51.0,10.0,1.0,0.0,0.010068892421833599,0,NONE,
1817,AnkiDroid/src/main/res/values-nl/07-cardbrowser.xml,0.0008299160320249952,51.0,17.0,1.0,0.0,0.010068892421833599,0,NONE,
1818,AnkiDroid/src/main/res/values-tr/08-widget.xml,0.0008299160320249952,51.0,8.0,1.0,0.0,0.010068892421833599,0,NONE,
1819,AnkiDroid/src/main/res/values-uk/16-multimedia-editor.xml,0.0008299160320249952,51.0,16.0,1.0,0.0,0.010068892421833599,0,NONE,
1820,AnkiDroid/src/test/java/com/ichi2/anki/libanki/SchedulerTest.kt,0.0008299160320249952,51.0,7.0,1.0,0.0,0.010068892421833599,0,NONE,
1821,AnkiDroid/src/test/java/com/ichi2/anki/pages/PostRequestHandlerTest.kt,0.0008299160320249952,51.0,1.0,1.0,0.0,0.010068892421833599,0,NONE,
1822,AnkiDroid/src/test/java/com/ichi2/anki/servicelayer/scopedstorage/MockExecutor.kt,0.0008299160320249952,51.0,1.0,1.0,0.0,0.010068892421833599,0,NONE,
1823,common/src/test/java/com/ichi2/anki/common/utils/ext/FloatTest.kt,0.0008299160320249952,51.0,2.0,1.0,0.0,0.010068892421833599,0,NONE,
1824,.gitattributes,0.000813643168651956,50.0,1.0,1.0,0.0,0.010068892421833599,0,NONE,
1825,AnkiDroid/src/main/java/com/ichi2/anki/dialogs/DeckPickerAnalyticsOptInDialog.kt,0.000813643168651956,50.0,5.0,3.0,0.0,0.010068892421833599,0,NONE,
1826,AnkiDroid/src/main/res/layout/dialog_listview_message.xml,0.000813643168651956,50.0,2.0,2.0,0.0,0.010068892421833599,0,NONE,
1827,AnkiDroid/src/main/res/layout/page_fragment.xml,0.000813643168651956,50.0,3.0,2.0,0.0,0.010068892421833599,0,NONE,
1828,AnkiDroid/src/main/res/layout/schedule_reminders_list_item.xml,0.000813643168651956,50.0,3.0,1.0,0.0,0.010068892421833599,0,NONE,
1829,AnkiDroid/src/main/res/layout/view_browser_toolbar.xml,0.000813643168651956,50.0,1.0,1.0,0.0,0.010068892421833599,0,NONE,
1830,AnkiDroid/src/main/res/values-be/17-model-manager.xml,0.000813643168651956,50.0,14.0,1.0,0.0,0.010068892421833599,0,NONE,
1831,AnkiDroid/src/main/res/values-el/17-model-manager.xml,0.000813643168651956,50.0,12.0,1.0,0.0,0.010068892421833599,0,NONE,
1832,AnkiDroid/src/main/res/values-ja/08-widget.xml,0.000813643168651956,50.0,11.0,1.0,0.0,0.010068892421833599,0,NONE,
1833,AnkiDroid/src/main/res/values-ja/17-model-manager.xml,0.000813643168651956,50.0,16.0,1.0,0.0,0.010068892421833599,0,NONE,
1834,AnkiDroid/src/main/res/values-or/17-model-manager.xml,0.000813643168651956,50.0,11.0,1.0,0.0,0.010068892421833599,0,NONE,
1835,AnkiDroid/src/main/res/values-pl/11-arrays.xml,0.000813643168651956,50.0,12.0,1.0,0.0,0.010068892421833599,0,NONE,
1836,AnkiDroid/src/main/res/values-ru/11-arrays.xml,0.000813643168651956,50.0,12.0,1.0,0.0,0.010068892421833599,0,NONE,
1837,AnkiDroid/src/main/res/values-sv/07-cardbrowser.xml,0.000813643168651956,50.0,14.0,1.0,0.0,0.010068892421833599,0,NONE,
1838,AnkiDroid/src/main/res/xml/preferences_reviewing.xml,0.000813643168651956,50.0,5.0,4.0,0.0,0.010068892421833599,0,NONE,
1839,AnkiDroid/src/main/res/xml/widget_provider_card_analysis.xml,0.000813643168651956,50.0,4.0,3.0,0.0,0.010068892421833599,0,NONE,
1840,AnkiDroid/src/test/java/com/ichi2/anki/CardBrowserCardCollectionTest.kt,0.000813643168651956,50.0,2.0,2.0,0.0,0.010068892421833599,0,NONE,
1841,AnkiDroid/src/test/java/com/ichi2/anki/analytics/AnalyticsConstantsTest.kt,0.000813643168651956,50.0,5.0,4.0,0.0,0.010068892421833599,0,NONE,
1842,AnkiDroid/src/test/java/com/ichi2/anki/preferences/ControlsSettingsFragmentTest.kt,0.000813643168651956,50.0,2.0,1.0,0.0,0.010068892421833599,0,NONE,
1843,AnkiDroid/src/main/java/com/ichi2/anki/model/ResultType.kt,0.0007973703052789169,49.0,1.0,1.0,0.0,0.010068892421833599,0,NONE,
1844,AnkiDroid/src/main/java/com/ichi2/anki/multiprofile/ProfileId.kt,0.0007973703052789169,49.0,2.0,1.0,0.0,0.010068892421833599,0,NONE,
1845,AnkiDroid/src/main/java/com/ichi2/anki/ui/windows/permissions/InternetPermissionFragment.kt,0.0007973703052789169,49.0,3.0,3.0,0.0,0.010068892421833599,0,NONE,
1846,AnkiDroid/src/main/res/layout/reviewer_menu_view.xml,0.0007973703052789169,49.0,2.0,1.0,0.0,0.010068892421833599,0,NONE,
1847,AnkiDroid/src/main/res/layout/view_advanced_search_list_item.xml,0.0007973703052789169,49.0,1.0,1.0,0.0,0.010068892421833599,0,NONE,
1848,AnkiDroid/src/main/res/menu/whiteboard.xml,0.0007973703052789169,49.0,4.0,1.0,0.0,0.010068892421833599,0,NONE,
1849,AnkiDroid/src/main/res/values-bn/08-widget.xml,0.0007973703052789169,49.0,7.0,1.0,0.0,0.010068892421833599,0,NONE,
1850,AnkiDroid/src/main/res/values-ka/08-widget.xml,0.0007973703052789169,49.0,8.0,1.0,0.0,0.010068892421833599,0,NONE,
1851,AnkiDroid/src/main/res/values-lv/09-backup.xml,0.0007973703052789169,49.0,5.0,1.0,0.0,0.010068892421833599,0,NONE,
1852,AnkiDroid/src/main/res/values-sat/16-multimedia-editor.xml,0.0007973703052789169,49.0,11.0,1.0,0.0,0.010068892421833599,0,NONE,
1853,AnkiDroid/src/main/res/values-te/08-widget.xml,0.0007973703052789169,49.0,7.0,1.0,0.0,0.010068892421833599,0,NONE,
1854,.github/workflows/label.yml,0.0007810974419058778,48.0,6.0,4.0,0.0,0.010068892421833599,0,NONE,
1855,AnkiDroid/src/main/java/com/ichi2/anki/dialogs/AsyncDialogFragment.kt,0.0007810974419058778,48.0,3.0,1.0,0.0,0.010068892421833599,0,NONE,
1856,AnkiDroid/src/main/java/com/ichi2/anki/dialogs/customstudy/CreateCustomStudySessionListener.kt,0.0007810974419058778,48.0,2.0,2.0,0.0,0.010068892421833599,0,NONE,
1857,AnkiDroid/src/main/java/com/ichi2/anki/previewer/CardViewerActivity.kt,0.0007810974419058778,48.0,9.0,4.0,0.0,0.010068892421833599,0,NONE,
1858,AnkiDroid/src/main/java/com/ichi2/anki/ui/windows/permissions/AndroidPermanentlyRevokedPermissionsDialog.kt,0.0007810974419058778,48.0,4.0,3.0,0.0,0.010068892421833599,0,NONE,
1859,AnkiDroid/src/main/java/com/ichi2/anki/utils/ConfigAwareSingleFragmentActivity.kt,0.0007810974419058778,48.0,1.0,1.0,0.0,0.010068892421833599,0,NONE,
1860,AnkiDroid/src/main/java/com/ichi2/anki/workarounds/SafeWebViewClient.kt,0.0007810974419058778,48.0,2.0,1.0,0.0,0.010068892421833599,0,NONE,
1861,AnkiDroid/src/main/java/com/ichi2/compat/CompatV33.kt,0.0007810974419058778,48.0,4.0,3.0,0.0,0.010068892421833599,0,NONE,
1862,AnkiDroid/src/main/res/values-fr/17-model-manager.xml,0.0007810974419058778,48.0,14.0,1.0,0.0,0.010068892421833599,0,NONE,
1863,AnkiDroid/src/main/res/values-sat/11-arrays.xml,0.0007810974419058778,48.0,10.0,1.0,0.0,0.010068892421833599,0,NONE,
1864,AnkiDroid/src/main/res/values-sv/11-arrays.xml,0.0007810974419058778,48.0,10.0,1.0,0.0,0.010068892421833599,0,NONE,
1865,AnkiDroid/src/main/res/values-uk/17-model-manager.xml,0.0007810974419058778,48.0,14.0,1.0,0.0,0.010068892421833599,0,NONE,
1866,AnkiDroid/src/main/res/values-zh-rCN/17-model-manager.xml,0.0007810974419058778,48.0,13.0,1.0,0.0,0.010068892421833599,0,NONE,
1867,AnkiDroid/src/main/res/values-zh-rTW/08-widget.xml,0.0007810974419058778,48.0,7.0,1.0,0.0,0.010068892421833599,0,NONE,
1868,common/src/test/java/com/ichi2/anki/common/utils/ext/MutableListTest.kt,0.0007810974419058778,48.0,1.0,1.0,0.0,0.010068892421833599,0,NONE,
1869,docs/marketing/localized_description/marketdescription-ug.txt,0.0007810974419058778,48.0,5.0,1.0,0.0,0.010068892421833599,0,NONE,
1870,.github/workflows/update-gradle-wrapper.yml,0.0007648245785328386,47.0,7.0,3.0,0.0,0.010068892421833599,0,NONE,
1871,AnkiDroid/src/androidTest/java/com/ichi2/anki/tests/libanki/NotetypeTest.kt,0.0007648245785328386,47.0,5.0,2.0,0.0,0.010068892421833599,0,NONE,
1872,AnkiDroid/src/main/java/com/ichi2/anki/multimediacard/IMultimediaEditableNote.kt,0.0007648245785328386,47.0,3.0,1.0,0.0,0.010068892421833599,0,NONE,
1873,AnkiDroid/src/main/java/com/ichi2/anki/utils/ext/MutableStateFlow.kt,0.0007648245785328386,47.0,1.0,1.0,0.0,0.010068892421833599,0,NONE,
1874,AnkiDroid/src/main/java/com/ichi2/anki/utils/ext/Scheduler.kt,0.0007648245785328386,47.0,2.0,2.0,0.0,0.010068892421833599,0,NONE,
1875,AnkiDroid/src/main/java/com/ichi2/preferences/WhiteboardControlPreference.kt,0.0007648245785328386,47.0,2.0,1.0,0.0,0.010068892421833599,0,NONE,
1876,AnkiDroid/src/main/res/layout/browser_columns_selection.xml,0.0007648245785328386,47.0,2.0,1.0,0.0,0.010068892421833599,0,NONE,
1877,AnkiDroid/src/main/res/values-el/16-multimedia-editor.xml,0.0007648245785328386,47.0,14.0,1.0,0.0,0.010068892421833599,0,NONE,
1878,AnkiDroid/src/main/res/values-eo/16-multimedia-editor.xml,0.0007648245785328386,47.0,17.0,1.0,0.0,0.010068892421833599,0,NONE,
1879,AnkiDroid/src/main/res/values-it/16-multimedia-editor.xml,0.0007648245785328386,47.0,11.0,1.0,0.0,0.010068892421833599,0,NONE,
1880,AnkiDroid/src/main/res/values-ko/16-multimedia-editor.xml,0.0007648245785328386,47.0,13.0,1.0,0.0,0.010068892421833599,0,NONE,
1881,AnkiDroid/src/main/res/values-mr/07-cardbrowser.xml,0.0007648245785328386,47.0,15.0,1.0,0.0,0.010068892421833599,0,NONE,
1882,AnkiDroid/src/main/res/values-pl/16-multimedia-editor.xml,0.0007648245785328386,47.0,14.0,1.0,0.0,0.010068892421833599,0,NONE,
1883,api/build.gradle.kts,0.0007648245785328386,47.0,7.0,3.0,0.0,0.010068892421833599,0,NONE,
1884,common/src/test/java/com/ichi2/anki/common/json/NamedJSONComparatorTest.kt,0.0007648245785328386,47.0,2.0,1.0,0.0,0.010068892421833599,0,NONE,
1885,libanki/src/test/java/com/ichi2/anki/libanki/PythonTypesTest.kt,0.0007648245785328386,47.0,1.0,1.0,0.0,0.010068892421833599,0,NONE,
1886,tools/discord/format-for-discord.sh,0.0007648245785328386,47.0,1.0,1.0,0.0,0.010068892421833599,0,NONE,
1887,AnkiDroid/src/androidTest/java/com/ichi2/anki/dialogs/NoteTypeFieldEditorContextMenuTest.kt,0.0007485517151597995,46.0,2.0,1.0,0.0,0.010068892421833599,0,NONE,
1888,AnkiDroid/src/main/java/com/ichi2/anki/contextmenu/MenuContentProvider.kt,0.0007485517151597995,46.0,1.0,1.0,0.0,0.010068892421833599,0,NONE,
1889,AnkiDroid/src/main/java/com/ichi2/anki/pages/CardInfoFragment.kt,0.0007485517151597995,46.0,2.0,1.0,0.0,0.010068892421833599,0,NONE,
1890,AnkiDroid/src/main/java/com/ichi2/anki/preferences/CustomSyncServerSettingsFragment.kt,0.0007485517151597995,46.0,3.0,2.0,0.0,0.010068892421833599,0,NONE,
1891,AnkiDroid/src/main/java/com/ichi2/anki/utils/Layout.kt,0.0007485517151597995,46.0,2.0,1.0,0.0,0.010068892421833599,0,NONE,
1892,AnkiDroid/src/main/java/com/ichi2/anki/utils/ext/ImageView.kt,0.0007485517151597995,46.0,2.0,1.0,0.0,0.010068892421833599,0,NONE,
1893,AnkiDroid/src/main/java/com/ichi2/libanki/backend/model/SortOrderUtil.kt,0.0007485517151597995,46.0,2.0,2.0,0.0,0.010068892421833599,0,NONE,
1894,AnkiDroid/src/main/res/layout-xlarge/note_editor.xml,0.0007485517151597995,46.0,1.0,1.0,0.0,0.010068892421833599,0,NONE,
1895,AnkiDroid/src/main/res/layout/check_pronunciation_fragment.xml,0.0007485517151597995,46.0,3.0,2.0,0.0,0.010068892421833599,0,NONE,
1896,AnkiDroid/src/main/res/layout/dialog_with_progress_indicator.xml,0.0007485517151597995,46.0,1.0,1.0,0.0,0.010068892421833599,0,NONE,
1897,AnkiDroid/src/main/res/layout/item_stats_deck.xml,0.0007485517151597995,46.0,2.0,2.0,0.0,0.010068892421833599,0,NONE,
1898,AnkiDroid/src/main/res/values-kk/07-cardbrowser.xml,0.0007485517151597995,46.0,14.0,1.0,0.0,0.010068892421833599,0,NONE,
1899,AnkiDroid/src/main/res/values-ku/07-cardbrowser.xml,0.0007485517151597995,46.0,14.0,1.0,0.0,0.010068892421833599,0,NONE,
1900,AnkiDroid/src/main/res/values-ky/07-cardbrowser.xml,0.0007485517151597995,46.0,14.0,1.0,0.0,0.010068892421833599,0,NONE,
1901,AnkiDroid/src/main/res/values-mk/07-cardbrowser.xml,0.0007485517151597995,46.0,14.0,1.0,0.0,0.010068892421833599,0,NONE,
1902,AnkiDroid/src/main/res/values-mn/07-cardbrowser.xml,0.0007485517151597995,46.0,14.0,1.0,0.0,0.010068892421833599,0,NONE,
1903,AnkiDroid/src/main/res/values-pl/17-model-manager.xml,0.0007485517151597995,46.0,14.0,1.0,0.0,0.010068892421833599,0,NONE,
1904,AnkiDroid/src/main/res/values-tr/17-model-manager.xml,0.0007485517151597995,46.0,12.0,1.0,0.0,0.010068892421833599,0,NONE,
1905,AnkiDroid/src/test/java/com/ichi2/anki/EaseTest.kt,0.0007485517151597995,46.0,4.0,3.0,0.0,0.010068892421833599,0,NONE,
1906,AnkiDroid/src/test/java/com/ichi2/anki/ui/windows/reviewer/whiteboard/WhiteboardRepositoryTest.kt,0.0007485517151597995,46.0,1.0,1.0,0.0,0.010068892421833599,0,NONE,
1907,AnkiDroid/src/test/java/com/ichi2/preferences/PreferenceExtensionsTest.kt,0.0007485517151597995,46.0,2.0,2.0,0.0,0.010068892421833599,0,NONE,
1908,AnkiDroid/src/test/java/com/ichi2/widget/WidgetAlarmTest.kt,0.0007485517151597995,46.0,1.0,1.0,0.0,0.010068892421833599,0,NONE,
1909,docs/ankidroid/sdk-version-history.md,0.0007485517151597995,46.0,1.0,1.0,0.0,0.010068892421833599,0,NONE,
1910,libanki/src/main/java/com/ichi2/anki/libanki/Tags.kt,0.0007485517151597995,46.0,3.0,1.0,0.0,0.010068892421833599,0,NONE,
1911,libanki/src/test/java/com/ichi2/anki/libanki/CollectionOnDiskTest.kt,0.0007485517151597995,46.0,1.0,1.0,0.0,0.010068892421833599,0,NONE,
1912,lint-rules/src/test/java/com/ichi2/anki/lint/rules/DirectSystemTimeInstantiationTest.kt,0.0007485517151597995,46.0,3.0,2.0,0.0,0.010068892421833599,0,NONE,
1913,AnkiDroid/src/main/java/com/ichi2/anki/servicelayer/MediaService.kt,0.0007322788517867604,45.0,3.0,3.0,0.0,0.010068892421833599,0,NONE,
1914,AnkiDroid/src/main/java/com/ichi2/utils/HandlerUtils.kt,0.0007322788517867604,45.0,2.0,1.0,0.0,0.010068892421833599,0,NONE,
1915,AnkiDroid/src/main/res/values-ind/07-cardbrowser.xml,0.0007322788517867604,45.0,14.0,1.0,0.0,0.010068892421833599,0,NONE,
1916,AnkiDroid/src/main/res/values-ja/16-multimedia-editor.xml,0.0007322788517867604,45.0,16.0,1.0,0.0,0.010068892421833599,0,NONE,
1917,AnkiDroid/src/main/res/values-mr/16-multimedia-editor.xml,0.0007322788517867604,45.0,11.0,1.0,0.0,0.010068892421833599,0,NONE,
1918,AnkiDroid/src/main/res/values-ru/16-multimedia-editor.xml,0.0007322788517867604,45.0,14.0,1.0,0.0,0.010068892421833599,0,NONE,
1919,AnkiDroid/src/main/res/values-tr/16-multimedia-editor.xml,0.0007322788517867604,45.0,15.0,1.0,0.0,0.010068892421833599,0,NONE,
1920,AnkiDroid/src/main/res/values-zh-rCN/16-multimedia-editor.xml,0.0007322788517867604,45.0,14.0,1.0,0.0,0.010068892421833599,0,NONE,
1921,AnkiDroid/src/test/java/com/ichi2/anki/OnboardingUtilsTest.kt,0.0007322788517867604,45.0,1.0,1.0,0.0,0.010068892421833599,0,NONE,
1922,AnkiDroid/src/test/java/com/ichi2/anki/utils/ext/WholeAndFractionTest.kt,0.0007322788517867604,45.0,1.0,1.0,0.0,0.010068892421833599,0,NONE,
1923,AnkiDroid/src/test/java/com/ichi2/testutils/PermissionUtils.kt,0.0007322788517867604,45.0,2.0,2.0,0.0,0.010068892421833599,0,NONE,
1924,common/android/src/test/java/com/ichi2/anki/common/utils/android/ColorUtilsTest.kt,0.0007322788517867604,45.0,1.0,1.0,0.0,0.010068892421833599,0,NONE,
1925,AnkiDroid/src/androidTest/java/com/ichi2/anki/dialogs/BrowserOptionsDialogTest.kt,0.0007160059884137212,44.0,1.0,1.0,0.0,0.010068892421833599,0,NONE,
1926,AnkiDroid/src/main/java/com/ichi2/anki/CollectionIntegrityStorageCheck.kt,0.0007160059884137212,44.0,4.0,2.0,0.0,0.010068892421833599,0,NONE,
1927,AnkiDroid/src/main/java/com/ichi2/anki/FlagToDisplay.kt,0.0007160059884137212,44.0,5.0,2.0,0.0,0.010068892421833599,0,NONE,
1928,AnkiDroid/src/main/java/com/ichi2/anki/android/AnkiBroadcastReceiver.kt,0.0007160059884137212,44.0,1.0,1.0,0.0,0.010068892421833599,0,NONE,
1929,AnkiDroid/src/main/java/com/ichi2/anki/browser/BrowserColumnKey.kt,0.0007160059884137212,44.0,1.0,1.0,0.0,0.010068892421833599,0,NONE,
1930,AnkiDroid/src/main/java/com/ichi2/anki/multimediacard/fields/FieldBase.kt,0.0007160059884137212,44.0,2.0,1.0,0.0,0.010068892421833599,0,NONE,
1931,AnkiDroid/src/main/java/com/ichi2/anki/preferences/GeneralSettingsFragment.kt,0.0007160059884137212,44.0,6.0,4.0,0.0,0.010068892421833599,0,NONE,
1932,AnkiDroid/src/main/java/com/ichi2/anki/utils/Dialog.kt,0.0007160059884137212,44.0,1.0,1.0,0.0,0.010068892421833599,0,NONE,
1933,AnkiDroid/src/main/res/layout/grade_now_list_item.xml,0.0007160059884137212,44.0,2.0,1.0,0.0,0.010068892421833599,0,NONE,
1934,AnkiDroid/src/main/res/values-az/17-model-manager.xml,0.0007160059884137212,44.0,11.0,1.0,0.0,0.010068892421833599,0,NONE,
1935,AnkiDroid/src/main/res/values-cs/17-model-manager.xml,0.0007160059884137212,44.0,14.0,1.0,0.0,0.010068892421833599,0,NONE,
1936,AnkiDroid/src/main/res/values-es-rAR/17-model-manager.xml,0.0007160059884137212,44.0,14.0,1.0,0.0,0.010068892421833599,0,NONE,
1937,AnkiDroid/src/main/res/values-es-rES/17-model-manager.xml,0.0007160059884137212,44.0,14.0,1.0,0.0,0.010068892421833599,0,NONE,
1938,AnkiDroid/src/main/res/values-fa/17-model-manager.xml,0.0007160059884137212,44.0,13.0,1.0,0.0,0.010068892421833599,0,NONE,
1939,AnkiDroid/src/main/res/values-heb/11-arrays.xml,0.0007160059884137212,44.0,10.0,1.0,0.0,0.010068892421833599,0,NONE,
1940,AnkiDroid/src/main/res/values-ind/08-widget.xml,0.0007160059884137212,44.0,7.0,1.0,0.0,0.010068892421833599,0,NONE,
1941,AnkiDroid/src/main/res/values-it/17-model-manager.xml,0.0007160059884137212,44.0,11.0,1.0,0.0,0.010068892421833599,0,NONE,
1942,AnkiDroid/src/main/res/values-uk/11-arrays.xml,0.0007160059884137212,44.0,11.0,1.0,0.0,0.010068892421833599,0,NONE,
1943,AnkiDroid/src/main/res/values-vi/08-widget.xml,0.0007160059884137212,44.0,7.0,1.0,0.0,0.010068892421833599,0,NONE,
1944,AnkiDroid/src/test/java/com/ichi2/anki/multimediacard/fields/MediaClipTest.kt,0.0007160059884137212,44.0,2.0,2.0,0.0,0.010068892421833599,0,NONE,
1945,AnkiDroid/src/test/java/com/ichi2/anki/reviewer/BindingTest.kt,0.0007160059884137212,44.0,3.0,2.0,0.0,0.010068892421833599,0,NONE,
1946,AnkiDroid/src/test/java/com/ichi2/libanki/TagsTest.kt,0.0007160059884137212,44.0,2.0,2.0,0.0,0.010068892421833599,0,NONE,
1947,docs/marketing/localized_description/marketdescription-ar.txt,0.0007160059884137212,44.0,6.0,1.0,0.0,0.010068892421833599,0,NONE,
1948,AnkiDroid/src/main/java/com/ichi2/anki/AbstractIntentHandler.kt,0.0006997331250406821,43.0,3.0,2.0,0.0,0.010068892421833599,0,NONE,
1949,AnkiDroid/src/main/java/com/ichi2/anki/cardviewer/OnRenderProcessGoneDelegate.kt,0.0006997331250406821,43.0,6.0,3.0,0.0,0.010068892421833599,0,NONE,
1950,AnkiDroid/src/main/java/com/ichi2/anki/receiver/SdCardReceiver.kt,0.0006997331250406821,43.0,4.0,1.0,0.0,0.010068892421833599,0,NONE,
1951,AnkiDroid/src/main/java/com/ichi2/anki/ui/windows/reviewer/StudyCounts.kt,0.0006997331250406821,43.0,1.0,1.0,0.0,0.010068892421833599,0,NONE,
1952,AnkiDroid/src/main/java/com/ichi2/ui/AccessibleSearchView.kt,0.0006997331250406821,43.0,2.0,2.0,0.0,0.010068892421833599,0,NONE,
1953,AnkiDroid/src/main/java/com/ichi2/utils/BundleUtils.kt,0.0006997331250406821,43.0,3.0,2.0,0.0,0.010068892421833599,0,NONE,
1954,AnkiDroid/src/main/res/layout/all_permissions_explanation_activity.xml,0.0006997331250406821,43.0,1.0,1.0,0.0,0.010068892421833599,0,NONE,
1955,AnkiDroid/src/main/res/layout/migration_progress_menu_layout.xml,0.0006997331250406821,43.0,1.0,1.0,0.0,0.010068892421833599,0,NONE,
1956,AnkiDroid/src/main/res/layout/settings_fragment.xml,0.0006997331250406821,43.0,1.0,1.0,0.0,0.010068892421833599,0,NONE,
1957,AnkiDroid/src/main/res/values-ar/04-network.xml,0.0006997331250406821,43.0,8.0,1.0,0.0,0.010068892421833599,0,NONE,
1958,AnkiDroid/src/main/res/values-ar/09-backup.xml,0.0006997331250406821,43.0,9.0,1.0,0.0,0.010068892421833599,0,NONE,
1959,AnkiDroid/src/main/res/values-cs/16-multimedia-editor.xml,0.0006997331250406821,43.0,15.0,1.0,0.0,0.010068892421833599,0,NONE,
1960,AnkiDroid/src/main/res/values-de/16-multimedia-editor.xml,0.0006997331250406821,43.0,13.0,1.0,0.0,0.010068892421833599,0,NONE,
1961,AnkiDroid/src/main/res/values-es-rES/16-multimedia-editor.xml,0.0006997331250406821,43.0,13.0,1.0,0.0,0.010068892421833599,0,NONE,
1962,AnkiDroid/src/main/res/values-fa/16-multimedia-editor.xml,0.0006997331250406821,43.0,14.0,1.0,0.0,0.010068892421833599,0,NONE,
1963,AnkiDroid/src/main/res/values-fi/16-multimedia-editor.xml,0.0006997331250406821,43.0,13.0,1.0,0.0,0.010068892421833599,0,NONE,
1964,AnkiDroid/src/main/res/values-hr/09-backup.xml,0.0006997331250406821,43.0,3.0,1.0,0.0,0.010068892421833599,0,NONE,
1965,AnkiDroid/src/main/res/values-lt/16-multimedia-editor.xml,0.0006997331250406821,43.0,11.0,1.0,0.0,0.010068892421833599,0,NONE,
1966,AnkiDroid/src/main/res/values-nl/16-multimedia-editor.xml,0.0006997331250406821,43.0,13.0,1.0,0.0,0.010068892421833599,0,NONE,
1967,AnkiDroid/src/main/res/values-pa/09-backup.xml,0.0006997331250406821,43.0,5.0,1.0,0.0,0.010068892421833599,0,NONE,
1968,AnkiDroid/src/main/res/values-pt-rPT/16-multimedia-editor.xml,0.0006997331250406821,43.0,14.0,1.0,0.0,0.010068892421833599,0,NONE,
1969,AnkiDroid/src/main/res/values-sat/08-widget.xml,0.0006997331250406821,43.0,5.0,1.0,0.0,0.010068892421833599,0,NONE,
1970,AnkiDroid/src/main/res/values-sc/08-widget.xml,0.0006997331250406821,43.0,6.0,1.0,0.0,0.010068892421833599,0,NONE,
1971,AnkiDroid/src/main/res/values-sv/08-widget.xml,0.0006997331250406821,43.0,5.0,1.0,0.0,0.010068892421833599,0,NONE,
1972,AnkiDroid/src/main/res/values-ur/08-widget.xml,0.0006997331250406821,43.0,6.0,1.0,0.0,0.010068892421833599,0,NONE,
1973,AnkiDroid/src/test/java/com/ichi2/anki/SharedDecksDownloadFragmentTest.kt,0.0006997331250406821,43.0,1.0,1.0,0.0,0.010068892421833599,0,NONE,
1974,AnkiDroid/src/test/java/com/ichi2/utils/SequenceUtilTest.kt,0.0006997331250406821,43.0,1.0,1.0,0.0,0.010068892421833599,0,NONE,
1975,common/src/main/java/com/ichi2/anki/common/annotations/LegacyNotifications.kt,0.0006997331250406821,43.0,1.0,1.0,0.0,0.010068892421833599,0,NONE,
1976,libanki/src/main/java/com/ichi2/anki/libanki/backend/model/SortOrderUtil.kt,0.0006997331250406821,43.0,2.0,1.0,0.0,0.010068892421833599,0,NONE,
1977,tools/localization/eslint.config.mjs,0.0006997331250406821,43.0,1.0,1.0,0.0,0.010068892421833599,0,NONE,
1978,AnkiDroid/src/main/java/com/ichi2/anki/OnboardingFlag.kt,0.0006834602616676431,42.0,1.0,1.0,0.0,0.010068892421833599,0,NONE,
1979,AnkiDroid/src/main/java/com/ichi2/anki/noteeditor/NoteEditorFragmentDelegate.kt,0.0006834602616676431,42.0,1.0,1.0,0.0,0.010068892421833599,0,NONE,
1980,AnkiDroid/src/main/java/com/ichi2/anki/utils/ext/LinearLayoutManager.kt,0.0006834602616676431,42.0,2.0,2.0,0.0,0.010068892421833599,0,NONE,
1981,AnkiDroid/src/main/res/values-de/17-model-manager.xml,0.0006834602616676431,42.0,13.0,1.0,0.0,0.010068892421833599,0,NONE,
1982,AnkiDroid/src/main/res/values-fi/17-model-manager.xml,0.0006834602616676431,42.0,12.0,1.0,0.0,0.010068892421833599,0,NONE,
1983,AnkiDroid/src/main/res/values-ga/08-widget.xml,0.0006834602616676431,42.0,8.0,1.0,0.0,0.010068892421833599,0,NONE,
1984,AnkiDroid/src/main/res/values-heb/17-model-manager.xml,0.0006834602616676431,42.0,12.0,1.0,0.0,0.010068892421833599,0,NONE,
1985,AnkiDroid/src/main/res/values-is/18-standard-models.xml,0.0006834602616676431,42.0,3.0,2.0,0.0,0.010068892421833599,0,NONE,
1986,AnkiDroid/src/main/res/values-jv/18-standard-models.xml,0.0006834602616676431,42.0,3.0,2.0,0.0,0.010068892421833599,0,NONE,
1987,AnkiDroid/src/main/res/values-pt-rBR/17-model-manager.xml,0.0006834602616676431,42.0,14.0,1.0,0.0,0.010068892421833599,0,NONE,
1988,AnkiDroid/src/main/res/values-ru/17-model-manager.xml,0.0006834602616676431,42.0,12.0,1.0,0.0,0.010068892421833599,0,NONE,
1989,AnkiDroid/src/main/res/values-ss/18-standard-models.xml,0.0006834602616676431,42.0,3.0,2.0,0.0,0.010068892421833599,0,NONE,
1990,AnkiDroid/src/main/res/values-sw/18-standard-models.xml,0.0006834602616676431,42.0,3.0,2.0,0.0,0.010068892421833599,0,NONE,
1991,AnkiDroid/src/main/res/values-tg/18-standard-models.xml,0.0006834602616676431,42.0,3.0,2.0,0.0,0.010068892421833599,0,NONE,
1992,AnkiDroid/src/main/res/values-tn/18-standard-models.xml,0.0006834602616676431,42.0,3.0,2.0,0.0,0.010068892421833599,0,NONE,
1993,AnkiDroid/src/main/res/values-ts/18-standard-models.xml,0.0006834602616676431,42.0,3.0,2.0,0.0,0.010068892421833599,0,NONE,
1994,AnkiDroid/src/main/res/values-ve/18-standard-models.xml,0.0006834602616676431,42.0,3.0,2.0,0.0,0.010068892421833599,0,NONE,
1995,AnkiDroid/src/main/res/values-wo/18-standard-models.xml,0.0006834602616676431,42.0,3.0,2.0,0.0,0.010068892421833599,0,NONE,
1996,AnkiDroid/src/main/res/values-xh/18-standard-models.xml,0.0006834602616676431,42.0,3.0,2.0,0.0,0.010068892421833599,0,NONE,
1997,AnkiDroid/src/main/res/values-yue/18-standard-models.xml,0.0006834602616676431,42.0,3.0,2.0,0.0,0.010068892421833599,0,NONE,
1998,AnkiDroid/src/main/res/values-zu/18-standard-models.xml,0.0006834602616676431,42.0,3.0,2.0,0.0,0.010068892421833599,0,NONE,
1999,AnkiDroid/src/test/java/com/ichi2/anki/browser/search/CardStateSerializerTest.kt,0.0006834602616676431,42.0,1.0,1.0,0.0,0.010068892421833599,0,NONE,
2000,AnkiDroid/src/test/java/com/ichi2/anki/browser/search/SearchFiltersTest.kt,0.0006834602616676431,42.0,2.0,1.0,0.0,0.010068892421833599,0,NONE,
2001,AnkiDroid/src/test/java/com/ichi2/testutils/EmptyAnkiActivity.kt,0.0006834602616676431,42.0,1.0,1.0,0.0,0.010068892421833599,0,NONE,
2002,AnkiDroid/src/test/java/com/ichi2/testutils/Robolectric.kt,0.0006834602616676431,42.0,1.0,1.0,0.0,0.010068892421833599,0,NONE,
2003,tools/discord/macos-clipboard-to-discord.sh,0.0006834602616676431,42.0,1.0,1.0,0.0,0.010068892421833599,0,NONE,
2004,AnkiDroid/src/main/java/com/ichi2/anki/account/LoggedInViewModel.kt,0.000667187398294604,41.0,1.0,1.0,0.0,0.010068892421833599,0,NONE,
2005,AnkiDroid/src/main/java/com/ichi2/anki/pages/AnkiServer.kt,0.000667187398294604,41.0,8.0,2.0,0.0,0.010068892421833599,0,NONE,
2006,AnkiDroid/src/main/res/layout/tab_layout_icon_on_end.xml,0.000667187398294604,41.0,1.0,1.0,0.0,0.010068892421833599,0,NONE,
2007,AnkiDroid/src/main/res/values-et/04-network.xml,0.000667187398294604,41.0,5.0,1.0,0.0,0.010068892421833599,0,NONE,
2008,AnkiDroid/src/main/res/values-kn/16-multimedia-editor.xml,0.000667187398294604,41.0,12.0,1.0,0.0,0.010068892421833599,0,NONE,
2009,AnkiDroid/src/main/res/values-or/08-widget.xml,0.000667187398294604,41.0,10.0,1.0,0.0,0.010068892421833599,0,NONE,
2010,AnkiDroid/src/main/res/values-pt-rBR/16-multimedia-editor.xml,0.000667187398294604,41.0,13.0,1.0,0.0,0.010068892421833599,0,NONE,
2011,AnkiDroid/src/main/res/values-th/16-multimedia-editor.xml,0.000667187398294604,41.0,10.0,1.0,0.0,0.010068892421833599,0,NONE,
2012,AnkiDroid/src/test/java/com/ichi2/anki/MetaTest.kt,0.000667187398294604,41.0,1.0,1.0,0.0,0.010068892421833599,0,NONE,
2013,AnkiDroid/src/test/java/com/ichi2/anki/dialogs/utils/FragmentTestActivity.kt,0.000667187398294604,41.0,1.0,1.0,0.0,0.010068892421833599,0,NONE,
2014,AnkiDroid/src/test/java/com/ichi2/anki/scheduling/SetDueDateDialogTest.kt,0.000667187398294604,41.0,6.0,2.0,0.0,0.010068892421833599,0,NONE,
2015,AnkiDroid/src/test/java/com/ichi2/testutils/CollectionManagerTestAdapter.kt,0.000667187398294604,41.0,3.0,1.0,0.0,0.010068892421833599,0,NONE,
2016,AnkiDroid/src/test/java/com/ichi2/utils/LanguageUtilsTest.kt,0.000667187398294604,41.0,4.0,2.0,0.0,0.010068892421833599,0,NONE,
2017,common/src/main/java/com/ichi2/anki/common/utils/TestUtils.kt,0.000667187398294604,41.0,2.0,1.0,0.0,0.010068892421833599,0,NONE,
2018,libanki/src/main/java/com/ichi2/anki/libanki/PythonTypes.kt,0.000667187398294604,41.0,3.0,1.0,0.0,0.010068892421833599,0,NONE,
2019,AnkiDroid/src/main/java/com/ichi2/anki/AppLifecycleObserver.kt,0.0006509145349215648,40.0,1.0,1.0,0.0,0.010068892421833599,0,NONE,
2020,AnkiDroid/src/main/java/com/ichi2/anki/jsaddons/AddonModel.kt,0.0006509145349215648,40.0,3.0,1.0,0.0,0.010068892421833599,0,NONE,
2021,AnkiDroid/src/main/java/com/ichi2/anki/reviewreminders/ScheduleRemindersDestination.kt,0.0006509145349215648,40.0,3.0,2.0,0.0,0.010068892421833599,0,NONE,
2022,AnkiDroid/src/main/java/com/ichi2/anki/settings/enums/HideSystemBars.kt,0.0006509145349215648,40.0,2.0,1.0,0.0,0.010068892421833599,0,NONE,
2023,AnkiDroid/src/main/java/com/ichi2/anki/utils/ext/View.kt,0.0006509145349215648,40.0,2.0,2.0,0.0,0.010068892421833599,0,NONE,
2024,AnkiDroid/src/main/java/com/ichi2/themes/Theme.kt,0.0006509145349215648,40.0,1.0,1.0,0.0,0.010068892421833599,0,NONE,
2025,AnkiDroid/src/main/res/drawable/bg_rounded_drop_shadow.xml,0.0006509145349215648,40.0,1.0,1.0,0.0,0.010068892421833599,0,NONE,
2026,AnkiDroid/src/main/res/layout/browser_column_divider.xml,0.0006509145349215648,40.0,2.0,2.0,0.0,0.010068892421833599,0,NONE,
2027,AnkiDroid/src/main/res/layout/browser_columns_selection_heading.xml,0.0006509145349215648,40.0,1.0,1.0,0.0,0.010068892421833599,0,NONE,
2028,AnkiDroid/src/main/res/layout/widget_deck_picker_large.xml,0.0006509145349215648,40.0,4.0,1.0,0.0,0.010068892421833599,0,NONE,
2029,AnkiDroid/src/main/res/values-am/17-model-manager.xml,0.0006509145349215648,40.0,11.0,1.0,0.0,0.010068892421833599,0,NONE,
2030,AnkiDroid/src/main/res/values-vi/11-arrays.xml,0.0006509145349215648,40.0,10.0,1.0,0.0,0.010068892421833599,0,NONE,
2031,AnkiDroid/src/main/res/values-zh-rCN/08-widget.xml,0.0006509145349215648,40.0,8.0,1.0,0.0,0.010068892421833599,0,NONE,
2032,AnkiDroid/src/main/res/values-zh-rCN/11-arrays.xml,0.0006509145349215648,40.0,10.0,1.0,0.0,0.010068892421833599,0,NONE,
2033,AnkiDroid/src/test/java/com/ichi2/anki/ProductionCrashReportingTreeTest.kt,0.0006509145349215648,40.0,3.0,2.0,0.0,0.010068892421833599,0,NONE,
2034,AnkiDroid/src/test/java/com/ichi2/anki/browser/BrowserColumnKeyTest.kt,0.0006509145349215648,40.0,1.0,1.0,0.0,0.010068892421833599,0,NONE,
2035,AnkiDroid/src/test/java/com/ichi2/anki/browser/CardBrowserColumnNonParamTest.kt,0.0006509145349215648,40.0,2.0,2.0,0.0,0.010068892421833599,0,NONE,
2036,AnkiDroid/src/test/java/com/ichi2/anki/browser/StringNormalizationTest.kt,0.0006509145349215648,40.0,1.0,1.0,0.0,0.010068892421833599,0,NONE,
2037,AnkiDroid/src/test/java/com/ichi2/testutils/ext/ReviewRemindersDatabase.kt,0.0006509145349215648,40.0,1.0,1.0,0.0,0.010068892421833599,0,NONE,
2038,common/src/main/java/com/ichi2/anki/common/annotations/UseContextParameter.kt,0.0006509145349215648,40.0,1.0,1.0,0.0,0.010068892421833599,0,NONE,
2039,common/src/main/java/com/ichi2/anki/common/utils/ext/Float.kt,0.0006509145349215648,40.0,2.0,1.0,0.0,0.010068892421833599,0,NONE,
2040,docs/marketing/localized_description/marketdescription-el.txt,0.0006509145349215648,40.0,3.0,1.0,0.0,0.010068892421833599,0,NONE,
2041,AnkiDroid/src/androidTest/java/com/ichi2/anki/tests/LayoutValidationTest.kt,0.0006346416715485257,39.0,10.0,4.0,0.0,0.010068892421833599,0,NONE,
2042,AnkiDroid/src/main/java/com/ichi2/anki/analytics/AcraAnalyticsInteraction.kt,0.0006346416715485257,39.0,4.0,2.0,0.0,0.010068892421833599,0,NONE,
2043,AnkiDroid/src/main/java/com/ichi2/anki/dialogs/help/HelpItem.kt,0.0006346416715485257,39.0,4.0,1.0,0.0,0.010068892421833599,0,NONE,
2044,AnkiDroid/src/main/java/com/ichi2/anki/settings/enums/ShouldFetchMedia.kt,0.0006346416715485257,39.0,3.0,1.0,0.0,0.010068892421833599,0,NONE,
2045,AnkiDroid/src/main/java/com/ichi2/anki/ui/NoteTypeSpinnerUtils.kt,0.0006346416715485257,39.0,6.0,2.0,0.0,0.010068892421833599,0,NONE,
2046,AnkiDroid/src/main/java/com/ichi2/libanki/CardTemplates.kt,0.0006346416715485257,39.0,3.0,2.0,0.0,0.010068892421833599,0,NONE,
2047,AnkiDroid/src/main/java/com/ichi2/utils/CollectionUtils.kt,0.0006346416715485257,39.0,1.0,1.0,0.0,0.010068892421833599,0,NONE,
2048,AnkiDroid/src/main/res/values-ca/16-multimedia-editor.xml,0.0006346416715485257,39.0,12.0,1.0,0.0,0.010068892421833599,0,NONE,
2049,AnkiDroid/src/main/res/values-gu/09-backup.xml,0.0006346416715485257,39.0,4.0,1.0,0.0,0.010068892421833599,0,NONE,
2050,AnkiDroid/src/main/res/values-heb/16-multimedia-editor.xml,0.0006346416715485257,39.0,13.0,1.0,0.0,0.010068892421833599,0,NONE,
2051,AnkiDroid/src/main/res/values-ko/09-backup.xml,0.0006346416715485257,39.0,7.0,1.0,0.0,0.010068892421833599,0,NONE,
2052,AnkiDroid/src/main/res/values-ml/09-backup.xml,0.0006346416715485257,39.0,4.0,1.0,0.0,0.010068892421833599,0,NONE,
2053,AnkiDroid/src/main/res/values/16-multimedia-editor.xml,0.0006346416715485257,39.0,11.0,4.0,0.0,0.010068892421833599,0,NONE,
2054,AnkiDroid/src/test/java/com/ichi2/anki/dialogs/CustomExceptionDataTest.kt,0.0006346416715485257,39.0,1.0,1.0,0.0,0.010068892421833599,0,NONE,
2055,AnkiDroid/src/test/java/com/ichi2/utils/CollectionUtilsTest.kt,0.0006346416715485257,39.0,1.0,1.0,0.0,0.010068892421833599,0,NONE,
2056,lint-rules/src/main/java/com/ichi2/anki/lint/rules/DirectSystemTimeInstantiation.kt,0.0006346416715485257,39.0,3.0,2.0,0.0,0.010068892421833599,0,NONE,
2057,AnkiDroid/src/main/java/com/ichi2/anki/dialogs/ScopedStorageMigration.kt,0.0006183688081754866,38.0,1.0,1.0,0.0,0.010068892421833599,0,NONE,
2058,AnkiDroid/src/main/java/com/ichi2/anki/multimediacard/fields/EFieldType.kt,0.0006183688081754866,38.0,2.0,1.0,0.0,0.010068892421833599,0,NONE,
2059,AnkiDroid/src/main/java/com/ichi2/anki/utils/ext/SavedStateHandle.kt,0.0006183688081754866,38.0,3.0,2.0,0.0,0.010068892421833599,0,NONE,
2060,AnkiDroid/src/main/java/com/ichi2/utils/Colour.kt,0.0006183688081754866,38.0,2.0,1.0,0.0,0.010068892421833599,0,NONE,
2061,AnkiDroid/src/main/java/com/ichi2/utils/DeckNameComparator.kt,0.0006183688081754866,38.0,1.0,1.0,0.0,0.010068892421833599,0,NONE,
2062,AnkiDroid/src/main/res/layout/instant_editor_field_layout.xml,0.0006183688081754866,38.0,3.0,2.0,0.0,0.010068892421833599,0,NONE,
2063,AnkiDroid/src/main/res/menu/multimedia_menu.xml,0.0006183688081754866,38.0,2.0,1.0,0.0,0.010068892421833599,0,NONE,
2064,AnkiDroid/src/main/res/values-da/17-model-manager.xml,0.0006183688081754866,38.0,11.0,1.0,0.0,0.010068892421833599,0,NONE,
2065,AnkiDroid/src/main/res/values-nl/17-model-manager.xml,0.0006183688081754866,38.0,11.0,1.0,0.0,0.010068892421833599,0,NONE,
2066,AnkiDroid/src/main/res/values-sc/07-cardbrowser.xml,0.0006183688081754866,38.0,14.0,1.0,0.0,0.010068892421833599,0,NONE,
2067,AnkiDroid/src/main/res/values-sv/17-model-manager.xml,0.0006183688081754866,38.0,12.0,1.0,0.0,0.010068892421833599,0,NONE,
2068,AnkiDroid/src/test/java/com/ichi2/compat/CompatCopyFileTest.kt,0.0006183688081754866,38.0,3.0,2.0,0.0,0.010068892421833599,0,NONE,
2069,AnkiDroid/src/test/java/com/ichi2/testutils/libanki/CollectionAssert.kt,0.0006183688081754866,38.0,3.0,2.0,0.0,0.010068892421833599,0,NONE,
2070,AnkiDroid/src/test/java/com/ichi2/utils/LanguageUtilRobolectricTest.kt,0.0006183688081754866,38.0,1.0,1.0,0.0,0.010068892421833599,0,NONE,
2071,common/src/main/java/com/ichi2/anki/common/utils/ext/JSONObject.kt,0.0006183688081754866,38.0,4.0,2.0,0.0,0.010068892421833599,0,NONE,
2072,common/src/test/java/com/ichi2/anki/common/utils/ext/ListTest.kt,0.0006183688081754866,38.0,1.0,1.0,0.0,0.010068892421833599,0,NONE,
2073,AnkiDroid/src/main/assets/flashcard.css,0.0006020959448024474,37.0,5.0,4.0,0.0,0.010068892421833599,0,NONE,
2074,AnkiDroid/src/main/java/com/ichi2/anki/android/input/ShortcutGroup.kt,0.0006020959448024474,37.0,3.0,2.0,0.0,0.010068892421833599,0,NONE,
2075,AnkiDroid/src/main/java/com/ichi2/anki/browser/CardBrowserFragmentViewModel.kt,0.0006020959448024474,37.0,2.0,1.0,0.0,0.010068892421833599,0,NONE,
2076,AnkiDroid/src/main/java/com/ichi2/anki/dialogs/CardBrowserOrderDialog.kt,0.0006020959448024474,37.0,3.0,1.0,0.0,0.010068892421833599,0,NONE,
2077,AnkiDroid/src/main/java/com/ichi2/anki/exception/StorageAccessException.kt,0.0006020959448024474,37.0,3.0,1.0,0.0,0.010068892421833599,0,NONE,
2078,AnkiDroid/src/main/java/com/ichi2/anki/preferences/BackupLimitsSettingsFragment.kt,0.0006020959448024474,37.0,3.0,2.0,0.0,0.010068892421833599,0,NONE,
2079,AnkiDroid/src/main/java/com/ichi2/anki/settings/enums/ToolbarPosition.kt,0.0006020959448024474,37.0,3.0,1.0,0.0,0.010068892421833599,0,NONE,
2080,AnkiDroid/src/main/java/com/ichi2/anki/ui/windows/reviewer/AnswerButtonsNextTime.kt,0.0006020959448024474,37.0,3.0,2.0,0.0,0.010068892421833599,0,NONE,
2081,AnkiDroid/src/main/java/com/ichi2/utils/Assert.kt,0.0006020959448024474,37.0,1.0,1.0,0.0,0.010068892421833599,0,NONE,
2082,AnkiDroid/src/main/java/com/ichi2/utils/UiUtil.kt,0.0006020959448024474,37.0,3.0,3.0,0.0,0.010068892421833599,0,NONE,
2083,AnkiDroid/src/main/res/layout/card_template_editor.xml,0.0006020959448024474,37.0,5.0,3.0,0.0,0.010068892421833599,0,NONE,
2084,AnkiDroid/src/main/res/layout/card_template_editor_activity.xml,0.0006020959448024474,37.0,2.0,2.0,0.0,0.010068892421833599,0,NONE,
2085,AnkiDroid/src/main/res/values-hu/08-widget.xml,0.0006020959448024474,37.0,8.0,1.0,0.0,0.010068892421833599,0,NONE,
2086,AnkiDroid/src/main/res/values-vi/16-multimedia-editor.xml,0.0006020959448024474,37.0,12.0,1.0,0.0,0.010068892421833599,0,NONE,
2087,AnkiDroid/src/main/res/values-zh-rTW/16-multimedia-editor.xml,0.0006020959448024474,37.0,10.0,1.0,0.0,0.010068892421833599,0,NONE,
2088,AnkiDroid/src/main/res/values/08-widget.xml,0.0006020959448024474,37.0,9.0,4.0,0.0,0.010068892421833599,0,NONE,
2089,AnkiDroid/src/test/java/com/ichi2/compat/Test21And26.kt,0.0006020959448024474,37.0,8.0,6.0,0.0,0.010068892421833599,0,NONE,
2090,AnkiDroid/src/test/java/com/ichi2/testutils/DialogUtils.kt,0.0006020959448024474,37.0,1.0,1.0,0.0,0.010068892421833599,0,NONE,
2091,AnkiDroid/src/test/java/com/ichi2/testutils/TaskSchedulerRule.kt,0.0006020959448024474,37.0,1.0,1.0,0.0,0.010068892421833599,0,NONE,
2092,AnkiDroid/src/test/java/com/ichi2/testutils/ext/TestClass.kt,0.0006020959448024474,37.0,2.0,1.0,0.0,0.010068892421833599,0,NONE,
2093,common/proguard-rules.pro,0.0006020959448024474,37.0,2.0,2.0,0.0,0.010068892421833599,0,NONE,
2094,libanki/src/main/java/com/ichi2/anki/libanki/sched/DummyScheduler.kt,0.0006020959448024474,37.0,3.0,2.0,0.0,0.010068892421833599,0,NONE,
2095,lint-rules/src/main/java/com/ichi2/anki/lint/rules/DirectCalendarInstanceUsage.kt,0.0006020959448024474,37.0,2.0,2.0,0.0,0.010068892421833599,0,NONE,
2096,lint-rules/src/main/java/com/ichi2/anki/lint/rules/DirectDateInstantiation.kt,0.0006020959448024474,37.0,2.0,2.0,0.0,0.010068892421833599,0,NONE,
2097,lint-rules/src/main/java/com/ichi2/anki/lint/rules/DirectGregorianInstantiation.kt,0.0006020959448024474,37.0,2.0,2.0,0.0,0.010068892421833599,0,NONE,
2098,lint-rules/src/main/java/com/ichi2/anki/lint/rules/DirectSystemCurrentTimeMillisUsage.kt,0.0006020959448024474,37.0,2.0,2.0,0.0,0.010068892421833599,0,NONE,
2099,AnkiDroid/src/main/java/com/ichi2/anki/SyncActionProvider.kt,0.0005858230814294083,36.0,7.0,3.0,0.0,0.010068892421833599,0,NONE,
2100,AnkiDroid/src/main/java/com/ichi2/anki/ui/NonLeadingZeroInputFilter.kt,0.0005858230814294083,36.0,1.0,1.0,0.0,0.010068892421833599,0,NONE,
2101,AnkiDroid/src/main/java/com/ichi2/anki/ui/windows/permissions/PermissionsStartingAt30Fragment.kt,0.0005858230814294083,36.0,5.0,3.0,0.0,0.010068892421833599,0,NONE,
2102,AnkiDroid/src/main/java/com/ichi2/anki/utils/Reflection.kt,0.0005858230814294083,36.0,2.0,2.0,0.0,0.010068892421833599,0,NONE,
2103,AnkiDroid/src/main/java/com/ichi2/anki/utils/ext/Chip.kt,0.0005858230814294083,36.0,2.0,1.0,0.0,0.010068892421833599,0,NONE,
2104,AnkiDroid/src/main/java/com/ichi2/libanki/Storage.kt,0.0005858230814294083,36.0,7.0,3.0,0.0,0.010068892421833599,0,NONE,
2105,AnkiDroid/src/main/java/com/ichi2/utils/HashUtil.kt,0.0005858230814294083,36.0,3.0,2.0,0.0,0.010068892421833599,0,NONE,
2106,AnkiDroid/src/main/res/layout/colorpicker_flag_bubble.xml,0.0005858230814294083,36.0,2.0,2.0,0.0,0.010068892421833599,0,NONE,
2107,AnkiDroid/src/main/res/layout/item_notetype_field.xml,0.0005858230814294083,36.0,1.0,1.0,0.0,0.010068892421833599,0,NONE,
2108,AnkiDroid/src/main/res/layout/preferences.xml,0.0005858230814294083,36.0,2.0,1.0,0.0,0.010068892421833599,0,NONE,
2109,AnkiDroid/src/main/res/values-hu/11-arrays.xml,0.0005858230814294083,36.0,9.0,1.0,0.0,0.010068892421833599,0,NONE,
2110,AnkiDroid/src/main/res/values-it/11-arrays.xml,0.0005858230814294083,36.0,8.0,1.0,0.0,0.010068892421833599,0,NONE,
2111,AnkiDroid/src/main/res/values-km/08-widget.xml,0.0005858230814294083,36.0,7.0,1.0,0.0,0.010068892421833599,0,NONE,
2112,AnkiDroid/src/main/res/values-nl/11-arrays.xml,0.0005858230814294083,36.0,9.0,1.0,0.0,0.010068892421833599,0,NONE,
2113,AnkiDroid/src/main/res/values-zh-rTW/07-cardbrowser.xml,0.0005858230814294083,36.0,15.0,1.0,0.0,0.010068892421833599,0,NONE,
2114,AnkiDroid/src/test/java/com/ichi2/anki/DeckAdapterFilterTest.kt,0.0005858230814294083,36.0,3.0,2.0,0.0,0.010068892421833599,0,NONE,
2115,AnkiDroid/src/test/java/com/ichi2/anki/EmptyApplicationCategory.kt,0.0005858230814294083,36.0,1.0,1.0,0.0,0.010068892421833599,0,NONE,
2116,AnkiDroid/src/test/java/com/ichi2/anki/HandlerUtilsTest.kt,0.0005858230814294083,36.0,3.0,2.0,0.0,0.010068892421833599,0,NONE,
2117,AnkiDroid/src/test/java/com/ichi2/anki/libanki/DeckNodeTest.kt,0.0005858230814294083,36.0,3.0,1.0,0.0,0.010068892421833599,0,NONE,
2118,common/src/test/java/com/ichi2/anki/common/utils/ext/LongTest.kt,0.0005858230814294083,36.0,1.0,1.0,0.0,0.010068892421833599,0,NONE,
2119,compat/src/main/java/com/ichi2/anki/compat/DirectoryCompat.kt,0.0005858230814294083,36.0,1.0,1.0,0.0,0.010068892421833599,0,NONE,
2120,docs/marketing/localized_description/marketdescription-pl.txt,0.0005858230814294083,36.0,6.0,1.0,0.0,0.010068892421833599,0,NONE,
2121,docs/marketing/localized_description/marketdescription-pt-BR.txt,0.0005858230814294083,36.0,4.0,1.0,0.0,0.010068892421833599,0,NONE,
2122,lint-rules/src/test/java/com/ichi2/anki/lint/rules/DirectSystemCurrentTimeMillisUsageTest.kt,0.0005858230814294083,36.0,2.0,2.0,0.0,0.010068892421833599,0,NONE,
2123,AnkiDroid/src/androidTest/java/com/ichi2/anki/testutil/DatabaseUtils.kt,0.0005695502180563692,35.0,2.0,1.0,0.0,0.010068892421833599,0,NONE,
2124,AnkiDroid/src/main/java/com/ichi2/anki/contextmenu/SystemContextMenu.kt,0.0005695502180563692,35.0,3.0,1.0,0.0,0.010068892421833599,0,NONE,
2125,AnkiDroid/src/main/java/com/ichi2/anki/multiprofile/ProfileRestrictedDirectory.kt,0.0005695502180563692,35.0,1.0,1.0,0.0,0.010068892421833599,0,NONE,
2126,AnkiDroid/src/main/java/com/ichi2/anki/preferences/reviewer/WhiteboardAction.kt,0.0005695502180563692,35.0,1.0,1.0,0.0,0.010068892421833599,0,NONE,
2127,AnkiDroid/src/main/java/com/ichi2/anki/reviewer/AnswerButtons.kt,0.0005695502180563692,35.0,5.0,3.0,0.0,0.010068892421833599,0,NONE,
2128,AnkiDroid/src/main/java/com/ichi2/anki/utils/ext/BitmapDrawable.kt,0.0005695502180563692,35.0,1.0,1.0,0.0,0.010068892421833599,0,NONE,
2129,AnkiDroid/src/main/java/com/ichi2/anki/utils/ext/Config.kt,0.0005695502180563692,35.0,1.0,1.0,0.0,0.010068892421833599,0,NONE,
2130,AnkiDroid/src/main/java/com/ichi2/anki/utils/ext/FragmentManager.kt,0.0005695502180563692,35.0,1.0,1.0,0.0,0.010068892421833599,0,NONE,
2131,AnkiDroid/src/main/java/com/ichi2/libanki/utils/Time.kt,0.0005695502180563692,35.0,2.0,2.0,0.0,0.010068892421833599,0,NONE,
2132,AnkiDroid/src/main/res/layout/fragment_loading.xml,0.0005695502180563692,35.0,1.0,1.0,0.0,0.010068892421833599,0,NONE,
2133,AnkiDroid/src/main/res/layout/my_account.xml,0.0005695502180563692,35.0,3.0,3.0,0.0,0.010068892421833599,0,NONE,
2134,AnkiDroid/src/main/res/layout/widget_item_deck_config.xml,0.0005695502180563692,35.0,3.0,2.0,0.0,0.010068892421833599,0,NONE,
2135,AnkiDroid/src/main/res/menu/activity_edit_text.xml,0.0005695502180563692,35.0,1.0,1.0,0.0,0.010068892421833599,0,NONE,
2136,AnkiDroid/src/main/res/values-af/16-multimedia-editor.xml,0.0005695502180563692,35.0,11.0,1.0,0.0,0.010068892421833599,0,NONE,
2137,AnkiDroid/src/main/res/values-am/16-multimedia-editor.xml,0.0005695502180563692,35.0,11.0,1.0,0.0,0.010068892421833599,0,NONE,
2138,AnkiDroid/src/main/res/values-az/16-multimedia-editor.xml,0.0005695502180563692,35.0,11.0,1.0,0.0,0.010068892421833599,0,NONE,
2139,AnkiDroid/src/main/res/values-bg/16-multimedia-editor.xml,0.0005695502180563692,35.0,11.0,1.0,0.0,0.010068892421833599,0,NONE,
2140,AnkiDroid/src/main/res/values-ckb/16-multimedia-editor.xml,0.0005695502180563692,35.0,11.0,1.0,0.0,0.010068892421833599,0,NONE,
2141,AnkiDroid/src/main/res/values-eu/16-multimedia-editor.xml,0.0005695502180563692,35.0,11.0,1.0,0.0,0.010068892421833599,0,NONE,
2142,AnkiDroid/src/main/res/values-fy/16-multimedia-editor.xml,0.0005695502180563692,35.0,11.0,1.0,0.0,0.010068892421833599,0,NONE,
2143,AnkiDroid/src/main/res/values-ga/16-multimedia-editor.xml,0.0005695502180563692,35.0,11.0,1.0,0.0,0.010068892421833599,0,NONE,
2144,AnkiDroid/src/main/res/values-hi/16-multimedia-editor.xml,0.0005695502180563692,35.0,11.0,1.0,0.0,0.010068892421833599,0,NONE,
2145,AnkiDroid/src/main/res/values-hy/09-backup.xml,0.0005695502180563692,35.0,3.0,1.0,0.0,0.010068892421833599,0,NONE,
2146,AnkiDroid/src/main/res/values-ka/16-multimedia-editor.xml,0.0005695502180563692,35.0,11.0,1.0,0.0,0.010068892421833599,0,NONE,
2147,AnkiDroid/src/main/res/values-or/16-multimedia-editor.xml,0.0005695502180563692,35.0,10.0,1.0,0.0,0.010068892421833599,0,NONE,
2148,AnkiDroid/src/main/res/values-sc/16-multimedia-editor.xml,0.0005695502180563692,35.0,10.0,1.0,0.0,0.010068892421833599,0,NONE,
2149,AnkiDroid/src/main/res/values-sv/16-multimedia-editor.xml,0.0005695502180563692,35.0,11.0,1.0,0.0,0.010068892421833599,0,NONE,
2150,AnkiDroid/src/main/res/values-te/16-multimedia-editor.xml,0.0005695502180563692,35.0,11.0,1.0,0.0,0.010068892421833599,0,NONE,
2151,AnkiDroid/src/test/java/com/ichi2/anki/AnkiDroidAppFailureTest.kt,0.0005695502180563692,35.0,2.0,1.0,0.0,0.010068892421833599,0,NONE,
2152,AnkiDroid/src/test/java/com/ichi2/anki/multimediacard/fields/BasicMediaClipFieldControllerComplexTest.kt,0.0005695502180563692,35.0,1.0,1.0,0.0,0.010068892421833599,0,NONE,
2153,AnkiDroid/src/test/java/com/ichi2/anki/reviewer/BindingAndroidTest.kt,0.0005695502180563692,35.0,2.0,2.0,0.0,0.010068892421833599,0,NONE,
2154,AnkiDroid/src/test/java/com/ichi2/anki/ui/windows/reviewer/ReviewerBigScreenTest.kt,0.0005695502180563692,35.0,2.0,2.0,0.0,0.010068892421833599,0,NONE,
2155,AnkiDroid/src/test/java/com/ichi2/themes/ThemeTest.kt,0.0005695502180563692,35.0,1.0,1.0,0.0,0.010068892421833599,0,NONE,
2156,common/src/main/java/com/ichi2/anki/common/utils/ext/List.kt,0.0005695502180563692,35.0,1.0,1.0,0.0,0.010068892421833599,0,NONE,
2157,testlib/src/main/java/com/ichi2/testutils/AnkiAssert.kt,0.0005695502180563692,35.0,1.0,1.0,0.0,0.010068892421833599,0,NONE,
2158,AnkiDroid/src/main/assets/mathjax/input/tex/extensions/all-packages.js,0.00055327735468333,34.0,1.0,1.0,0.0,0.010068892421833599,0,NONE,
2159,AnkiDroid/src/main/assets/mathjax/input/tex/extensions/mhchem.js,0.00055327735468333,34.0,1.0,1.0,0.0,0.010068892421833599,0,NONE,
2160,AnkiDroid/src/main/java/com/ichi2/anki/dialogs/DeckPickerNoSpaceLeftDialog.kt,0.00055327735468333,34.0,2.0,1.0,0.0,0.010068892421833599,0,NONE,
2161,AnkiDroid/src/main/java/com/ichi2/anki/dialogs/ModelEditorContextMenu.kt,0.00055327735468333,34.0,3.0,2.0,0.0,0.010068892421833599,0,NONE,
2162,AnkiDroid/src/main/java/com/ichi2/anki/dialogs/Utils.kt,0.00055327735468333,34.0,3.0,2.0,0.0,0.010068892421833599,0,NONE,
2163,AnkiDroid/src/main/java/com/ichi2/anki/settings/enums/FrameStyle.kt,0.00055327735468333,34.0,2.0,1.0,0.0,0.010068892421833599,0,NONE,
2164,AnkiDroid/src/main/java/com/ichi2/ui/WhiteboardGesturePicker.kt,0.00055327735468333,34.0,1.0,1.0,0.0,0.010068892421833599,0,NONE,
2165,AnkiDroid/src/main/res/layout-land/introduction_layout.xml,0.00055327735468333,34.0,1.0,1.0,0.0,0.010068892421833599,0,NONE,
2166,AnkiDroid/src/main/res/layout/dialog_new_note_type.xml,0.00055327735468333,34.0,1.0,1.0,0.0,0.010068892421833599,0,NONE,
2167,AnkiDroid/src/main/res/layout/multimedia_edit_field_activity.xml,0.00055327735468333,34.0,1.0,1.0,0.0,0.010068892421833599,0,NONE,
2168,AnkiDroid/src/main/res/values-af/17-model-manager.xml,0.00055327735468333,34.0,10.0,1.0,0.0,0.010068892421833599,0,NONE,
2169,AnkiDroid/src/main/res/values-bg/17-model-manager.xml,0.00055327735468333,34.0,10.0,1.0,0.0,0.010068892421833599,0,NONE,
2170,AnkiDroid/src/main/res/values-ca/17-model-manager.xml,0.00055327735468333,34.0,10.0,1.0,0.0,0.010068892421833599,0,NONE,
2171,AnkiDroid/src/main/res/values-ckb/17-model-manager.xml,0.00055327735468333,34.0,10.0,1.0,0.0,0.010068892421833599,0,NONE,
2172,AnkiDroid/src/main/res/values-eu/17-model-manager.xml,0.00055327735468333,34.0,10.0,1.0,0.0,0.010068892421833599,0,NONE,
2173,AnkiDroid/src/main/res/values-fy/17-model-manager.xml,0.00055327735468333,34.0,10.0,1.0,0.0,0.010068892421833599,0,NONE,
2174,AnkiDroid/src/main/res/values-ga/17-model-manager.xml,0.00055327735468333,34.0,10.0,1.0,0.0,0.010068892421833599,0,NONE,
2175,AnkiDroid/src/main/res/values-hi/11-arrays.xml,0.00055327735468333,34.0,10.0,1.0,0.0,0.010068892421833599,0,NONE,
2176,AnkiDroid/src/main/res/values-nn/17-model-manager.xml,0.00055327735468333,34.0,10.0,1.0,0.0,0.010068892421833599,0,NONE,
2177,AnkiDroid/src/main/res/values-pt-rPT/17-model-manager.xml,0.00055327735468333,34.0,11.0,1.0,0.0,0.010068892421833599,0,NONE,
2178,AnkiDroid/src/main/res/values-te/17-model-manager.xml,0.00055327735468333,34.0,11.0,1.0,0.0,0.010068892421833599,0,NONE,
2179,AnkiDroid/src/main/res/values-zh-rTW/11-arrays.xml,0.00055327735468333,34.0,7.0,1.0,0.0,0.010068892421833599,0,NONE,
2180,AnkiDroid/src/main/res/values/17-model-manager.xml,0.00055327735468333,34.0,11.0,6.0,0.0,0.010068892421833599,0,NONE,
2181,AnkiDroid/src/main/res/xml/preferences_sync.xml,0.00055327735468333,34.0,5.0,4.0,0.0,0.010068892421833599,0,NONE,
2182,AnkiDroid/src/test/java/com/ichi2/anki/jsaddons/AddonModelTest.kt,0.00055327735468333,34.0,2.0,2.0,0.0,0.010068892421833599,0,NONE,
2183,AnkiDroid/src/test/java/com/ichi2/utils/FileOperation.kt,0.00055327735468333,34.0,2.0,2.0,0.0,0.010068892421833599,0,NONE,
2184,gradle/wrapper/gradle-wrapper.properties,0.00055327735468333,34.0,17.0,4.0,0.0,0.010068892421833599,0,NONE,
2185,libanki/src/main/java/com/ichi2/anki/libanki/LaTeX.kt,0.00055327735468333,34.0,2.0,1.0,0.0,0.010068892421833599,0,NONE,
2186,AnkiDroid/src/androidTest/java/com/ichi2/anki/testutil/GrantPermissions.kt,0.000537004491310291,33.0,2.0,1.0,0.0,0.010068892421833599,0,NONE,
2187,AnkiDroid/src/main/java/com/ichi2/anki/settings/enums/DayTheme.kt,0.000537004491310291,33.0,1.0,1.0,0.0,0.010068892421833599,0,NONE,
2188,AnkiDroid/src/main/java/com/ichi2/anki/ui/windows/reviewer/AnswerTimerStatus.kt,0.000537004491310291,33.0,2.0,1.0,0.0,0.010068892421833599,0,NONE,
2189,AnkiDroid/src/main/res/values-got/09-backup.xml,0.000537004491310291,33.0,4.0,1.0,0.0,0.010068892421833599,0,NONE,
2190,AnkiDroid/src/main/res/values-hu/16-multimedia-editor.xml,0.000537004491310291,33.0,11.0,1.0,0.0,0.010068892421833599,0,NONE,
2191,AnkiDroid/src/main/res/values-hy/08-widget.xml,0.000537004491310291,33.0,7.0,1.0,0.0,0.010068892421833599,0,NONE,
2192,AnkiDroid/src/main/res/values-tt/16-multimedia-editor.xml,0.000537004491310291,33.0,10.0,1.0,0.0,0.010068892421833599,0,NONE,
2193,AnkiDroid/src/main/res/values-ug/18-standard-models.xml,0.000537004491310291,33.0,2.0,1.0,0.0,0.010068892421833599,0,NONE,
2194,AnkiDroid/src/main/res/values/filtered_deck_options.xml,0.000537004491310291,33.0,1.0,1.0,0.0,0.010068892421833599,0,NONE,
2195,AnkiDroid/src/main/res/values/theme_plain.xml,0.000537004491310291,33.0,13.0,7.0,0.0,0.010068892421833599,0,NONE,
2196,AnkiDroid/src/test/java/com/ichi2/testutils/MockCursor.kt,0.000537004491310291,33.0,1.0,1.0,0.0,0.010068892421833599,0,NONE,
2197,settings.gradle.kts,0.000537004491310291,33.0,9.0,2.0,0.0,0.010068892421833599,0,NONE,
2198,tools/release-description.md,0.000537004491310291,33.0,4.0,3.0,0.0,0.010068892421833599,0,NONE,
2199,AnkiDroid/src/androidTest/java/com/ichi2/anki/TtsVoicesTest.kt,0.0005207316279372519,32.0,6.0,2.0,0.0,0.010068892421833599,0,NONE,
2200,AnkiDroid/src/androidTest/java/com/ichi2/anki/dialogs/ModelEditorContextMenuTest.kt,0.0005207316279372519,32.0,2.0,2.0,0.0,0.010068892421833599,0,NONE,
2201,AnkiDroid/src/main/java/com/ichi2/anki/ui/windows/managespace/ManageSpaceActivity.kt,0.0005207316279372519,32.0,2.0,2.0,0.0,0.010068892421833599,0,NONE,
2202,AnkiDroid/src/main/java/com/ichi2/anki/ui/windows/permissions/PermissionsActivity.kt,0.0005207316279372519,32.0,5.0,3.0,0.0,0.010068892421833599,0,NONE,
2203,AnkiDroid/src/main/java/com/ichi2/anki/utils/ext/DeckConfig.kt,0.0005207316279372519,32.0,1.0,1.0,0.0,0.010068892421833599,0,NONE,
2204,AnkiDroid/src/main/java/com/ichi2/compat/CompatV23.kt,0.0005207316279372519,32.0,4.0,2.0,0.0,0.010068892421833599,0,NONE,
2205,AnkiDroid/src/main/res/layout/browser_column_heading.xml,0.0005207316279372519,32.0,3.0,2.0,0.0,0.010068892421833599,0,NONE,
2206,AnkiDroid/src/main/res/layout/card_browser_searchview.xml,0.0005207316279372519,32.0,2.0,1.0,0.0,0.010068892421833599,0,NONE,
2207,AnkiDroid/src/main/res/layout/dropdown_deck_selected_item.xml,0.0005207316279372519,32.0,1.0,1.0,0.0,0.010068892421833599,0,NONE,
2208,AnkiDroid/src/main/res/layout/fragment_shared_decks_download.xml,0.0005207316279372519,32.0,2.0,2.0,0.0,0.010068892421833599,0,NONE,
2209,AnkiDroid/src/main/res/layout/view_study_counts.xml,0.0005207316279372519,32.0,1.0,1.0,0.0,0.010068892421833599,0,NONE,
2210,AnkiDroid/src/main/res/menu/image_cropper_menu.xml,0.0005207316279372519,32.0,1.0,1.0,0.0,0.010068892421833599,0,NONE,
2211,AnkiDroid/src/main/res/values-or/11-arrays.xml,0.0005207316279372519,32.0,9.0,1.0,0.0,0.010068892421833599,0,NONE,
2212,AnkiDroid/src/main/res/values-sat/17-model-manager.xml,0.0005207316279372519,32.0,10.0,1.0,0.0,0.010068892421833599,0,NONE,
2213,AnkiDroid/src/main/res/values-sc/11-arrays.xml,0.0005207316279372519,32.0,8.0,1.0,0.0,0.010068892421833599,0,NONE,
2214,AnkiDroid/src/main/res/values-sk/11-arrays.xml,0.0005207316279372519,32.0,8.0,1.0,0.0,0.010068892421833599,0,NONE,
2215,AnkiDroid/src/test/java/com/ichi2/anki/ActivityStartupUnderBackupTest.kt,0.0005207316279372519,32.0,10.0,5.0,0.0,0.010068892421833599,0,NONE,
2216,AnkiDroid/src/test/java/com/ichi2/anki/dialogs/utils/AlertDialogUtils.kt,0.0005207316279372519,32.0,6.0,3.0,0.0,0.010068892421833599,0,NONE,
2217,AnkiDroid/src/test/java/com/ichi2/anki/jsaddons/TgzPackageExtractTest.kt,0.0005207316279372519,32.0,2.0,2.0,0.0,0.010068892421833599,0,NONE,
2218,AnkiDroid/src/test/java/com/ichi2/testutils/MockContentResolver.kt,0.0005207316279372519,32.0,1.0,1.0,0.0,0.010068892421833599,0,NONE,
2219,AnkiDroid/src/test/java/com/ichi2/utils/InMemorySQLiteOpenHelperFactory.kt,0.0005207316279372519,32.0,1.0,1.0,0.0,0.010068892421833599,0,NONE,
2220,common/src/main/java/com/ichi2/anki/common/json/NamedJSONComparator.kt,0.0005207316279372519,32.0,2.0,1.0,0.0,0.010068892421833599,0,NONE,
2221,docs/marketing/localized_description/marketdescription-hy-AM.txt,0.0005207316279372519,32.0,3.0,1.0,0.0,0.010068892421833599,0,NONE,
2222,libanki/src/main/java/com/ichi2/anki/libanki/Consts.kt,0.0005207316279372519,32.0,3.0,2.0,0.0,0.010068892421833599,0,NONE,
2223,testlib/src/main/AndroidManifest.xml,0.0005207316279372519,32.0,3.0,3.0,0.0,0.010068892421833599,0,NONE,
2224,tools/crashes-data-mining/cube.xml,0.0005207316279372519,32.0,1.0,1.0,0.0,0.010068892421833599,0,NONE,
2225,AnkiDroid/src/androidTest/java/com/ichi2/anki/reviewer/PeripheralKeymapTest.kt,0.0005044587645642127,31.0,6.0,2.0,0.0,0.010068892421833599,0,NONE,
2226,AnkiDroid/src/androidTest/java/com/ichi2/anki/tests/CollectionTest.kt,0.0005044587645642127,31.0,1.0,1.0,0.0,0.010068892421833599,0,NONE,
2227,AnkiDroid/src/main/java/com/ichi2/libanki/CollectionFiles.kt,0.0005044587645642127,31.0,1.0,1.0,0.0,0.010068892421833599,0,NONE,
2228,AnkiDroid/src/main/java/com/ichi2/utils/JSONArray.kt,0.0005044587645642127,31.0,3.0,2.0,0.0,0.010068892421833599,0,NONE,
2229,AnkiDroid/src/main/java/com/ichi2/utils/SequenceUtil.kt,0.0005044587645642127,31.0,1.0,1.0,0.0,0.010068892421833599,0,NONE,
2230,AnkiDroid/src/main/res/layout/card_template_editor_top.xml,0.0005044587645642127,31.0,2.0,1.0,0.0,0.010068892421833599,0,NONE,
2231,AnkiDroid/src/main/res/layout/image_occlusion.xml,0.0005044587645642127,31.0,3.0,3.0,0.0,0.010068892421833599,0,NONE,
2232,AnkiDroid/src/main/res/values-bn/09-backup.xml,0.0005044587645642127,31.0,4.0,1.0,0.0,0.010068892421833599,0,NONE,
2233,AnkiDroid/src/main/res/values-fil/08-widget.xml,0.0005044587645642127,31.0,7.0,1.0,0.0,0.010068892421833599,0,NONE,
2234,AnkiDroid/src/main/res/values-fil/18-standard-models.xml,0.0005044587645642127,31.0,4.0,1.0,0.0,0.010068892421833599,0,NONE,
2235,AnkiDroid/src/main/res/values-gu/18-standard-models.xml,0.0005044587645642127,31.0,3.0,1.0,0.0,0.010068892421833599,0,NONE,
2236,AnkiDroid/src/main/res/values-hy/16-multimedia-editor.xml,0.0005044587645642127,31.0,10.0,1.0,0.0,0.010068892421833599,0,NONE,
2237,AnkiDroid/src/main/res/values-ind/16-multimedia-editor.xml,0.0005044587645642127,31.0,10.0,1.0,0.0,0.010068892421833599,0,NONE,
2238,AnkiDroid/src/main/res/values-kk/16-multimedia-editor.xml,0.0005044587645642127,31.0,10.0,1.0,0.0,0.010068892421833599,0,NONE,
2239,AnkiDroid/src/main/res/values-km/16-multimedia-editor.xml,0.0005044587645642127,31.0,10.0,1.0,0.0,0.010068892421833599,0,NONE,
2240,AnkiDroid/src/main/res/values-ku/16-multimedia-editor.xml,0.0005044587645642127,31.0,10.0,1.0,0.0,0.010068892421833599,0,NONE,
2241,AnkiDroid/src/main/res/values-ky/16-multimedia-editor.xml,0.0005044587645642127,31.0,10.0,1.0,0.0,0.010068892421833599,0,NONE,
2242,AnkiDroid/src/main/res/values-mk/16-multimedia-editor.xml,0.0005044587645642127,31.0,10.0,1.0,0.0,0.010068892421833599,0,NONE,
2243,AnkiDroid/src/main/res/values-mn/16-multimedia-editor.xml,0.0005044587645642127,31.0,10.0,1.0,0.0,0.010068892421833599,0,NONE,
2244,AnkiDroid/src/main/res/values-ur/09-backup.xml,0.0005044587645642127,31.0,2.0,1.0,0.0,0.010068892421833599,0,NONE,
2245,AnkiDroid/src/test/java/com/ichi2/testutils/AnkiDroidAppWithFatalError.kt,0.0005044587645642127,31.0,1.0,1.0,0.0,0.010068892421833599,0,NONE,
2246,.github/workflows/milestone.yml,0.0004881859011911736,30.0,9.0,4.0,0.0,0.010068892421833599,0,NONE,
2247,AnkiDroid/src/androidTest/java/com/ichi2/anki/testutil/CollectionUtils.kt,0.0004881859011911736,30.0,2.0,1.0,0.0,0.010068892421833599,0,NONE,
2248,AnkiDroid/src/main/java/com/ichi2/anki/CardUtils.kt,0.0004881859011911736,30.0,4.0,2.0,0.0,0.010068892421833599,0,NONE,
2249,AnkiDroid/src/main/java/com/ichi2/anki/analytics/AnalyticsDialogFragment.kt,0.0004881859011911736,30.0,1.0,1.0,0.0,0.010068892421833599,0,NONE,
2250,AnkiDroid/src/main/java/com/ichi2/anki/jsaddons/AddonsConst.kt,0.0004881859011911736,30.0,1.0,1.0,0.0,0.010068892421833599,0,NONE,
2251,AnkiDroid/src/main/java/com/ichi2/anki/reviewer/ReviewerCustomFonts.kt,0.0004881859011911736,30.0,1.0,1.0,0.0,0.010068892421833599,0,NONE,
2252,AnkiDroid/src/main/java/com/ichi2/anki/servicelayer/SchedulerService.kt,0.0004881859011911736,30.0,6.0,3.0,0.0,0.010068892421833599,0,NONE,
2253,AnkiDroid/src/main/java/com/ichi2/anki/utils/ext/MenuItemImpl.kt,0.0004881859011911736,30.0,1.0,1.0,0.0,0.010068892421833599,0,NONE,
2254,AnkiDroid/src/main/java/com/ichi2/utils/Threads.kt,0.0004881859011911736,30.0,1.0,1.0,0.0,0.010068892421833599,0,NONE,
2255,AnkiDroid/src/main/res/drawable-v24/intro_ankidroid_logo.xml,0.0004881859011911736,30.0,1.0,1.0,0.0,0.010068892421833599,0,NONE,
2256,AnkiDroid/src/main/res/layout/controls_tab_layout.xml,0.0004881859011911736,30.0,3.0,2.0,0.0,0.010068892421833599,0,NONE,
2257,AnkiDroid/src/main/res/layout/item_column_selection.xml,0.0004881859011911736,30.0,1.0,1.0,0.0,0.010068892421833599,0,NONE,
2258,AnkiDroid/src/main/res/layout/note_type_field_editor_list_item.xml,0.0004881859011911736,30.0,3.0,3.0,0.0,0.010068892421833599,0,NONE,
2259,AnkiDroid/src/main/res/layout/reviewer_topbar.xml,0.0004881859011911736,30.0,2.0,2.0,0.0,0.010068892421833599,0,NONE,
2260,AnkiDroid/src/main/res/values-ka/17-model-manager.xml,0.0004881859011911736,30.0,10.0,1.0,0.0,0.010068892421833599,0,NONE,
2261,AnkiDroid/src/main/res/values-vi/17-model-manager.xml,0.0004881859011911736,30.0,9.0,1.0,0.0,0.010068892421833599,0,NONE,
2262,AnkiDroid/src/main/res/values-zh-rTW/17-model-manager.xml,0.0004881859011911736,30.0,9.0,1.0,0.0,0.010068892421833599,0,NONE,
2263,AnkiDroid/src/test/java/com/ichi2/anki/ModelFieldEditorTest.kt,0.0004881859011911736,30.0,3.0,3.0,0.0,0.010068892421833599,0,NONE,
2264,AnkiDroid/src/test/java/com/ichi2/anki/ScreenshotTest.kt,0.0004881859011911736,30.0,2.0,1.0,0.0,0.010068892421833599,0,NONE,
2265,AnkiDroid/src/test/java/com/ichi2/anki/TestUtils.kt,0.0004881859011911736,30.0,1.0,1.0,0.0,0.010068892421833599,0,NONE,
2266,AnkiDroid/src/test/java/com/ichi2/anki/jsaddons/NpmUtilsTest.kt,0.0004881859011911736,30.0,1.0,1.0,0.0,0.010068892421833599,0,NONE,
2267,AnkiDroid/src/test/java/com/ichi2/anki/libanki/FinderTest.kt,0.0004881859011911736,30.0,5.0,1.0,0.0,0.010068892421833599,0,NONE,
2268,AnkiDroid/src/test/java/com/ichi2/misc/LintReleaseFileTest.kt,0.0004881859011911736,30.0,1.0,1.0,0.0,0.010068892421833599,0,NONE,
2269,AnkiDroid/src/test/java/com/ichi2/testutils/AnkiActivityUtils.kt,0.0004881859011911736,30.0,2.0,1.0,0.0,0.010068892421833599,0,NONE,
2270,AnkiDroid/src/test/java/com/ichi2/utils/CreateTempDir.kt,0.0004881859011911736,30.0,1.0,1.0,0.0,0.010068892421833599,0,NONE,
2271,AnkiDroid/src/test/java/com/ichi2/utils/ListUtil.kt,0.0004881859011911736,30.0,1.0,1.0,0.0,0.010068892421833599,0,NONE,
2272,api/src/main/java/com/ichi2/anki/api/Ease.kt,0.0004881859011911736,30.0,2.0,2.0,0.0,0.010068892421833599,0,NONE,
2273,jitpack.yml,0.0004881859011911736,30.0,1.0,1.0,0.0,0.010068892421833599,0,NONE,
2274,libanki/src/main/java/com/ichi2/anki/libanki/BackendDeckOptions.kt,0.0004881859011911736,30.0,2.0,1.0,0.0,0.010068892421833599,0,NONE,
2275,libanki/src/main/java/com/ichi2/anki/libanki/exception/ConfirmModSchemaException.kt,0.0004881859011911736,30.0,2.0,1.0,0.0,0.010068892421833599,0,NONE,
2276,libanki/src/main/java/com/ichi2/anki/libanki/stats/BackendStats.kt,0.0004881859011911736,30.0,2.0,1.0,0.0,0.010068892421833599,0,NONE,
2277,libanki/src/main/java/com/ichi2/anki/libanki/template/TemplateFilters.kt,0.0004881859011911736,30.0,2.0,1.0,0.0,0.010068892421833599,0,NONE,
2278,libanki/src/test/java/com/ichi2/anki/libanki/UtilsTest.kt,0.0004881859011911736,30.0,2.0,1.0,0.0,0.010068892421833599,0,NONE,
2279,lint-rules/src/main/java/com/ichi2/anki/lint/utils/Constants.kt,0.0004881859011911736,30.0,1.0,1.0,0.0,0.010068892421833599,0,NONE,
2280,lint-rules/src/main/java/com/ichi2/anki/lint/utils/LintUtils.kt,0.0004881859011911736,30.0,1.0,1.0,0.0,0.010068892421833599,0,NONE,
2281,lint-rules/src/test/java/com/ichi2/anki/lint/rules/DirectCalendarInstanceUsageTest.kt,0.0004881859011911736,30.0,1.0,1.0,0.0,0.010068892421833599,0,NONE,
2282,lint-rules/src/test/java/com/ichi2/anki/lint/rules/DirectDateInstantiationTest.kt,0.0004881859011911736,30.0,1.0,1.0,0.0,0.010068892421833599,0,NONE,
2283,lint-rules/src/test/java/com/ichi2/anki/lint/rules/DirectGregorianInstantiationTest.kt,0.0004881859011911736,30.0,1.0,1.0,0.0,0.010068892421833599,0,NONE,
2284,AnkiDroid/src/main/java/com/ichi2/anki/cardviewer/CardAppearance.kt,0.0004719130378181345,29.0,4.0,2.0,0.0,0.010068892421833599,0,NONE,
2285,AnkiDroid/src/main/java/com/ichi2/anki/model/FieldName.kt,0.0004719130378181345,29.0,1.0,1.0,0.0,0.010068892421833599,0,NONE,
2286,AnkiDroid/src/main/java/com/ichi2/anki/noteeditor/CustomToolbarButton.kt,0.0004719130378181345,29.0,4.0,2.0,0.0,0.010068892421833599,0,NONE,
2287,AnkiDroid/src/main/java/com/ichi2/anki/notetype/RenameCardTemplateDialog.kt,0.0004719130378181345,29.0,6.0,3.0,0.0,0.010068892421833599,0,NONE,
2288,AnkiDroid/src/main/java/com/ichi2/anki/settings/enums/PrefEnum.kt,0.0004719130378181345,29.0,3.0,1.0,0.0,0.010068892421833599,0,NONE,
2289,AnkiDroid/src/main/res/drawable/ic_crop.xml,0.0004719130378181345,29.0,1.0,1.0,0.0,0.010068892421833599,0,NONE,
2290,AnkiDroid/src/main/res/drawable/material_dialog_background.xml,0.0004719130378181345,29.0,1.0,1.0,0.0,0.010068892421833599,0,NONE,
2291,AnkiDroid/src/main/res/drawable/pin_shape.xml,0.0004719130378181345,29.0,1.0,1.0,0.0,0.010068892421833599,0,NONE,
2292,AnkiDroid/src/main/res/layout/card_item_browser.xml,0.0004719130378181345,29.0,3.0,2.0,0.0,0.010068892421833599,0,NONE,
2293,AnkiDroid/src/main/res/layout/drawing_fragment.xml,0.0004719130378181345,29.0,1.0,1.0,0.0,0.010068892421833599,0,NONE,
2294,AnkiDroid/src/main/res/layout/note_editor.xml,0.0004719130378181345,29.0,4.0,4.0,0.0,0.010068892421833599,0,NONE,
2295,AnkiDroid/src/main/res/layout/rename_flag_layout.xml,0.0004719130378181345,29.0,2.0,2.0,0.0,0.010068892421833599,0,NONE,
2296,AnkiDroid/src/main/res/layout/reviewer_answer_buttons.xml,0.0004719130378181345,29.0,2.0,2.0,0.0,0.010068892421833599,0,NONE,
2297,AnkiDroid/src/main/res/menu/popupmenu_multimedia_options.xml,0.0004719130378181345,29.0,1.0,1.0,0.0,0.010068892421833599,0,NONE,
2298,AnkiDroid/src/main/res/values-af/08-widget.xml,0.0004719130378181345,29.0,7.0,1.0,0.0,0.010068892421833599,0,NONE,
2299,AnkiDroid/src/main/res/values-ko/04-network.xml,0.0004719130378181345,29.0,6.0,1.0,0.0,0.010068892421833599,0,NONE,
2300,AnkiDroid/src/main/res/values-ms/16-multimedia-editor.xml,0.0004719130378181345,29.0,9.0,1.0,0.0,0.010068892421833599,0,NONE,
2301,AnkiDroid/src/main/res/values-my/16-multimedia-editor.xml,0.0004719130378181345,29.0,9.0,1.0,0.0,0.010068892421833599,0,NONE,
2302,AnkiDroid/src/main/res/values-nn/16-multimedia-editor.xml,0.0004719130378181345,29.0,9.0,1.0,0.0,0.010068892421833599,0,NONE,
2303,AnkiDroid/src/main/res/values-no/16-multimedia-editor.xml,0.0004719130378181345,29.0,9.0,1.0,0.0,0.010068892421833599,0,NONE,
2304,AnkiDroid/src/main/res/values-ro/16-multimedia-editor.xml,0.0004719130378181345,29.0,9.0,1.0,0.0,0.010068892421833599,0,NONE,
2305,AnkiDroid/src/main/res/values-sk/16-multimedia-editor.xml,0.0004719130378181345,29.0,9.0,1.0,0.0,0.010068892421833599,0,NONE,
2306,AnkiDroid/src/main/res/values-sl/16-multimedia-editor.xml,0.0004719130378181345,29.0,9.0,1.0,0.0,0.010068892421833599,0,NONE,
2307,AnkiDroid/src/main/res/values-sq/16-multimedia-editor.xml,0.0004719130378181345,29.0,9.0,1.0,0.0,0.010068892421833599,0,NONE,
2308,AnkiDroid/src/main/res/values-sr/16-multimedia-editor.xml,0.0004719130378181345,29.0,9.0,1.0,0.0,0.010068892421833599,0,NONE,
2309,AnkiDroid/src/main/res/values-tgl/16-multimedia-editor.xml,0.0004719130378181345,29.0,9.0,1.0,0.0,0.010068892421833599,0,NONE,
2310,AnkiDroid/src/main/res/values-ti/16-multimedia-editor.xml,0.0004719130378181345,29.0,9.0,1.0,0.0,0.010068892421833599,0,NONE,
2311,AnkiDroid/src/test/java/com/ichi2/anki/dialogs/help/HelpDialogTest.kt,0.0004719130378181345,29.0,2.0,2.0,0.0,0.010068892421833599,0,NONE,
2312,AnkiDroid/src/test/java/com/ichi2/anki/scheduling/FsrsTest.kt,0.0004719130378181345,29.0,1.0,1.0,0.0,0.010068892421833599,0,NONE,
2313,AnkiDroid/src/androidTest/java/com/ichi2/anki/FieldEditLineTest.kt,0.00045564017444509535,28.0,3.0,2.0,0.0,0.010068892421833599,0,NONE,
2314,AnkiDroid/src/androidTest/java/com/ichi2/anki/testutil/TestEnvironment.kt,0.00045564017444509535,28.0,3.0,2.0,0.0,0.010068892421833599,0,NONE,
2315,AnkiDroid/src/androidTest/java/com/ichi2/testutils/common/DO_NOT_EDIT_HERE.txt,0.00045564017444509535,28.0,2.0,2.0,0.0,0.010068892421833599,0,NONE,
2316,AnkiDroid/src/main/assets/mathjax/conf.js,0.00045564017444509535,28.0,1.0,1.0,0.0,0.010068892421833599,0,NONE,
2317,AnkiDroid/src/main/java/com/ichi2/anki/cardviewer/CardTemplate.kt,0.00045564017444509535,28.0,4.0,2.0,0.0,0.010068892421833599,0,NONE,
2318,AnkiDroid/src/main/java/com/ichi2/anki/exception/MediaSizeLimitExceededException.kt,0.00045564017444509535,28.0,1.0,1.0,0.0,0.010068892421833599,0,NONE,
2319,AnkiDroid/src/main/java/com/ichi2/anki/libanki/sched/Scheduler.kt,0.00045564017444509535,28.0,2.0,1.0,0.0,0.010068892421833599,0,NONE,
2320,AnkiDroid/src/main/java/com/ichi2/anki/notetype/RenameCardTypeDialog.kt,0.00045564017444509535,28.0,4.0,1.0,0.0,0.010068892421833599,0,NONE,
2321,AnkiDroid/src/main/java/com/ichi2/anki/utils/MimeTypeUtils.kt,0.00045564017444509535,28.0,1.0,1.0,0.0,0.010068892421833599,0,NONE,
2322,AnkiDroid/src/main/java/com/ichi2/anki/utils/ext/BottomSheetDialogFragment.kt,0.00045564017444509535,28.0,1.0,1.0,0.0,0.010068892421833599,0,NONE,
2323,AnkiDroid/src/main/java/com/ichi2/anki/utils/ext/Int.kt,0.00045564017444509535,28.0,2.0,1.0,0.0,0.010068892421833599,0,NONE,
2324,AnkiDroid/src/main/java/com/ichi2/utils/DeckComparator.kt,0.00045564017444509535,28.0,1.0,1.0,0.0,0.010068892421833599,0,NONE,
2325,AnkiDroid/src/main/java/com/ichi2/utils/MaterialBuilderUtil.kt,0.00045564017444509535,28.0,1.0,1.0,0.0,0.010068892421833599,0,NONE,
2326,AnkiDroid/src/main/java/com/ichi2/utils/UniqueArrayList.kt,0.00045564017444509535,28.0,7.0,6.0,0.0,0.010068892421833599,0,NONE,
2327,AnkiDroid/src/main/res/drawable/footer_button_ripple.xml,0.00045564017444509535,28.0,1.0,1.0,0.0,0.010068892421833599,0,NONE,
2328,AnkiDroid/src/main/res/layout/activity_drawing.xml,0.00045564017444509535,28.0,2.0,2.0,0.0,0.010068892421833599,0,NONE,
2329,AnkiDroid/src/main/res/menu/menu_deck_description.xml,0.00045564017444509535,28.0,2.0,1.0,0.0,0.010068892421833599,0,NONE,
2330,AnkiDroid/src/main/res/values-hi/17-model-manager.xml,0.00045564017444509535,28.0,9.0,1.0,0.0,0.010068892421833599,0,NONE,
2331,AnkiDroid/src/main/res/values-hu/17-model-manager.xml,0.00045564017444509535,28.0,9.0,1.0,0.0,0.010068892421833599,0,NONE,
2332,AnkiDroid/src/main/res/values-ind/17-model-manager.xml,0.00045564017444509535,28.0,9.0,1.0,0.0,0.010068892421833599,0,NONE,
2333,AnkiDroid/src/main/res/values-kk/17-model-manager.xml,0.00045564017444509535,28.0,9.0,1.0,0.0,0.010068892421833599,0,NONE,
2334,AnkiDroid/src/main/res/values-km/17-model-manager.xml,0.00045564017444509535,28.0,9.0,1.0,0.0,0.010068892421833599,0,NONE,
2335,AnkiDroid/src/main/res/values-ku/17-model-manager.xml,0.00045564017444509535,28.0,9.0,1.0,0.0,0.010068892421833599,0,NONE,
2336,AnkiDroid/src/main/res/values-ky/17-model-manager.xml,0.00045564017444509535,28.0,9.0,1.0,0.0,0.010068892421833599,0,NONE,
2337,AnkiDroid/src/main/res/values-mk/17-model-manager.xml,0.00045564017444509535,28.0,9.0,1.0,0.0,0.010068892421833599,0,NONE,
2338,AnkiDroid/src/main/res/values-mn/17-model-manager.xml,0.00045564017444509535,28.0,9.0,1.0,0.0,0.010068892421833599,0,NONE,
2339,AnkiDroid/src/main/res/values-mr/17-model-manager.xml,0.00045564017444509535,28.0,9.0,1.0,0.0,0.010068892421833599,0,NONE,
2340,AnkiDroid/src/main/res/values-ms/17-model-manager.xml,0.00045564017444509535,28.0,9.0,1.0,0.0,0.010068892421833599,0,NONE,
2341,AnkiDroid/src/main/res/values-my/17-model-manager.xml,0.00045564017444509535,28.0,9.0,1.0,0.0,0.010068892421833599,0,NONE,
2342,AnkiDroid/src/main/res/values-no/17-model-manager.xml,0.00045564017444509535,28.0,9.0,1.0,0.0,0.010068892421833599,0,NONE,
2343,AnkiDroid/src/main/res/values-ro/17-model-manager.xml,0.00045564017444509535,28.0,9.0,1.0,0.0,0.010068892421833599,0,NONE,
2344,AnkiDroid/src/main/res/values-sc/17-model-manager.xml,0.00045564017444509535,28.0,9.0,1.0,0.0,0.010068892421833599,0,NONE,
2345,AnkiDroid/src/main/res/values-sk/17-model-manager.xml,0.00045564017444509535,28.0,9.0,1.0,0.0,0.010068892421833599,0,NONE,
2346,AnkiDroid/src/main/res/values-sl/17-model-manager.xml,0.00045564017444509535,28.0,9.0,1.0,0.0,0.010068892421833599,0,NONE,
2347,AnkiDroid/src/main/res/values-sq/17-model-manager.xml,0.00045564017444509535,28.0,9.0,1.0,0.0,0.010068892421833599,0,NONE,
2348,AnkiDroid/src/main/res/values-sr/17-model-manager.xml,0.00045564017444509535,28.0,9.0,1.0,0.0,0.010068892421833599,0,NONE,
2349,AnkiDroid/src/main/res/values-tt/07-cardbrowser.xml,0.00045564017444509535,28.0,13.0,1.0,0.0,0.010068892421833599,0,NONE,
2350,AnkiDroid/src/main/res/xml/preferences_accessibility.xml,0.00045564017444509535,28.0,4.0,2.0,0.0,0.010068892421833599,0,NONE,
2351,AnkiDroid/src/test/java/com/ichi2/anki/dialogs/utils/TagTestData.kt,0.00045564017444509535,28.0,1.0,1.0,0.0,0.010068892421833599,0,NONE,
2352,AnkiDroid/src/test/java/com/ichi2/libanki/AbstractSchedTest.kt,0.00045564017444509535,28.0,7.0,3.0,0.0,0.010068892421833599,0,NONE,
2353,AnkiDroid/src/test/java/com/ichi2/utils/JSONObjectTest.kt,0.00045564017444509535,28.0,3.0,2.0,0.0,0.010068892421833599,0,NONE,
2354,README.md,0.00045564017444509535,28.0,7.0,7.0,0.0,0.010068892421833599,0,NONE,
2355,libanki/src/main/java/com/ichi2/anki/libanki/Lang.kt,0.00045564017444509535,28.0,2.0,2.0,0.0,0.010068892421833599,0,NONE,
2356,AnkiDroid/src/main/java/com/ichi2/anki/cardviewer/VideoPlayer.kt,0.0004393673110720562,27.0,8.0,4.0,0.0,0.010068892421833599,0,NONE,
2357,AnkiDroid/src/main/java/com/ichi2/anki/dialogs/CardSideSelectionDialog.kt,0.0004393673110720562,27.0,5.0,4.0,0.0,0.010068892421833599,0,NONE,
2358,AnkiDroid/src/main/java/com/ichi2/anki/pages/StatisticsDestination.kt,0.0004393673110720562,27.0,2.0,1.0,0.0,0.010068892421833599,0,NONE,
2359,AnkiDroid/src/main/java/com/ichi2/anki/settings/enums/AppTheme.kt,0.0004393673110720562,27.0,1.0,1.0,0.0,0.010068892421833599,0,NONE,
2360,AnkiDroid/src/main/java/com/ichi2/anki/settings/enums/NightTheme.kt,0.0004393673110720562,27.0,1.0,1.0,0.0,0.010068892421833599,0,NONE,
2361,AnkiDroid/src/main/java/com/ichi2/anki/workarounds/DialogTitleView.kt,0.0004393673110720562,27.0,2.0,2.0,0.0,0.010068892421833599,0,NONE,
2362,AnkiDroid/src/main/java/com/ichi2/compat/CompatV28.kt,0.0004393673110720562,27.0,1.0,1.0,0.0,0.010068892421833599,0,NONE,
2363,AnkiDroid/src/main/java/com/ichi2/libanki/backend/BackendUtils.kt,0.0004393673110720562,27.0,4.0,2.0,0.0,0.010068892421833599,0,NONE,
2364,AnkiDroid/src/main/java/com/ichi2/utils/DisplayUtils.kt,0.0004393673110720562,27.0,2.0,2.0,0.0,0.010068892421833599,0,NONE,
2365,AnkiDroid/src/main/res/layout/card_multimedia_editline.xml,0.0004393673110720562,27.0,2.0,2.0,0.0,0.010068892421833599,0,NONE,
2366,AnkiDroid/src/main/res/layout/fragment_bottom_sheet_list.xml,0.0004393673110720562,27.0,1.0,1.0,0.0,0.010068892421833599,0,NONE,
2367,AnkiDroid/src/main/res/menu/browser_column_selection.xml,0.0004393673110720562,27.0,1.0,1.0,0.0,0.010068892421833599,0,NONE,
2368,AnkiDroid/src/main/res/values-am/08-widget.xml,0.0004393673110720562,27.0,6.0,1.0,0.0,0.010068892421833599,0,NONE,
2369,AnkiDroid/src/main/res/values-az/08-widget.xml,0.0004393673110720562,27.0,6.0,1.0,0.0,0.010068892421833599,0,NONE,
2370,AnkiDroid/src/main/res/values-bg/08-widget.xml,0.0004393673110720562,27.0,6.0,1.0,0.0,0.010068892421833599,0,NONE,
2371,AnkiDroid/src/main/res/values-ca/08-widget.xml,0.0004393673110720562,27.0,6.0,1.0,0.0,0.010068892421833599,0,NONE,
2372,AnkiDroid/src/main/res/values-ckb/08-widget.xml,0.0004393673110720562,27.0,6.0,1.0,0.0,0.010068892421833599,0,NONE,
2373,AnkiDroid/src/main/res/values-da/08-widget.xml,0.0004393673110720562,27.0,6.0,1.0,0.0,0.010068892421833599,0,NONE,
2374,AnkiDroid/src/main/res/values-da/09-backup.xml,0.0004393673110720562,27.0,4.0,1.0,0.0,0.010068892421833599,0,NONE,
2375,AnkiDroid/src/main/res/values-eu/08-widget.xml,0.0004393673110720562,27.0,6.0,1.0,0.0,0.010068892421833599,0,NONE,
2376,AnkiDroid/src/main/res/values-fy/08-widget.xml,0.0004393673110720562,27.0,6.0,1.0,0.0,0.010068892421833599,0,NONE,
2377,AnkiDroid/src/main/res/values-kk/08-widget.xml,0.0004393673110720562,27.0,6.0,1.0,0.0,0.010068892421833599,0,NONE,
2378,AnkiDroid/src/main/res/values-ku/08-widget.xml,0.0004393673110720562,27.0,6.0,1.0,0.0,0.010068892421833599,0,NONE,
2379,AnkiDroid/src/main/res/values-ky/08-widget.xml,0.0004393673110720562,27.0,6.0,1.0,0.0,0.010068892421833599,0,NONE,
2380,AnkiDroid/src/main/res/values-mk/08-widget.xml,0.0004393673110720562,27.0,6.0,1.0,0.0,0.010068892421833599,0,NONE,
2381,AnkiDroid/src/main/res/values-mn/08-widget.xml,0.0004393673110720562,27.0,6.0,1.0,0.0,0.010068892421833599,0,NONE,
2382,AnkiDroid/src/main/res/values-mr/08-widget.xml,0.0004393673110720562,27.0,6.0,1.0,0.0,0.010068892421833599,0,NONE,
2383,AnkiDroid/src/main/res/values-nn/08-widget.xml,0.0004393673110720562,27.0,6.0,1.0,0.0,0.010068892421833599,0,NONE,
2384,AnkiDroid/src/main/res/values-no/08-widget.xml,0.0004393673110720562,27.0,6.0,1.0,0.0,0.010068892421833599,0,NONE,
2385,AnkiDroid/src/test/java/com/ichi2/anki/cardviewer/VideoPlayerTest.kt,0.0004393673110720562,27.0,3.0,2.0,0.0,0.010068892421833599,0,NONE,
2386,AnkiDroid/src/test/java/com/ichi2/anki/worker/SyncMediaWorkerTest.kt,0.0004393673110720562,27.0,1.0,1.0,0.0,0.010068892421833599,0,NONE,
2387,common/src/main/java/com/ichi2/anki/common/utils/ext/MutableList.kt,0.0004393673110720562,27.0,1.0,1.0,0.0,0.010068892421833599,0,NONE,
2388,lint-rules/src/main/java/com/ichi2/anki/lint/utils/ext/XmlContext.kt,0.0004393673110720562,27.0,2.0,2.0,0.0,0.010068892421833599,0,NONE,
2389,.github/workflows/README.md,0.0004230944476990171,26.0,2.0,1.0,0.0,0.010068892421833599,0,NONE,
2390,AnkiDroid/src/main/java/com/ichi2/anki/cardviewer/CardSoundConfig.kt,0.0004230944476990171,26.0,5.0,1.0,0.0,0.010068892421833599,0,NONE,
2391,AnkiDroid/src/main/java/com/ichi2/anki/utils/ext/RecyclerView.kt,0.0004230944476990171,26.0,1.0,1.0,0.0,0.010068892421833599,0,NONE,
2392,AnkiDroid/src/main/java/com/ichi2/utils/WebViewDebugging.kt,0.0004230944476990171,26.0,2.0,2.0,0.0,0.010068892421833599,0,NONE,
2393,AnkiDroid/src/main/res/layout/browser_column_cell.xml,0.0004230944476990171,26.0,2.0,2.0,0.0,0.010068892421833599,0,NONE,
2394,AnkiDroid/src/main/res/menu/search.xml,0.0004230944476990171,26.0,2.0,2.0,0.0,0.010068892421833599,0,NONE,
2395,AnkiDroid/src/test/java/com/ichi2/anki/dialogs/AsyncDialogFragmentsTest.kt,0.0004230944476990171,26.0,6.0,4.0,0.0,0.010068892421833599,0,NONE,
2396,AnkiDroid/src/test/java/com/ichi2/anki/utils/ext/Card.kt,0.0004230944476990171,26.0,1.0,1.0,0.0,0.010068892421833599,0,NONE,
2397,AnkiDroid/src/test/java/com/ichi2/libanki/NoteTypeTest.kt,0.0004230944476990171,26.0,3.0,3.0,0.0,0.010068892421833599,0,NONE,
2398,AnkiDroid/src/test/java/com/ichi2/testutils/ReflectionUtils.kt,0.0004230944476990171,26.0,3.0,2.0,0.0,0.010068892421833599,0,NONE,
2399,AnkiDroid/src/test/java/com/ichi2/testutils/libanki/DeckConfig.kt,0.0004230944476990171,26.0,1.0,1.0,0.0,0.010068892421833599,0,NONE,
2400,AnkiDroid/src/test/java/com/ichi2/utils/DeckNameComparatorTest.kt,0.0004230944476990171,26.0,1.0,1.0,0.0,0.010068892421833599,0,NONE,
2401,vbpd/proguard-rules.pro,0.0004230944476990171,26.0,1.0,1.0,0.0,0.010068892421833599,0,NONE,
2402,AnkiDroid/src/main/java/com/ichi2/anki/android/input/ShortcutGroupProvider.kt,0.000406821584325978,25.0,1.0,1.0,0.0,0.010068892421833599,0,NONE,
2403,AnkiDroid/src/main/java/com/ichi2/anki/dialogs/KeySelectionDialogUtils.kt,0.000406821584325978,25.0,2.0,1.0,0.0,0.010068892421833599,0,NONE,
2404,AnkiDroid/src/main/java/com/ichi2/anki/preferences/NotificationsSettingsFragment.kt,0.000406821584325978,25.0,6.0,4.0,0.0,0.010068892421833599,0,NONE,
2405,AnkiDroid/src/main/java/com/ichi2/anki/reviewer/AnswerTimer.kt,0.000406821584325978,25.0,6.0,2.0,0.0,0.010068892421833599,0,NONE,
2406,AnkiDroid/src/main/java/com/ichi2/anki/utils/ext/Double.kt,0.000406821584325978,25.0,1.0,1.0,0.0,0.010068892421833599,0,NONE,
2407,AnkiDroid/src/main/java/com/ichi2/utils/EditTextUtils.kt,0.000406821584325978,25.0,2.0,1.0,0.0,0.010068892421833599,0,NONE,
2408,AnkiDroid/src/main/java/com/ichi2/utils/HtmlUtils.kt,0.000406821584325978,25.0,4.0,4.0,0.0,0.010068892421833599,0,NONE,
2409,AnkiDroid/src/main/res/anim/jump.xml,0.000406821584325978,25.0,1.0,1.0,0.0,0.010068892421833599,0,NONE,
2410,AnkiDroid/src/main/res/anim/jump_fast.xml,0.000406821584325978,25.0,1.0,1.0,0.0,0.010068892421833599,0,NONE,
2411,AnkiDroid/src/main/res/drawable/ic_audioclip_white.xml,0.000406821584325978,25.0,1.0,1.0,0.0,0.010068892421833599,0,NONE,
2412,AnkiDroid/src/main/res/values-az/04-network.xml,0.000406821584325978,25.0,5.0,1.0,0.0,0.010068892421833599,0,NONE,
2413,AnkiDroid/src/main/res/values-et/09-backup.xml,0.000406821584325978,25.0,5.0,1.0,0.0,0.010068892421833599,0,NONE,
2414,AnkiDroid/src/main/res/values-gl/04-network.xml,0.000406821584325978,25.0,7.0,1.0,0.0,0.010068892421833599,0,NONE,
2415,AnkiDroid/src/main/res/values-ms/07-cardbrowser.xml,0.000406821584325978,25.0,13.0,1.0,0.0,0.010068892421833599,0,NONE,
2416,AnkiDroid/src/main/res/values-my/07-cardbrowser.xml,0.000406821584325978,25.0,13.0,1.0,0.0,0.010068892421833599,0,NONE,
2417,AnkiDroid/src/main/res/values-nn/07-cardbrowser.xml,0.000406821584325978,25.0,13.0,1.0,0.0,0.010068892421833599,0,NONE,
2418,AnkiDroid/src/main/res/values-no/07-cardbrowser.xml,0.000406821584325978,25.0,13.0,1.0,0.0,0.010068892421833599,0,NONE,
2419,AnkiDroid/src/main/res/values-sat/04-network.xml,0.000406821584325978,25.0,5.0,1.0,0.0,0.010068892421833599,0,NONE,
2420,AnkiDroid/src/main/res/values-sk/08-widget.xml,0.000406821584325978,25.0,5.0,1.0,0.0,0.010068892421833599,0,NONE,
2421,AnkiDroid/src/test/java/com/ichi2/anki/reviewer/AutomaticAnswerAndroidTest.kt,0.000406821584325978,25.0,2.0,2.0,0.0,0.010068892421833599,0,NONE,
2422,AnkiDroid/src/test/java/com/ichi2/utils/ExceptionUtilTest.kt,0.000406821584325978,25.0,1.0,1.0,0.0,0.010068892421833599,0,NONE,
2423,buildSrc/settings.gradle.kts,0.000406821584325978,25.0,1.0,1.0,0.0,0.010068892421833599,0,NONE,
2424,common/android/README.md,0.000406821584325978,25.0,2.0,1.0,0.0,0.010068892421833599,0,NONE,
2425,libanki/testutils/src/main/java/com/ichi2/anki/libanki/testutils/ext/Card.kt,0.000406821584325978,25.0,1.0,1.0,0.0,0.010068892421833599,0,NONE,
2426,AnkiDroid/src/main/java/com/ichi2/anki/browser/CardBrowserLaunchOptions.kt,0.0003905487209529389,24.0,3.0,2.0,0.0,0.010068892421833599,0,NONE,
2427,AnkiDroid/src/main/java/com/ichi2/anki/libanki/Notetypes.kt,0.0003905487209529389,24.0,2.0,1.0,0.0,0.010068892421833599,0,NONE,
2428,AnkiDroid/src/main/java/com/ichi2/libanki/Sync.kt,0.0003905487209529389,24.0,1.0,1.0,0.0,0.010068892421833599,0,NONE,
2429,AnkiDroid/src/main/res/anim/blink.xml,0.0003905487209529389,24.0,1.0,1.0,0.0,0.010068892421833599,0,NONE,
2430,AnkiDroid/src/main/res/drawable/ic_add_photo.xml,0.0003905487209529389,24.0,2.0,1.0,0.0,0.010068892421833599,0,NONE,
2431,AnkiDroid/src/main/res/layout/dialog_versatile_text_preference.xml,0.0003905487209529389,24.0,1.0,1.0,0.0,0.010068892421833599,0,NONE,
2432,AnkiDroid/src/main/res/layout/reviewer_menu_display_type.xml,0.0003905487209529389,24.0,1.0,1.0,0.0,0.010068892421833599,0,NONE,
2433,AnkiDroid/src/main/res/menu/drawing_menu.xml,0.0003905487209529389,24.0,2.0,2.0,0.0,0.010068892421833599,0,NONE,
2434,AnkiDroid/src/main/res/values-ms/08-widget.xml,0.0003905487209529389,24.0,6.0,1.0,0.0,0.010068892421833599,0,NONE,
2435,AnkiDroid/src/main/res/values-my/08-widget.xml,0.0003905487209529389,24.0,6.0,1.0,0.0,0.010068892421833599,0,NONE,
2436,AnkiDroid/src/main/res/values-tgl/17-model-manager.xml,0.0003905487209529389,24.0,8.0,1.0,0.0,0.010068892421833599,0,NONE,
2437,AnkiDroid/src/main/res/values-ti/17-model-manager.xml,0.0003905487209529389,24.0,8.0,1.0,0.0,0.010068892421833599,0,NONE,
2438,AnkiDroid/src/main/res/values-tt/17-model-manager.xml,0.0003905487209529389,24.0,8.0,1.0,0.0,0.010068892421833599,0,NONE,
2439,AnkiDroid/src/main/res/values-v35/theme_light.xml,0.0003905487209529389,24.0,1.0,1.0,0.0,0.010068892421833599,0,NONE,
2440,AnkiDroid/src/test/java/com/ichi2/anki/dialogs/utils/MaterialDialogUtils.kt,0.0003905487209529389,24.0,1.0,1.0,0.0,0.010068892421833599,0,NONE,
2441,common/src/main/java/com/ichi2/anki/common/utils/ext/Intent.kt,0.0003905487209529389,24.0,1.0,1.0,0.0,0.010068892421833599,0,NONE,
2442,docs/marketing/localized_description/marketdescription-am.txt,0.0003905487209529389,24.0,3.0,1.0,0.0,0.010068892421833599,0,NONE,
2443,docs/marketing/localized_description/marketdescription-eo.txt,0.0003905487209529389,24.0,6.0,1.0,0.0,0.010068892421833599,0,NONE,
2444,docs/marketing/localized_description/marketdescription-hr.txt,0.0003905487209529389,24.0,3.0,1.0,0.0,0.010068892421833599,0,NONE,
2445,docs/marketing/localized_description/marketdescription-tr.txt,0.0003905487209529389,24.0,5.0,1.0,0.0,0.010068892421833599,0,NONE,
2446,tools/localization/src/constants.ts,0.0003905487209529389,24.0,7.0,4.0,0.0,0.010068892421833599,0,NONE,
2447,AnkiDroid/src/main/java/com/ichi2/anki/exception/InvalidSearchException.kt,0.00037427585757989976,23.0,1.0,1.0,0.0,0.010068892421833599,0,NONE,
2448,AnkiDroid/src/main/java/com/ichi2/anki/utils/Resources.kt,0.00037427585757989976,23.0,4.0,3.0,0.0,0.010068892421833599,0,NONE,
2449,AnkiDroid/src/main/java/com/ichi2/preferences/HeaderPreference.kt,0.00037427585757989976,23.0,2.0,2.0,0.0,0.010068892421833599,0,NONE,
2450,AnkiDroid/src/main/java/com/ichi2/widget/deckpicker/DeckPickerWidgetPreferences.kt,0.00037427585757989976,23.0,2.0,2.0,0.0,0.010068892421833599,0,NONE,
2451,AnkiDroid/src/main/res/drawable/edit_text_color_enabled_selector.xml,0.00037427585757989976,23.0,1.0,1.0,0.0,0.010068892421833599,0,NONE,
2452,AnkiDroid/src/main/res/layout/activity_instant_note_editor.xml,0.00037427585757989976,23.0,1.0,1.0,0.0,0.010068892421833599,0,NONE,
2453,AnkiDroid/src/main/res/layout/item_media_check.xml,0.00037427585757989976,23.0,1.0,1.0,0.0,0.010068892421833599,0,NONE,
2454,AnkiDroid/src/main/res/values-fa/04-network.xml,0.00037427585757989976,23.0,6.0,1.0,0.0,0.010068892421833599,0,NONE,
2455,AnkiDroid/src/main/res/values-kn/09-backup.xml,0.00037427585757989976,23.0,4.0,1.0,0.0,0.010068892421833599,0,NONE,
2456,AnkiDroid/src/main/res/values-pl/04-network.xml,0.00037427585757989976,23.0,6.0,1.0,0.0,0.010068892421833599,0,NONE,
2457,AnkiDroid/src/main/res/values-sl/08-widget.xml,0.00037427585757989976,23.0,4.0,1.0,0.0,0.010068892421833599,0,NONE,
2458,AnkiDroid/src/main/res/values-v35/theme_black.xml,0.00037427585757989976,23.0,1.0,1.0,0.0,0.010068892421833599,0,NONE,
2459,AnkiDroid/src/main/res/values-v35/theme_dark.xml,0.00037427585757989976,23.0,1.0,1.0,0.0,0.010068892421833599,0,NONE,
2460,AnkiDroid/src/main/res/values-v35/theme_plain.xml,0.00037427585757989976,23.0,1.0,1.0,0.0,0.010068892421833599,0,NONE,
2461,AnkiDroid/src/test/java/com/ichi2/anki/RunInBackground.kt,0.00037427585757989976,23.0,1.0,1.0,0.0,0.010068892421833599,0,NONE,
2462,AnkiDroid/src/test/java/com/ichi2/testutils/MockUtils.kt,0.00037427585757989976,23.0,1.0,1.0,0.0,0.010068892421833599,0,NONE,
2463,gradlew,0.00037427585757989976,23.0,8.0,3.0,0.0,0.010068892421833599,0,NONE,
2464,tools/crashes-data-mining/readme.txt,0.00037427585757989976,23.0,1.0,1.0,0.0,0.010068892421833599,0,NONE,
2465,.github/ISSUE_TEMPLATE/bug_report_form.yml,0.0003580029942068606,22.0,3.0,1.0,0.0,0.010068892421833599,0,NONE,
2466,AnkiDroid/src/androidTest/java/com/ichi2/anki/testutil/NoteEditorFragment.kt,0.0003580029942068606,22.0,2.0,1.0,0.0,0.010068892421833599,0,NONE,
2467,AnkiDroid/src/main/java/com/ichi2/anki/model/CardsOrNotes.kt,0.0003580029942068606,22.0,5.0,2.0,0.0,0.010068892421833599,0,NONE,
2468,AnkiDroid/src/main/java/com/ichi2/anki/ui/windows/reviewer/AnswerTimerState.kt,0.0003580029942068606,22.0,1.0,1.0,0.0,0.010068892421833599,0,NONE,
2469,AnkiDroid/src/main/java/com/ichi2/anki/ui/windows/reviewer/autoadvance/AutoAdvanceAction.kt,0.0003580029942068606,22.0,1.0,1.0,0.0,0.010068892421833599,0,NONE,
2470,AnkiDroid/src/main/java/com/ichi2/anki/utils/ext/Decks.kt,0.0003580029942068606,22.0,1.0,1.0,0.0,0.010068892421833599,0,NONE,
2471,AnkiDroid/src/main/java/com/ichi2/anki/utils/ext/ViewPropertyAnimator.kt,0.0003580029942068606,22.0,1.0,1.0,0.0,0.010068892421833599,0,NONE,
2472,AnkiDroid/src/main/res/drawable/ic_round_open_in_new.xml,0.0003580029942068606,22.0,1.0,1.0,0.0,0.010068892421833599,0,NONE,
2473,AnkiDroid/src/main/res/layout/info.xml,0.0003580029942068606,22.0,3.0,1.0,0.0,0.010068892421833599,0,NONE,
2474,AnkiDroid/src/main/res/layout/permissions_tiramisu.xml,0.0003580029942068606,22.0,2.0,2.0,0.0,0.010068892421833599,0,NONE,
2475,AnkiDroid/src/main/res/values-ro/07-cardbrowser.xml,0.0003580029942068606,22.0,12.0,1.0,0.0,0.010068892421833599,0,NONE,
2476,AnkiDroid/src/main/res/values-ro/08-widget.xml,0.0003580029942068606,22.0,4.0,1.0,0.0,0.010068892421833599,0,NONE,
2477,AnkiDroid/src/main/res/values-sk/07-cardbrowser.xml,0.0003580029942068606,22.0,12.0,1.0,0.0,0.010068892421833599,0,NONE,
2478,AnkiDroid/src/main/res/values-sl/07-cardbrowser.xml,0.0003580029942068606,22.0,12.0,1.0,0.0,0.010068892421833599,0,NONE,
2479,AnkiDroid/src/main/res/values-sq/07-cardbrowser.xml,0.0003580029942068606,22.0,12.0,1.0,0.0,0.010068892421833599,0,NONE,
2480,AnkiDroid/src/main/res/values-sr/07-cardbrowser.xml,0.0003580029942068606,22.0,12.0,1.0,0.0,0.010068892421833599,0,NONE,
2481,AnkiDroid/src/main/res/values-sr/08-widget.xml,0.0003580029942068606,22.0,4.0,1.0,0.0,0.010068892421833599,0,NONE,
2482,AnkiDroid/src/main/res/values-tgl/07-cardbrowser.xml,0.0003580029942068606,22.0,12.0,1.0,0.0,0.010068892421833599,0,NONE,
2483,AnkiDroid/src/main/res/values-th/07-cardbrowser.xml,0.0003580029942068606,22.0,12.0,1.0,0.0,0.010068892421833599,0,NONE,
2484,AnkiDroid/src/main/res/values-ti/07-cardbrowser.xml,0.0003580029942068606,22.0,12.0,1.0,0.0,0.010068892421833599,0,NONE,
2485,AnkiDroid/src/main/res/values-uz/05-feedback.xml,0.0003580029942068606,22.0,2.0,1.0,0.0,0.010068892421833599,0,NONE,
2486,AnkiDroid/src/test/java/com/ichi2/testutils/IntentAssert.kt,0.0003580029942068606,22.0,2.0,2.0,0.0,0.010068892421833599,0,NONE,
2487,lint-rules/src/test/java/com/ichi2/anki/lint/testutils/LintAssert.kt,0.0003580029942068606,22.0,2.0,1.0,0.0,0.010068892421833599,0,NONE,
2488,tools/crashes-data-mining/create-database.sql,0.0003580029942068606,22.0,1.0,1.0,0.0,0.010068892421833599,0,NONE,
2489,tools/parallel-package-release.sh,0.0003580029942068606,22.0,3.0,3.0,0.0,0.010068892421833599,0,NONE,
2490,AnkiDroid/src/main/java/com/ichi2/anki/multimediacard/fields/MediaClipField.kt,0.00034173013083382153,21.0,3.0,2.0,0.0,0.010068892421833599,0,NONE,
2491,AnkiDroid/src/main/java/com/ichi2/anki/reviewer/FullScreenMode.kt,0.00034173013083382153,21.0,3.0,1.0,0.0,0.010068892421833599,0,NONE,
2492,AnkiDroid/src/main/java/com/ichi2/anki/utils/OnlyOnce.kt,0.00034173013083382153,21.0,1.0,1.0,0.0,0.010068892421833599,0,NONE,
2493,AnkiDroid/src/main/java/com/ichi2/ui/RtlCompliantActionProvider.kt,0.00034173013083382153,21.0,4.0,4.0,0.0,0.010068892421833599,0,NONE,
2494,AnkiDroid/src/main/java/com/ichi2/utils/AndroidUiUtils.kt,0.00034173013083382153,21.0,2.0,2.0,0.0,0.010068892421833599,0,NONE,
2495,AnkiDroid/src/main/res/drawable/ic_menu_24.xml,0.00034173013083382153,21.0,1.0,1.0,0.0,0.010068892421833599,0,NONE,
2496,AnkiDroid/src/main/res/drawable/ic_remove.xml,0.00034173013083382153,21.0,1.0,1.0,0.0,0.010068892421833599,0,NONE,
2497,AnkiDroid/src/main/res/drawable/profile_bg_circle.xml,0.00034173013083382153,21.0,1.0,1.0,0.0,0.010068892421833599,0,NONE,
2498,AnkiDroid/src/main/res/values-eo/04-network.xml,0.00034173013083382153,21.0,6.0,1.0,0.0,0.010068892421833599,0,NONE,
2499,AnkiDroid/src/main/res/values-kn/04-network.xml,0.00034173013083382153,21.0,5.0,1.0,0.0,0.010068892421833599,0,NONE,
2500,AnkiDroid/src/main/res/values-kn/18-standard-models.xml,0.00034173013083382153,21.0,5.0,1.0,0.0,0.010068892421833599,0,NONE,
2501,AnkiDroid/src/main/res/values-sq/08-widget.xml,0.00034173013083382153,21.0,4.0,1.0,0.0,0.010068892421833599,0,NONE,
2502,AnkiDroid/src/main/res/values-tgl/08-widget.xml,0.00034173013083382153,21.0,4.0,1.0,0.0,0.010068892421833599,0,NONE,
2503,AnkiDroid/src/main/res/values-ti/08-widget.xml,0.00034173013083382153,21.0,4.0,1.0,0.0,0.010068892421833599,0,NONE,
2504,AnkiDroid/src/main/res/values/19-onboarding.xml,0.00034173013083382153,21.0,1.0,1.0,0.0,0.010068892421833599,0,NONE,
2505,AnkiDroid/src/main/res/xml/preferences_backup_limits.xml,0.00034173013083382153,21.0,3.0,3.0,0.0,0.010068892421833599,0,NONE,
2506,common/src/main/java/com/ichi2/anki/common/utils/android/TestUtils.kt,0.00034173013083382153,21.0,1.0,1.0,0.0,0.010068892421833599,0,NONE,
2507,tools/check-keystore.sh,0.00034173013083382153,21.0,2.0,2.0,0.0,0.010068892421833599,0,NONE,
2508,.github/ISSUE_TEMPLATE/feature_request.md,0.0003254572674607824,20.0,1.0,1.0,0.0,0.010068892421833599,0,NONE,
2509,AnkiDroid/src/main/java/com/ichi2/anki/libanki/Collection.kt,0.0003254572674607824,20.0,2.0,1.0,0.0,0.010068892421833599,0,NONE,
2510,AnkiDroid/src/main/java/com/ichi2/anki/multimediacard/fields/AudioRecordingField.kt,0.0003254572674607824,20.0,3.0,2.0,0.0,0.010068892421833599,0,NONE,
2511,AnkiDroid/src/main/java/com/ichi2/utils/ReflectionUtils.kt,0.0003254572674607824,20.0,1.0,1.0,0.0,0.010068892421833599,0,NONE,
2512,AnkiDroid/src/main/res/drawable/ic_deselect_white.xml,0.0003254572674607824,20.0,1.0,1.0,0.0,0.010068892421833599,0,NONE,
2513,AnkiDroid/src/main/res/drawable/ic_gallery.xml,0.0003254572674607824,20.0,2.0,2.0,0.0,0.010068892421833599,0,NONE,
2514,AnkiDroid/src/main/res/layout/notifications_permission.xml,0.0003254572674607824,20.0,1.0,1.0,0.0,0.010068892421833599,0,NONE,
2515,AnkiDroid/src/main/res/layout/previewer.xml,0.0003254572674607824,20.0,4.0,2.0,0.0,0.010068892421833599,0,NONE,
2516,AnkiDroid/src/main/res/layout/reviewer.xml,0.0003254572674607824,20.0,2.0,1.0,0.0,0.010068892421833599,0,NONE,
2517,AnkiDroid/src/main/res/values-et/05-feedback.xml,0.0003254572674607824,20.0,2.0,1.0,0.0,0.010068892421833599,0,NONE,
2518,AnkiDroid/src/main/res/values-gu/05-feedback.xml,0.0003254572674607824,20.0,1.0,1.0,0.0,0.010068892421833599,0,NONE,
2519,AnkiDroid/src/main/res/values-lv/05-feedback.xml,0.0003254572674607824,20.0,1.0,1.0,0.0,0.010068892421833599,0,NONE,
2520,AnkiDroid/src/main/res/values-pa/05-feedback.xml,0.0003254572674607824,20.0,2.0,1.0,0.0,0.010068892421833599,0,NONE,
2521,AnkiDroid/src/main/res/values-ta/05-feedback.xml,0.0003254572674607824,20.0,3.0,1.0,0.0,0.010068892421833599,0,NONE,
2522,AnkiDroid/src/main/res/values-th/08-widget.xml,0.0003254572674607824,20.0,4.0,1.0,0.0,0.010068892421833599,0,NONE,
2523,AnkiDroid/src/main/res/values-tt/08-widget.xml,0.0003254572674607824,20.0,4.0,1.0,0.0,0.010068892421833599,0,NONE,
2524,AnkiDroid/src/main/res/values/browser.xml,0.0003254572674607824,20.0,2.0,1.0,0.0,0.010068892421833599,0,NONE,
2525,AnkiDroid/src/test/java/com/ichi2/anki/cardviewer/MediaErrorHandlerTest.kt,0.0003254572674607824,20.0,4.0,2.0,0.0,0.010068892421833599,0,NONE,
2526,AnkiDroid/src/test/java/com/ichi2/anki/libanki/DecksTest.kt,0.0003254572674607824,20.0,5.0,1.0,0.0,0.010068892421833599,0,NONE,
2527,AnkiDroid/src/test/java/com/ichi2/anki/reviewer/AutomaticAnswerTest.kt,0.0003254572674607824,20.0,3.0,2.0,0.0,0.010068892421833599,0,NONE,
2528,gradle.properties,0.0003254572674607824,20.0,4.0,2.0,0.0,0.010068892421833599,0,NONE,
2529,libanki/src/test/java/com/ichi2/anki/libanki/AbstractSchedTest.kt,0.0003254572674607824,20.0,4.0,2.0,0.0,0.010068892421833599,0,NONE,
2530,tools/localization/.eslintrc.js,0.0003254572674607824,20.0,1.0,1.0,0.0,0.010068892421833599,0,NONE,
2531,tools/localization/src/download.ts,0.0003254572674607824,20.0,4.0,1.0,0.0,0.010068892421833599,0,NONE,
2532,vbpd/src/main/AndroidManifest.xml,0.0003254572674607824,20.0,1.0,1.0,0.0,0.010068892421833599,0,NONE,
2533,AnkiDroid/src/main/java/com/ichi2/anki/Ease.kt,0.0003091844040877433,19.0,5.0,3.0,0.0,0.010068892421833599,0,NONE,
2534,AnkiDroid/src/main/java/com/ichi2/anki/ui/windows/permissions/PermissionItem.kt,0.0003091844040877433,19.0,3.0,3.0,0.0,0.010068892421833599,0,NONE,
2535,AnkiDroid/src/main/java/com/ichi2/libanki/BackendUndo.kt,0.0003091844040877433,19.0,2.0,1.0,0.0,0.010068892421833599,0,NONE,
2536,AnkiDroid/src/main/java/com/ichi2/ui/FixedEditText.kt,0.0003091844040877433,19.0,2.0,2.0,0.0,0.010068892421833599,0,NONE,
2537,AnkiDroid/src/main/res/layout/internet_permission_fragment.xml,0.0003091844040877433,19.0,1.0,1.0,0.0,0.010068892421833599,0,NONE,
2538,AnkiDroid/src/main/res/layout/locale_selection_dialog.xml,0.0003091844040877433,19.0,2.0,2.0,0.0,0.010068892421833599,0,NONE,
2539,AnkiDroid/src/main/res/layout/spinner_custom_layout.xml,0.0003091844040877433,19.0,1.0,1.0,0.0,0.010068892421833599,0,NONE,
2540,AnkiDroid/src/main/res/values-am/18-standard-models.xml,0.0003091844040877433,19.0,4.0,1.0,0.0,0.010068892421833599,0,NONE,
2541,AnkiDroid/src/main/res/values-ar/18-standard-models.xml,0.0003091844040877433,19.0,4.0,1.0,0.0,0.010068892421833599,0,NONE,
2542,AnkiDroid/src/main/res/values-el/04-network.xml,0.0003091844040877433,19.0,7.0,1.0,0.0,0.010068892421833599,0,NONE,
2543,AnkiDroid/src/main/res/values-et/18-standard-models.xml,0.0003091844040877433,19.0,4.0,1.0,0.0,0.010068892421833599,0,NONE,
2544,AnkiDroid/src/main/res/values-gl/09-backup.xml,0.0003091844040877433,19.0,8.0,1.0,0.0,0.010068892421833599,0,NONE,
2545,AnkiDroid/src/main/res/values-gl/18-standard-models.xml,0.0003091844040877433,19.0,4.0,1.0,0.0,0.010068892421833599,0,NONE,
2546,AnkiDroid/src/main/res/values-got/18-standard-models.xml,0.0003091844040877433,19.0,4.0,1.0,0.0,0.010068892421833599,0,NONE,
2547,AnkiDroid/src/main/res/values-te/18-standard-models.xml,0.0003091844040877433,19.0,4.0,1.0,0.0,0.010068892421833599,0,NONE,
2548,AnkiDroid/src/main/res/values-zh-rCN/09-backup.xml,0.0003091844040877433,19.0,5.0,1.0,0.0,0.010068892421833599,0,NONE,
2549,AnkiDroid/src/main/res/xml/preferences_appearance.xml,0.0003091844040877433,19.0,5.0,4.0,0.0,0.010068892421833599,0,NONE,
2550,AnkiDroid/src/test/java/com/ichi2/testutils/LintTests.kt,0.0003091844040877433,19.0,1.0,1.0,0.0,0.010068892421833599,0,NONE,
2551,libanki/src/test/java/com/ichi2/anki/libanki/NotetypesTest.kt,0.0003091844040877433,19.0,1.0,1.0,0.0,0.010068892421833599,0,NONE,
2552,libanki/testutils/src/main/java/com/ichi2/anki/libanki/testutils/HtmlUtils.kt,0.0003091844040877433,19.0,1.0,1.0,0.0,0.010068892421833599,0,NONE,
2553,tools/localization/.gitignore,0.0003091844040877433,19.0,1.0,1.0,0.0,0.010068892421833599,0,NONE,
2554,.github/ISSUE_TEMPLATE/config.yml,0.00029291154071470416,18.0,3.0,2.0,0.0,0.010068892421833599,0,NONE,
2555,AnkiDroid/src/androidTest/java/com/ichi2/anki/FilteredDeckOptionsTest.kt,0.00029291154071470416,18.0,3.0,2.0,0.0,0.010068892421833599,0,NONE,
2556,AnkiDroid/src/main/java/com/ichi2/anki/utils/ext/CharSequence.kt,0.00029291154071470416,18.0,1.0,1.0,0.0,0.010068892421833599,0,NONE,
2557,AnkiDroid/src/main/res/drawable/brush_preview_background.xml,0.00029291154071470416,18.0,1.0,1.0,0.0,0.010068892421833599,0,NONE,
2558,AnkiDroid/src/main/res/layout/deck_picker.xml,0.00029291154071470416,18.0,5.0,4.0,0.0,0.010068892421833599,0,NONE,
2559,AnkiDroid/src/main/res/menu/media_check_menu.xml,0.00029291154071470416,18.0,1.0,1.0,0.0,0.010068892421833599,0,NONE,
2560,AnkiDroid/src/main/res/values-night/colors.xml,0.00029291154071470416,18.0,2.0,1.0,0.0,0.010068892421833599,0,NONE,
2561,AnkiDroid/src/main/res/values-ta/06-statistics.xml,0.00029291154071470416,18.0,5.0,1.0,0.0,0.010068892421833599,0,NONE,
2562,AnkiDroid/src/test/java/com/ichi2/anki/preferences/PrefsSearchBarTest.kt,0.00029291154071470416,18.0,3.0,3.0,0.0,0.010068892421833599,0,NONE,
2563,AnkiDroid/src/test/java/com/ichi2/ui/BindingPreferenceTest.kt,0.00029291154071470416,18.0,3.0,1.0,0.0,0.010068892421833599,0,NONE,
2564,AnkiDroid/src/test/java/com/ichi2/utils/UniqueArrayListTest.kt,0.00029291154071470416,18.0,6.0,6.0,0.0,0.010068892421833599,0,NONE,
2565,common/src/main/java/com/ichi2/anki/model/Directory.kt,0.00029291154071470416,18.0,1.0,1.0,0.0,0.010068892421833599,0,NONE,
2566,AnkiDroid/src/main/java/com/ichi2/anki/libanki/Decks.kt,0.000276638677341665,17.0,3.0,1.0,0.0,0.010068892421833599,0,NONE,
2567,AnkiDroid/src/main/java/com/ichi2/utils/KotlinCleanup.kt,0.000276638677341665,17.0,1.0,1.0,0.0,0.010068892421833599,0,NONE,
2568,AnkiDroid/src/main/res/layout/control_preference_list_item.xml,0.000276638677341665,17.0,2.0,1.0,0.0,0.010068892421833599,0,NONE,
2569,AnkiDroid/src/main/res/layout/include_reviewer_topbar.xml,0.000276638677341665,17.0,2.0,1.0,0.0,0.010068892421833599,0,NONE,
2570,AnkiDroid/src/main/res/values-be/04-network.xml,0.000276638677341665,17.0,6.0,1.0,0.0,0.010068892421833599,0,NONE,
2571,AnkiDroid/src/main/res/values-de/04-network.xml,0.000276638677341665,17.0,7.0,1.0,0.0,0.010068892421833599,0,NONE,
2572,AnkiDroid/src/main/res/values-fa/09-backup.xml,0.000276638677341665,17.0,8.0,1.0,0.0,0.010068892421833599,0,NONE,
2573,AnkiDroid/src/main/res/values-fa/18-standard-models.xml,0.000276638677341665,17.0,4.0,1.0,0.0,0.010068892421833599,0,NONE,
2574,AnkiDroid/src/main/res/values-fil/04-network.xml,0.000276638677341665,17.0,5.0,1.0,0.0,0.010068892421833599,0,NONE,
2575,AnkiDroid/src/main/res/values-ka/04-network.xml,0.000276638677341665,17.0,5.0,1.0,0.0,0.010068892421833599,0,NONE,
2576,AnkiDroid/src/main/res/values-km/04-network.xml,0.000276638677341665,17.0,4.0,1.0,0.0,0.010068892421833599,0,NONE,
2577,AnkiDroid/src/main/res/values-ro/04-network.xml,0.000276638677341665,17.0,4.0,1.0,0.0,0.010068892421833599,0,NONE,
2578,AnkiDroid/src/main/res/values-te/04-network.xml,0.000276638677341665,17.0,5.0,1.0,0.0,0.010068892421833599,0,NONE,
2579,AnkiDroid/src/test/java/com/ichi2/anki/preferences/SettingsSearchBarTest.kt,0.000276638677341665,17.0,2.0,1.0,0.0,0.010068892421833599,0,NONE,
2580,AnkiDroid/src/test/java/com/ichi2/testutils/AndroidTest.kt,0.000276638677341665,17.0,2.0,1.0,0.0,0.010068892421833599,0,NONE,
2581,AnkiDroid/src/test/java/com/ichi2/utils/NamedJSONComparatorTest.kt,0.000276638677341665,17.0,1.0,1.0,0.0,0.010068892421833599,0,NONE,
2582,compat/src/main/java/com/ichi2/anki/compat/Compat.kt,0.000276638677341665,17.0,2.0,2.0,0.0,0.010068892421833599,0,NONE,
2583,.idea/dictionaries/davidallison.xml,0.00026036581396862593,16.0,6.0,2.0,0.0,0.010068892421833599,0,NONE,
2584,AnkiDroid/src/main/java/com/ichi2/anki/model/Directory.kt,0.00026036581396862593,16.0,4.0,2.0,0.0,0.010068892421833599,0,NONE,
2585,AnkiDroid/src/main/java/com/ichi2/anki/snackbar/SwipeDismissBehaviorFix.kt,0.00026036581396862593,16.0,2.0,1.0,0.0,0.010068892421833599,0,NONE,
2586,AnkiDroid/src/main/java/com/ichi2/compat/CompatV31.kt,0.00026036581396862593,16.0,5.0,4.0,0.0,0.010068892421833599,0,NONE,
2587,AnkiDroid/src/main/java/com/ichi2/libanki/stats/BackendStats.kt,0.00026036581396862593,16.0,1.0,1.0,0.0,0.010068892421833599,0,NONE,
2588,AnkiDroid/src/main/java/com/ichi2/utils/ViewGroupUtils.kt,0.00026036581396862593,16.0,2.0,2.0,0.0,0.010068892421833599,0,NONE,
2589,AnkiDroid/src/main/res/drawable/browser_heading_bottom_divider.xml,0.00026036581396862593,16.0,1.0,1.0,0.0,0.010068892421833599,0,NONE,
2590,AnkiDroid/src/main/res/drawable/ic_arrow_u_left_top.xml,0.00026036581396862593,16.0,1.0,1.0,0.0,0.010068892421833599,0,NONE,
2591,AnkiDroid/src/main/res/layout/card_template_editor_item.xml,0.00026036581396862593,16.0,4.0,3.0,0.0,0.010068892421833599,0,NONE,
2592,AnkiDroid/src/main/res/layout/deck_item.xml,0.00026036581396862593,16.0,1.0,1.0,0.0,0.010068892421833599,0,NONE,
2593,AnkiDroid/src/main/res/layout/tab_layout.xml,0.00026036581396862593,16.0,2.0,1.0,0.0,0.010068892421833599,0,NONE,
2594,AnkiDroid/src/main/res/values-ar/05-feedback.xml,0.00026036581396862593,16.0,4.0,1.0,0.0,0.010068892421833599,0,NONE,
2595,AnkiDroid/src/main/res/values-got/05-feedback.xml,0.00026036581396862593,16.0,3.0,1.0,0.0,0.010068892421833599,0,NONE,
2596,AnkiDroid/src/main/res/values/18-standard-models.xml,0.00026036581396862593,16.0,3.0,3.0,0.0,0.010068892421833599,0,NONE,
2597,AnkiDroid/src/test/java/com/ichi2/anki/libanki/SoundOrVideoTagTest.kt,0.00026036581396862593,16.0,4.0,1.0,0.0,0.010068892421833599,0,NONE,
2598,AnkiDroid/src/test/java/com/ichi2/anki/reviewer/AnswerTimerTest.kt,0.00026036581396862593,16.0,3.0,2.0,0.0,0.010068892421833599,0,NONE,
2599,AnkiDroid/src/test/java/com/ichi2/testutils/EmptyApplication.kt,0.00026036581396862593,16.0,1.0,1.0,0.0,0.010068892421833599,0,NONE,
2600,docs/marketing/localized_description/marketdescription-gl.txt,0.00026036581396862593,16.0,4.0,1.0,0.0,0.010068892421833599,0,NONE,
2601,docs/marketing/localized_description/marketdescription-uk.txt,0.00026036581396862593,16.0,5.0,1.0,0.0,0.010068892421833599,0,NONE,
2602,docs/marketing/localized_description/marketdescription-zh-CN.txt,0.00026036581396862593,16.0,3.0,1.0,0.0,0.010068892421833599,0,NONE,
2603,libanki/src/test/java/com/ichi2/anki/libanki/CollectionTest.kt,0.00026036581396862593,16.0,4.0,2.0,0.0,0.010068892421833599,0,NONE,
2604,lint.gradle,0.00026036581396862593,16.0,1.0,1.0,0.0,0.010068892421833599,0,NONE,
2605,.github/workflows/opencollective_notices.yml,0.0002440929505955868,15.0,5.0,3.0,0.0,0.010068892421833599,0,NONE,
2606,AnkiDroid/src/main/java/com/ichi2/anki/cardviewer/ViewerRefresh.kt,0.0002440929505955868,15.0,3.0,1.0,0.0,0.010068892421833599,0,NONE,
2607,AnkiDroid/src/main/java/com/ichi2/anki/dialogs/NoteTypeFieldEditorContextMenu.kt,0.0002440929505955868,15.0,2.0,1.0,0.0,0.010068892421833599,0,NONE,
2608,AnkiDroid/src/main/java/com/ichi2/anki/dialogs/tags/TagsDialogFactory.kt,0.0002440929505955868,15.0,3.0,1.0,0.0,0.010068892421833599,0,NONE,
2609,AnkiDroid/src/main/java/com/ichi2/libanki/sched/DummyScheduler.kt,0.0002440929505955868,15.0,4.0,3.0,0.0,0.010068892421833599,0,NONE,
2610,AnkiDroid/src/main/java/dev/androidbroadcast/vbpd/README.md,0.0002440929505955868,15.0,1.0,1.0,0.0,0.010068892421833599,0,NONE,
2611,AnkiDroid/src/main/res/layout/button_color_brush.xml,0.0002440929505955868,15.0,1.0,1.0,0.0,0.010068892421833599,0,NONE,
2612,AnkiDroid/src/main/res/layout/homescreen.xml,0.0002440929505955868,15.0,3.0,2.0,0.0,0.010068892421833599,0,NONE,
2613,AnkiDroid/src/main/res/layout/reviewer_fullscreen_noanswers.xml,0.0002440929505955868,15.0,1.0,1.0,0.0,0.010068892421833599,0,NONE,
2614,AnkiDroid/src/main/res/values-af/18-standard-models.xml,0.0002440929505955868,15.0,3.0,1.0,0.0,0.010068892421833599,0,NONE,
2615,AnkiDroid/src/main/res/values-az/09-backup.xml,0.0002440929505955868,15.0,5.0,1.0,0.0,0.010068892421833599,0,NONE,
2616,AnkiDroid/src/main/res/values-az/18-standard-models.xml,0.0002440929505955868,15.0,3.0,1.0,0.0,0.010068892421833599,0,NONE,
2617,AnkiDroid/src/main/res/values-be/18-standard-models.xml,0.0002440929505955868,15.0,3.0,1.0,0.0,0.010068892421833599,0,NONE,
2618,AnkiDroid/src/main/res/values-bg/18-standard-models.xml,0.0002440929505955868,15.0,3.0,1.0,0.0,0.010068892421833599,0,NONE,
2619,AnkiDroid/src/main/res/values-bn/06-statistics.xml,0.0002440929505955868,15.0,4.0,1.0,0.0,0.010068892421833599,0,NONE,
2620,AnkiDroid/src/main/res/values-bn/18-standard-models.xml,0.0002440929505955868,15.0,3.0,1.0,0.0,0.010068892421833599,0,NONE,
2621,AnkiDroid/src/main/res/values-ca/04-network.xml,0.0002440929505955868,15.0,5.0,1.0,0.0,0.010068892421833599,0,NONE,
2622,AnkiDroid/src/main/res/values-ca/18-standard-models.xml,0.0002440929505955868,15.0,3.0,1.0,0.0,0.010068892421833599,0,NONE,
2623,AnkiDroid/src/main/res/values-ckb/18-standard-models.xml,0.0002440929505955868,15.0,3.0,1.0,0.0,0.010068892421833599,0,NONE,
2624,AnkiDroid/src/main/res/values-cs/18-standard-models.xml,0.0002440929505955868,15.0,3.0,1.0,0.0,0.010068892421833599,0,NONE,
2625,AnkiDroid/src/main/res/values-da/18-standard-models.xml,0.0002440929505955868,15.0,3.0,1.0,0.0,0.010068892421833599,0,NONE,
2626,AnkiDroid/src/main/res/values-de/18-standard-models.xml,0.0002440929505955868,15.0,3.0,1.0,0.0,0.010068892421833599,0,NONE,
2627,AnkiDroid/src/main/res/values-el/09-backup.xml,0.0002440929505955868,15.0,6.0,1.0,0.0,0.010068892421833599,0,NONE,
2628,AnkiDroid/src/main/res/values-el/18-standard-models.xml,0.0002440929505955868,15.0,3.0,1.0,0.0,0.010068892421833599,0,NONE,
2629,AnkiDroid/src/main/res/values-eo/18-standard-models.xml,0.0002440929505955868,15.0,3.0,1.0,0.0,0.010068892421833599,0,NONE,
2630,AnkiDroid/src/main/res/values-es-rAR/04-network.xml,0.0002440929505955868,15.0,7.0,1.0,0.0,0.010068892421833599,0,NONE,
2631,AnkiDroid/src/main/res/values-es-rAR/18-standard-models.xml,0.0002440929505955868,15.0,3.0,1.0,0.0,0.010068892421833599,0,NONE,
2632,AnkiDroid/src/main/res/values-es-rES/04-network.xml,0.0002440929505955868,15.0,7.0,1.0,0.0,0.010068892421833599,0,NONE,
2633,AnkiDroid/src/main/res/values-es-rES/18-standard-models.xml,0.0002440929505955868,15.0,3.0,1.0,0.0,0.010068892421833599,0,NONE,
2634,AnkiDroid/src/main/res/values-eu/18-standard-models.xml,0.0002440929505955868,15.0,3.0,1.0,0.0,0.010068892421833599,0,NONE,
2635,AnkiDroid/src/main/res/values-fi/04-network.xml,0.0002440929505955868,15.0,5.0,1.0,0.0,0.010068892421833599,0,NONE,
2636,AnkiDroid/src/main/res/values-fi/18-standard-models.xml,0.0002440929505955868,15.0,3.0,1.0,0.0,0.010068892421833599,0,NONE,
2637,AnkiDroid/src/main/res/values-fr/18-standard-models.xml,0.0002440929505955868,15.0,3.0,1.0,0.0,0.010068892421833599,0,NONE,
2638,AnkiDroid/src/main/res/values-fy/18-standard-models.xml,0.0002440929505955868,15.0,3.0,1.0,0.0,0.010068892421833599,0,NONE,
2639,AnkiDroid/src/main/res/values-ga/18-standard-models.xml,0.0002440929505955868,15.0,3.0,1.0,0.0,0.010068892421833599,0,NONE,
2640,AnkiDroid/src/main/res/values-hi/04-network.xml,0.0002440929505955868,15.0,6.0,1.0,0.0,0.010068892421833599,0,NONE,
2641,AnkiDroid/src/main/res/values-hr/18-standard-models.xml,0.0002440929505955868,15.0,3.0,1.0,0.0,0.010068892421833599,0,NONE,
2642,AnkiDroid/src/main/res/values-hy/18-standard-models.xml,0.0002440929505955868,15.0,3.0,1.0,0.0,0.010068892421833599,0,NONE,
2643,AnkiDroid/src/main/res/values-ko/18-standard-models.xml,0.0002440929505955868,15.0,3.0,1.0,0.0,0.010068892421833599,0,NONE,
2644,AnkiDroid/src/main/res/values-lv/18-standard-models.xml,0.0002440929505955868,15.0,3.0,1.0,0.0,0.010068892421833599,0,NONE,
2645,AnkiDroid/src/main/res/values-ml/06-statistics.xml,0.0002440929505955868,15.0,4.0,1.0,0.0,0.010068892421833599,0,NONE,
2646,AnkiDroid/src/main/res/values-nl/04-network.xml,0.0002440929505955868,15.0,5.0,1.0,0.0,0.010068892421833599,0,NONE,
2647,AnkiDroid/src/main/res/values-pa/06-statistics.xml,0.0002440929505955868,15.0,4.0,1.0,0.0,0.010068892421833599,0,NONE,
2648,AnkiDroid/src/main/res/values-pa/18-standard-models.xml,0.0002440929505955868,15.0,3.0,1.0,0.0,0.010068892421833599,0,NONE,
2649,AnkiDroid/src/main/res/values-ta/18-standard-models.xml,0.0002440929505955868,15.0,4.0,1.0,0.0,0.010068892421833599,0,NONE,
2650,AnkiDroid/src/main/res/values-uz/18-standard-models.xml,0.0002440929505955868,15.0,3.0,1.0,0.0,0.010068892421833599,0,NONE,
2651,AnkiDroid/src/test/java/com/ichi2/anki/ActivityStartupMetaTest.kt,0.0002440929505955868,15.0,5.0,3.0,0.0,0.010068892421833599,0,NONE,
2652,AnkiDroid/src/test/java/com/ichi2/compat/CompatDeleteFileTest.kt,0.0002440929505955868,15.0,5.0,4.0,0.0,0.010068892421833599,0,NONE,
2653,buildSrc/build.gradle.kts,0.0002440929505955868,15.0,1.0,1.0,0.0,0.010068892421833599,0,NONE,
2654,.git-blame-ignore-revs,0.00022782008722254768,14.0,4.0,2.0,0.0,0.010068892421833599,0,NONE,
2655,AnkiDroid/proguard-test-rules.pro,0.00022782008722254768,14.0,2.0,2.0,0.0,0.010068892421833599,0,NONE,
2656,AnkiDroid/src/main/java/com/ichi2/anki/browser/LastDeckIdRepository.kt,0.00022782008722254768,14.0,3.0,1.0,0.0,0.010068892421833599,0,NONE,
2657,AnkiDroid/src/main/java/com/ichi2/anki/cardviewer/Gamepad.kt,0.00022782008722254768,14.0,2.0,1.0,0.0,0.010068892421833599,0,NONE,
2658,AnkiDroid/src/main/java/com/ichi2/anki/dialogs/NoteTypeEditorContextMenu.kt,0.00022782008722254768,14.0,2.0,1.0,0.0,0.010068892421833599,0,NONE,
2659,AnkiDroid/src/main/java/com/ichi2/anki/model/WhiteboardPenColor.kt,0.00022782008722254768,14.0,2.0,2.0,0.0,0.010068892421833599,0,NONE,
2660,AnkiDroid/src/main/java/com/ichi2/anki/reviewer/CardMarker.kt,0.00022782008722254768,14.0,4.0,2.0,0.0,0.010068892421833599,0,NONE,
2661,AnkiDroid/src/main/java/com/ichi2/anki/ui/BasicItemSelectedListener.kt,0.00022782008722254768,14.0,3.0,1.0,0.0,0.010068892421833599,0,NONE,
2662,AnkiDroid/src/main/java/com/ichi2/anki/utils/ext/Deck.kt,0.00022782008722254768,14.0,3.0,1.0,0.0,0.010068892421833599,0,NONE,
2663,AnkiDroid/src/main/java/com/ichi2/utils/NamedJSONComparator.kt,0.00022782008722254768,14.0,1.0,1.0,0.0,0.010068892421833599,0,NONE,
2664,AnkiDroid/src/main/res/drawable/ic_cancel_24.xml,0.00022782008722254768,14.0,1.0,1.0,0.0,0.010068892421833599,0,NONE,
2665,AnkiDroid/src/main/res/drawable/ic_card_state_default.xml,0.00022782008722254768,14.0,1.0,1.0,0.0,0.010068892421833599,0,NONE,
2666,AnkiDroid/src/main/res/drawable/ic_check_circle_24.xml,0.00022782008722254768,14.0,1.0,1.0,0.0,0.010068892421833599,0,NONE,
2667,AnkiDroid/src/main/res/layout-w340dp/set_due_date_range.xml,0.00022782008722254768,14.0,3.0,1.0,0.0,0.010068892421833599,0,NONE,
2668,AnkiDroid/src/main/res/layout/card_template_editor_main.xml,0.00022782008722254768,14.0,1.0,1.0,0.0,0.010068892421833599,0,NONE,
2669,AnkiDroid/src/main/res/layout/set_due_date_range.xml,0.00022782008722254768,14.0,3.0,1.0,0.0,0.010068892421833599,0,NONE,
2670,AnkiDroid/src/main/res/menu/card_template_editor.xml,0.00022782008722254768,14.0,2.0,2.0,0.0,0.010068892421833599,0,NONE,
2671,AnkiDroid/src/main/res/values-gl/05-feedback.xml,0.00022782008722254768,14.0,2.0,1.0,0.0,0.010068892421833599,0,NONE,
2672,AnkiDroid/src/main/res/values-zh-rCN/04-network.xml,0.00022782008722254768,14.0,4.0,1.0,0.0,0.010068892421833599,0,NONE,
2673,AnkiDroid/src/test/java/com/ichi2/anki/cardviewer/ViewerCommandTest.kt,0.00022782008722254768,14.0,5.0,5.0,0.0,0.010068892421833599,0,NONE,
2674,buildSrc/README.md,0.00022782008722254768,14.0,1.0,1.0,0.0,0.010068892421833599,0,NONE,
2675,AnkiDroid/src/main/res/drawable/round_audio_file_24.xml,0.00021154722384950856,13.0,1.0,1.0,0.0,0.010068892421833599,0,NONE,
2676,AnkiDroid/src/main/res/layout/item_deck_option_selection.xml,0.00021154722384950856,13.0,1.0,1.0,0.0,0.010068892421833599,0,NONE,
2677,AnkiDroid/src/main/res/layout/item_require_exclude_tag.xml,0.00021154722384950856,13.0,2.0,2.0,0.0,0.010068892421833599,0,NONE,
2678,AnkiDroid/src/main/res/values-be/09-backup.xml,0.00021154722384950856,13.0,7.0,1.0,0.0,0.010068892421833599,0,NONE,
2679,AnkiDroid/src/main/res/values-da/06-statistics.xml,0.00021154722384950856,13.0,3.0,1.0,0.0,0.010068892421833599,0,NONE,
2680,AnkiDroid/src/main/res/values-gu/06-statistics.xml,0.00021154722384950856,13.0,5.0,1.0,0.0,0.010068892421833599,0,NONE,
2681,AnkiDroid/src/main/res/values-kn/06-statistics.xml,0.00021154722384950856,13.0,3.0,1.0,0.0,0.010068892421833599,0,NONE,
2682,AnkiDroid/src/main/res/values-mr/04-network.xml,0.00021154722384950856,13.0,4.0,1.0,0.0,0.010068892421833599,0,NONE,
2683,AnkiDroid/src/main/res/values-pt-rPT/09-backup.xml,0.00021154722384950856,13.0,4.0,1.0,0.0,0.010068892421833599,0,NONE,
2684,AnkiDroid/src/main/res/values-sat/18-standard-models.xml,0.00021154722384950856,13.0,3.0,1.0,0.0,0.010068892421833599,0,NONE,
2685,AnkiDroid/src/main/res/values-sc/04-network.xml,0.00021154722384950856,13.0,4.0,1.0,0.0,0.010068892421833599,0,NONE,
2686,AnkiDroid/src/main/res/values-sk/04-network.xml,0.00021154722384950856,13.0,5.0,1.0,0.0,0.010068892421833599,0,NONE,
2687,AnkiDroid/src/main/res/values-uk/18-standard-models.xml,0.00021154722384950856,13.0,3.0,1.0,0.0,0.010068892421833599,0,NONE,
2688,AnkiDroid/src/test/java/com/ichi2/anki/AnalyticsTest.kt,0.00021154722384950856,13.0,2.0,2.0,0.0,0.010068892421833599,0,NONE,
2689,AnkiDroid/src/test/java/com/ichi2/anki/dialogs/tags/TagsListTest.kt,0.00021154722384950856,13.0,3.0,3.0,0.0,0.010068892421833599,0,NONE,
2690,AnkiDroid/src/test/java/com/ichi2/anki/reviewer/AnswerButtonsTest.kt,0.00021154722384950856,13.0,2.0,2.0,0.0,0.010068892421833599,0,NONE,
2691,AnkiDroid/src/test/java/com/ichi2/testutils/DbUtils.kt,0.00021154722384950856,13.0,4.0,1.0,0.0,0.010068892421833599,0,NONE,
2692,common/src/testFixtures/java/com/ichi2/testutils/FileSystemUtils.kt,0.00021154722384950856,13.0,2.0,1.0,0.0,0.010068892421833599,0,NONE,
2693,.idea/dictionaries/anki.xml,0.00019527436047646945,12.0,5.0,2.0,0.0,0.010068892421833599,0,NONE,
2694,AnkiDroid/src/androidTest/java/com/ichi2/testutils/NewCollectionPathTestRunner.kt,0.00019527436047646945,12.0,3.0,1.0,0.0,0.010068892421833599,0,NONE,
2695,AnkiDroid/src/main/java/com/ichi2/anki/libanki/TemplateManager.kt,0.00019527436047646945,12.0,2.0,1.0,0.0,0.010068892421833599,0,NONE,
2696,AnkiDroid/src/main/java/com/ichi2/anki/reviewer/CardSide.kt,0.00019527436047646945,12.0,3.0,1.0,0.0,0.010068892421833599,0,NONE,
2697,AnkiDroid/src/main/java/com/ichi2/libanki/BackendDeckOptions.kt,0.00019527436047646945,12.0,2.0,2.0,0.0,0.010068892421833599,0,NONE,
2698,AnkiDroid/src/main/java/com/ichi2/utils/ExceptionUtil.kt,0.00019527436047646945,12.0,2.0,2.0,0.0,0.010068892421833599,0,NONE,
2699,AnkiDroid/src/main/res/color/selector_incrementer_icon.xml,0.00019527436047646945,12.0,2.0,2.0,0.0,0.010068892421833599,0,NONE,
2700,AnkiDroid/src/main/res/drawable/divider_handle_background.xml,0.00019527436047646945,12.0,2.0,1.0,0.0,0.010068892421833599,0,NONE,
2701,AnkiDroid/src/main/res/drawable/footer_button_again_dark_ripple.xml,0.00019527436047646945,12.0,1.0,1.0,0.0,0.010068892421833599,0,NONE,
2702,AnkiDroid/src/main/res/drawable/footer_button_again_ripple.xml,0.00019527436047646945,12.0,1.0,1.0,0.0,0.010068892421833599,0,NONE,
2703,AnkiDroid/src/main/res/drawable/footer_button_easy_dark_ripple.xml,0.00019527436047646945,12.0,1.0,1.0,0.0,0.010068892421833599,0,NONE,
2704,AnkiDroid/src/main/res/drawable/footer_button_easy_ripple.xml,0.00019527436047646945,12.0,1.0,1.0,0.0,0.010068892421833599,0,NONE,
2705,AnkiDroid/src/main/res/drawable/footer_button_good_dark_ripple.xml,0.00019527436047646945,12.0,1.0,1.0,0.0,0.010068892421833599,0,NONE,
2706,AnkiDroid/src/main/res/drawable/footer_button_good_ripple.xml,0.00019527436047646945,12.0,1.0,1.0,0.0,0.010068892421833599,0,NONE,
2707,AnkiDroid/src/main/res/drawable/footer_button_hard_dark_ripple.xml,0.00019527436047646945,12.0,1.0,1.0,0.0,0.010068892421833599,0,NONE,
2708,AnkiDroid/src/main/res/drawable/footer_button_hard_ripple.xml,0.00019527436047646945,12.0,1.0,1.0,0.0,0.010068892421833599,0,NONE,
2709,AnkiDroid/src/main/res/drawable/ic_ease_hard.xml,0.00019527436047646945,12.0,2.0,1.0,0.0,0.010068892421833599,0,NONE,
2710,AnkiDroid/src/main/res/drawable/ic_edit_note.xml,0.00019527436047646945,12.0,1.0,1.0,0.0,0.010068892421833599,0,NONE,
2711,AnkiDroid/src/main/res/drawable/ic_eraser.xml,0.00019527436047646945,12.0,1.0,1.0,0.0,0.010068892421833599,0,NONE,
2712,AnkiDroid/src/main/res/drawable/ic_flag_lightgrey.xml,0.00019527436047646945,12.0,1.0,1.0,0.0,0.010068892421833599,0,NONE,
2713,AnkiDroid/src/main/res/drawable/ic_flag_transparent.xml,0.00019527436047646945,12.0,1.0,1.0,0.0,0.010068892421833599,0,NONE,
2714,AnkiDroid/src/main/res/drawable/ic_image_not_supported.xml,0.00019527436047646945,12.0,1.0,1.0,0.0,0.010068892421833599,0,NONE,
2715,AnkiDroid/src/main/res/drawable/ic_small_up_arrow.xml,0.00019527436047646945,12.0,1.0,1.0,0.0,0.010068892421833599,0,NONE,
2716,AnkiDroid/src/main/res/drawable/id_arrow_drop_down.xml,0.00019527436047646945,12.0,1.0,1.0,0.0,0.010068892421833599,0,NONE,
2717,AnkiDroid/src/main/res/layout/dialog_deck_picker.xml,0.00019527436047646945,12.0,2.0,1.0,0.0,0.010068892421833599,0,NONE,
2718,AnkiDroid/src/main/res/layout/dropdown_deck_item.xml,0.00019527436047646945,12.0,1.0,1.0,0.0,0.010068892421833599,0,NONE,
2719,AnkiDroid/src/main/res/layout/locale_dialog_fragment_textview.xml,0.00019527436047646945,12.0,1.0,1.0,0.0,0.010068892421833599,0,NONE,
2720,AnkiDroid/src/main/res/layout/set_due_date_single.xml,0.00019527436047646945,12.0,4.0,2.0,0.0,0.010068892421833599,0,NONE,
2721,AnkiDroid/src/main/res/values-da/05-feedback.xml,0.00019527436047646945,12.0,2.0,1.0,0.0,0.010068892421833599,0,NONE,
2722,AnkiDroid/src/main/res/values-ur/06-statistics.xml,0.00019527436047646945,12.0,2.0,1.0,0.0,0.010068892421833599,0,NONE,
2723,AnkiDroid/src/main/res/values-zh-rTW/04-network.xml,0.00019527436047646945,12.0,3.0,1.0,0.0,0.010068892421833599,0,NONE,
2724,AnkiDroid/src/main/res/values/dimens.xml,0.00019527436047646945,12.0,7.0,1.0,0.0,0.010068892421833599,0,NONE,
2725,AnkiDroid/src/test/java/com/ichi2/anki/ReadTextTest.kt,0.00019527436047646945,12.0,2.0,2.0,0.0,0.010068892421833599,0,NONE,
2726,AnkiDroid/src/test/java/com/ichi2/anki/cardviewer/OnRenderProcessGoneDelegateTest.kt,0.00019527436047646945,12.0,2.0,2.0,0.0,0.010068892421833599,0,NONE,
2727,AnkiDroid/src/test/java/com/ichi2/anki/reviewer/AutomaticAnswerActionTest.kt,0.00019527436047646945,12.0,2.0,2.0,0.0,0.010068892421833599,0,NONE,
2728,AnkiDroid/src/test/java/com/ichi2/anki/widget/deckpicker/DeckNameAndStatsTest.kt,0.00019527436047646945,12.0,2.0,1.0,0.0,0.010068892421833599,0,NONE,
2729,docs/marketing/localized_description/marketdescription-be.txt,0.00019527436047646945,12.0,3.0,1.0,0.0,0.010068892421833599,0,NONE,
2730,docs/marketing/localized_description/marketdescription-cs.txt,0.00019527436047646945,12.0,4.0,1.0,0.0,0.010068892421833599,0,NONE,
2731,docs/marketing/localized_description/marketdescription-de.txt,0.00019527436047646945,12.0,3.0,1.0,0.0,0.010068892421833599,0,NONE,
2732,docs/marketing/localized_description/marketdescription-es-AR.txt,0.00019527436047646945,12.0,4.0,1.0,0.0,0.010068892421833599,0,NONE,
2733,docs/marketing/localized_description/marketdescription-es-ES.txt,0.00019527436047646945,12.0,4.0,1.0,0.0,0.010068892421833599,0,NONE,
2734,docs/marketing/localized_description/marketdescription-fi.txt,0.00019527436047646945,12.0,3.0,1.0,0.0,0.010068892421833599,0,NONE,
2735,docs/marketing/localized_description/marketdescription-fr.txt,0.00019527436047646945,12.0,4.0,1.0,0.0,0.010068892421833599,0,NONE,
2736,docs/marketing/localized_description/marketdescription-he.txt,0.00019527436047646945,12.0,4.0,1.0,0.0,0.010068892421833599,0,NONE,
2737,docs/marketing/localized_description/marketdescription-it.txt,0.00019527436047646945,12.0,3.0,1.0,0.0,0.010068892421833599,0,NONE,
2738,docs/marketing/localized_description/marketdescription-ja.txt,0.00019527436047646945,12.0,4.0,1.0,0.0,0.010068892421833599,0,NONE,
2739,docs/marketing/localized_description/marketdescription-nl.txt,0.00019527436047646945,12.0,4.0,1.0,0.0,0.010068892421833599,0,NONE,
2740,docs/marketing/localized_description/marketdescription-or.txt,0.00019527436047646945,12.0,3.0,1.0,0.0,0.010068892421833599,0,NONE,
2741,docs/marketing/localized_description/marketdescription-ru.txt,0.00019527436047646945,12.0,4.0,1.0,0.0,0.010068892421833599,0,NONE,
2742,lint-rules/build.gradle.kts,0.00019527436047646945,12.0,2.0,1.0,0.0,0.010068892421833599,0,NONE,
2743,lint-rules/src/main/java/com/ichi2/anki/lint/rules/PrintStackTraceUsage.kt,0.00019527436047646945,12.0,2.0,2.0,0.0,0.010068892421833599,0,NONE,
2744,AnkiDroid/src/main/assets/ankidroid.css,0.0001790014971034303,11.0,2.0,1.0,0.0,0.010068892421833599,0,NONE,
2745,AnkiDroid/src/main/assets/mathjax/sre/sre-node.js,0.0001790014971034303,11.0,1.0,1.0,0.0,0.010068892421833599,0,NONE,
2746,AnkiDroid/src/main/java/com/ichi2/anki/contextmenu/AnkiCardContextMenu.kt,0.0001790014971034303,11.0,3.0,1.0,0.0,0.010068892421833599,0,NONE,
2747,AnkiDroid/src/main/java/com/ichi2/anki/contextmenu/CardBrowserContextMenu.kt,0.0001790014971034303,11.0,3.0,1.0,0.0,0.010068892421833599,0,NONE,
2748,AnkiDroid/src/main/java/com/ichi2/anki/utils/ext/Card.kt,0.0001790014971034303,11.0,2.0,2.0,0.0,0.010068892421833599,0,NONE,
2749,AnkiDroid/src/main/java/com/ichi2/compat/ResolveInfoCompat.kt,0.0001790014971034303,11.0,4.0,3.0,0.0,0.010068892421833599,0,NONE,
2750,AnkiDroid/src/main/java/com/ichi2/ui/CardBrowserSearchView.kt,0.0001790014971034303,11.0,2.0,1.0,0.0,0.010068892421833599,0,NONE,
2751,AnkiDroid/src/main/java/com/ichi2/utils/FragmentFactoryUtils.kt,0.0001790014971034303,11.0,1.0,1.0,0.0,0.010068892421833599,0,NONE,
2752,AnkiDroid/src/main/java/com/ichi2/widget/WidgetPermissionReceiver.kt,0.0001790014971034303,11.0,3.0,2.0,0.0,0.010068892421833599,0,NONE,
2753,AnkiDroid/src/main/res/drawable/bg_troubleshooting_item_middle.xml,0.0001790014971034303,11.0,1.0,1.0,0.0,0.010068892421833599,0,NONE,
2754,AnkiDroid/src/main/res/drawable/bg_troubleshooting_item_top.xml,0.0001790014971034303,11.0,1.0,1.0,0.0,0.010068892421833599,0,NONE,
2755,AnkiDroid/src/main/res/drawable/ic_align_left.xml,0.0001790014971034303,11.0,1.0,1.0,0.0,0.010068892421833599,0,NONE,
2756,AnkiDroid/src/main/res/drawable/ic_align_right.xml,0.0001790014971034303,11.0,1.0,1.0,0.0,0.010068892421833599,0,NONE,
2757,AnkiDroid/src/main/res/drawable/ic_replay.xml,0.0001790014971034303,11.0,1.0,1.0,0.0,0.010068892421833599,0,NONE,
2758,AnkiDroid/src/main/res/drawable/ic_sort.xml,0.0001790014971034303,11.0,1.0,1.0,0.0,0.010068892421833599,0,NONE,
2759,AnkiDroid/src/main/res/layout/navigation_drawer_layout.xml,0.0001790014971034303,11.0,2.0,1.0,0.0,0.010068892421833599,0,NONE,
2760,AnkiDroid/src/main/res/layout/resizing_divider_internal.xml,0.0001790014971034303,11.0,1.0,1.0,0.0,0.010068892421833599,0,NONE,
2761,AnkiDroid/src/main/res/menu/schedule_reminders.xml,0.0001790014971034303,11.0,1.0,1.0,0.0,0.010068892421833599,0,NONE,
2762,AnkiDroid/src/main/res/values-eo/09-backup.xml,0.0001790014971034303,11.0,5.0,1.0,0.0,0.010068892421833599,0,NONE,
2763,AnkiDroid/src/main/res/values-es-rAR/09-backup.xml,0.0001790014971034303,11.0,6.0,1.0,0.0,0.010068892421833599,0,NONE,
2764,AnkiDroid/src/main/res/values-fil/09-backup.xml,0.0001790014971034303,11.0,4.0,1.0,0.0,0.010068892421833599,0,NONE,
2765,AnkiDroid/src/main/res/values-heb/04-network.xml,0.0001790014971034303,11.0,5.0,1.0,0.0,0.010068892421833599,0,NONE,
2766,AnkiDroid/src/main/res/values-heb/18-standard-models.xml,0.0001790014971034303,11.0,2.0,1.0,0.0,0.010068892421833599,0,NONE,
2767,AnkiDroid/src/main/res/values-hi/18-standard-models.xml,0.0001790014971034303,11.0,2.0,1.0,0.0,0.010068892421833599,0,NONE,
2768,AnkiDroid/src/main/res/values-hu/04-network.xml,0.0001790014971034303,11.0,4.0,1.0,0.0,0.010068892421833599,0,NONE,
2769,AnkiDroid/src/main/res/values-hu/18-standard-models.xml,0.0001790014971034303,11.0,2.0,1.0,0.0,0.010068892421833599,0,NONE,
2770,AnkiDroid/src/main/res/values-ind/18-standard-models.xml,0.0001790014971034303,11.0,2.0,1.0,0.0,0.010068892421833599,0,NONE,
2771,AnkiDroid/src/main/res/values-it/18-standard-models.xml,0.0001790014971034303,11.0,2.0,1.0,0.0,0.010068892421833599,0,NONE,
2772,AnkiDroid/src/main/res/values-ja/18-standard-models.xml,0.0001790014971034303,11.0,2.0,1.0,0.0,0.010068892421833599,0,NONE,
2773,AnkiDroid/src/main/res/values-ka/18-standard-models.xml,0.0001790014971034303,11.0,2.0,1.0,0.0,0.010068892421833599,0,NONE,
2774,AnkiDroid/src/main/res/values-kk/18-standard-models.xml,0.0001790014971034303,11.0,2.0,1.0,0.0,0.010068892421833599,0,NONE,
2775,AnkiDroid/src/main/res/values-km/18-standard-models.xml,0.0001790014971034303,11.0,2.0,1.0,0.0,0.010068892421833599,0,NONE,
2776,AnkiDroid/src/main/res/values-ku/18-standard-models.xml,0.0001790014971034303,11.0,2.0,1.0,0.0,0.010068892421833599,0,NONE,
2777,AnkiDroid/src/main/res/values-ky/18-standard-models.xml,0.0001790014971034303,11.0,2.0,1.0,0.0,0.010068892421833599,0,NONE,
2778,AnkiDroid/src/main/res/values-lt/04-network.xml,0.0001790014971034303,11.0,4.0,1.0,0.0,0.010068892421833599,0,NONE,
2779,AnkiDroid/src/main/res/values-lt/18-standard-models.xml,0.0001790014971034303,11.0,2.0,1.0,0.0,0.010068892421833599,0,NONE,
2780,AnkiDroid/src/main/res/values-mk/18-standard-models.xml,0.0001790014971034303,11.0,2.0,1.0,0.0,0.010068892421833599,0,NONE,
2781,AnkiDroid/src/main/res/values-ml/18-standard-models.xml,0.0001790014971034303,11.0,2.0,1.0,0.0,0.010068892421833599,0,NONE,
2782,AnkiDroid/src/main/res/values-mn/18-standard-models.xml,0.0001790014971034303,11.0,2.0,1.0,0.0,0.010068892421833599,0,NONE,
2783,AnkiDroid/src/main/res/values-mr/18-standard-models.xml,0.0001790014971034303,11.0,2.0,1.0,0.0,0.010068892421833599,0,NONE,
2784,AnkiDroid/src/main/res/values-ms/18-standard-models.xml,0.0001790014971034303,11.0,2.0,1.0,0.0,0.010068892421833599,0,NONE,
2785,AnkiDroid/src/main/res/values-my/18-standard-models.xml,0.0001790014971034303,11.0,2.0,1.0,0.0,0.010068892421833599,0,NONE,
2786,AnkiDroid/src/main/res/values-nl/18-standard-models.xml,0.0001790014971034303,11.0,2.0,1.0,0.0,0.010068892421833599,0,NONE,
2787,AnkiDroid/src/main/res/values-nn/18-standard-models.xml,0.0001790014971034303,11.0,2.0,1.0,0.0,0.010068892421833599,0,NONE,
2788,AnkiDroid/src/main/res/values-no/18-standard-models.xml,0.0001790014971034303,11.0,2.0,1.0,0.0,0.010068892421833599,0,NONE,
2789,AnkiDroid/src/main/res/values-or/18-standard-models.xml,0.0001790014971034303,11.0,2.0,1.0,0.0,0.010068892421833599,0,NONE,
2790,AnkiDroid/src/main/res/values-pl/09-backup.xml,0.0001790014971034303,11.0,6.0,1.0,0.0,0.010068892421833599,0,NONE,
2791,AnkiDroid/src/main/res/values-pl/18-standard-models.xml,0.0001790014971034303,11.0,2.0,1.0,0.0,0.010068892421833599,0,NONE,
2792,AnkiDroid/src/main/res/values-pt-rBR/09-backup.xml,0.0001790014971034303,11.0,4.0,1.0,0.0,0.010068892421833599,0,NONE,
2793,AnkiDroid/src/main/res/values-pt-rBR/18-standard-models.xml,0.0001790014971034303,11.0,2.0,1.0,0.0,0.010068892421833599,0,NONE,
2794,AnkiDroid/src/main/res/values-pt-rPT/18-standard-models.xml,0.0001790014971034303,11.0,2.0,1.0,0.0,0.010068892421833599,0,NONE,
2795,AnkiDroid/src/main/res/values-ro/18-standard-models.xml,0.0001790014971034303,11.0,2.0,1.0,0.0,0.010068892421833599,0,NONE,
2796,AnkiDroid/src/main/res/values-ru/18-standard-models.xml,0.0001790014971034303,11.0,2.0,1.0,0.0,0.010068892421833599,0,NONE,
2797,AnkiDroid/src/main/res/values-sc/18-standard-models.xml,0.0001790014971034303,11.0,2.0,1.0,0.0,0.010068892421833599,0,NONE,
2798,AnkiDroid/src/main/res/values-sk/18-standard-models.xml,0.0001790014971034303,11.0,2.0,1.0,0.0,0.010068892421833599,0,NONE,
2799,AnkiDroid/src/main/res/values-sl/18-standard-models.xml,0.0001790014971034303,11.0,2.0,1.0,0.0,0.010068892421833599,0,NONE,
2800,AnkiDroid/src/main/res/values-sq/18-standard-models.xml,0.0001790014971034303,11.0,2.0,1.0,0.0,0.010068892421833599,0,NONE,
2801,AnkiDroid/src/main/res/values-sr/18-standard-models.xml,0.0001790014971034303,11.0,2.0,1.0,0.0,0.010068892421833599,0,NONE,
2802,AnkiDroid/src/main/res/values-sv/18-standard-models.xml,0.0001790014971034303,11.0,2.0,1.0,0.0,0.010068892421833599,0,NONE,
2803,AnkiDroid/src/main/res/values-tgl/18-standard-models.xml,0.0001790014971034303,11.0,2.0,1.0,0.0,0.010068892421833599,0,NONE,
2804,AnkiDroid/src/main/res/values-th/18-standard-models.xml,0.0001790014971034303,11.0,2.0,1.0,0.0,0.010068892421833599,0,NONE,
2805,AnkiDroid/src/main/res/values-ti/18-standard-models.xml,0.0001790014971034303,11.0,2.0,1.0,0.0,0.010068892421833599,0,NONE,
2806,AnkiDroid/src/main/res/values-tr/18-standard-models.xml,0.0001790014971034303,11.0,2.0,1.0,0.0,0.010068892421833599,0,NONE,
2807,AnkiDroid/src/main/res/values-tt/18-standard-models.xml,0.0001790014971034303,11.0,2.0,1.0,0.0,0.010068892421833599,0,NONE,
2808,AnkiDroid/src/main/res/values-ur/18-standard-models.xml,0.0001790014971034303,11.0,2.0,1.0,0.0,0.010068892421833599,0,NONE,
2809,AnkiDroid/src/main/res/values-vi/18-standard-models.xml,0.0001790014971034303,11.0,2.0,1.0,0.0,0.010068892421833599,0,NONE,
2810,AnkiDroid/src/main/res/values-zh-rCN/18-standard-models.xml,0.0001790014971034303,11.0,2.0,1.0,0.0,0.010068892421833599,0,NONE,
2811,AnkiDroid/src/main/res/values-zh-rTW/18-standard-models.xml,0.0001790014971034303,11.0,2.0,1.0,0.0,0.010068892421833599,0,NONE,
2812,AnkiDroid/src/test/java/com/ichi2/anki/cardviewer/CardSoundConfigTest.kt,0.0001790014971034303,11.0,4.0,2.0,0.0,0.010068892421833599,0,NONE,
2813,AnkiDroid/src/test/java/com/ichi2/anki/reviewer/MappableBindingTest.kt,0.0001790014971034303,11.0,2.0,1.0,0.0,0.010068892421833599,0,NONE,
2814,AnkiDroid/src/test/java/com/ichi2/anki/reviewer/PeripheralKeymapTest.kt,0.0001790014971034303,11.0,1.0,1.0,0.0,0.010068892421833599,0,NONE,
2815,AnkiDroid/src/test/java/com/ichi2/compat/customtabs/CustomTabActivityHelperTest.kt,0.0001790014971034303,11.0,3.0,3.0,0.0,0.010068892421833599,0,NONE,
2816,compat/src/main/java/com/ichi2/anki/compat/CompatV29.kt,0.0001790014971034303,11.0,2.0,2.0,0.0,0.010068892421833599,0,NONE,
2817,jacocoSupport.gradle,0.0001790014971034303,11.0,1.0,1.0,0.0,0.010068892421833599,0,NONE,
2818,AnkiDroid/src/androidTest/java/com/ichi2/anki/dialogs/NoteTypeEditorContextMenuTest.kt,0.0001627286337303912,10.0,1.0,1.0,0.0,0.010068892421833599,0,NONE,
2819,AnkiDroid/src/androidTest/java/com/ichi2/testutils/common/.gitignore,0.0001627286337303912,10.0,2.0,2.0,0.0,0.010068892421833599,0,NONE,
2820,AnkiDroid/src/main/java/com/ichi2/anki/cardviewer/SingleCardSide.kt,0.0001627286337303912,10.0,3.0,1.0,0.0,0.010068892421833599,0,NONE,
2821,AnkiDroid/src/main/java/com/ichi2/anki/libanki/Media.kt,0.0001627286337303912,10.0,2.0,1.0,0.0,0.010068892421833599,0,NONE,
2822,AnkiDroid/src/main/java/com/ichi2/anki/libanki/Note.kt,0.0001627286337303912,10.0,2.0,1.0,0.0,0.010068892421833599,0,NONE,
2823,AnkiDroid/src/main/java/com/ichi2/anki/libanki/sched/DeckNode.kt,0.0001627286337303912,10.0,2.0,1.0,0.0,0.010068892421833599,0,NONE,
2824,AnkiDroid/src/main/java/com/ichi2/anki/pages/PageChromeClient.kt,0.0001627286337303912,10.0,4.0,3.0,0.0,0.010068892421833599,0,NONE,
2825,AnkiDroid/src/main/java/com/ichi2/libanki/PythonTypes.kt,0.0001627286337303912,10.0,1.0,1.0,0.0,0.010068892421833599,0,NONE,
2826,AnkiDroid/src/main/java/com/ichi2/libanki/Tts.kt,0.0001627286337303912,10.0,1.0,1.0,0.0,0.010068892421833599,0,NONE,
2827,AnkiDroid/src/main/java/com/ichi2/libanki/sched/Counts.kt,0.0001627286337303912,10.0,2.0,1.0,0.0,0.010068892421833599,0,NONE,
2828,AnkiDroid/src/main/java/com/ichi2/ui/BadgeDrawable.kt,0.0001627286337303912,10.0,1.0,1.0,0.0,0.010068892421833599,0,NONE,
2829,AnkiDroid/src/main/res/drawable/bg_troubleshooting_item_bottom.xml,0.0001627286337303912,10.0,1.0,1.0,0.0,0.010068892421833599,0,NONE,
2830,AnkiDroid/src/main/res/drawable/black_round_alert_dialog_background.xml,0.0001627286337303912,10.0,2.0,1.0,0.0,0.010068892421833599,0,NONE,
2831,AnkiDroid/src/main/res/drawable/ic_add_bell.xml,0.0001627286337303912,10.0,1.0,1.0,0.0,0.010068892421833599,0,NONE,
2832,AnkiDroid/src/main/res/drawable/ic_align.xml,0.0001627286337303912,10.0,1.0,1.0,0.0,0.010068892421833599,0,NONE,
2833,AnkiDroid/src/main/res/drawable/ic_align_bottom.xml,0.0001627286337303912,10.0,1.0,1.0,0.0,0.010068892421833599,0,NONE,
2834,AnkiDroid/src/main/res/drawable/ic_audio_wave.xml,0.0001627286337303912,10.0,1.0,1.0,0.0,0.010068892421833599,0,NONE,
2835,AnkiDroid/src/main/res/drawable/ic_camera.xml,0.0001627286337303912,10.0,1.0,1.0,0.0,0.010068892421833599,0,NONE,
2836,AnkiDroid/src/main/res/drawable/ic_camera_filled.xml,0.0001627286337303912,10.0,1.0,1.0,0.0,0.010068892421833599,0,NONE,
2837,AnkiDroid/src/main/res/drawable/ic_cards_star.xml,0.0001627286337303912,10.0,1.0,1.0,0.0,0.010068892421833599,0,NONE,
2838,AnkiDroid/src/main/res/drawable/ic_donate_black_24dp.xml,0.0001627286337303912,10.0,1.0,1.0,0.0,0.010068892421833599,0,NONE,
2839,AnkiDroid/src/main/res/drawable/ic_draw_filled.xml,0.0001627286337303912,10.0,1.0,1.0,0.0,0.010068892421833599,0,NONE,
2840,AnkiDroid/src/main/res/drawable/ic_edit_off.xml,0.0001627286337303912,10.0,1.0,1.0,0.0,0.010068892421833599,0,NONE,
2841,AnkiDroid/src/main/res/drawable/ic_flip_horizontal.xml,0.0001627286337303912,10.0,1.0,1.0,0.0,0.010068892421833599,0,NONE,
2842,AnkiDroid/src/main/res/drawable/ic_image.xml,0.0001627286337303912,10.0,1.0,1.0,0.0,0.010068892421833599,0,NONE,
2843,AnkiDroid/src/main/res/drawable/ic_import_export.xml,0.0001627286337303912,10.0,1.0,1.0,0.0,0.010068892421833599,0,NONE,
2844,AnkiDroid/src/main/res/drawable/ic_lock_open.xml,0.0001627286337303912,10.0,1.0,1.0,0.0,0.010068892421833599,0,NONE,
2845,AnkiDroid/src/main/res/drawable/ic_more_vertical.xml,0.0001627286337303912,10.0,1.0,1.0,0.0,0.010068892421833599,0,NONE,
2846,AnkiDroid/src/main/res/drawable/ic_notes.xml,0.0001627286337303912,10.0,1.0,1.0,0.0,0.010068892421833599,0,NONE,
2847,AnkiDroid/src/main/res/drawable/ic_numbers.xml,0.0001627286337303912,10.0,1.0,1.0,0.0,0.010068892421833599,0,NONE,
2848,AnkiDroid/src/main/res/drawable/ic_remove_done.xml,0.0001627286337303912,10.0,1.0,1.0,0.0,0.010068892421833599,0,NONE,
2849,AnkiDroid/src/main/res/drawable/ic_replace_audio.xml,0.0001627286337303912,10.0,1.0,1.0,0.0,0.010068892421833599,0,NONE,
2850,AnkiDroid/src/main/res/drawable/ic_replace_image.xml,0.0001627286337303912,10.0,1.0,1.0,0.0,0.010068892421833599,0,NONE,
2851,AnkiDroid/src/main/res/drawable/ic_replace_video.xml,0.0001627286337303912,10.0,1.0,1.0,0.0,0.010068892421833599,0,NONE,
2852,AnkiDroid/src/main/res/drawable/ic_rotate_right.xml,0.0001627286337303912,10.0,1.0,1.0,0.0,0.010068892421833599,0,NONE,
2853,AnkiDroid/src/main/res/drawable/ic_running_clock.xml,0.0001627286337303912,10.0,1.0,1.0,0.0,0.010068892421833599,0,NONE,
2854,AnkiDroid/src/main/res/drawable/ic_shelf_auto_hide.xml,0.0001627286337303912,10.0,1.0,1.0,0.0,0.010068892421833599,0,NONE,
2855,AnkiDroid/src/main/res/drawable/ic_skip_next.xml,0.0001627286337303912,10.0,1.0,1.0,0.0,0.010068892421833599,0,NONE,
2856,AnkiDroid/src/main/res/drawable/ic_switch_profile.xml,0.0001627286337303912,10.0,1.0,1.0,0.0,0.010068892421833599,0,NONE,
2857,AnkiDroid/src/main/res/drawable/ic_toolbar.xml,0.0001627286337303912,10.0,1.0,1.0,0.0,0.010068892421833599,0,NONE,
2858,AnkiDroid/src/main/res/layout/dialog_deck_options_selection.xml,0.0001627286337303912,10.0,1.0,1.0,0.0,0.010068892421833599,0,NONE,
2859,AnkiDroid/src/main/res/layout/dialog_set_due_date.xml,0.0001627286337303912,10.0,4.0,4.0,0.0,0.010068892421833599,0,NONE,
2860,AnkiDroid/src/main/res/layout/reviewer_fullscreen.xml,0.0001627286337303912,10.0,1.0,1.0,0.0,0.010068892421833599,0,NONE,
2861,AnkiDroid/src/main/res/layout/view_audio_play.xml,0.0001627286337303912,10.0,2.0,2.0,0.0,0.010068892421833599,0,NONE,
2862,AnkiDroid/src/main/res/menu/activity_study_options.xml,0.0001627286337303912,10.0,1.0,1.0,0.0,0.010068892421833599,0,NONE,
2863,AnkiDroid/src/main/res/menu/filtered_options.xml,0.0001627286337303912,10.0,1.0,1.0,0.0,0.010068892421833599,0,NONE,
2864,AnkiDroid/src/main/res/values-vi/04-network.xml,0.0001627286337303912,10.0,4.0,1.0,0.0,0.010068892421833599,0,NONE,
2865,AnkiDroid/src/test/java/com/ichi2/utils/ContentResolverUtilTest.kt,0.0001627286337303912,10.0,3.0,3.0,0.0,0.010068892421833599,0,NONE,
2866,docs/marketing/localized_description/marketdescription-ko.txt,0.0001627286337303912,10.0,3.0,1.0,0.0,0.010068892421833599,0,NONE,
2867,docs/marketing/localized_description/marketdescription-lt.txt,0.0001627286337303912,10.0,3.0,1.0,0.0,0.010068892421833599,0,NONE,
2868,docs/marketing/localized_description/marketdescription-pt-PT.txt,0.0001627286337303912,10.0,3.0,1.0,0.0,0.010068892421833599,0,NONE,
2869,docs/marketing/localized_description/marketdescription-vi.txt,0.0001627286337303912,10.0,3.0,1.0,0.0,0.010068892421833599,0,NONE,
2870,libanki/src/test/java/com/ichi2/anki/libanki/NoteWithColTest.kt,0.0001627286337303912,10.0,2.0,1.0,0.0,0.010068892421833599,0,NONE,
2871,lint-rules/src/main/java/com/ichi2/anki/lint/rules/CopyrightHeaderExists.kt,0.0001627286337303912,10.0,1.0,1.0,0.0,0.010068892421833599,0,NONE,
2872,testlib/src/main/java/com/ichi2/testutils/IgnoreFlakyTestsInCIRule.kt,0.0001627286337303912,10.0,1.0,1.0,0.0,0.010068892421833599,0,NONE,
2873,tools/local-release.sh,0.0001627286337303912,10.0,1.0,1.0,0.0,0.010068892421833599,0,NONE,
2874,tools/localization/src/upload.ts,0.0001627286337303912,10.0,2.0,1.0,0.0,0.010068892421833599,0,NONE,
2875,.idea/dictionaries/usernames.xml,0.00014645577035735208,9.0,6.0,4.0,0.0,0.010068892421833599,0,NONE,
2876,AnkiDroid/src/androidTest/java/com/ichi2/anki/utils/GrantAllFilesAccessRule.kt,0.00014645577035735208,9.0,2.0,1.0,0.0,0.010068892421833599,0,NONE,
2877,AnkiDroid/src/main/java/com/ichi2/anki/backend/README.md,0.00014645577035735208,9.0,2.0,1.0,0.0,0.010068892421833599,0,NONE,
2878,AnkiDroid/src/main/java/com/ichi2/anki/logging/RobolectricDebugTree.kt,0.00014645577035735208,9.0,2.0,1.0,0.0,0.010068892421833599,0,NONE,
2879,AnkiDroid/src/main/java/com/ichi2/libanki/SortOrder.kt,0.00014645577035735208,9.0,1.0,1.0,0.0,0.010068892421833599,0,NONE,
2880,AnkiDroid/src/main/java/com/ichi2/libanki/exception/ConfirmModSchemaException.kt,0.00014645577035735208,9.0,2.0,2.0,0.0,0.010068892421833599,0,NONE,
2881,AnkiDroid/src/main/java/com/ichi2/ui/AxisValueDisplay.kt,0.00014645577035735208,9.0,2.0,2.0,0.0,0.010068892421833599,0,NONE,
2882,AnkiDroid/src/main/res/drawable/ic_add_white.xml,0.00014645577035735208,9.0,1.0,1.0,0.0,0.010068892421833599,0,NONE,
2883,AnkiDroid/src/main/res/drawable/ic_lightbulb.xml,0.00014645577035735208,9.0,1.0,1.0,0.0,0.010068892421833599,0,NONE,
2884,AnkiDroid/src/main/res/drawable/ic_paste.xml,0.00014645577035735208,9.0,1.0,1.0,0.0,0.010068892421833599,0,NONE,
2885,AnkiDroid/src/main/res/drawable/ic_play.xml,0.00014645577035735208,9.0,2.0,2.0,0.0,0.010068892421833599,0,NONE,
2886,AnkiDroid/src/main/res/drawable/ic_spinner_triangle.xml,0.00014645577035735208,9.0,1.0,1.0,0.0,0.010068892421833599,0,NONE,
2887,AnkiDroid/src/main/res/drawable/ic_stop.xml,0.00014645577035735208,9.0,2.0,2.0,0.0,0.010068892421833599,0,NONE,
2888,AnkiDroid/src/main/res/drawable/ic_warning_24.xml,0.00014645577035735208,9.0,1.0,1.0,0.0,0.010068892421833599,0,NONE,
2889,AnkiDroid/src/main/res/layout/fragment_permissions_starting_at_30.xml,0.00014645577035735208,9.0,2.0,2.0,0.0,0.010068892421833599,0,NONE,
2890,AnkiDroid/src/main/res/layout/tags_item_list_dialog.xml,0.00014645577035735208,9.0,2.0,1.0,0.0,0.010068892421833599,0,NONE,
2891,AnkiDroid/src/main/res/layout/view_reviewer_menu.xml,0.00014645577035735208,9.0,2.0,2.0,0.0,0.010068892421833599,0,NONE,
2892,AnkiDroid/src/main/res/menu/download_shared_decks_menu.xml,0.00014645577035735208,9.0,2.0,2.0,0.0,0.010068892421833599,0,NONE,
2893,AnkiDroid/src/main/res/menu/drawing_fragment_menu.xml,0.00014645577035735208,9.0,1.0,1.0,0.0,0.010068892421833599,0,NONE,
2894,AnkiDroid/src/main/res/menu/note_type_editor.xml,0.00014645577035735208,9.0,2.0,2.0,0.0,0.010068892421833599,0,NONE,
2895,AnkiDroid/src/main/res/menu/note_types_more_actions.xml,0.00014645577035735208,9.0,1.0,1.0,0.0,0.010068892421833599,0,NONE,
2896,AnkiDroid/src/main/res/values-ca/09-backup.xml,0.00014645577035735208,9.0,5.0,1.0,0.0,0.010068892421833599,0,NONE,
2897,AnkiDroid/src/main/res/values-cs/06-statistics.xml,0.00014645577035735208,9.0,4.0,1.0,0.0,0.010068892421833599,0,NONE,
2898,AnkiDroid/src/main/res/values-de/06-statistics.xml,0.00014645577035735208,9.0,4.0,1.0,0.0,0.010068892421833599,0,NONE,
2899,AnkiDroid/src/main/res/values-de/09-backup.xml,0.00014645577035735208,9.0,5.0,1.0,0.0,0.010068892421833599,0,NONE,
2900,AnkiDroid/src/main/res/values-es-rES/09-backup.xml,0.00014645577035735208,9.0,5.0,1.0,0.0,0.010068892421833599,0,NONE,
2901,AnkiDroid/src/main/res/values-fa/06-statistics.xml,0.00014645577035735208,9.0,4.0,1.0,0.0,0.010068892421833599,0,NONE,
2902,AnkiDroid/src/main/res/values-fi/09-backup.xml,0.00014645577035735208,9.0,5.0,1.0,0.0,0.010068892421833599,0,NONE,
2903,AnkiDroid/src/main/res/values-fr/09-backup.xml,0.00014645577035735208,9.0,5.0,1.0,0.0,0.010068892421833599,0,NONE,
2904,AnkiDroid/src/main/res/values-got/06-statistics.xml,0.00014645577035735208,9.0,4.0,1.0,0.0,0.010068892421833599,0,NONE,
2905,AnkiDroid/src/main/res/values-it/09-backup.xml,0.00014645577035735208,9.0,4.0,1.0,0.0,0.010068892421833599,0,NONE,
2906,AnkiDroid/src/main/res/values-ja/04-network.xml,0.00014645577035735208,9.0,6.0,1.0,0.0,0.010068892421833599,0,NONE,
2907,AnkiDroid/src/main/res/values-lt/09-backup.xml,0.00014645577035735208,9.0,3.0,1.0,0.0,0.010068892421833599,0,NONE,
2908,AnkiDroid/src/main/res/values-mr/09-backup.xml,0.00014645577035735208,9.0,3.0,1.0,0.0,0.010068892421833599,0,NONE,
2909,AnkiDroid/src/main/res/values-nn/06-statistics.xml,0.00014645577035735208,9.0,4.0,1.0,0.0,0.010068892421833599,0,NONE,
2910,AnkiDroid/src/main/res/values-ta/09-backup.xml,0.00014645577035735208,9.0,3.0,1.0,0.0,0.010068892421833599,0,NONE,
2911,AnkiDroid/src/main/res/values-uk/09-backup.xml,0.00014645577035735208,9.0,4.0,1.0,0.0,0.010068892421833599,0,NONE,
2912,AnkiDroid/src/main/res/xml/preferences_advanced.xml,0.00014645577035735208,9.0,2.0,2.0,0.0,0.010068892421833599,0,NONE,
2913,AnkiDroid/src/main/res/xml/preferences_custom_sync_server.xml,0.00014645577035735208,9.0,3.0,3.0,0.0,0.010068892421833599,0,NONE,
2914,AnkiDroid/src/test/java/com/ichi2/anki/InitialActivityTest.kt,0.00014645577035735208,9.0,3.0,3.0,0.0,0.010068892421833599,0,NONE,
2915,AnkiDroid/src/test/java/com/ichi2/libanki/MathJaxClozeTest.kt,0.00014645577035735208,9.0,2.0,2.0,0.0,0.010068892421833599,0,NONE,
2916,AnkiDroid/src/test/java/com/ichi2/libanki/SoundOrVideoTagTest.kt,0.00014645577035735208,9.0,2.0,1.0,0.0,0.010068892421833599,0,NONE,
2917,AnkiDroid/src/test/java/com/ichi2/ui/KeyPickerTest.kt,0.00014645577035735208,9.0,2.0,2.0,0.0,0.010068892421833599,0,NONE,
2918,gradlew.bat,0.00014645577035735208,9.0,3.0,2.0,0.0,0.010068892421833599,0,NONE,
2919,libanki/src/test/java/com/ichi2/anki/libanki/StorageRustTest.kt,0.00014645577035735208,9.0,1.0,1.0,0.0,0.010068892421833599,0,NONE,
2920,tools/localization/.yarnrc.yml,0.00014645577035735208,9.0,4.0,2.0,0.0,0.010068892421833599,0,NONE,
2921,.gitignore,0.00013018290698431297,8.0,3.0,2.0,0.0,0.010068892421833599,0,NONE,
2922,AnkiDroid/src/main/assets/card_template.html,0.00013018290698431297,8.0,2.0,1.0,0.0,0.010068892421833599,0,NONE,
2923,AnkiDroid/src/main/java/com/ichi2/anki/libanki/Card.kt,0.00013018290698431297,8.0,2.0,1.0,0.0,0.010068892421833599,0,NONE,
2924,AnkiDroid/src/main/java/com/ichi2/anki/logging/LogType.kt,0.00013018290698431297,8.0,3.0,1.0,0.0,0.010068892421833599,0,NONE,
2925,AnkiDroid/src/main/java/com/ichi2/anki/ui/windows/permissions/Full30and31PermissionsFragment.kt,0.00013018290698431297,8.0,3.0,2.0,0.0,0.010068892421833599,0,NONE,
2926,AnkiDroid/src/main/java/com/ichi2/compat/CompatV29.kt,0.00013018290698431297,8.0,3.0,3.0,0.0,0.010068892421833599,0,NONE,
2927,AnkiDroid/src/main/res/drawable/widget_card_analysis_rounded_inner_background.xml,0.00013018290698431297,8.0,1.0,1.0,0.0,0.010068892421833599,0,NONE,
2928,AnkiDroid/src/main/res/layout/dialog_tts_voices.xml,0.00013018290698431297,8.0,4.0,2.0,0.0,0.010068892421833599,0,NONE,
2929,AnkiDroid/src/main/res/layout/dialog_tts_voices_voice.xml,0.00013018290698431297,8.0,1.0,1.0,0.0,0.010068892421833599,0,NONE,
2930,AnkiDroid/src/main/res/layout/feedback.xml,0.00013018290698431297,8.0,1.0,1.0,0.0,0.010068892421833599,0,NONE,
2931,AnkiDroid/src/main/res/layout/fragment_permissions_until_29.xml,0.00013018290698431297,8.0,2.0,2.0,0.0,0.010068892421833599,0,NONE,
2932,AnkiDroid/src/main/res/layout/include_floating_add_button.xml,0.00013018290698431297,8.0,2.0,2.0,0.0,0.010068892421833599,0,NONE,
2933,AnkiDroid/src/main/res/layout/styled_custom_study_details_dialog.xml,0.00013018290698431297,8.0,2.0,1.0,0.0,0.010068892421833599,0,NONE,
2934,AnkiDroid/src/main/res/values-be/05-feedback.xml,0.00013018290698431297,8.0,4.0,1.0,0.0,0.010068892421833599,0,NONE,
2935,AnkiDroid/src/main/res/values-fa/20-search-preference.xml,0.00013018290698431297,8.0,2.0,1.0,0.0,0.010068892421833599,0,NONE,
2936,AnkiDroid/src/main/res/values-fil/05-feedback.xml,0.00013018290698431297,8.0,2.0,1.0,0.0,0.010068892421833599,0,NONE,
2937,AnkiDroid/src/main/res/values-got/20-search-preference.xml,0.00013018290698431297,8.0,2.0,1.0,0.0,0.010068892421833599,0,NONE,
2938,AnkiDroid/src/main/res/values-hr/05-feedback.xml,0.00013018290698431297,8.0,1.0,1.0,0.0,0.010068892421833599,0,NONE,
2939,AnkiDroid/src/main/res/values-zh-rTW/20-search-preference.xml,0.00013018290698431297,8.0,2.0,1.0,0.0,0.010068892421833599,0,NONE,
2940,AnkiDroid/src/main/res/xml/preferences_general.xml,0.00013018290698431297,8.0,2.0,2.0,0.0,0.010068892421833599,0,NONE,
2941,AnkiDroid/src/test/java/com/ichi2/anki/AnkiDroidAppTest.kt,0.00013018290698431297,8.0,2.0,2.0,0.0,0.010068892421833599,0,NONE,
2942,AnkiDroid/src/test/java/com/ichi2/anki/FlagToDisplayTest.kt,0.00013018290698431297,8.0,1.0,1.0,0.0,0.010068892421833599,0,NONE,
2943,AnkiDroid/src/test/java/com/ichi2/anki/libanki/AbstractSchedTest.kt,0.00013018290698431297,8.0,3.0,1.0,0.0,0.010068892421833599,0,NONE,
2944,AnkiDroid/src/test/java/com/ichi2/anki/libanki/CardTest.kt,0.00013018290698431297,8.0,3.0,1.0,0.0,0.010068892421833599,0,NONE,
2945,AnkiDroid/src/test/java/com/ichi2/anki/ui/windows/permissions/PermissionsActivityTest.kt,0.00013018290698431297,8.0,2.0,2.0,0.0,0.010068892421833599,0,NONE,
2946,AnkiDroid/src/test/java/com/ichi2/compat/CompatDirectoryContentTest.kt,0.00013018290698431297,8.0,1.0,1.0,0.0,0.010068892421833599,0,NONE,
2947,common/src/main/java/com/ichi2/anki/common/time/MockTime.kt,0.00013018290698431297,8.0,2.0,1.0,0.0,0.010068892421833599,0,NONE,
2948,compat/src/main/java/com/ichi2/anki/compat/BaseCompat.kt,0.00013018290698431297,8.0,2.0,2.0,0.0,0.010068892421833599,0,NONE,
2949,docs/marketing/localized_description/marketdescription-da.txt,0.00013018290698431297,8.0,3.0,1.0,0.0,0.010068892421833599,0,NONE,
2950,docs/marketing/localized_description/marketdescription-fa.txt,0.00013018290698431297,8.0,3.0,1.0,0.0,0.010068892421833599,0,NONE,
2951,libanki/src/main/java/com/ichi2/anki/libanki/utils/NotInPyLib.kt,0.00013018290698431297,8.0,3.0,1.0,0.0,0.010068892421833599,0,NONE,
2952,libanki/src/test/java/com/ichi2/anki/libanki/DecksTest.kt,0.00013018290698431297,8.0,2.0,1.0,0.0,0.010068892421833599,0,NONE,
2953,libanki/src/test/java/com/ichi2/anki/libanki/FlagTest.kt,0.00013018290698431297,8.0,2.0,1.0,0.0,0.010068892421833599,0,NONE,
2954,.github/dependabot.yml,0.00011391004361127384,7.0,3.0,1.0,0.0,0.010068892421833599,0,NONE,
2955,.idea/dictionaries/android.xml,0.00011391004361127384,7.0,4.0,4.0,0.0,0.010068892421833599,0,NONE,
2956,AnkiDroid/src/main/java/com/ichi2/anki/WhiteboardMultiTouchMethods.kt,0.00011391004361127384,7.0,2.0,1.0,0.0,0.010068892421833599,0,NONE,
2957,AnkiDroid/src/main/java/com/ichi2/anki/reviewer/ActionButtons.kt,0.00011391004361127384,7.0,2.0,1.0,0.0,0.010068892421833599,0,NONE,
2958,AnkiDroid/src/main/java/com/ichi2/compat/CompatV34.kt,0.00011391004361127384,7.0,3.0,2.0,0.0,0.010068892421833599,0,NONE,
2959,AnkiDroid/src/main/java/com/ichi2/libanki/Deck.kt,0.00011391004361127384,7.0,2.0,2.0,0.0,0.010068892421833599,0,NONE,
2960,AnkiDroid/src/main/java/com/ichi2/utils/AssetHelper.kt,0.00011391004361127384,7.0,2.0,2.0,0.0,0.010068892421833599,0,NONE,
2961,AnkiDroid/src/main/res/drawable/browser_divider.xml,0.00011391004361127384,7.0,1.0,1.0,0.0,0.010068892421833599,0,NONE,
2962,AnkiDroid/src/main/res/drawable/ic_double_arrow_down.xml,0.00011391004361127384,7.0,1.0,1.0,0.0,0.010068892421833599,0,NONE,
2963,AnkiDroid/src/main/res/drawable/ic_double_arrow_up.xml,0.00011391004361127384,7.0,1.0,1.0,0.0,0.010068892421833599,0,NONE,
2964,AnkiDroid/src/main/res/drawable/ic_ease_easy.xml,0.00011391004361127384,7.0,2.0,1.0,0.0,0.010068892421833599,0,NONE,
2965,AnkiDroid/src/main/res/layout/dialog_generic_text_input.xml,0.00011391004361127384,7.0,2.0,2.0,0.0,0.010068892421833599,0,NONE,
2966,AnkiDroid/src/main/res/layout/gesture_picker.xml,0.00011391004361127384,7.0,2.0,2.0,0.0,0.010068892421833599,0,NONE,
2967,AnkiDroid/src/main/res/layout/sync_progress_layout.xml,0.00011391004361127384,7.0,3.0,3.0,0.0,0.010068892421833599,0,NONE,
2968,AnkiDroid/src/main/res/values-ar/06-statistics.xml,0.00011391004361127384,7.0,3.0,1.0,0.0,0.010068892421833599,0,NONE,
2969,AnkiDroid/src/main/res/values-be/06-statistics.xml,0.00011391004361127384,7.0,3.0,1.0,0.0,0.010068892421833599,0,NONE,
2970,AnkiDroid/src/main/res/values-ca/06-statistics.xml,0.00011391004361127384,7.0,3.0,1.0,0.0,0.010068892421833599,0,NONE,
2971,AnkiDroid/src/main/res/values-cs/04-network.xml,0.00011391004361127384,7.0,5.0,1.0,0.0,0.010068892421833599,0,NONE,
2972,AnkiDroid/src/main/res/values-cs/09-backup.xml,0.00011391004361127384,7.0,4.0,1.0,0.0,0.010068892421833599,0,NONE,
2973,AnkiDroid/src/main/res/values-el/06-statistics.xml,0.00011391004361127384,7.0,3.0,1.0,0.0,0.010068892421833599,0,NONE,
2974,AnkiDroid/src/main/res/values-eo/06-statistics.xml,0.00011391004361127384,7.0,3.0,1.0,0.0,0.010068892421833599,0,NONE,
2975,AnkiDroid/src/main/res/values-es-rAR/06-statistics.xml,0.00011391004361127384,7.0,3.0,1.0,0.0,0.010068892421833599,0,NONE,
2976,AnkiDroid/src/main/res/values-es-rES/06-statistics.xml,0.00011391004361127384,7.0,3.0,1.0,0.0,0.010068892421833599,0,NONE,
2977,AnkiDroid/src/main/res/values-et/06-statistics.xml,0.00011391004361127384,7.0,3.0,1.0,0.0,0.010068892421833599,0,NONE,
2978,AnkiDroid/src/main/res/values-fi/06-statistics.xml,0.00011391004361127384,7.0,3.0,1.0,0.0,0.010068892421833599,0,NONE,
2979,AnkiDroid/src/main/res/values-fr/04-network.xml,0.00011391004361127384,7.0,5.0,1.0,0.0,0.010068892421833599,0,NONE,
2980,AnkiDroid/src/main/res/values-fr/06-statistics.xml,0.00011391004361127384,7.0,3.0,1.0,0.0,0.010068892421833599,0,NONE,
2981,AnkiDroid/src/main/res/values-gl/06-statistics.xml,0.00011391004361127384,7.0,3.0,1.0,0.0,0.010068892421833599,0,NONE,
2982,AnkiDroid/src/main/res/values-heb/06-statistics.xml,0.00011391004361127384,7.0,3.0,1.0,0.0,0.010068892421833599,0,NONE,
2983,AnkiDroid/src/main/res/values-heb/09-backup.xml,0.00011391004361127384,7.0,4.0,1.0,0.0,0.010068892421833599,0,NONE,
2984,AnkiDroid/src/main/res/values-hi/06-statistics.xml,0.00011391004361127384,7.0,3.0,1.0,0.0,0.010068892421833599,0,NONE,
2985,AnkiDroid/src/main/res/values-hr/06-statistics.xml,0.00011391004361127384,7.0,3.0,1.0,0.0,0.010068892421833599,0,NONE,
2986,AnkiDroid/src/main/res/values-hu/06-statistics.xml,0.00011391004361127384,7.0,3.0,1.0,0.0,0.010068892421833599,0,NONE,
2987,AnkiDroid/src/main/res/values-hy/06-statistics.xml,0.00011391004361127384,7.0,3.0,1.0,0.0,0.010068892421833599,0,NONE,
2988,AnkiDroid/src/main/res/values-ind/06-statistics.xml,0.00011391004361127384,7.0,3.0,1.0,0.0,0.010068892421833599,0,NONE,
2989,AnkiDroid/src/main/res/values-it/06-statistics.xml,0.00011391004361127384,7.0,3.0,1.0,0.0,0.010068892421833599,0,NONE,
2990,AnkiDroid/src/main/res/values-ja/06-statistics.xml,0.00011391004361127384,7.0,3.0,1.0,0.0,0.010068892421833599,0,NONE,
2991,AnkiDroid/src/main/res/values-ja/09-backup.xml,0.00011391004361127384,7.0,4.0,1.0,0.0,0.010068892421833599,0,NONE,
2992,AnkiDroid/src/main/res/values-ka/06-statistics.xml,0.00011391004361127384,7.0,3.0,1.0,0.0,0.010068892421833599,0,NONE,
2993,AnkiDroid/src/main/res/values-ka/09-backup.xml,0.00011391004361127384,7.0,4.0,1.0,0.0,0.010068892421833599,0,NONE,
2994,AnkiDroid/src/main/res/values-km/09-backup.xml,0.00011391004361127384,7.0,3.0,1.0,0.0,0.010068892421833599,0,NONE,
2995,AnkiDroid/src/main/res/values-ko/06-statistics.xml,0.00011391004361127384,7.0,3.0,1.0,0.0,0.010068892421833599,0,NONE,
2996,AnkiDroid/src/main/res/values-lt/06-statistics.xml,0.00011391004361127384,7.0,3.0,1.0,0.0,0.010068892421833599,0,NONE,
2997,AnkiDroid/src/main/res/values-lv/06-statistics.xml,0.00011391004361127384,7.0,3.0,1.0,0.0,0.010068892421833599,0,NONE,
2998,AnkiDroid/src/main/res/values-nl/06-statistics.xml,0.00011391004361127384,7.0,3.0,1.0,0.0,0.010068892421833599,0,NONE,
2999,AnkiDroid/src/main/res/values-nl/09-backup.xml,0.00011391004361127384,7.0,4.0,1.0,0.0,0.010068892421833599,0,NONE,
3000,AnkiDroid/src/main/res/values-no/06-statistics.xml,0.00011391004361127384,7.0,3.0,1.0,0.0,0.010068892421833599,0,NONE,
3001,AnkiDroid/src/main/res/values-or/04-network.xml,0.00011391004361127384,7.0,5.0,1.0,0.0,0.010068892421833599,0,NONE,
3002,AnkiDroid/src/main/res/values-pl/06-statistics.xml,0.00011391004361127384,7.0,3.0,1.0,0.0,0.010068892421833599,0,NONE,
3003,AnkiDroid/src/main/res/values-pt-rBR/06-statistics.xml,0.00011391004361127384,7.0,3.0,1.0,0.0,0.010068892421833599,0,NONE,
3004,AnkiDroid/src/main/res/values-pt-rPT/04-network.xml,0.00011391004361127384,7.0,5.0,1.0,0.0,0.010068892421833599,0,NONE,
3005,AnkiDroid/src/main/res/values-ru/04-network.xml,0.00011391004361127384,7.0,5.0,1.0,0.0,0.010068892421833599,0,NONE,
3006,AnkiDroid/src/main/res/values-sat/09-backup.xml,0.00011391004361127384,7.0,3.0,1.0,0.0,0.010068892421833599,0,NONE,
3007,AnkiDroid/src/main/res/values-te/09-backup.xml,0.00011391004361127384,7.0,2.0,1.0,0.0,0.010068892421833599,0,NONE,
3008,AnkiDroid/src/main/res/values/06-statistics.xml,0.00011391004361127384,7.0,2.0,2.0,0.0,0.010068892421833599,0,NONE,
3009,AnkiDroid/src/test/java/com/ichi2/anki/utils/OnlyOnceTest.kt,0.00011391004361127384,7.0,2.0,2.0,0.0,0.010068892421833599,0,NONE,
3010,SECURITY.md,0.00011391004361127384,7.0,1.0,1.0,0.0,0.010068892421833599,0,NONE,
3011,libanki/src/test/java/com/ichi2/anki/libanki/ConfigTest.kt,0.00011391004361127384,7.0,1.0,1.0,0.0,0.010068892421833599,0,NONE,
3012,libanki/src/test/java/com/ichi2/anki/libanki/MathJaxClozeTest.kt,0.00011391004361127384,7.0,1.0,1.0,0.0,0.010068892421833599,0,NONE,
3013,libanki/src/test/java/com/ichi2/anki/libanki/MetaTest.kt,0.00011391004361127384,7.0,1.0,1.0,0.0,0.010068892421833599,0,NONE,
3014,libanki/src/test/java/com/ichi2/anki/libanki/TagsTest.kt,0.00011391004361127384,7.0,1.0,1.0,0.0,0.010068892421833599,0,NONE,
3015,lint-rules/src/main/java/com/ichi2/anki/lint/rules/DirectSnackbarMakeUsage.kt,0.00011391004361127384,7.0,1.0,1.0,0.0,0.010068892421833599,0,NONE,
3016,lint-rules/src/main/java/com/ichi2/anki/lint/rules/DirectToastMakeTextUsage.kt,0.00011391004361127384,7.0,1.0,1.0,0.0,0.010068892421833599,0,NONE,
3017,AnkiDroid/src/main/java/com/ichi2/anki/libanki/LaTeX.kt,9.763718023823472e-05,6.0,2.0,1.0,0.0,0.010068892421833599,0,NONE,
3018,AnkiDroid/src/main/java/com/ichi2/anki/libanki/Sound.kt,9.763718023823472e-05,6.0,2.0,1.0,0.0,0.010068892421833599,0,NONE,
3019,AnkiDroid/src/main/java/com/ichi2/anki/libanki/Tags.kt,9.763718023823472e-05,6.0,2.0,1.0,0.0,0.010068892421833599,0,NONE,
3020,AnkiDroid/src/main/java/com/ichi2/anki/libanki/sched/DummyScheduler.kt,9.763718023823472e-05,6.0,2.0,1.0,0.0,0.010068892421833599,0,NONE,
3021,AnkiDroid/src/main/java/com/ichi2/compat/PackageManagerCompat.kt,9.763718023823472e-05,6.0,3.0,2.0,0.0,0.010068892421833599,0,NONE,
3022,AnkiDroid/src/main/java/com/ichi2/libanki/utils/LibAnkiAlias.kt,9.763718023823472e-05,6.0,2.0,1.0,0.0,0.010068892421833599,0,NONE,
3023,AnkiDroid/src/main/java/com/ichi2/preferences/VersatileTextWithASwitchPreference.kt,9.763718023823472e-05,6.0,1.0,1.0,0.0,0.010068892421833599,0,NONE,
3024,AnkiDroid/src/main/java/com/ichi2/utils/TagsUtil.kt,9.763718023823472e-05,6.0,1.0,1.0,0.0,0.010068892421833599,0,NONE,
3025,AnkiDroid/src/main/res/anim/answer_feedback_fade_in.xml,9.763718023823472e-05,6.0,1.0,1.0,0.0,0.010068892421833599,0,NONE,
3026,AnkiDroid/src/main/res/anim/answer_feedback_fade_out.xml,9.763718023823472e-05,6.0,1.0,1.0,0.0,0.010068892421833599,0,NONE,
3027,AnkiDroid/src/main/res/drawable/bg_troubleshooting_item_single.xml,9.763718023823472e-05,6.0,1.0,1.0,0.0,0.010068892421833599,0,NONE,
3028,AnkiDroid/src/main/res/drawable/color_picker_circle_indicator.xml,9.763718023823472e-05,6.0,1.0,1.0,0.0,0.010068892421833599,0,NONE,
3029,AnkiDroid/src/main/res/drawable/ic_bar_chart_black.xml,9.763718023823472e-05,6.0,1.0,1.0,0.0,0.010068892421833599,0,NONE,
3030,AnkiDroid/src/main/res/drawable/ic_format_color_text_white.xml,9.763718023823472e-05,6.0,1.0,1.0,0.0,0.010068892421833599,0,NONE,
3031,AnkiDroid/src/main/res/drawable/ic_migrate.xml,9.763718023823472e-05,6.0,1.0,1.0,0.0,0.010068892421833599,0,NONE,
3032,AnkiDroid/src/main/res/drawable/vertical_spacer_8dp.xml,9.763718023823472e-05,6.0,1.0,1.0,0.0,0.010068892421833599,0,NONE,
3033,AnkiDroid/src/main/res/layout/activity_shared_decks.xml,9.763718023823472e-05,6.0,3.0,3.0,0.0,0.010068892421833599,0,NONE,
3034,AnkiDroid/src/main/res/layout/widget_add_note_drawable_v31.xml,9.763718023823472e-05,6.0,1.0,1.0,0.0,0.010068892421833599,0,NONE,
3035,AnkiDroid/src/main/res/values-ar/20-search-preference.xml,9.763718023823472e-05,6.0,2.0,1.0,0.0,0.010068892421833599,0,NONE,
3036,AnkiDroid/src/main/res/values-bn/05-feedback.xml,9.763718023823472e-05,6.0,2.0,1.0,0.0,0.010068892421833599,0,NONE,
3037,AnkiDroid/src/main/res/values-el/05-feedback.xml,9.763718023823472e-05,6.0,3.0,1.0,0.0,0.010068892421833599,0,NONE,
3038,AnkiDroid/src/main/res/values-fi/05-feedback.xml,9.763718023823472e-05,6.0,2.0,1.0,0.0,0.010068892421833599,0,NONE,
3039,AnkiDroid/src/main/res/values-kn/05-feedback.xml,9.763718023823472e-05,6.0,2.0,1.0,0.0,0.010068892421833599,0,NONE,
3040,AnkiDroid/src/main/res/values-ko/05-feedback.xml,9.763718023823472e-05,6.0,2.0,1.0,0.0,0.010068892421833599,0,NONE,
3041,AnkiDroid/src/main/res/values-ko/20-search-preference.xml,9.763718023823472e-05,6.0,2.0,1.0,0.0,0.010068892421833599,0,NONE,
3042,AnkiDroid/src/main/res/values-pt-rPT/06-statistics.xml,9.763718023823472e-05,6.0,2.0,1.0,0.0,0.010068892421833599,0,NONE,
3043,AnkiDroid/src/main/res/values-ru/06-statistics.xml,9.763718023823472e-05,6.0,2.0,1.0,0.0,0.010068892421833599,0,NONE,
3044,AnkiDroid/src/main/res/values-sat/06-statistics.xml,9.763718023823472e-05,6.0,2.0,1.0,0.0,0.010068892421833599,0,NONE,
3045,AnkiDroid/src/main/res/values-sc/06-statistics.xml,9.763718023823472e-05,6.0,2.0,1.0,0.0,0.010068892421833599,0,NONE,
3046,AnkiDroid/src/main/res/values-sv/06-statistics.xml,9.763718023823472e-05,6.0,2.0,1.0,0.0,0.010068892421833599,0,NONE,
3047,AnkiDroid/src/main/res/values-te/05-feedback.xml,9.763718023823472e-05,6.0,2.0,1.0,0.0,0.010068892421833599,0,NONE,
3048,AnkiDroid/src/main/res/values-te/06-statistics.xml,9.763718023823472e-05,6.0,2.0,1.0,0.0,0.010068892421833599,0,NONE,
3049,AnkiDroid/src/main/res/values-tr/05-feedback.xml,9.763718023823472e-05,6.0,2.0,1.0,0.0,0.010068892421833599,0,NONE,
3050,AnkiDroid/src/main/res/values-tr/06-statistics.xml,9.763718023823472e-05,6.0,2.0,1.0,0.0,0.010068892421833599,0,NONE,
3051,AnkiDroid/src/main/res/values-uk/04-network.xml,9.763718023823472e-05,6.0,4.0,1.0,0.0,0.010068892421833599,0,NONE,
3052,AnkiDroid/src/main/res/values-uk/06-statistics.xml,9.763718023823472e-05,6.0,2.0,1.0,0.0,0.010068892421833599,0,NONE,
3053,AnkiDroid/src/main/res/values-uz/06-statistics.xml,9.763718023823472e-05,6.0,2.0,1.0,0.0,0.010068892421833599,0,NONE,
3054,AnkiDroid/src/main/res/values-vi/06-statistics.xml,9.763718023823472e-05,6.0,2.0,1.0,0.0,0.010068892421833599,0,NONE,
3055,AnkiDroid/src/main/res/values-zh-rCN/06-statistics.xml,9.763718023823472e-05,6.0,2.0,1.0,0.0,0.010068892421833599,0,NONE,
3056,AnkiDroid/src/main/res/values-zh-rTW/06-statistics.xml,9.763718023823472e-05,6.0,2.0,1.0,0.0,0.010068892421833599,0,NONE,
3057,AnkiDroid/src/main/res/values/04-network.xml,9.763718023823472e-05,6.0,4.0,4.0,0.0,0.010068892421833599,0,NONE,
3058,AnkiDroid/src/test/java/com/ichi2/anki/libanki/CollectionTest.kt,9.763718023823472e-05,6.0,4.0,1.0,0.0,0.010068892421833599,0,NONE,
3059,AnkiDroid/src/test/java/com/ichi2/anki/libanki/FlagTest.kt,9.763718023823472e-05,6.0,4.0,1.0,0.0,0.010068892421833599,0,NONE,
3060,AnkiDroid/src/test/java/com/ichi2/anki/previewer/PreviewerFragmentTest.kt,9.763718023823472e-05,6.0,2.0,2.0,0.0,0.010068892421833599,0,NONE,
3061,AnkiDroid/src/test/java/com/ichi2/anki/reviewer/ActionButtonStatusTest.kt,9.763718023823472e-05,6.0,2.0,2.0,0.0,0.010068892421833599,0,NONE,
3062,AnkiDroid/src/test/java/com/ichi2/anki/reviewer/BindingMapTest.kt,9.763718023823472e-05,6.0,1.0,1.0,0.0,0.010068892421833599,0,NONE,
3063,AnkiDroid/src/test/java/com/ichi2/anki/servicemodel/UpgradeGesturesToControlsTestNoParam.kt,9.763718023823472e-05,6.0,1.0,1.0,0.0,0.010068892421833599,0,NONE,
3064,AnkiDroid/src/test/java/com/ichi2/compat/CompatHasFilesTest.kt,9.763718023823472e-05,6.0,2.0,2.0,0.0,0.010068892421833599,0,NONE,
3065,AnkiDroid/src/test/java/com/ichi2/libanki/StorageRustTest.kt,9.763718023823472e-05,6.0,2.0,1.0,0.0,0.010068892421833599,0,NONE,
3066,AnkiDroid/src/test/java/com/ichi2/testutils/FileUtil.kt,9.763718023823472e-05,6.0,2.0,2.0,0.0,0.010068892421833599,0,NONE,
3067,AnkiDroid/src/test/java/com/ichi2/testutils/MockTime.kt,9.763718023823472e-05,6.0,2.0,2.0,0.0,0.010068892421833599,0,NONE,
3068,api/src/test/java/com/ichi2/anki/api/ApiUtilsTest.kt,9.763718023823472e-05,6.0,1.0,1.0,0.0,0.010068892421833599,0,NONE,
3069,common/src/main/java/com/ichi2/anki/common/time/SystemTime.kt,9.763718023823472e-05,6.0,2.0,2.0,0.0,0.010068892421833599,0,NONE,
3070,common/src/main/java/com/ichi2/anki/common/utils/ext/Long.kt,9.763718023823472e-05,6.0,1.0,1.0,0.0,0.010068892421833599,0,NONE,
3071,docs/marketing/localized_description/marketdescription-af.txt,9.763718023823472e-05,6.0,2.0,1.0,0.0,0.010068892421833599,0,NONE,
3072,docs/marketing/localized_description/marketdescription-az.txt,9.763718023823472e-05,6.0,2.0,1.0,0.0,0.010068892421833599,0,NONE,
3073,docs/marketing/localized_description/marketdescription-bg.txt,9.763718023823472e-05,6.0,2.0,1.0,0.0,0.010068892421833599,0,NONE,
3074,docs/marketing/localized_description/marketdescription-bn.txt,9.763718023823472e-05,6.0,2.0,1.0,0.0,0.010068892421833599,0,NONE,
3075,docs/marketing/localized_description/marketdescription-ca.txt,9.763718023823472e-05,6.0,2.0,1.0,0.0,0.010068892421833599,0,NONE,
3076,docs/marketing/localized_description/marketdescription-ckb.txt,9.763718023823472e-05,6.0,2.0,1.0,0.0,0.010068892421833599,0,NONE,
3077,docs/marketing/localized_description/marketdescription-eu.txt,9.763718023823472e-05,6.0,2.0,1.0,0.0,0.010068892421833599,0,NONE,
3078,docs/marketing/localized_description/marketdescription-fil.txt,9.763718023823472e-05,6.0,2.0,1.0,0.0,0.010068892421833599,0,NONE,
3079,docs/marketing/localized_description/marketdescription-fy-NL.txt,9.763718023823472e-05,6.0,2.0,1.0,0.0,0.010068892421833599,0,NONE,
3080,docs/marketing/localized_description/marketdescription-ga-IE.txt,9.763718023823472e-05,6.0,2.0,1.0,0.0,0.010068892421833599,0,NONE,
3081,docs/marketing/localized_description/marketdescription-gu-IN.txt,9.763718023823472e-05,6.0,2.0,1.0,0.0,0.010068892421833599,0,NONE,
3082,docs/marketing/localized_description/marketdescription-hi.txt,9.763718023823472e-05,6.0,2.0,1.0,0.0,0.010068892421833599,0,NONE,
3083,docs/marketing/localized_description/marketdescription-hu.txt,9.763718023823472e-05,6.0,2.0,1.0,0.0,0.010068892421833599,0,NONE,
3084,docs/marketing/localized_description/marketdescription-id.txt,9.763718023823472e-05,6.0,2.0,1.0,0.0,0.010068892421833599,0,NONE,
3085,docs/marketing/localized_description/marketdescription-is.txt,9.763718023823472e-05,6.0,2.0,1.0,0.0,0.010068892421833599,0,NONE,
3086,docs/marketing/localized_description/marketdescription-jv.txt,9.763718023823472e-05,6.0,2.0,1.0,0.0,0.010068892421833599,0,NONE,
3087,docs/marketing/localized_description/marketdescription-ka.txt,9.763718023823472e-05,6.0,2.0,1.0,0.0,0.010068892421833599,0,NONE,
3088,docs/marketing/localized_description/marketdescription-kk.txt,9.763718023823472e-05,6.0,2.0,1.0,0.0,0.010068892421833599,0,NONE,
3089,docs/marketing/localized_description/marketdescription-km.txt,9.763718023823472e-05,6.0,2.0,1.0,0.0,0.010068892421833599,0,NONE,
3090,docs/marketing/localized_description/marketdescription-kn.txt,9.763718023823472e-05,6.0,2.0,1.0,0.0,0.010068892421833599,0,NONE,
3091,docs/marketing/localized_description/marketdescription-ku.txt,9.763718023823472e-05,6.0,2.0,1.0,0.0,0.010068892421833599,0,NONE,
3092,docs/marketing/localized_description/marketdescription-ky.txt,9.763718023823472e-05,6.0,2.0,1.0,0.0,0.010068892421833599,0,NONE,
3093,docs/marketing/localized_description/marketdescription-mk.txt,9.763718023823472e-05,6.0,2.0,1.0,0.0,0.010068892421833599,0,NONE,
3094,docs/marketing/localized_description/marketdescription-ml-IN.txt,9.763718023823472e-05,6.0,2.0,1.0,0.0,0.010068892421833599,0,NONE,
3095,docs/marketing/localized_description/marketdescription-mn.txt,9.763718023823472e-05,6.0,2.0,1.0,0.0,0.010068892421833599,0,NONE,
3096,docs/marketing/localized_description/marketdescription-mr.txt,9.763718023823472e-05,6.0,2.0,1.0,0.0,0.010068892421833599,0,NONE,
3097,docs/marketing/localized_description/marketdescription-ms.txt,9.763718023823472e-05,6.0,2.0,1.0,0.0,0.010068892421833599,0,NONE,
3098,docs/marketing/localized_description/marketdescription-my.txt,9.763718023823472e-05,6.0,2.0,1.0,0.0,0.010068892421833599,0,NONE,
3099,docs/marketing/localized_description/marketdescription-nn-NO.txt,9.763718023823472e-05,6.0,2.0,1.0,0.0,0.010068892421833599,0,NONE,
3100,docs/marketing/localized_description/marketdescription-no.txt,9.763718023823472e-05,6.0,2.0,1.0,0.0,0.010068892421833599,0,NONE,
3101,docs/marketing/localized_description/marketdescription-pa-IN.txt,9.763718023823472e-05,6.0,2.0,1.0,0.0,0.010068892421833599,0,NONE,
3102,docs/marketing/localized_description/marketdescription-sat.txt,9.763718023823472e-05,6.0,2.0,1.0,0.0,0.010068892421833599,0,NONE,
3103,docs/marketing/localized_description/marketdescription-sc.txt,9.763718023823472e-05,6.0,2.0,1.0,0.0,0.010068892421833599,0,NONE,
3104,docs/marketing/localized_description/marketdescription-sk.txt,9.763718023823472e-05,6.0,2.0,1.0,0.0,0.010068892421833599,0,NONE,
3105,docs/marketing/localized_description/marketdescription-sl.txt,9.763718023823472e-05,6.0,2.0,1.0,0.0,0.010068892421833599,0,NONE,
3106,docs/marketing/localized_description/marketdescription-sq.txt,9.763718023823472e-05,6.0,2.0,1.0,0.0,0.010068892421833599,0,NONE,
3107,docs/marketing/localized_description/marketdescription-sr.txt,9.763718023823472e-05,6.0,2.0,1.0,0.0,0.010068892421833599,0,NONE,
3108,docs/marketing/localized_description/marketdescription-ss.txt,9.763718023823472e-05,6.0,2.0,1.0,0.0,0.010068892421833599,0,NONE,
3109,docs/marketing/localized_description/marketdescription-sv-SE.txt,9.763718023823472e-05,6.0,2.0,1.0,0.0,0.010068892421833599,0,NONE,
3110,docs/marketing/localized_description/marketdescription-sw.txt,9.763718023823472e-05,6.0,2.0,1.0,0.0,0.010068892421833599,0,NONE,
3111,docs/marketing/localized_description/marketdescription-ta.txt,9.763718023823472e-05,6.0,2.0,1.0,0.0,0.010068892421833599,0,NONE,
3112,docs/marketing/localized_description/marketdescription-te.txt,9.763718023823472e-05,6.0,2.0,1.0,0.0,0.010068892421833599,0,NONE,
3113,docs/marketing/localized_description/marketdescription-tg.txt,9.763718023823472e-05,6.0,2.0,1.0,0.0,0.010068892421833599,0,NONE,
3114,docs/marketing/localized_description/marketdescription-th.txt,9.763718023823472e-05,6.0,2.0,1.0,0.0,0.010068892421833599,0,NONE,
3115,docs/marketing/localized_description/marketdescription-ti.txt,9.763718023823472e-05,6.0,2.0,1.0,0.0,0.010068892421833599,0,NONE,
3116,docs/marketing/localized_description/marketdescription-tl.txt,9.763718023823472e-05,6.0,2.0,1.0,0.0,0.010068892421833599,0,NONE,
3117,docs/marketing/localized_description/marketdescription-tn.txt,9.763718023823472e-05,6.0,2.0,1.0,0.0,0.010068892421833599,0,NONE,
3118,docs/marketing/localized_description/marketdescription-ts.txt,9.763718023823472e-05,6.0,2.0,1.0,0.0,0.010068892421833599,0,NONE,
3119,docs/marketing/localized_description/marketdescription-tt-RU.txt,9.763718023823472e-05,6.0,2.0,1.0,0.0,0.010068892421833599,0,NONE,
3120,docs/marketing/localized_description/marketdescription-ve.txt,9.763718023823472e-05,6.0,2.0,1.0,0.0,0.010068892421833599,0,NONE,
3121,docs/marketing/localized_description/marketdescription-wo.txt,9.763718023823472e-05,6.0,2.0,1.0,0.0,0.010068892421833599,0,NONE,
3122,docs/marketing/localized_description/marketdescription-xh.txt,9.763718023823472e-05,6.0,2.0,1.0,0.0,0.010068892421833599,0,NONE,
3123,docs/marketing/localized_description/marketdescription-yu.txt,9.763718023823472e-05,6.0,2.0,1.0,0.0,0.010068892421833599,0,NONE,
3124,docs/marketing/localized_description/marketdescription-zh-TW.txt,9.763718023823472e-05,6.0,2.0,1.0,0.0,0.010068892421833599,0,NONE,
3125,docs/marketing/localized_description/marketdescription-zu.txt,9.763718023823472e-05,6.0,2.0,1.0,0.0,0.010068892421833599,0,NONE,
3126,docs/marketing/localized_description/marketdescription.txt,9.763718023823472e-05,6.0,2.0,2.0,0.0,0.010068892421833599,0,NONE,
3127,libanki/src/main/java/com/ichi2/anki/libanki/Config.kt,9.763718023823472e-05,6.0,2.0,1.0,0.0,0.010068892421833599,0,NONE,
3128,libanki/src/main/java/com/ichi2/anki/libanki/MyClass.kt,9.763718023823472e-05,6.0,2.0,1.0,0.0,0.010068892421833599,0,NONE,
3129,libanki/src/main/java/com/ichi2/anki/libanki/exception/EmptyMediaException.kt,9.763718023823472e-05,6.0,2.0,1.0,0.0,0.010068892421833599,0,NONE,
3130,lint-rules/src/main/java/com/ichi2/anki/lint/rules/HardcodedPreferenceKey.kt,9.763718023823472e-05,6.0,1.0,1.0,0.0,0.010068892421833599,0,NONE,
3131,lint-rules/src/main/java/com/ichi2/anki/lint/rules/InvalidStringFormatDetector.kt,9.763718023823472e-05,6.0,1.0,1.0,0.0,0.010068892421833599,0,NONE,
3132,lint-rules/src/test/java/com/ichi2/anki/lint/rules/DirectToastMakeTextUsageTest.kt,9.763718023823472e-05,6.0,1.0,1.0,0.0,0.010068892421833599,0,NONE,
3133,testlib/src/main/java/com/ichi2/testutils/common/AnkiAssert.kt,9.763718023823472e-05,6.0,2.0,2.0,0.0,0.010068892421833599,0,NONE,
3134,AnkiDroid/src/amazon/AndroidManifest.xml,8.13643168651956e-05,5.0,1.0,1.0,0.0,0.010068892421833599,0,NONE,
3135,AnkiDroid/src/main/aidl/android/content/pm/IPackageStatsObserver.aidl,8.13643168651956e-05,5.0,1.0,1.0,0.0,0.010068892421833599,0,NONE,
3136,AnkiDroid/src/main/java/com/ichi2/anki/utils/ext/CoroutineWorker.kt,8.13643168651956e-05,5.0,1.0,1.0,0.0,0.010068892421833599,0,NONE,
3137,AnkiDroid/src/main/java/com/ichi2/ui/CheckBoxTriStates.kt,8.13643168651956e-05,5.0,3.0,3.0,0.0,0.010068892421833599,0,NONE,
3138,AnkiDroid/src/main/java/com/ichi2/ui/FixedTextView.kt,8.13643168651956e-05,5.0,2.0,2.0,0.0,0.010068892421833599,0,NONE,
3139,AnkiDroid/src/main/res/color/selector_tool_background.xml,8.13643168651956e-05,5.0,1.0,1.0,0.0,0.010068892421833599,0,NONE,
3140,AnkiDroid/src/main/res/drawable-v31/circle_background.xml,8.13643168651956e-05,5.0,1.0,1.0,0.0,0.010068892421833599,0,NONE,
3141,AnkiDroid/src/main/res/drawable/bg_troubleshooting_icon.xml,8.13643168651956e-05,5.0,1.0,1.0,0.0,0.010068892421833599,0,NONE,
3142,AnkiDroid/src/main/res/drawable/hand_icon.xml,8.13643168651956e-05,5.0,1.0,1.0,0.0,0.010068892421833599,0,NONE,
3143,AnkiDroid/src/main/res/drawable/ic_arrow_back_white.xml,8.13643168651956e-05,5.0,1.0,1.0,0.0,0.010068892421833599,0,NONE,
3144,AnkiDroid/src/main/res/drawable/ic_baseline_arrow_back_24.xml,8.13643168651956e-05,5.0,1.0,1.0,0.0,0.010068892421833599,0,NONE,
3145,AnkiDroid/src/main/res/drawable/ic_card_state_buried.xml,8.13643168651956e-05,5.0,1.0,1.0,0.0,0.010068892421833599,0,NONE,
3146,AnkiDroid/src/main/res/drawable/ic_card_state_learning.xml,8.13643168651956e-05,5.0,1.0,1.0,0.0,0.010068892421833599,0,NONE,
3147,AnkiDroid/src/main/res/drawable/ic_card_state_new.xml,8.13643168651956e-05,5.0,1.0,1.0,0.0,0.010068892421833599,0,NONE,
3148,AnkiDroid/src/main/res/drawable/ic_card_state_review.xml,8.13643168651956e-05,5.0,1.0,1.0,0.0,0.010068892421833599,0,NONE,
3149,AnkiDroid/src/main/res/drawable/ic_card_state_suspended.xml,8.13643168651956e-05,5.0,1.0,1.0,0.0,0.010068892421833599,0,NONE,
3150,AnkiDroid/src/main/res/drawable/ic_drag_indicator_24.xml,8.13643168651956e-05,5.0,1.0,1.0,0.0,0.010068892421833599,0,NONE,
3151,AnkiDroid/src/main/res/drawable/ic_ease_again.xml,8.13643168651956e-05,5.0,2.0,1.0,0.0,0.010068892421833599,0,NONE,
3152,AnkiDroid/src/main/res/drawable/ic_ease_good.xml,8.13643168651956e-05,5.0,2.0,1.0,0.0,0.010068892421833599,0,NONE,
3153,AnkiDroid/src/main/res/drawable/ic_error_outline.xml,8.13643168651956e-05,5.0,1.0,1.0,0.0,0.010068892421833599,0,NONE,
3154,AnkiDroid/src/main/res/drawable/ic_fast_forward.xml,8.13643168651956e-05,5.0,1.0,1.0,0.0,0.010068892421833599,0,NONE,
3155,AnkiDroid/src/main/res/drawable/ic_image_white.xml,8.13643168651956e-05,5.0,1.0,1.0,0.0,0.010068892421833599,0,NONE,
3156,AnkiDroid/src/main/res/drawable/ic_keyboard.xml,8.13643168651956e-05,5.0,1.0,1.0,0.0,0.010068892421833599,0,NONE,
3157,AnkiDroid/src/main/res/drawable/ic_label_outline.xml,8.13643168651956e-05,5.0,1.0,1.0,0.0,0.010068892421833599,0,NONE,
3158,AnkiDroid/src/main/res/drawable/ic_lightbulb_stars.xml,8.13643168651956e-05,5.0,1.0,1.0,0.0,0.010068892421833599,0,NONE,
3159,AnkiDroid/src/main/res/drawable/ic_mark.xml,8.13643168651956e-05,5.0,1.0,1.0,0.0,0.010068892421833599,0,NONE,
3160,AnkiDroid/src/main/res/drawable/ic_mic_white.xml,8.13643168651956e-05,5.0,1.0,1.0,0.0,0.010068892421833599,0,NONE,
3161,AnkiDroid/src/main/res/drawable/ic_outline_troubleshoot.xml,8.13643168651956e-05,5.0,1.0,1.0,0.0,0.010068892421833599,0,NONE,
3162,AnkiDroid/src/main/res/drawable/ic_remove_circle_grey.xml,8.13643168651956e-05,5.0,1.0,1.0,0.0,0.010068892421833599,0,NONE,
3163,AnkiDroid/src/main/res/drawable/ic_remove_outline.xml,8.13643168651956e-05,5.0,1.0,1.0,0.0,0.010068892421833599,0,NONE,
3164,AnkiDroid/src/main/res/drawable/ic_round_favorite_24.xml,8.13643168651956e-05,5.0,1.0,1.0,0.0,0.010068892421833599,0,NONE,
3165,AnkiDroid/src/main/res/drawable/ic_round_favorite_outline.xml,8.13643168651956e-05,5.0,1.0,1.0,0.0,0.010068892421833599,0,NONE,
3166,AnkiDroid/src/main/res/drawable/ic_sort_24.xml,8.13643168651956e-05,5.0,1.0,1.0,0.0,0.010068892421833599,0,NONE,
3167,AnkiDroid/src/main/res/drawable/ic_videogame.xml,8.13643168651956e-05,5.0,1.0,1.0,0.0,0.010068892421833599,0,NONE,
3168,AnkiDroid/src/main/res/drawable/ic_widgets.xml,8.13643168651956e-05,5.0,1.0,1.0,0.0,0.010068892421833599,0,NONE,
3169,AnkiDroid/src/main/res/drawable/note_types_selection_background.xml,8.13643168651956e-05,5.0,1.0,1.0,0.0,0.010068892421833599,0,NONE,
3170,AnkiDroid/src/main/res/drawable/outline_arrow_insert_24.xml,8.13643168651956e-05,5.0,1.0,1.0,0.0,0.010068892421833599,0,NONE,
3171,AnkiDroid/src/main/res/drawable/outline_notifications_off_24.xml,8.13643168651956e-05,5.0,1.0,1.0,0.0,0.010068892421833599,0,NONE,
3172,AnkiDroid/src/main/res/layout/activity_audio_recording.xml,8.13643168651956e-05,5.0,2.0,2.0,0.0,0.010068892421833599,0,NONE,
3173,AnkiDroid/src/main/res/layout/dialog_help.xml,8.13643168651956e-05,5.0,1.0,1.0,0.0,0.010068892421833599,0,NONE,
3174,AnkiDroid/src/main/res/layout/studyoptions.xml,8.13643168651956e-05,5.0,2.0,2.0,0.0,0.010068892421833599,0,NONE,
3175,AnkiDroid/src/main/res/layout/view_gesture_picker.xml,8.13643168651956e-05,5.0,2.0,2.0,0.0,0.010068892421833599,0,NONE,
3176,AnkiDroid/src/main/res/layout/widget_small_drawable_v31.xml,8.13643168651956e-05,5.0,1.0,1.0,0.0,0.010068892421833599,0,NONE,
3177,AnkiDroid/src/main/res/values-af/04-network.xml,8.13643168651956e-05,5.0,4.0,1.0,0.0,0.010068892421833599,0,NONE,
3178,AnkiDroid/src/main/res/values-af/06-statistics.xml,8.13643168651956e-05,5.0,2.0,1.0,0.0,0.010068892421833599,0,NONE,
3179,AnkiDroid/src/main/res/values-af/09-backup.xml,8.13643168651956e-05,5.0,3.0,1.0,0.0,0.010068892421833599,0,NONE,
3180,AnkiDroid/src/main/res/values-am/04-network.xml,8.13643168651956e-05,5.0,4.0,1.0,0.0,0.010068892421833599,0,NONE,
3181,AnkiDroid/src/main/res/values-am/06-statistics.xml,8.13643168651956e-05,5.0,2.0,1.0,0.0,0.010068892421833599,0,NONE,
3182,AnkiDroid/src/main/res/values-am/09-backup.xml,8.13643168651956e-05,5.0,3.0,1.0,0.0,0.010068892421833599,0,NONE,
3183,AnkiDroid/src/main/res/values-az/06-statistics.xml,8.13643168651956e-05,5.0,2.0,1.0,0.0,0.010068892421833599,0,NONE,
3184,AnkiDroid/src/main/res/values-bg/04-network.xml,8.13643168651956e-05,5.0,4.0,1.0,0.0,0.010068892421833599,0,NONE,
3185,AnkiDroid/src/main/res/values-bg/06-statistics.xml,8.13643168651956e-05,5.0,2.0,1.0,0.0,0.010068892421833599,0,NONE,
3186,AnkiDroid/src/main/res/values-bg/09-backup.xml,8.13643168651956e-05,5.0,3.0,1.0,0.0,0.010068892421833599,0,NONE,
3187,AnkiDroid/src/main/res/values-ckb/04-network.xml,8.13643168651956e-05,5.0,4.0,1.0,0.0,0.010068892421833599,0,NONE,
3188,AnkiDroid/src/main/res/values-ckb/06-statistics.xml,8.13643168651956e-05,5.0,2.0,1.0,0.0,0.010068892421833599,0,NONE,
3189,AnkiDroid/src/main/res/values-ckb/09-backup.xml,8.13643168651956e-05,5.0,3.0,1.0,0.0,0.010068892421833599,0,NONE,
3190,AnkiDroid/src/main/res/values-eu/04-network.xml,8.13643168651956e-05,5.0,4.0,1.0,0.0,0.010068892421833599,0,NONE,
3191,AnkiDroid/src/main/res/values-eu/06-statistics.xml,8.13643168651956e-05,5.0,2.0,1.0,0.0,0.010068892421833599,0,NONE,
3192,AnkiDroid/src/main/res/values-eu/09-backup.xml,8.13643168651956e-05,5.0,3.0,1.0,0.0,0.010068892421833599,0,NONE,
3193,AnkiDroid/src/main/res/values-fil/06-statistics.xml,8.13643168651956e-05,5.0,2.0,1.0,0.0,0.010068892421833599,0,NONE,
3194,AnkiDroid/src/main/res/values-fy/04-network.xml,8.13643168651956e-05,5.0,4.0,1.0,0.0,0.010068892421833599,0,NONE,
3195,AnkiDroid/src/main/res/values-fy/06-statistics.xml,8.13643168651956e-05,5.0,2.0,1.0,0.0,0.010068892421833599,0,NONE,
3196,AnkiDroid/src/main/res/values-fy/09-backup.xml,8.13643168651956e-05,5.0,3.0,1.0,0.0,0.010068892421833599,0,NONE,
3197,AnkiDroid/src/main/res/values-ga/04-network.xml,8.13643168651956e-05,5.0,4.0,1.0,0.0,0.010068892421833599,0,NONE,
3198,AnkiDroid/src/main/res/values-ga/06-statistics.xml,8.13643168651956e-05,5.0,2.0,1.0,0.0,0.010068892421833599,0,NONE,
3199,AnkiDroid/src/main/res/values-ga/09-backup.xml,8.13643168651956e-05,5.0,3.0,1.0,0.0,0.010068892421833599,0,NONE,
3200,AnkiDroid/src/main/res/values-hi/09-backup.xml,8.13643168651956e-05,5.0,3.0,1.0,0.0,0.010068892421833599,0,NONE,
3201,AnkiDroid/src/main/res/values-hy/04-network.xml,8.13643168651956e-05,5.0,4.0,1.0,0.0,0.010068892421833599,0,NONE,
3202,AnkiDroid/src/main/res/values-it/04-network.xml,8.13643168651956e-05,5.0,4.0,1.0,0.0,0.010068892421833599,0,NONE,
3203,AnkiDroid/src/main/res/values-kk/06-statistics.xml,8.13643168651956e-05,5.0,2.0,1.0,0.0,0.010068892421833599,0,NONE,
3204,AnkiDroid/src/main/res/values-km/06-statistics.xml,8.13643168651956e-05,5.0,2.0,1.0,0.0,0.010068892421833599,0,NONE,
3205,AnkiDroid/src/main/res/values-ku/06-statistics.xml,8.13643168651956e-05,5.0,2.0,1.0,0.0,0.010068892421833599,0,NONE,
3206,AnkiDroid/src/main/res/values-ky/06-statistics.xml,8.13643168651956e-05,5.0,2.0,1.0,0.0,0.010068892421833599,0,NONE,
3207,AnkiDroid/src/main/res/values-mk/06-statistics.xml,8.13643168651956e-05,5.0,2.0,1.0,0.0,0.010068892421833599,0,NONE,
3208,AnkiDroid/src/main/res/values-mn/06-statistics.xml,8.13643168651956e-05,5.0,2.0,1.0,0.0,0.010068892421833599,0,NONE,
3209,AnkiDroid/src/main/res/values-mr/06-statistics.xml,8.13643168651956e-05,5.0,2.0,1.0,0.0,0.010068892421833599,0,NONE,
3210,AnkiDroid/src/main/res/values-ms/06-statistics.xml,8.13643168651956e-05,5.0,2.0,1.0,0.0,0.010068892421833599,0,NONE,
3211,AnkiDroid/src/main/res/values-my/06-statistics.xml,8.13643168651956e-05,5.0,2.0,1.0,0.0,0.010068892421833599,0,NONE,
3212,AnkiDroid/src/main/res/values-nn/04-network.xml,8.13643168651956e-05,5.0,4.0,1.0,0.0,0.010068892421833599,0,NONE,
3213,AnkiDroid/src/main/res/values-nn/09-backup.xml,8.13643168651956e-05,5.0,3.0,1.0,0.0,0.010068892421833599,0,NONE,
3214,AnkiDroid/src/main/res/values-no/04-network.xml,8.13643168651956e-05,5.0,4.0,1.0,0.0,0.010068892421833599,0,NONE,
3215,AnkiDroid/src/main/res/values-no/09-backup.xml,8.13643168651956e-05,5.0,3.0,1.0,0.0,0.010068892421833599,0,NONE,
3216,AnkiDroid/src/main/res/values-or/06-statistics.xml,8.13643168651956e-05,5.0,2.0,1.0,0.0,0.010068892421833599,0,NONE,
3217,AnkiDroid/src/main/res/values-pt-rBR/04-network.xml,8.13643168651956e-05,5.0,4.0,1.0,0.0,0.010068892421833599,0,NONE,
3218,AnkiDroid/src/main/res/values-ru/09-backup.xml,8.13643168651956e-05,5.0,3.0,1.0,0.0,0.010068892421833599,0,NONE,
3219,AnkiDroid/src/main/res/values-sv/04-network.xml,8.13643168651956e-05,5.0,4.0,1.0,0.0,0.010068892421833599,0,NONE,
3220,AnkiDroid/src/main/res/values-sw600dp/dimens.xml,8.13643168651956e-05,5.0,3.0,1.0,0.0,0.010068892421833599,0,NONE,
3221,AnkiDroid/src/main/res/values-tr/04-network.xml,8.13643168651956e-05,5.0,4.0,1.0,0.0,0.010068892421833599,0,NONE,
3222,AnkiDroid/src/main/res/values-tr/09-backup.xml,8.13643168651956e-05,5.0,3.0,1.0,0.0,0.010068892421833599,0,NONE,
3223,AnkiDroid/src/main/res/values-vi/09-backup.xml,8.13643168651956e-05,5.0,3.0,1.0,0.0,0.010068892421833599,0,NONE,
3224,AnkiDroid/src/main/res/values-zh-rTW/09-backup.xml,8.13643168651956e-05,5.0,3.0,1.0,0.0,0.010068892421833599,0,NONE,
3225,AnkiDroid/src/main/res/values/09-backup.xml,8.13643168651956e-05,5.0,3.0,2.0,0.0,0.010068892421833599,0,NONE,
3226,AnkiDroid/src/test/java/com/ichi2/anki/FormatDeckDescriptionTest.kt,8.13643168651956e-05,5.0,1.0,1.0,0.0,0.010068892421833599,0,NONE,
3227,AnkiDroid/src/test/java/com/ichi2/anki/cardviewer/GestureProcessorTest.kt,8.13643168651956e-05,5.0,1.0,1.0,0.0,0.010068892421833599,0,NONE,
3228,AnkiDroid/src/test/java/com/ichi2/anki/libanki/FieldTest.kt,8.13643168651956e-05,5.0,3.0,1.0,0.0,0.010068892421833599,0,NONE,
3229,AnkiDroid/src/test/java/com/ichi2/anki/libanki/MathJaxClozeTest.kt,8.13643168651956e-05,5.0,3.0,1.0,0.0,0.010068892421833599,0,NONE,
3230,AnkiDroid/src/test/java/com/ichi2/anki/model/DirectoryTest.kt,8.13643168651956e-05,5.0,2.0,2.0,0.0,0.010068892421833599,0,NONE,
3231,AnkiDroid/src/test/java/com/ichi2/testutils/BackendEmulatingOpenConflictTest.kt,8.13643168651956e-05,5.0,2.0,2.0,0.0,0.010068892421833599,0,NONE,
3232,.github/workflows/assignees.yml,6.509145349215648e-05,4.0,2.0,1.0,0.0,0.010068892421833599,0,NONE,
3233,AnkiDroid/src/main/java/com/ichi2/anki/dialogs/GestureSelectionDialogUtils.kt,6.509145349215648e-05,4.0,1.0,1.0,0.0,0.010068892421833599,0,NONE,
3234,AnkiDroid/src/main/java/com/ichi2/anki/exception/ManuallyReportedException.kt,6.509145349215648e-05,4.0,1.0,1.0,0.0,0.010068892421833599,0,NONE,
3235,AnkiDroid/src/main/java/com/ichi2/anki/exception/UnknownDatabaseVersionException.kt,6.509145349215648e-05,4.0,1.0,1.0,0.0,0.010068892421833599,0,NONE,
3236,AnkiDroid/src/main/java/com/ichi2/anki/exception/UserSubmittedException.kt,6.509145349215648e-05,4.0,1.0,1.0,0.0,0.010068892421833599,0,NONE,
3237,AnkiDroid/src/main/java/com/ichi2/anki/libanki/BrowserConfig.kt,6.509145349215648e-05,4.0,2.0,1.0,0.0,0.010068892421833599,0,NONE,
3238,AnkiDroid/src/main/java/com/ichi2/anki/libanki/CardTemplates.kt,6.509145349215648e-05,4.0,2.0,1.0,0.0,0.010068892421833599,0,NONE,
3239,AnkiDroid/src/main/java/com/ichi2/anki/libanki/CollectionFiles.kt,6.509145349215648e-05,4.0,2.0,1.0,0.0,0.010068892421833599,0,NONE,
3240,AnkiDroid/src/main/java/com/ichi2/anki/libanki/Config.kt,6.509145349215648e-05,4.0,2.0,1.0,0.0,0.010068892421833599,0,NONE,
3241,AnkiDroid/src/main/java/com/ichi2/anki/libanki/DeckConfig.kt,6.509145349215648e-05,4.0,2.0,1.0,0.0,0.010068892421833599,0,NONE,
3242,AnkiDroid/src/main/java/com/ichi2/anki/libanki/NotetypeJson.kt,6.509145349215648e-05,4.0,2.0,1.0,0.0,0.010068892421833599,0,NONE,
3243,AnkiDroid/src/main/java/com/ichi2/anki/libanki/Utils.kt,6.509145349215648e-05,4.0,2.0,1.0,0.0,0.010068892421833599,0,NONE,
3244,AnkiDroid/src/main/java/com/ichi2/anki/libanki/backend/BackendUtils.kt,6.509145349215648e-05,4.0,2.0,1.0,0.0,0.010068892421833599,0,NONE,
3245,AnkiDroid/src/main/java/com/ichi2/anki/libanki/backend/model/NoteUtil.kt,6.509145349215648e-05,4.0,2.0,1.0,0.0,0.010068892421833599,0,NONE,
3246,AnkiDroid/src/main/java/com/ichi2/anki/libanki/backend/model/SortOrderUtil.kt,6.509145349215648e-05,4.0,2.0,1.0,0.0,0.010068892421833599,0,NONE,
3247,AnkiDroid/src/main/java/com/ichi2/anki/libanki/stats/BackendStats.kt,6.509145349215648e-05,4.0,2.0,1.0,0.0,0.010068892421833599,0,NONE,
3248,AnkiDroid/src/main/java/com/ichi2/annotations/DuplicatedCode.kt,6.509145349215648e-05,4.0,1.0,1.0,0.0,0.010068892421833599,0,NONE,
3249,AnkiDroid/src/main/java/com/ichi2/compat/customtabs/KeepAliveService.kt,6.509145349215648e-05,4.0,1.0,1.0,0.0,0.010068892421833599,0,NONE,
3250,AnkiDroid/src/main/java/com/ichi2/compat/customtabs/ServiceConnection.kt,6.509145349215648e-05,4.0,1.0,1.0,0.0,0.010068892421833599,0,NONE,
3251,AnkiDroid/src/main/java/com/ichi2/libanki/exception/InvalidSearchException.kt,6.509145349215648e-05,4.0,1.0,1.0,0.0,0.010068892421833599,0,NONE,
3252,AnkiDroid/src/main/java/com/ichi2/libanki/utils/SystemTime.kt,6.509145349215648e-05,4.0,1.0,1.0,0.0,0.010068892421833599,0,NONE,
3253,AnkiDroid/src/main/java/com/ichi2/preferences/PreferenceUtil.kt,6.509145349215648e-05,4.0,1.0,1.0,0.0,0.010068892421833599,0,NONE,
3254,AnkiDroid/src/main/java/com/ichi2/utils/ExtendedFragmentFactory.kt,6.509145349215648e-05,4.0,1.0,1.0,0.0,0.010068892421833599,0,NONE,
3255,AnkiDroid/src/main/res/anim/fade_in.xml,6.509145349215648e-05,4.0,1.0,1.0,0.0,0.010068892421833599,0,NONE,
3256,AnkiDroid/src/main/res/anim/fade_out.xml,6.509145349215648e-05,4.0,1.0,1.0,0.0,0.010068892421833599,0,NONE,
3257,AnkiDroid/src/main/res/drawable/ic_hide.xml,6.509145349215648e-05,4.0,1.0,1.0,0.0,0.010068892421833599,0,NONE,
3258,AnkiDroid/src/main/res/drawable/ic_record.xml,6.509145349215648e-05,4.0,2.0,2.0,0.0,0.010068892421833599,0,NONE,
3259,AnkiDroid/src/main/res/drawable/ic_warning.xml,6.509145349215648e-05,4.0,2.0,1.0,0.0,0.010068892421833599,0,NONE,
3260,AnkiDroid/src/main/res/drawable/list_border.xml,6.509145349215648e-05,4.0,1.0,1.0,0.0,0.010068892421833599,0,NONE,
3261,AnkiDroid/src/main/res/drawable/widget_card_analysis_rounded_background.xml,6.509145349215648e-05,4.0,1.0,1.0,0.0,0.010068892421833599,0,NONE,
3262,AnkiDroid/src/main/res/drawable/widget_deck_picker_rounded_background.xml,6.509145349215648e-05,4.0,1.0,1.0,0.0,0.010068892421833599,0,NONE,
3263,AnkiDroid/src/main/res/layout-land/fragment_introduction.xml,6.509145349215648e-05,4.0,1.0,1.0,0.0,0.010068892421833599,0,NONE,
3264,AnkiDroid/src/main/res/layout-sw600dp/activity_homescreen.xml,6.509145349215648e-05,4.0,3.0,2.0,0.0,0.010068892421833599,0,NONE,
3265,AnkiDroid/src/main/res/layout-sw600dp/card_template_editor.xml,6.509145349215648e-05,4.0,2.0,2.0,0.0,0.010068892421833599,0,NONE,
3266,AnkiDroid/src/main/res/layout/activity_homescreen.xml,6.509145349215648e-05,4.0,3.0,2.0,0.0,0.010068892421833599,0,NONE,
3267,AnkiDroid/src/main/res/layout/axis_display.xml,6.509145349215648e-05,4.0,1.0,1.0,0.0,0.010068892421833599,0,NONE,
3268,AnkiDroid/src/main/res/layout/card_browser_appearance.xml,6.509145349215648e-05,4.0,2.0,2.0,0.0,0.010068892421833599,0,NONE,
3269,AnkiDroid/src/main/res/layout/dialog_feedback.xml,6.509145349215648e-05,4.0,1.0,1.0,0.0,0.010068892421833599,0,NONE,
3270,AnkiDroid/src/main/res/layout/dialog_tags.xml,6.509145349215648e-05,4.0,3.0,2.0,0.0,0.010068892421833599,0,NONE,
3271,AnkiDroid/src/main/res/layout/fragment_all_permissions_explanation.xml,6.509145349215648e-05,4.0,2.0,2.0,0.0,0.010068892421833599,0,NONE,
3272,AnkiDroid/src/main/res/layout/permissions_item.xml,6.509145349215648e-05,4.0,2.0,2.0,0.0,0.010068892421833599,0,NONE,
3273,AnkiDroid/src/main/res/layout/view_audio_record.xml,6.509145349215648e-05,4.0,1.0,1.0,0.0,0.010068892421833599,0,NONE,
3274,AnkiDroid/src/main/res/menu/deck_picker_dialog_menu.xml,6.509145349215648e-05,4.0,2.0,2.0,0.0,0.010068892421833599,0,NONE,
3275,AnkiDroid/src/main/res/menu/tags_dialog_menu.xml,6.509145349215648e-05,4.0,2.0,2.0,0.0,0.010068892421833599,0,NONE,
3276,AnkiDroid/src/main/res/values-am/20-search-preference.xml,6.509145349215648e-05,4.0,1.0,1.0,0.0,0.010068892421833599,0,NONE,
3277,AnkiDroid/src/main/res/values-az/05-feedback.xml,6.509145349215648e-05,4.0,2.0,1.0,0.0,0.010068892421833599,0,NONE,
3278,AnkiDroid/src/main/res/values-be/20-search-preference.xml,6.509145349215648e-05,4.0,1.0,1.0,0.0,0.010068892421833599,0,NONE,
3279,AnkiDroid/src/main/res/values-bn/20-search-preference.xml,6.509145349215648e-05,4.0,1.0,1.0,0.0,0.010068892421833599,0,NONE,
3280,AnkiDroid/src/main/res/values-ca/05-feedback.xml,6.509145349215648e-05,4.0,2.0,1.0,0.0,0.010068892421833599,0,NONE,
3281,AnkiDroid/src/main/res/values-ca/20-search-preference.xml,6.509145349215648e-05,4.0,1.0,1.0,0.0,0.010068892421833599,0,NONE,
3282,AnkiDroid/src/main/res/values-cs/05-feedback.xml,6.509145349215648e-05,4.0,2.0,1.0,0.0,0.010068892421833599,0,NONE,
3283,AnkiDroid/src/main/res/values-da/20-search-preference.xml,6.509145349215648e-05,4.0,1.0,1.0,0.0,0.010068892421833599,0,NONE,
3284,AnkiDroid/src/main/res/values-el/20-search-preference.xml,6.509145349215648e-05,4.0,1.0,1.0,0.0,0.010068892421833599,0,NONE,
3285,AnkiDroid/src/main/res/values-eo/20-search-preference.xml,6.509145349215648e-05,4.0,1.0,1.0,0.0,0.010068892421833599,0,NONE,
3286,AnkiDroid/src/main/res/values-es-rES/05-feedback.xml,6.509145349215648e-05,4.0,2.0,1.0,0.0,0.010068892421833599,0,NONE,
3287,AnkiDroid/src/main/res/values-et/20-search-preference.xml,6.509145349215648e-05,4.0,1.0,1.0,0.0,0.010068892421833599,0,NONE,
3288,AnkiDroid/src/main/res/values-fi/20-search-preference.xml,6.509145349215648e-05,4.0,1.0,1.0,0.0,0.010068892421833599,0,NONE,
3289,AnkiDroid/src/main/res/values-fil/20-search-preference.xml,6.509145349215648e-05,4.0,1.0,1.0,0.0,0.010068892421833599,0,NONE,
3290,AnkiDroid/src/main/res/values-gl/20-search-preference.xml,6.509145349215648e-05,4.0,1.0,1.0,0.0,0.010068892421833599,0,NONE,
3291,AnkiDroid/src/main/res/values-gu/20-search-preference.xml,6.509145349215648e-05,4.0,1.0,1.0,0.0,0.010068892421833599,0,NONE,
3292,AnkiDroid/src/main/res/values-hi/05-feedback.xml,6.509145349215648e-05,4.0,1.0,1.0,0.0,0.010068892421833599,0,NONE,
3293,AnkiDroid/src/main/res/values-hi/20-search-preference.xml,6.509145349215648e-05,4.0,1.0,1.0,0.0,0.010068892421833599,0,NONE,
3294,AnkiDroid/src/main/res/values-hr/20-search-preference.xml,6.509145349215648e-05,4.0,1.0,1.0,0.0,0.010068892421833599,0,NONE,
3295,AnkiDroid/src/main/res/values-km/05-feedback.xml,6.509145349215648e-05,4.0,1.0,1.0,0.0,0.010068892421833599,0,NONE,
3296,AnkiDroid/src/main/res/values-lt/05-feedback.xml,6.509145349215648e-05,4.0,1.0,1.0,0.0,0.010068892421833599,0,NONE,
3297,AnkiDroid/src/main/res/values-lt/20-search-preference.xml,6.509145349215648e-05,4.0,1.0,1.0,0.0,0.010068892421833599,0,NONE,
3298,AnkiDroid/src/main/res/values-lv/20-search-preference.xml,6.509145349215648e-05,4.0,1.0,1.0,0.0,0.010068892421833599,0,NONE,
3299,AnkiDroid/src/main/res/values-ml/20-search-preference.xml,6.509145349215648e-05,4.0,1.0,1.0,0.0,0.010068892421833599,0,NONE,
3300,AnkiDroid/src/main/res/values-mr/20-search-preference.xml,6.509145349215648e-05,4.0,1.0,1.0,0.0,0.010068892421833599,0,NONE,
3301,AnkiDroid/src/main/res/values-nl/20-search-preference.xml,6.509145349215648e-05,4.0,1.0,1.0,0.0,0.010068892421833599,0,NONE,
3302,AnkiDroid/src/main/res/values-nn/20-search-preference.xml,6.509145349215648e-05,4.0,1.0,1.0,0.0,0.010068892421833599,0,NONE,
3303,AnkiDroid/src/main/res/values-no/20-search-preference.xml,6.509145349215648e-05,4.0,1.0,1.0,0.0,0.010068892421833599,0,NONE,
3304,AnkiDroid/src/main/res/values-pa/20-search-preference.xml,6.509145349215648e-05,4.0,1.0,1.0,0.0,0.010068892421833599,0,NONE,
3305,AnkiDroid/src/main/res/values-pl/20-search-preference.xml,6.509145349215648e-05,4.0,1.0,1.0,0.0,0.010068892421833599,0,NONE,
3306,AnkiDroid/src/main/res/values-ro/05-feedback.xml,6.509145349215648e-05,4.0,1.0,1.0,0.0,0.010068892421833599,0,NONE,
3307,AnkiDroid/src/main/res/values-ro/06-statistics.xml,6.509145349215648e-05,4.0,1.0,1.0,0.0,0.010068892421833599,0,NONE,
3308,AnkiDroid/src/main/res/values-sc/20-search-preference.xml,6.509145349215648e-05,4.0,1.0,1.0,0.0,0.010068892421833599,0,NONE,
3309,AnkiDroid/src/main/res/values-sk/06-statistics.xml,6.509145349215648e-05,4.0,1.0,1.0,0.0,0.010068892421833599,0,NONE,
3310,AnkiDroid/src/main/res/values-sl/06-statistics.xml,6.509145349215648e-05,4.0,1.0,1.0,0.0,0.010068892421833599,0,NONE,
3311,AnkiDroid/src/main/res/values-sq/06-statistics.xml,6.509145349215648e-05,4.0,1.0,1.0,0.0,0.010068892421833599,0,NONE,
3312,AnkiDroid/src/main/res/values-sr/06-statistics.xml,6.509145349215648e-05,4.0,1.0,1.0,0.0,0.010068892421833599,0,NONE,
3313,AnkiDroid/src/main/res/values-ta/20-search-preference.xml,6.509145349215648e-05,4.0,1.0,1.0,0.0,0.010068892421833599,0,NONE,
3314,AnkiDroid/src/main/res/values-tgl/06-statistics.xml,6.509145349215648e-05,4.0,1.0,1.0,0.0,0.010068892421833599,0,NONE,
3315,AnkiDroid/src/main/res/values-th/06-statistics.xml,6.509145349215648e-05,4.0,1.0,1.0,0.0,0.010068892421833599,0,NONE,
3316,AnkiDroid/src/main/res/values-th/20-search-preference.xml,6.509145349215648e-05,4.0,1.0,1.0,0.0,0.010068892421833599,0,NONE,
3317,AnkiDroid/src/main/res/values-ti/06-statistics.xml,6.509145349215648e-05,4.0,1.0,1.0,0.0,0.010068892421833599,0,NONE,
3318,AnkiDroid/src/main/res/values-tt/06-statistics.xml,6.509145349215648e-05,4.0,1.0,1.0,0.0,0.010068892421833599,0,NONE,
3319,AnkiDroid/src/main/res/values-uk/05-feedback.xml,6.509145349215648e-05,4.0,2.0,1.0,0.0,0.010068892421833599,0,NONE,
3320,AnkiDroid/src/main/res/values-ur/20-search-preference.xml,6.509145349215648e-05,4.0,1.0,1.0,0.0,0.010068892421833599,0,NONE,
3321,AnkiDroid/src/main/res/values-uz/20-search-preference.xml,6.509145349215648e-05,4.0,1.0,1.0,0.0,0.010068892421833599,0,NONE,
3322,AnkiDroid/src/main/res/xml/preferences_developer_options.xml,6.509145349215648e-05,4.0,1.0,1.0,0.0,0.010068892421833599,0,NONE,
3323,AnkiDroid/src/main/res/xml/widget_provider_add_note.xml,6.509145349215648e-05,4.0,1.0,1.0,0.0,0.010068892421833599,0,NONE,
3324,AnkiDroid/src/main/res/xml/widget_provider_small.xml,6.509145349215648e-05,4.0,1.0,1.0,0.0,0.010068892421833599,0,NONE,
3325,AnkiDroid/src/test/java/com/ichi2/anki/AbstractFlashcardViewerKeyboardInputTest.kt,6.509145349215648e-05,4.0,2.0,2.0,0.0,0.010068892421833599,0,NONE,
3326,AnkiDroid/src/test/java/com/ichi2/anki/DeckPickerImportTest.kt,6.509145349215648e-05,4.0,1.0,1.0,0.0,0.010068892421833599,0,NONE,
3327,AnkiDroid/src/test/java/com/ichi2/anki/cardviewer/CardTemplateTest.kt,6.509145349215648e-05,4.0,2.0,2.0,0.0,0.010068892421833599,0,NONE,
3328,AnkiDroid/src/test/java/com/ichi2/anki/libanki/NoteTest.kt,6.509145349215648e-05,4.0,2.0,1.0,0.0,0.010068892421833599,0,NONE,
3329,AnkiDroid/src/test/java/com/ichi2/anki/libanki/PythonExtensionsTest.kt,6.509145349215648e-05,4.0,2.0,1.0,0.0,0.010068892421833599,0,NONE,
3330,AnkiDroid/src/test/java/com/ichi2/anki/preferences/PreferencesSimpleTest.kt,6.509145349215648e-05,4.0,1.0,1.0,0.0,0.010068892421833599,0,NONE,
3331,AnkiDroid/src/test/java/com/ichi2/utils/FragmentFactoryUtilsTest.kt,6.509145349215648e-05,4.0,1.0,1.0,0.0,0.010068892421833599,0,NONE,
3332,buildSrc/src/main/kotlin/placeholder.gradle.kts,6.509145349215648e-05,4.0,1.0,1.0,0.0,0.010068892421833599,0,NONE,
3333,common/android/src/main/AndroidManifest.xml,6.509145349215648e-05,4.0,1.0,1.0,0.0,0.010068892421833599,0,NONE,
3334,common/src/main/AndroidManifest.xml,6.509145349215648e-05,4.0,1.0,1.0,0.0,0.010068892421833599,0,NONE,
3335,common/src/main/java/com/ichi2/anki/common/time/TimeManager.kt,6.509145349215648e-05,4.0,2.0,2.0,0.0,0.010068892421833599,0,NONE,
3336,common/src/main/java/com/ichi2/anki/common/utils/ext/JSONArray.kt,6.509145349215648e-05,4.0,2.0,2.0,0.0,0.010068892421833599,0,NONE,
3337,compat/src/main/AndroidManifest.xml,6.509145349215648e-05,4.0,1.0,1.0,0.0,0.010068892421833599,0,NONE,
3338,compat/src/test/java/com/ichi2/compat/HasFilesTest.kt,6.509145349215648e-05,4.0,1.0,1.0,0.0,0.010068892421833599,0,NONE,
3339,libanki/src/main/java/com/ichi2/anki/libanki/CardTemplates.kt,6.509145349215648e-05,4.0,2.0,1.0,0.0,0.010068892421833599,0,NONE,
3340,libanki/src/main/java/com/ichi2/anki/libanki/Sound.kt,6.509145349215648e-05,4.0,2.0,1.0,0.0,0.010068892421833599,0,NONE,
3341,lint-rules/src/main/java/com/ichi2/anki/lint/utils/StringFormatDetector.kt,6.509145349215648e-05,4.0,2.0,2.0,0.0,0.010068892421833599,0,NONE,
3342,lint-rules/src/test/java/com/ichi2/anki/lint/rules/InvalidStringFormatDetectorTest.kt,6.509145349215648e-05,4.0,1.0,1.0,0.0,0.010068892421833599,0,NONE,
3343,testlib/src/main/java/com/ichi2/testutils/common/FailOnUnhandledExceptionRule.kt,6.509145349215648e-05,4.0,2.0,1.0,0.0,0.010068892421833599,0,NONE,
3344,testlib/src/main/java/com/ichi2/testutils/common/IgnoreFlakyTestsInCIRule.kt,6.509145349215648e-05,4.0,2.0,2.0,0.0,0.010068892421833599,0,NONE,
3345,AnkiDroid/src/androidTest/java/com/ichi2/anki/libanki/SoundTest.kt,4.881859011911736e-05,3.0,2.0,1.0,0.0,0.010068892421833599,0,NONE,
3346,AnkiDroid/src/main/java/com/ichi2/libanki/sched/Ease.kt,4.881859011911736e-05,3.0,1.0,1.0,0.0,0.010068892421833599,0,NONE,
3347,AnkiDroid/src/main/java/com/ichi2/utils/ContentResolverUtil.kt,4.881859011911736e-05,3.0,1.0,1.0,0.0,0.010068892421833599,0,NONE,
3348,AnkiDroid/src/main/res/drawable/ic_add_filtered_deck.xml,4.881859011911736e-05,3.0,1.0,1.0,0.0,0.010068892421833599,0,NONE,
3349,AnkiDroid/src/main/res/drawable/ic_done_white.xml,4.881859011911736e-05,3.0,1.0,1.0,0.0,0.010068892421833599,0,NONE,
3350,AnkiDroid/src/main/res/layout-sw600dp/activity_note_editor.xml,4.881859011911736e-05,3.0,3.0,3.0,0.0,0.010068892421833599,0,NONE,
3351,AnkiDroid/src/main/res/layout/include_reviewer_answer_buttons.xml,4.881859011911736e-05,3.0,1.0,1.0,0.0,0.010068892421833599,0,NONE,
3352,AnkiDroid/src/main/res/layout/permission_item.xml,4.881859011911736e-05,3.0,1.0,1.0,0.0,0.010068892421833599,0,NONE,
3353,AnkiDroid/src/main/res/layout/tags_dialog_title.xml,4.881859011911736e-05,3.0,1.0,1.0,0.0,0.010068892421833599,0,NONE,
3354,AnkiDroid/src/main/res/values-hu/09-backup.xml,4.881859011911736e-05,3.0,2.0,1.0,0.0,0.010068892421833599,0,NONE,
3355,AnkiDroid/src/main/res/values-ind/04-network.xml,4.881859011911736e-05,3.0,3.0,1.0,0.0,0.010068892421833599,0,NONE,
3356,AnkiDroid/src/main/res/values-ind/09-backup.xml,4.881859011911736e-05,3.0,2.0,1.0,0.0,0.010068892421833599,0,NONE,
3357,AnkiDroid/src/main/res/values-kk/04-network.xml,4.881859011911736e-05,3.0,3.0,1.0,0.0,0.010068892421833599,0,NONE,
3358,AnkiDroid/src/main/res/values-kk/09-backup.xml,4.881859011911736e-05,3.0,2.0,1.0,0.0,0.010068892421833599,0,NONE,
3359,AnkiDroid/src/main/res/values-ku/04-network.xml,4.881859011911736e-05,3.0,3.0,1.0,0.0,0.010068892421833599,0,NONE,
3360,AnkiDroid/src/main/res/values-ku/09-backup.xml,4.881859011911736e-05,3.0,2.0,1.0,0.0,0.010068892421833599,0,NONE,
3361,AnkiDroid/src/main/res/values-ky/04-network.xml,4.881859011911736e-05,3.0,3.0,1.0,0.0,0.010068892421833599,0,NONE,
3362,AnkiDroid/src/main/res/values-ky/09-backup.xml,4.881859011911736e-05,3.0,2.0,1.0,0.0,0.010068892421833599,0,NONE,
3363,AnkiDroid/src/main/res/values-mk/04-network.xml,4.881859011911736e-05,3.0,3.0,1.0,0.0,0.010068892421833599,0,NONE,
3364,AnkiDroid/src/main/res/values-mk/09-backup.xml,4.881859011911736e-05,3.0,2.0,1.0,0.0,0.010068892421833599,0,NONE,
3365,AnkiDroid/src/main/res/values-mn/04-network.xml,4.881859011911736e-05,3.0,3.0,1.0,0.0,0.010068892421833599,0,NONE,
3366,AnkiDroid/src/main/res/values-mn/09-backup.xml,4.881859011911736e-05,3.0,2.0,1.0,0.0,0.010068892421833599,0,NONE,
3367,AnkiDroid/src/main/res/values-ms/04-network.xml,4.881859011911736e-05,3.0,3.0,1.0,0.0,0.010068892421833599,0,NONE,
3368,AnkiDroid/src/main/res/values-ms/09-backup.xml,4.881859011911736e-05,3.0,2.0,1.0,0.0,0.010068892421833599,0,NONE,
3369,AnkiDroid/src/main/res/values-my/04-network.xml,4.881859011911736e-05,3.0,3.0,1.0,0.0,0.010068892421833599,0,NONE,
3370,AnkiDroid/src/main/res/values-my/09-backup.xml,4.881859011911736e-05,3.0,2.0,1.0,0.0,0.010068892421833599,0,NONE,
3371,AnkiDroid/src/main/res/values-or/09-backup.xml,4.881859011911736e-05,3.0,2.0,1.0,0.0,0.010068892421833599,0,NONE,
3372,AnkiDroid/src/main/res/values-sc/09-backup.xml,4.881859011911736e-05,3.0,2.0,1.0,0.0,0.010068892421833599,0,NONE,
3373,AnkiDroid/src/main/res/values-sl/04-network.xml,4.881859011911736e-05,3.0,3.0,1.0,0.0,0.010068892421833599,0,NONE,
3374,AnkiDroid/src/main/res/values-sq/04-network.xml,4.881859011911736e-05,3.0,3.0,1.0,0.0,0.010068892421833599,0,NONE,
3375,AnkiDroid/src/main/res/values-sr/04-network.xml,4.881859011911736e-05,3.0,3.0,1.0,0.0,0.010068892421833599,0,NONE,
3376,AnkiDroid/src/main/res/values-sr/09-backup.xml,4.881859011911736e-05,3.0,2.0,1.0,0.0,0.010068892421833599,0,NONE,
3377,AnkiDroid/src/main/res/values-sv/09-backup.xml,4.881859011911736e-05,3.0,2.0,1.0,0.0,0.010068892421833599,0,NONE,
3378,AnkiDroid/src/main/res/values-tgl/04-network.xml,4.881859011911736e-05,3.0,3.0,1.0,0.0,0.010068892421833599,0,NONE,
3379,AnkiDroid/src/main/res/values-th/04-network.xml,4.881859011911736e-05,3.0,3.0,1.0,0.0,0.010068892421833599,0,NONE,
3380,AnkiDroid/src/main/res/values-ti/04-network.xml,4.881859011911736e-05,3.0,3.0,1.0,0.0,0.010068892421833599,0,NONE,
3381,AnkiDroid/src/main/res/values-tt/04-network.xml,4.881859011911736e-05,3.0,3.0,1.0,0.0,0.010068892421833599,0,NONE,
3382,AnkiDroid/src/test/java/com/ichi2/anki/utils/ext/ParcelTest.kt,4.881859011911736e-05,3.0,2.0,1.0,0.0,0.010068892421833599,0,NONE,
3383,AnkiDroid/src/test/java/com/ichi2/testutils/BackupManagerTestUtilities.kt,4.881859011911736e-05,3.0,1.0,1.0,0.0,0.010068892421833599,0,NONE,
3384,common/src/test/java/com/ichi2/anki/common/time/MockTimeTest.kt,4.881859011911736e-05,3.0,1.0,1.0,0.0,0.010068892421833599,0,NONE,
3385,common/src/testFixtures/java/com/ichi2/testutils/FileUtil.kt,4.881859011911736e-05,3.0,1.0,1.0,0.0,0.010068892421833599,0,NONE,
3386,compat/src/test/java/com/ichi2/anki/model/DirectoryTest.kt,4.881859011911736e-05,3.0,1.0,1.0,0.0,0.010068892421833599,0,NONE,
3387,libanki/src/test/java/com/ichi2/anki/libanki/PythonExtensionsTest.kt,4.881859011911736e-05,3.0,1.0,1.0,0.0,0.010068892421833599,0,NONE,
3388,.github/workflows/stale.yml,3.254572674607824e-05,2.0,1.0,1.0,0.0,0.010068892421833599,0,NONE,
3389,AnkiDroid/src/androidTest/java/com/ichi2/anki/compat/CompatNormalizeTest.kt,3.254572674607824e-05,2.0,1.0,1.0,0.0,0.010068892421833599,0,NONE,
3390,AnkiDroid/src/main/assets/jquery.min.js,3.254572674607824e-05,2.0,1.0,1.0,0.0,0.010068892421833599,0,NONE,
3391,AnkiDroid/src/main/java/com/ichi2/anki/cardviewer/JavascriptEvaluator.kt,3.254572674607824e-05,2.0,1.0,1.0,0.0,0.010068892421833599,0,NONE,
3392,AnkiDroid/src/main/java/com/ichi2/anki/libanki/BackendDeckOptions.kt,3.254572674607824e-05,2.0,2.0,1.0,0.0,0.010068892421833599,0,NONE,
3393,AnkiDroid/src/main/java/com/ichi2/anki/libanki/BackendImportExport.kt,3.254572674607824e-05,2.0,2.0,1.0,0.0,0.010068892421833599,0,NONE,
3394,AnkiDroid/src/main/java/com/ichi2/anki/libanki/BackendUndo.kt,3.254572674607824e-05,2.0,2.0,1.0,0.0,0.010068892421833599,0,NONE,
3395,AnkiDroid/src/main/java/com/ichi2/anki/libanki/CardTemplate.kt,3.254572674607824e-05,2.0,2.0,1.0,0.0,0.010068892421833599,0,NONE,
3396,AnkiDroid/src/main/java/com/ichi2/anki/libanki/Consts.kt,3.254572674607824e-05,2.0,2.0,1.0,0.0,0.010068892421833599,0,NONE,
3397,AnkiDroid/src/main/java/com/ichi2/anki/libanki/DB.kt,3.254572674607824e-05,2.0,2.0,1.0,0.0,0.010068892421833599,0,NONE,
3398,AnkiDroid/src/main/java/com/ichi2/anki/libanki/Deck.kt,3.254572674607824e-05,2.0,2.0,1.0,0.0,0.010068892421833599,0,NONE,
3399,AnkiDroid/src/main/java/com/ichi2/anki/libanki/Field.kt,3.254572674607824e-05,2.0,2.0,1.0,0.0,0.010068892421833599,0,NONE,
3400,AnkiDroid/src/main/java/com/ichi2/anki/libanki/Fields.kt,3.254572674607824e-05,2.0,2.0,1.0,0.0,0.010068892421833599,0,NONE,
3401,AnkiDroid/src/main/java/com/ichi2/anki/libanki/PythonTypes.kt,3.254572674607824e-05,2.0,2.0,1.0,0.0,0.010068892421833599,0,NONE,
3402,AnkiDroid/src/main/java/com/ichi2/anki/libanki/SortOrder.kt,3.254572674607824e-05,2.0,2.0,1.0,0.0,0.010068892421833599,0,NONE,
3403,AnkiDroid/src/main/java/com/ichi2/anki/libanki/Storage.kt,3.254572674607824e-05,2.0,2.0,1.0,0.0,0.010068892421833599,0,NONE,
3404,AnkiDroid/src/main/java/com/ichi2/anki/libanki/Sync.kt,3.254572674607824e-05,2.0,2.0,1.0,0.0,0.010068892421833599,0,NONE,
3405,AnkiDroid/src/main/java/com/ichi2/anki/libanki/Tts.kt,3.254572674607824e-05,2.0,2.0,1.0,0.0,0.010068892421833599,0,NONE,
3406,AnkiDroid/src/main/java/com/ichi2/anki/libanki/exception/ConfirmModSchemaException.kt,3.254572674607824e-05,2.0,2.0,1.0,0.0,0.010068892421833599,0,NONE,
3407,AnkiDroid/src/main/java/com/ichi2/anki/libanki/exception/EmptyMediaException.kt,3.254572674607824e-05,2.0,2.0,1.0,0.0,0.010068892421833599,0,NONE,
3408,AnkiDroid/src/main/java/com/ichi2/anki/libanki/exception/InvalidSearchException.kt,3.254572674607824e-05,2.0,2.0,1.0,0.0,0.010068892421833599,0,NONE,
3409,AnkiDroid/src/main/java/com/ichi2/anki/libanki/sched/Counts.kt,3.254572674607824e-05,2.0,2.0,1.0,0.0,0.010068892421833599,0,NONE,
3410,AnkiDroid/src/main/java/com/ichi2/anki/libanki/sched/Ease.kt,3.254572674607824e-05,2.0,2.0,1.0,0.0,0.010068892421833599,0,NONE,
3411,AnkiDroid/src/main/java/com/ichi2/anki/libanki/template/MathJax.kt,3.254572674607824e-05,2.0,2.0,1.0,0.0,0.010068892421833599,0,NONE,
3412,AnkiDroid/src/main/java/com/ichi2/anki/libanki/template/TemplateFilters.kt,3.254572674607824e-05,2.0,2.0,1.0,0.0,0.010068892421833599,0,NONE,
3413,AnkiDroid/src/main/java/com/ichi2/anki/libanki/utils/LibAnkiAlias.kt,3.254572674607824e-05,2.0,2.0,1.0,0.0,0.010068892421833599,0,NONE,
3414,AnkiDroid/src/main/java/com/ichi2/anki/libanki/utils/NotInLibAnki.kt,3.254572674607824e-05,2.0,2.0,1.0,0.0,0.010068892421833599,0,NONE,
3415,AnkiDroid/src/main/java/com/ichi2/anki/libanki/utils/PythonExtensions.kt,3.254572674607824e-05,2.0,2.0,1.0,0.0,0.010068892421833599,0,NONE,
3416,AnkiDroid/src/main/java/com/ichi2/compat/customtabs/CustomTabsFallback.kt,3.254572674607824e-05,2.0,1.0,1.0,0.0,0.010068892421833599,0,NONE,
3417,AnkiDroid/src/main/java/com/ichi2/libanki/backend/model/NoteUtil.kt,3.254572674607824e-05,2.0,1.0,1.0,0.0,0.010068892421833599,0,NONE,
3418,AnkiDroid/src/main/java/com/ichi2/libanki/utils/TimeManager.kt,3.254572674607824e-05,2.0,1.0,1.0,0.0,0.010068892421833599,0,NONE,
3419,AnkiDroid/src/main/java/com/ichi2/utils/JSONObject.kt,3.254572674607824e-05,2.0,1.0,1.0,0.0,0.010068892421833599,0,NONE,
3420,AnkiDroid/src/main/java/com/ichi2/utils/StringUtil.kt,3.254572674607824e-05,2.0,1.0,1.0,0.0,0.010068892421833599,0,NONE,
3421,AnkiDroid/src/main/res/drawable/eraser.xml,3.254572674607824e-05,2.0,1.0,1.0,0.0,0.010068892421833599,0,NONE,
3422,AnkiDroid/src/main/res/drawable/ic_baseline_check_box_24_inset.xml,3.254572674607824e-05,2.0,1.0,1.0,0.0,0.010068892421833599,0,NONE,
3423,AnkiDroid/src/main/res/drawable/ic_baseline_check_box_outline_blank_24_inset.xml,3.254572674607824e-05,2.0,1.0,1.0,0.0,0.010068892421833599,0,NONE,
3424,AnkiDroid/src/main/res/drawable/ic_baseline_indeterminate_check_box_24_inset.xml,3.254572674607824e-05,2.0,1.0,1.0,0.0,0.010068892421833599,0,NONE,
3425,AnkiDroid/src/main/res/drawable/ic_dialog_info.xml,3.254572674607824e-05,2.0,1.0,1.0,0.0,0.010068892421833599,0,NONE,
3426,AnkiDroid/src/main/res/drawable/ic_flag_orange.xml,3.254572674607824e-05,2.0,1.0,1.0,0.0,0.010068892421833599,0,NONE,
3427,AnkiDroid/src/main/res/drawable/ic_remove_red_eye_white.xml,3.254572674607824e-05,2.0,1.0,1.0,0.0,0.010068892421833599,0,NONE,
3428,AnkiDroid/src/main/res/drawable/ic_restore_variant.xml,3.254572674607824e-05,2.0,1.0,1.0,0.0,0.010068892421833599,0,NONE,
3429,AnkiDroid/src/main/res/drawable/ic_select_all_white.xml,3.254572674607824e-05,2.0,1.0,1.0,0.0,0.010068892421833599,0,NONE,
3430,AnkiDroid/src/main/res/layout-sw600dp/activity_card_browser.xml,3.254572674607824e-05,2.0,2.0,2.0,0.0,0.010068892421833599,0,NONE,
3431,AnkiDroid/src/main/res/layout/activity_card_browser.xml,3.254572674607824e-05,2.0,2.0,2.0,0.0,0.010068892421833599,0,NONE,
3432,AnkiDroid/src/main/res/layout/activity_note_editor.xml,3.254572674607824e-05,2.0,2.0,2.0,0.0,0.010068892421833599,0,NONE,
3433,AnkiDroid/src/main/res/layout/activity_reviewer_fullscreen.xml,3.254572674607824e-05,2.0,1.0,1.0,0.0,0.010068892421833599,0,NONE,
3434,AnkiDroid/src/main/res/layout/card_browser_fragment.xml,3.254572674607824e-05,2.0,2.0,1.0,0.0,0.010068892421833599,0,NONE,
3435,AnkiDroid/src/main/res/layout/extended_category.xml,3.254572674607824e-05,2.0,1.0,1.0,0.0,0.010068892421833599,0,NONE,
3436,AnkiDroid/src/main/res/layout/fragment_reviewer.xml,3.254572674607824e-05,2.0,1.0,1.0,0.0,0.010068892421833599,0,NONE,
3437,AnkiDroid/src/main/res/layout/fragment_template_previewer.xml,3.254572674607824e-05,2.0,2.0,2.0,0.0,0.010068892421833599,0,NONE,
3438,AnkiDroid/src/main/res/layout/include_deck_picker.xml,3.254572674607824e-05,2.0,1.0,1.0,0.0,0.010068892421833599,0,NONE,
3439,AnkiDroid/src/main/res/layout/include_navigation_drawer.xml,3.254572674607824e-05,2.0,2.0,1.0,0.0,0.010068892421833599,0,NONE,
3440,AnkiDroid/src/main/res/layout/introduction_layout.xml,3.254572674607824e-05,2.0,1.0,1.0,0.0,0.010068892421833599,0,NONE,
3441,AnkiDroid/src/main/res/layout/material_dialog_list_item.xml,3.254572674607824e-05,2.0,1.0,1.0,0.0,0.010068892421833599,0,NONE,
3442,AnkiDroid/src/main/res/layout/navigation_drawer_layout_fullscreen.xml,3.254572674607824e-05,2.0,1.0,1.0,0.0,0.010068892421833599,0,NONE,
3443,AnkiDroid/src/main/res/layout/permissions_full_30_and_31.xml,3.254572674607824e-05,2.0,1.0,1.0,0.0,0.010068892421833599,0,NONE,
3444,AnkiDroid/src/main/res/layout/permissions_starting_at_30.xml,3.254572674607824e-05,2.0,1.0,1.0,0.0,0.010068892421833599,0,NONE,
3445,AnkiDroid/src/main/res/layout/permissions_until_29.xml,3.254572674607824e-05,2.0,1.0,1.0,0.0,0.010068892421833599,0,NONE,
3446,AnkiDroid/src/main/res/menu/card_template_browser_appearance_editor.xml,3.254572674607824e-05,2.0,1.0,1.0,0.0,0.010068892421833599,0,NONE,
3447,AnkiDroid/src/main/res/menu/locale_dialog_search_bar.xml,3.254572674607824e-05,2.0,1.0,1.0,0.0,0.010068892421833599,0,NONE,
3448,AnkiDroid/src/main/res/values-af/05-feedback.xml,3.254572674607824e-05,2.0,1.0,1.0,0.0,0.010068892421833599,0,NONE,
3449,AnkiDroid/src/main/res/values-am/05-feedback.xml,3.254572674607824e-05,2.0,1.0,1.0,0.0,0.010068892421833599,0,NONE,
3450,AnkiDroid/src/main/res/values-bg/05-feedback.xml,3.254572674607824e-05,2.0,1.0,1.0,0.0,0.010068892421833599,0,NONE,
3451,AnkiDroid/src/main/res/values-ckb/05-feedback.xml,3.254572674607824e-05,2.0,1.0,1.0,0.0,0.010068892421833599,0,NONE,
3452,AnkiDroid/src/main/res/values-cs/20-search-preference.xml,3.254572674607824e-05,2.0,1.0,1.0,0.0,0.010068892421833599,0,NONE,
3453,AnkiDroid/src/main/res/values-de/05-feedback.xml,3.254572674607824e-05,2.0,1.0,1.0,0.0,0.010068892421833599,0,NONE,
3454,AnkiDroid/src/main/res/values-eo/05-feedback.xml,3.254572674607824e-05,2.0,1.0,1.0,0.0,0.010068892421833599,0,NONE,
3455,AnkiDroid/src/main/res/values-es-rAR/05-feedback.xml,3.254572674607824e-05,2.0,1.0,1.0,0.0,0.010068892421833599,0,NONE,
3456,AnkiDroid/src/main/res/values-es-rAR/20-search-preference.xml,3.254572674607824e-05,2.0,1.0,1.0,0.0,0.010068892421833599,0,NONE,
3457,AnkiDroid/src/main/res/values-eu/05-feedback.xml,3.254572674607824e-05,2.0,1.0,1.0,0.0,0.010068892421833599,0,NONE,
3458,AnkiDroid/src/main/res/values-fa/05-feedback.xml,3.254572674607824e-05,2.0,1.0,1.0,0.0,0.010068892421833599,0,NONE,
3459,AnkiDroid/src/main/res/values-fr/05-feedback.xml,3.254572674607824e-05,2.0,1.0,1.0,0.0,0.010068892421833599,0,NONE,
3460,AnkiDroid/src/main/res/values-fy/05-feedback.xml,3.254572674607824e-05,2.0,1.0,1.0,0.0,0.010068892421833599,0,NONE,
3461,AnkiDroid/src/main/res/values-ga/05-feedback.xml,3.254572674607824e-05,2.0,1.0,1.0,0.0,0.010068892421833599,0,NONE,
3462,AnkiDroid/src/main/res/values-heb/05-feedback.xml,3.254572674607824e-05,2.0,1.0,1.0,0.0,0.010068892421833599,0,NONE,
3463,AnkiDroid/src/main/res/values-hu/05-feedback.xml,3.254572674607824e-05,2.0,1.0,1.0,0.0,0.010068892421833599,0,NONE,
3464,AnkiDroid/src/main/res/values-hy/05-feedback.xml,3.254572674607824e-05,2.0,1.0,1.0,0.0,0.010068892421833599,0,NONE,
3465,AnkiDroid/src/main/res/values-it/20-search-preference.xml,3.254572674607824e-05,2.0,1.0,1.0,0.0,0.010068892421833599,0,NONE,
3466,AnkiDroid/src/main/res/values-ja/20-search-preference.xml,3.254572674607824e-05,2.0,1.0,1.0,0.0,0.010068892421833599,0,NONE,
3467,AnkiDroid/src/main/res/values-mr/05-feedback.xml,3.254572674607824e-05,2.0,1.0,1.0,0.0,0.010068892421833599,0,NONE,
3468,AnkiDroid/src/main/res/values-nl/05-feedback.xml,3.254572674607824e-05,2.0,1.0,1.0,0.0,0.010068892421833599,0,NONE,
3469,AnkiDroid/src/main/res/values-sat/05-feedback.xml,3.254572674607824e-05,2.0,1.0,1.0,0.0,0.010068892421833599,0,NONE,
3470,AnkiDroid/src/main/res/values-ur/04-network.xml,3.254572674607824e-05,2.0,2.0,1.0,0.0,0.010068892421833599,0,NONE,
3471,AnkiDroid/src/main/res/values-zh-rCN/05-feedback.xml,3.254572674607824e-05,2.0,1.0,1.0,0.0,0.010068892421833599,0,NONE,
3472,AnkiDroid/src/main/res/values/05-feedback.xml,3.254572674607824e-05,2.0,1.0,1.0,0.0,0.010068892421833599,0,NONE,
3473,AnkiDroid/src/main/res/values/disable-fullscreen-keyboard-highlight.xml,3.254572674607824e-05,2.0,1.0,1.0,0.0,0.010068892421833599,0,NONE,
3474,AnkiDroid/src/test/java/com/ichi2/anki/InitialActivityWithConflictTest.kt,3.254572674607824e-05,2.0,1.0,1.0,0.0,0.010068892421833599,0,NONE,
3475,AnkiDroid/src/test/java/com/ichi2/anki/cardviewer/TypeAnswerTest.kt,3.254572674607824e-05,2.0,1.0,1.0,0.0,0.010068892421833599,0,NONE,
3476,AnkiDroid/src/test/java/com/ichi2/anki/libanki/ConfigTest.kt,3.254572674607824e-05,2.0,2.0,1.0,0.0,0.010068892421833599,0,NONE,
3477,AnkiDroid/src/test/java/com/ichi2/anki/libanki/MetaTest.kt,3.254572674607824e-05,2.0,2.0,1.0,0.0,0.010068892421833599,0,NONE,
3478,AnkiDroid/src/test/java/com/ichi2/anki/libanki/NoteWithColTest.kt,3.254572674607824e-05,2.0,2.0,1.0,0.0,0.010068892421833599,0,NONE,
3479,AnkiDroid/src/test/java/com/ichi2/anki/libanki/NotetypesTest.kt,3.254572674607824e-05,2.0,2.0,1.0,0.0,0.010068892421833599,0,NONE,
3480,AnkiDroid/src/test/java/com/ichi2/anki/libanki/StorageRustTest.kt,3.254572674607824e-05,2.0,2.0,1.0,0.0,0.010068892421833599,0,NONE,
3481,AnkiDroid/src/test/java/com/ichi2/anki/libanki/TagsTest.kt,3.254572674607824e-05,2.0,2.0,1.0,0.0,0.010068892421833599,0,NONE,
3482,AnkiDroid/src/test/java/com/ichi2/anki/libanki/TtsParserTest.kt,3.254572674607824e-05,2.0,2.0,1.0,0.0,0.010068892421833599,0,NONE,
3483,AnkiDroid/src/test/java/com/ichi2/anki/libanki/UtilsTest.kt,3.254572674607824e-05,2.0,2.0,1.0,0.0,0.010068892421833599,0,NONE,
3484,AnkiDroid/src/test/java/com/ichi2/compat/CreateDirectoriesTest.kt,3.254572674607824e-05,2.0,1.0,1.0,0.0,0.010068892421833599,0,NONE,
3485,AnkiDroid/src/test/java/com/ichi2/libanki/NoteWithColTest.kt,3.254572674607824e-05,2.0,1.0,1.0,0.0,0.010068892421833599,0,NONE,
3486,AnkiDroid/src/test/java/com/ichi2/libanki/PythonExtensionsTest.kt,3.254572674607824e-05,2.0,1.0,1.0,0.0,0.010068892421833599,0,NONE,
3487,AnkiDroid/src/test/java/com/ichi2/testutils/ProductionCollectionManager.kt,3.254572674607824e-05,2.0,1.0,1.0,0.0,0.010068892421833599,0,NONE,
3488,AnkiDroid/src/test/java/com/ichi2/testutils/rules/MockitoCollectionRule.kt,3.254572674607824e-05,2.0,1.0,1.0,0.0,0.010068892421833599,0,NONE,
3489,AnkiDroid/src/test/java/com/ichi2/utils/ResourceLoader.kt,3.254572674607824e-05,2.0,1.0,1.0,0.0,0.010068892421833599,0,NONE,
3490,common/android/src/main/java/com/ichi2/anki/common/utils/android/ColorUtils.kt,3.254572674607824e-05,2.0,1.0,1.0,0.0,0.010068892421833599,0,NONE,
3491,common/src/main/java/com/ichi2/anki/common/annotations/DuplicatedCode.kt,3.254572674607824e-05,2.0,1.0,1.0,0.0,0.010068892421833599,0,NONE,
3492,common/src/main/java/com/ichi2/anki/common/annotations/NeedsTest.kt,3.254572674607824e-05,2.0,1.0,1.0,0.0,0.010068892421833599,0,NONE,
3493,common/src/main/java/com/ichi2/anki/common/time/Time.kt,3.254572674607824e-05,2.0,1.0,1.0,0.0,0.010068892421833599,0,NONE,
3494,common/src/main/java/com/ichi2/anki/common/utils/annotation/KotlinCleanup.kt,3.254572674607824e-05,2.0,1.0,1.0,0.0,0.010068892421833599,0,NONE,
3495,common/src/testFixtures/java/com/ichi2/anki/TestUtils.kt,3.254572674607824e-05,2.0,1.0,1.0,0.0,0.010068892421833599,0,NONE,
3496,compat/src/main/java/com/ichi2/anki/compat/CompatV26.kt,3.254572674607824e-05,2.0,1.0,1.0,0.0,0.010068892421833599,0,NONE,
3497,compat/src/main/java/com/ichi2/anki/compat/CompatV28.kt,3.254572674607824e-05,2.0,1.0,1.0,0.0,0.010068892421833599,0,NONE,
3498,compat/src/main/java/com/ichi2/anki/compat/CompatV31.kt,3.254572674607824e-05,2.0,1.0,1.0,0.0,0.010068892421833599,0,NONE,
3499,compat/src/main/java/com/ichi2/anki/compat/CompatV33.kt,3.254572674607824e-05,2.0,1.0,1.0,0.0,0.010068892421833599,0,NONE,
3500,compat/src/main/java/com/ichi2/anki/compat/CompatV34.kt,3.254572674607824e-05,2.0,1.0,1.0,0.0,0.010068892421833599,0,NONE,
3501,compat/src/main/java/com/ichi2/anki/compat/FileStream.kt,3.254572674607824e-05,2.0,1.0,1.0,0.0,0.010068892421833599,0,NONE,
3502,compat/src/main/java/com/ichi2/anki/compat/VibrationAttributesCompat.kt,3.254572674607824e-05,2.0,1.0,1.0,0.0,0.010068892421833599,0,NONE,
3503,compat/src/main/java/com/ichi2/compat/CompatHelper.kt,3.254572674607824e-05,2.0,1.0,1.0,0.0,0.010068892421833599,0,NONE,
3504,compat/src/test/java/com/ichi2/compat/CompatDeleteFileTest.kt,3.254572674607824e-05,2.0,1.0,1.0,0.0,0.010068892421833599,0,NONE,
3505,libanki/src/main/java/com/ichi2/anki/libanki/utils/LibAnkiAlias.kt,3.254572674607824e-05,2.0,2.0,1.0,0.0,0.010068892421833599,0,NONE,
3506,libanki/testutils/.gitignore,3.254572674607824e-05,2.0,2.0,1.0,0.0,0.010068892421833599,0,NONE,
3507,libanki/testutils/src/main/java/com/ichi2/anki/libanki/testutils/TestClass.kt,3.254572674607824e-05,2.0,1.0,1.0,0.0,0.010068892421833599,0,NONE,
3508,lint-rules/src/test/java/com/ichi2/anki/lint/rules/CopyrightHeaderExistsTest.kt,3.254572674607824e-05,2.0,1.0,1.0,0.0,0.010068892421833599,0,NONE,
3509,lint-rules/src/test/java/com/ichi2/anki/lint/rules/DuplicateCrowdInStringsTest.kt,3.254572674607824e-05,2.0,1.0,1.0,0.0,0.010068892421833599,0,NONE,
3510,vbpd/README.md,3.254572674607824e-05,2.0,2.0,1.0,0.0,0.010068892421833599,0,NONE,
3511,.github/FUNDING.yml,1.627286337303912e-05,1.0,1.0,1.0,0.0,0.010068892421833599,0,NONE,
3512,AnkiDroid/src/androidTest/java/com/ichi2/anki/utils/KeyUtilsTest.kt,1.627286337303912e-05,1.0,1.0,1.0,0.0,0.010068892421833599,0,NONE,
3513,AnkiDroid/src/main/assets/mathjax/a11y/assistive-mml.js,1.627286337303912e-05,1.0,1.0,1.0,0.0,0.010068892421833599,0,NONE,
3514,AnkiDroid/src/main/assets/mathjax/a11y/complexity.js,1.627286337303912e-05,1.0,1.0,1.0,0.0,0.010068892421833599,0,NONE,
3515,AnkiDroid/src/main/assets/mathjax/a11y/explorer.js,1.627286337303912e-05,1.0,1.0,1.0,0.0,0.010068892421833599,0,NONE,
3516,AnkiDroid/src/main/assets/mathjax/a11y/semantic-enrich.js,1.627286337303912e-05,1.0,1.0,1.0,0.0,0.010068892421833599,0,NONE,
3517,AnkiDroid/src/main/assets/mathjax/input/tex/extensions/action.js,1.627286337303912e-05,1.0,1.0,1.0,0.0,0.010068892421833599,0,NONE,
3518,AnkiDroid/src/main/assets/mathjax/input/tex/extensions/ams.js,1.627286337303912e-05,1.0,1.0,1.0,0.0,0.010068892421833599,0,NONE,
3519,AnkiDroid/src/main/assets/mathjax/input/tex/extensions/amscd.js,1.627286337303912e-05,1.0,1.0,1.0,0.0,0.010068892421833599,0,NONE,
3520,AnkiDroid/src/main/assets/mathjax/input/tex/extensions/autoload.js,1.627286337303912e-05,1.0,1.0,1.0,0.0,0.010068892421833599,0,NONE,
3521,AnkiDroid/src/main/assets/mathjax/input/tex/extensions/bbox.js,1.627286337303912e-05,1.0,1.0,1.0,0.0,0.010068892421833599,0,NONE,
3522,AnkiDroid/src/main/assets/mathjax/input/tex/extensions/boldsymbol.js,1.627286337303912e-05,1.0,1.0,1.0,0.0,0.010068892421833599,0,NONE,
3523,AnkiDroid/src/main/assets/mathjax/input/tex/extensions/braket.js,1.627286337303912e-05,1.0,1.0,1.0,0.0,0.010068892421833599,0,NONE,
3524,AnkiDroid/src/main/assets/mathjax/input/tex/extensions/bussproofs.js,1.627286337303912e-05,1.0,1.0,1.0,0.0,0.010068892421833599,0,NONE,
3525,AnkiDroid/src/main/assets/mathjax/input/tex/extensions/cancel.js,1.627286337303912e-05,1.0,1.0,1.0,0.0,0.010068892421833599,0,NONE,
3526,AnkiDroid/src/main/assets/mathjax/input/tex/extensions/centernot.js,1.627286337303912e-05,1.0,1.0,1.0,0.0,0.010068892421833599,0,NONE,
3527,AnkiDroid/src/main/assets/mathjax/input/tex/extensions/color.js,1.627286337303912e-05,1.0,1.0,1.0,0.0,0.010068892421833599,0,NONE,
3528,AnkiDroid/src/main/assets/mathjax/input/tex/extensions/colortbl.js,1.627286337303912e-05,1.0,1.0,1.0,0.0,0.010068892421833599,0,NONE,
3529,AnkiDroid/src/main/assets/mathjax/input/tex/extensions/colorv2.js,1.627286337303912e-05,1.0,1.0,1.0,0.0,0.010068892421833599,0,NONE,
3530,AnkiDroid/src/main/assets/mathjax/input/tex/extensions/configmacros.js,1.627286337303912e-05,1.0,1.0,1.0,0.0,0.010068892421833599,0,NONE,
3531,AnkiDroid/src/main/assets/mathjax/input/tex/extensions/enclose.js,1.627286337303912e-05,1.0,1.0,1.0,0.0,0.010068892421833599,0,NONE,
3532,AnkiDroid/src/main/assets/mathjax/input/tex/extensions/extpfeil.js,1.627286337303912e-05,1.0,1.0,1.0,0.0,0.010068892421833599,0,NONE,
3533,AnkiDroid/src/main/assets/mathjax/input/tex/extensions/gensymb.js,1.627286337303912e-05,1.0,1.0,1.0,0.0,0.010068892421833599,0,NONE,
3534,AnkiDroid/src/main/assets/mathjax/input/tex/extensions/html.js,1.627286337303912e-05,1.0,1.0,1.0,0.0,0.010068892421833599,0,NONE,
3535,AnkiDroid/src/main/assets/mathjax/input/tex/extensions/mathtools.js,1.627286337303912e-05,1.0,1.0,1.0,0.0,0.010068892421833599,0,NONE,
3536,AnkiDroid/src/main/assets/mathjax/input/tex/extensions/newcommand.js,1.627286337303912e-05,1.0,1.0,1.0,0.0,0.010068892421833599,0,NONE,
3537,AnkiDroid/src/main/assets/mathjax/input/tex/extensions/noerrors.js,1.627286337303912e-05,1.0,1.0,1.0,0.0,0.010068892421833599,0,NONE,
3538,AnkiDroid/src/main/assets/mathjax/input/tex/extensions/noundefined.js,1.627286337303912e-05,1.0,1.0,1.0,0.0,0.010068892421833599,0,NONE,
3539,AnkiDroid/src/main/assets/mathjax/input/tex/extensions/physics.js,1.627286337303912e-05,1.0,1.0,1.0,0.0,0.010068892421833599,0,NONE,
3540,AnkiDroid/src/main/assets/mathjax/input/tex/extensions/require.js,1.627286337303912e-05,1.0,1.0,1.0,0.0,0.010068892421833599,0,NONE,
3541,AnkiDroid/src/main/assets/mathjax/input/tex/extensions/setoptions.js,1.627286337303912e-05,1.0,1.0,1.0,0.0,0.010068892421833599,0,NONE,
3542,AnkiDroid/src/main/assets/mathjax/input/tex/extensions/tagformat.js,1.627286337303912e-05,1.0,1.0,1.0,0.0,0.010068892421833599,0,NONE,
3543,AnkiDroid/src/main/assets/mathjax/input/tex/extensions/textcomp.js,1.627286337303912e-05,1.0,1.0,1.0,0.0,0.010068892421833599,0,NONE,
3544,AnkiDroid/src/main/assets/mathjax/input/tex/extensions/textmacros.js,1.627286337303912e-05,1.0,1.0,1.0,0.0,0.010068892421833599,0,NONE,
3545,AnkiDroid/src/main/assets/mathjax/input/tex/extensions/unicode.js,1.627286337303912e-05,1.0,1.0,1.0,0.0,0.010068892421833599,0,NONE,
3546,AnkiDroid/src/main/assets/mathjax/input/tex/extensions/upgreek.js,1.627286337303912e-05,1.0,1.0,1.0,0.0,0.010068892421833599,0,NONE,
3547,AnkiDroid/src/main/assets/mathjax/input/tex/extensions/verb.js,1.627286337303912e-05,1.0,1.0,1.0,0.0,0.010068892421833599,0,NONE,
3548,AnkiDroid/src/main/assets/mathjax/tex-chtml.js,1.627286337303912e-05,1.0,1.0,1.0,0.0,0.010068892421833599,0,NONE,
3549,AnkiDroid/src/main/java/com/ichi2/preferences/HtmlHelpPreference.kt,1.627286337303912e-05,1.0,1.0,1.0,0.0,0.010068892421833599,0,NONE,
3550,AnkiDroid/src/main/java/com/ichi2/utils/JSON.kt,1.627286337303912e-05,1.0,1.0,1.0,0.0,0.010068892421833599,0,NONE,
3551,AnkiDroid/src/main/java/com/ichi2/utils/NetworkUtils.kt,1.627286337303912e-05,1.0,1.0,1.0,0.0,0.010068892421833599,0,NONE,
3552,AnkiDroid/src/main/res/drawable/ic_delete.xml,1.627286337303912e-05,1.0,1.0,1.0,0.0,0.010068892421833599,0,NONE,
3553,AnkiDroid/src/main/res/layout/multiline_spinner_item.xml,1.627286337303912e-05,1.0,1.0,1.0,0.0,0.010068892421833599,0,NONE,
3554,AnkiDroid/src/main/res/layout/navigation_drawer.xml,1.627286337303912e-05,1.0,1.0,1.0,0.0,0.010068892421833599,0,NONE,
3555,AnkiDroid/src/main/res/values-ro/09-backup.xml,1.627286337303912e-05,1.0,1.0,1.0,0.0,0.010068892421833599,0,NONE,
3556,AnkiDroid/src/main/res/values-sk/09-backup.xml,1.627286337303912e-05,1.0,1.0,1.0,0.0,0.010068892421833599,0,NONE,
3557,AnkiDroid/src/main/res/values-sl/09-backup.xml,1.627286337303912e-05,1.0,1.0,1.0,0.0,0.010068892421833599,0,NONE,
3558,AnkiDroid/src/main/res/values-sq/09-backup.xml,1.627286337303912e-05,1.0,1.0,1.0,0.0,0.010068892421833599,0,NONE,
3559,AnkiDroid/src/main/res/values-tgl/09-backup.xml,1.627286337303912e-05,1.0,1.0,1.0,0.0,0.010068892421833599,0,NONE,
3560,AnkiDroid/src/main/res/values-th/09-backup.xml,1.627286337303912e-05,1.0,1.0,1.0,0.0,0.010068892421833599,0,NONE,
3561,AnkiDroid/src/main/res/values-ti/09-backup.xml,1.627286337303912e-05,1.0,1.0,1.0,0.0,0.010068892421833599,0,NONE,
3562,AnkiDroid/src/main/res/values-tt/09-backup.xml,1.627286337303912e-05,1.0,1.0,1.0,0.0,0.010068892421833599,0,NONE,
3563,api/src/main/java/com/ichi2/anki/api/BasicModel.kt,1.627286337303912e-05,1.0,1.0,1.0,0.0,0.010068892421833599,0,NONE,
3564,common/.gitignore,1.627286337303912e-05,1.0,1.0,1.0,0.0,0.010068892421833599,0,NONE,
3565,compat/consumer-rules.pro,1.627286337303912e-05,1.0,1.0,1.0,0.0,0.010068892421833599,0,NONE,
3566,docs/graphics/logos/discord_logo_color.svg,1.627286337303912e-05,1.0,1.0,1.0,0.0,0.010068892421833599,0,NONE,
3567,fastlane/metadata/android/en-US/short_description.txt,1.627286337303912e-05,1.0,1.0,1.0,0.0,0.010068892421833599,0,NONE,
3568,fastlane/metadata/android/en-US/title.txt,1.627286337303912e-05,1.0,1.0,1.0,0.0,0.010068892421833599,0,NONE,
3569,libanki/.gitignore,1.627286337303912e-05,1.0,1.0,1.0,0.0,0.010068892421833599,0,NONE,
3570,lint-rules/src/test/java/com/ichi2/anki/lint/rules/VariableNamingDetectorTest.kt,1.627286337303912e-05,1.0,1.0,1.0,0.0,0.010068892421833599,0,NONE,
3571,testlib/.gitignore,1.627286337303912e-05,1.0,1.0,1.0,0.0,0.010068892421833599,0,NONE,
3572,vbpd/.gitignore,1.627286337303912e-05,1.0,1.0,1.0,0.0,0.010068892421833599,0,NONE,
3573,AnkiDroid/src/androidTest/assets/initial_version_2_12_1_corrupt_regular.anki2,0.0,0.0,1.0,1.0,0.0,0.010068892421833599,0,NONE,
3574,AnkiDroid/src/main/assets/fonts/freefont/FreeMono.ttf,0.0,0.0,1.0,1.0,0.0,0.010068892421833599,0,NONE,
3575,AnkiDroid/src/main/assets/fonts/noto/NotoSansMono.ttf,0.0,0.0,1.0,1.0,0.0,0.010068892421833599,0,NONE,
3576,AnkiDroid/src/main/assets/mathjax/output/chtml/fonts/woff-v2/MathJax_AMS-Regular.woff,0.0,0.0,1.0,1.0,0.0,0.010068892421833599,0,NONE,
3577,AnkiDroid/src/main/assets/mathjax/output/chtml/fonts/woff-v2/MathJax_Calligraphic-Bold.woff,0.0,0.0,1.0,1.0,0.0,0.010068892421833599,0,NONE,
3578,AnkiDroid/src/main/assets/mathjax/output/chtml/fonts/woff-v2/MathJax_Calligraphic-Regular.woff,0.0,0.0,1.0,1.0,0.0,0.010068892421833599,0,NONE,
3579,AnkiDroid/src/main/assets/mathjax/output/chtml/fonts/woff-v2/MathJax_Fraktur-Bold.woff,0.0,0.0,1.0,1.0,0.0,0.010068892421833599,0,NONE,
3580,AnkiDroid/src/main/assets/mathjax/output/chtml/fonts/woff-v2/MathJax_Fraktur-Regular.woff,0.0,0.0,1.0,1.0,0.0,0.010068892421833599,0,NONE,
3581,AnkiDroid/src/main/assets/mathjax/output/chtml/fonts/woff-v2/MathJax_Main-Bold.woff,0.0,0.0,1.0,1.0,0.0,0.010068892421833599,0,NONE,
3582,AnkiDroid/src/main/assets/mathjax/output/chtml/fonts/woff-v2/MathJax_Main-Italic.woff,0.0,0.0,1.0,1.0,0.0,0.010068892421833599,0,NONE,
3583,AnkiDroid/src/main/assets/mathjax/output/chtml/fonts/woff-v2/MathJax_Main-Regular.woff,0.0,0.0,1.0,1.0,0.0,0.010068892421833599,0,NONE,
3584,AnkiDroid/src/main/assets/mathjax/output/chtml/fonts/woff-v2/MathJax_Math-BoldItalic.woff,0.0,0.0,1.0,1.0,0.0,0.010068892421833599,0,NONE,
3585,AnkiDroid/src/main/assets/mathjax/output/chtml/fonts/woff-v2/MathJax_Math-Italic.woff,0.0,0.0,1.0,1.0,0.0,0.010068892421833599,0,NONE,
3586,AnkiDroid/src/main/assets/mathjax/output/chtml/fonts/woff-v2/MathJax_Math-Regular.woff,0.0,0.0,1.0,1.0,0.0,0.010068892421833599,0,NONE,
3587,AnkiDroid/src/main/assets/mathjax/output/chtml/fonts/woff-v2/MathJax_SansSerif-Bold.woff,0.0,0.0,1.0,1.0,0.0,0.010068892421833599,0,NONE,
3588,AnkiDroid/src/main/assets/mathjax/output/chtml/fonts/woff-v2/MathJax_SansSerif-Italic.woff,0.0,0.0,1.0,1.0,0.0,0.010068892421833599,0,NONE,
3589,AnkiDroid/src/main/assets/mathjax/output/chtml/fonts/woff-v2/MathJax_SansSerif-Regular.woff,0.0,0.0,1.0,1.0,0.0,0.010068892421833599,0,NONE,
3590,AnkiDroid/src/main/assets/mathjax/output/chtml/fonts/woff-v2/MathJax_Script-Regular.woff,0.0,0.0,1.0,1.0,0.0,0.010068892421833599,0,NONE,
3591,AnkiDroid/src/main/assets/mathjax/output/chtml/fonts/woff-v2/MathJax_Size1-Regular.woff,0.0,0.0,1.0,1.0,0.0,0.010068892421833599,0,NONE,
3592,AnkiDroid/src/main/assets/mathjax/output/chtml/fonts/woff-v2/MathJax_Size2-Regular.woff,0.0,0.0,1.0,1.0,0.0,0.010068892421833599,0,NONE,
3593,AnkiDroid/src/main/assets/mathjax/output/chtml/fonts/woff-v2/MathJax_Size3-Regular.woff,0.0,0.0,1.0,1.0,0.0,0.010068892421833599,0,NONE,
3594,AnkiDroid/src/main/assets/mathjax/output/chtml/fonts/woff-v2/MathJax_Size4-Regular.woff,0.0,0.0,1.0,1.0,0.0,0.010068892421833599,0,NONE,
3595,AnkiDroid/src/main/assets/mathjax/output/chtml/fonts/woff-v2/MathJax_Typewriter-Regular.woff,0.0,0.0,1.0,1.0,0.0,0.010068892421833599,0,NONE,
3596,AnkiDroid/src/main/assets/mathjax/output/chtml/fonts/woff-v2/MathJax_Vector-Bold.woff,0.0,0.0,1.0,1.0,0.0,0.010068892421833599,0,NONE,
3597,AnkiDroid/src/main/assets/mathjax/output/chtml/fonts/woff-v2/MathJax_Vector-Regular.woff,0.0,0.0,1.0,1.0,0.0,0.010068892421833599,0,NONE,
3598,AnkiDroid/src/main/assets/mathjax/output/chtml/fonts/woff-v2/MathJax_Zero.woff,0.0,0.0,1.0,1.0,0.0,0.010068892421833599,0,NONE,
3599,AnkiDroid/src/main/java/com/ichi2/anki/utils/ext/Parcel.kt,0.0,0.0,1.0,1.0,0.0,0.010068892421833599,0,NONE,
3600,AnkiDroid/src/main/res/drawable/ic_launcher_background.xml,0.0,0.0,1.0,1.0,0.0,0.010068892421833599,0,NONE,
3601,AnkiDroid/src/main/res/drawable/ic_launcher_foreground.xml,0.0,0.0,1.0,1.0,0.0,0.010068892421833599,0,NONE,
3602,AnkiDroid/src/main/res/drawable/ic_launcher_monochrome.xml,0.0,0.0,1.0,1.0,0.0,0.010068892421833599,0,NONE,
3603,AnkiDroid/src/main/res/drawable/widget_add_note_drawable.png,0.0,0.0,1.0,1.0,0.0,0.010068892421833599,0,NONE,
3604,AnkiDroid/src/main/res/drawable/widget_card_analysis_drawable.jpg,0.0,0.0,2.0,1.0,0.0,0.010068892421833599,0,NONE,
3605,AnkiDroid/src/main/res/drawable/widget_card_analysis_drawable.png,0.0,0.0,1.0,1.0,0.0,0.010068892421833599,0,NONE,
3606,AnkiDroid/src/main/res/drawable/widget_deck_picker_drawable.jpg,0.0,0.0,2.0,1.0,0.0,0.010068892421833599,0,NONE,
3607,AnkiDroid/src/main/res/drawable/widget_deck_picker_drawable.png,0.0,0.0,1.0,1.0,0.0,0.010068892421833599,0,NONE,
3608,AnkiDroid/src/main/res/drawable/widget_small_drawable.png,0.0,0.0,1.0,1.0,0.0,0.010068892421833599,0,NONE,
3609,AnkiDroid/src/main/res/layout-sw600dp/activity_card_template_editor.xml,0.0,0.0,1.0,1.0,0.0,0.010068892421833599,0,NONE,
3610,AnkiDroid/src/main/res/layout-sw600dp/card_browser.xml,0.0,0.0,1.0,1.0,0.0,0.010068892421833599,0,NONE,
3611,AnkiDroid/src/main/res/layout-sw600dp/fragment_preferences.xml,0.0,0.0,1.0,1.0,0.0,0.010068892421833599,0,NONE,
3612,AnkiDroid/src/main/res/layout-sw600dp/homescreen.xml,0.0,0.0,1.0,1.0,0.0,0.010068892421833599,0,NONE,
3613,AnkiDroid/src/main/res/layout-sw600dp/note_editor.xml,0.0,0.0,1.0,1.0,0.0,0.010068892421833599,0,NONE,
3614,AnkiDroid/src/main/res/layout-w340dp/fragment_set_due_date_range.xml,0.0,0.0,1.0,1.0,0.0,0.010068892421833599,0,NONE,
3615,AnkiDroid/src/main/res/layout/activity_all_permissions_explanation.xml,0.0,0.0,1.0,1.0,0.0,0.010068892421833599,0,NONE,
3616,AnkiDroid/src/main/res/layout/activity_card_browser_appearance.xml,0.0,0.0,1.0,1.0,0.0,0.010068892421833599,0,NONE,
3617,AnkiDroid/src/main/res/layout/activity_card_browser_searchview.xml,0.0,0.0,1.0,1.0,0.0,0.010068892421833599,0,NONE,
3618,AnkiDroid/src/main/res/layout/activity_card_template_editor.xml,0.0,0.0,1.0,1.0,0.0,0.010068892421833599,0,NONE,
3619,AnkiDroid/src/main/res/layout/activity_info.xml,0.0,0.0,1.0,1.0,0.0,0.010068892421833599,0,NONE,
3620,AnkiDroid/src/main/res/layout/activity_introduction.xml,0.0,0.0,1.0,1.0,0.0,0.010068892421833599,0,NONE,
3621,AnkiDroid/src/main/res/layout/activity_navigation_drawer.xml,0.0,0.0,1.0,1.0,0.0,0.010068892421833599,0,NONE,
3622,AnkiDroid/src/main/res/layout/activity_navigation_drawer_fullscreen.xml,0.0,0.0,1.0,1.0,0.0,0.010068892421833599,0,NONE,
3623,AnkiDroid/src/main/res/layout/activity_note_type_field_editor.xml,0.0,0.0,1.0,1.0,0.0,0.010068892421833599,0,NONE,
3624,AnkiDroid/src/main/res/layout/activity_permissions.xml,0.0,0.0,1.0,1.0,0.0,0.010068892421833599,0,NONE,
3625,AnkiDroid/src/main/res/layout/activity_progress_bar.xml,0.0,0.0,1.0,1.0,0.0,0.010068892421833599,0,NONE,
3626,AnkiDroid/src/main/res/layout/activity_reviewer.xml,0.0,0.0,1.0,1.0,0.0,0.010068892421833599,0,NONE,
3627,AnkiDroid/src/main/res/layout/activity_reviewer_fullscreen_noanswers.xml,0.0,0.0,1.0,1.0,0.0,0.010068892421833599,0,NONE,
3628,AnkiDroid/src/main/res/layout/activity_single_fragment.xml,0.0,0.0,1.0,1.0,0.0,0.010068892421833599,0,NONE,
3629,AnkiDroid/src/main/res/layout/activity_study_options.xml,0.0,0.0,1.0,1.0,0.0,0.010068892421833599,0,NONE,
3630,AnkiDroid/src/main/res/layout/dialog_add_edit_reminder.xml,0.0,0.0,1.0,1.0,0.0,0.010068892421833599,0,NONE,
3631,AnkiDroid/src/main/res/layout/dialog_alert_dialog_checkbox.xml,0.0,0.0,1.0,1.0,0.0,0.010068892421833599,0,NONE,
3632,AnkiDroid/src/main/res/layout/dialog_alert_dialog_title_with_help.xml,0.0,0.0,1.0,1.0,0.0,0.010068892421833599,0,NONE,
3633,AnkiDroid/src/main/res/layout/dialog_browser_columns_selection.xml,0.0,0.0,1.0,1.0,0.0,0.010068892421833599,0,NONE,
3634,AnkiDroid/src/main/res/layout/dialog_browser_options.xml,0.0,0.0,1.0,1.0,0.0,0.010068892421833599,0,NONE,
3635,AnkiDroid/src/main/res/layout/dialog_change_note_type.xml,0.0,0.0,1.0,1.0,0.0,0.010068892421833599,0,NONE,
3636,AnkiDroid/src/main/res/layout/dialog_control_preference.xml,0.0,0.0,1.0,1.0,0.0,0.010068892421833599,0,NONE,
3637,AnkiDroid/src/main/res/layout/dialog_instant_editor.xml,0.0,0.0,1.0,1.0,0.0,0.010068892421833599,0,NONE,
3638,AnkiDroid/src/main/res/layout/dialog_locale_selection.xml,0.0,0.0,1.0,1.0,0.0,0.010068892421833599,0,NONE,
3639,AnkiDroid/src/main/res/layout/dialog_note_editor_toolbar_add_custom_item.xml,0.0,0.0,1.0,1.0,0.0,0.010068892421833599,0,NONE,
3640,AnkiDroid/src/main/res/layout/dialog_note_editor_toolbar_edit_custom_item.xml,0.0,0.0,1.0,1.0,0.0,0.010068892421833599,0,NONE,
3641,AnkiDroid/src/main/res/layout/dialog_rename_flag.xml,0.0,0.0,1.0,1.0,0.0,0.010068892421833599,0,NONE,
3642,AnkiDroid/src/main/res/layout/fragment_about.xml,0.0,0.0,1.0,1.0,0.0,0.010068892421833599,0,NONE,
3643,AnkiDroid/src/main/res/layout/fragment_bottomsheet_multimedia.xml,0.0,0.0,1.0,1.0,0.0,0.010068892421833599,0,NONE,
3644,AnkiDroid/src/main/res/layout/fragment_card_browser.xml,0.0,0.0,1.0,1.0,0.0,0.010068892421833599,0,NONE,
3645,AnkiDroid/src/main/res/layout/fragment_card_template_editor_template.xml,0.0,0.0,1.0,1.0,0.0,0.010068892421833599,0,NONE,
3646,AnkiDroid/src/main/res/layout/fragment_check_pronunciation.xml,0.0,0.0,1.0,1.0,0.0,0.010068892421833599,0,NONE,
3647,AnkiDroid/src/main/res/layout/fragment_drawing.xml,0.0,0.0,1.0,1.0,0.0,0.010068892421833599,0,NONE,
3648,AnkiDroid/src/main/res/layout/fragment_internet_permission.xml,0.0,0.0,1.0,1.0,0.0,0.010068892421833599,0,NONE,
3649,AnkiDroid/src/main/res/layout/fragment_introduction.xml,0.0,0.0,1.0,1.0,0.0,0.010068892421833599,0,NONE,
3650,AnkiDroid/src/main/res/layout/fragment_my_account_logged_in.xml,0.0,0.0,1.0,1.0,0.0,0.010068892421833599,0,NONE,
3651,AnkiDroid/src/main/res/layout/fragment_note_editor.xml,0.0,0.0,1.0,1.0,0.0,0.010068892421833599,0,NONE,
3652,AnkiDroid/src/main/res/layout/fragment_notifications_permission.xml,0.0,0.0,1.0,1.0,0.0,0.010068892421833599,0,NONE,
3653,AnkiDroid/src/main/res/layout/fragment_page.xml,0.0,0.0,1.0,1.0,0.0,0.010068892421833599,0,NONE,
3654,AnkiDroid/src/main/res/layout/fragment_permissions_bottom_sheet.xml,0.0,0.0,1.0,1.0,0.0,0.010068892421833599,0,NONE,
3655,AnkiDroid/src/main/res/layout/fragment_preferences.xml,0.0,0.0,1.0,1.0,0.0,0.010068892421833599,0,NONE,
3656,AnkiDroid/src/main/res/layout/fragment_preferences_reviewer_menu.xml,0.0,0.0,1.0,1.0,0.0,0.010068892421833599,0,NONE,
3657,AnkiDroid/src/main/res/layout/fragment_previewer.xml,0.0,0.0,1.0,1.0,0.0,0.010068892421833599,0,NONE,
3658,AnkiDroid/src/main/res/layout/fragment_set_due_date_range.xml,0.0,0.0,1.0,1.0,0.0,0.010068892421833599,0,NONE,
3659,AnkiDroid/src/main/res/layout/fragment_set_due_date_single.xml,0.0,0.0,1.0,1.0,0.0,0.010068892421833599,0,NONE,
3660,AnkiDroid/src/main/res/layout/fragment_settings.xml,0.0,0.0,1.0,1.0,0.0,0.010068892421833599,0,NONE,
3661,AnkiDroid/src/main/res/layout/fragment_study_options.xml,0.0,0.0,1.0,1.0,0.0,0.010068892421833599,0,NONE,
3662,AnkiDroid/src/main/res/layout/fragment_template_previewer_container.xml,0.0,0.0,1.0,1.0,0.0,0.010068892421833599,0,NONE,
3663,AnkiDroid/src/main/res/layout/include_anki_progress.xml,0.0,0.0,1.0,1.0,0.0,0.010068892421833599,0,NONE,
3664,AnkiDroid/src/main/res/layout/include_browser_toolbar.xml,0.0,0.0,1.0,1.0,0.0,0.010068892421833599,0,NONE,
3665,AnkiDroid/src/main/res/layout/include_card_template_editor_main.xml,0.0,0.0,1.0,1.0,0.0,0.010068892421833599,0,NONE,
3666,AnkiDroid/src/main/res/layout/include_card_template_editor_top.xml,0.0,0.0,1.0,1.0,0.0,0.010068892421833599,0,NONE,
3667,AnkiDroid/src/main/res/layout/include_reviewer_flashcard.xml,0.0,0.0,1.0,1.0,0.0,0.010068892421833599,0,NONE,
3668,AnkiDroid/src/main/res/layout/include_reviewer_flashcard_fullscreen.xml,0.0,0.0,1.0,1.0,0.0,0.010068892421833599,0,NONE,
3669,AnkiDroid/src/main/res/layout/include_reviewer_flashcard_fullscreen_noanswers.xml,0.0,0.0,1.0,1.0,0.0,0.010068892421833599,0,NONE,
3670,AnkiDroid/src/main/res/layout/include_reviewer_mic_tool_bar.xml,0.0,0.0,1.0,1.0,0.0,0.010068892421833599,0,NONE,
3671,AnkiDroid/src/main/res/layout/include_reviewer_whiteboard_editor.xml,0.0,0.0,1.0,1.0,0.0,0.010068892421833599,0,NONE,
3672,AnkiDroid/src/main/res/layout/include_tags_dialog_title.xml,0.0,0.0,1.0,1.0,0.0,0.010068892421833599,0,NONE,
3673,AnkiDroid/src/main/res/layout/include_toolbar.xml,0.0,0.0,1.0,1.0,0.0,0.010068892421833599,0,NONE,
3674,AnkiDroid/src/main/res/layout/item_advanced_search.xml,0.0,0.0,1.0,1.0,0.0,0.010068892421833599,0,NONE,
3675,AnkiDroid/src/main/res/layout/item_browser_columns_heading.xml,0.0,0.0,1.0,1.0,0.0,0.010068892421833599,0,NONE,
3676,AnkiDroid/src/main/res/layout/item_button_color_brush.xml,0.0,0.0,1.0,1.0,0.0,0.010068892421833599,0,NONE,
3677,AnkiDroid/src/main/res/layout/item_card_browser.xml,0.0,0.0,1.0,1.0,0.0,0.010068892421833599,0,NONE,
3678,AnkiDroid/src/main/res/layout/item_control_preference.xml,0.0,0.0,1.0,1.0,0.0,0.010068892421833599,0,NONE,
3679,AnkiDroid/src/main/res/layout/item_deck.xml,0.0,0.0,1.0,1.0,0.0,0.010068892421833599,0,NONE,
3680,AnkiDroid/src/main/res/layout/item_deck_picker_dialog.xml,0.0,0.0,1.0,1.0,0.0,0.010068892421833599,0,NONE,
3681,AnkiDroid/src/main/res/layout/item_edit_flag.xml,0.0,0.0,1.0,1.0,0.0,0.010068892421833599,0,NONE,
3682,AnkiDroid/src/main/res/layout/item_grade_now.xml,0.0,0.0,1.0,1.0,0.0,0.010068892421833599,0,NONE,
3683,AnkiDroid/src/main/res/layout/item_insert_special_field.xml,0.0,0.0,1.0,1.0,0.0,0.010068892421833599,0,NONE,
3684,AnkiDroid/src/main/res/layout/item_locale.xml,0.0,0.0,1.0,1.0,0.0,0.010068892421833599,0,NONE,
3685,AnkiDroid/src/main/res/layout/item_material_dialog.xml,0.0,0.0,1.0,1.0,0.0,0.010068892421833599,0,NONE,
3686,AnkiDroid/src/main/res/layout/item_multiline_spinner.xml,0.0,0.0,1.0,1.0,0.0,0.010068892421833599,0,NONE,
3687,AnkiDroid/src/main/res/layout/item_reviewer_menu.xml,0.0,0.0,1.0,1.0,0.0,0.010068892421833599,0,NONE,
3688,AnkiDroid/src/main/res/layout/item_reviewer_menu_display_type.xml,0.0,0.0,1.0,1.0,0.0,0.010068892421833599,0,NONE,
3689,AnkiDroid/src/main/res/layout/item_saved_search.xml,0.0,0.0,1.0,1.0,0.0,0.010068892421833599,0,NONE,
3690,AnkiDroid/src/main/res/layout/item_schedule_reminders.xml,0.0,0.0,1.0,1.0,0.0,0.010068892421833599,0,NONE,
3691,AnkiDroid/src/main/res/layout/item_spinner_dropdown_with_radio.xml,0.0,0.0,1.0,1.0,0.0,0.010068892421833599,0,NONE,
3692,AnkiDroid/src/main/res/layout/item_tag.xml,0.0,0.0,1.0,1.0,0.0,0.010068892421833599,0,NONE,
3693,AnkiDroid/src/main/res/layout/item_widget_deck_config.xml,0.0,0.0,1.0,1.0,0.0,0.010068892421833599,0,NONE,
3694,AnkiDroid/src/main/res/layout/page_image_occlusion.xml,0.0,0.0,1.0,1.0,0.0,0.010068892421833599,0,NONE,
3695,AnkiDroid/src/main/res/layout/page_statistics.xml,0.0,0.0,1.0,1.0,0.0,0.010068892421833599,0,NONE,
3696,AnkiDroid/src/main/res/layout/preference_controls_tab.xml,0.0,0.0,1.0,1.0,0.0,0.010068892421833599,0,NONE,
3697,AnkiDroid/src/main/res/layout/preference_extended_category.xml,0.0,0.0,1.0,1.0,0.0,0.010068892421833599,0,NONE,
3698,AnkiDroid/src/main/res/layout/view_axis_display.xml,0.0,0.0,1.0,1.0,0.0,0.010068892421833599,0,NONE,
3699,AnkiDroid/src/main/res/layout/view_browser_column_cell.xml,0.0,0.0,1.0,1.0,0.0,0.010068892421833599,0,NONE,
3700,AnkiDroid/src/main/res/layout/view_browser_column_heading.xml,0.0,0.0,1.0,1.0,0.0,0.010068892421833599,0,NONE,
3701,AnkiDroid/src/main/res/layout/view_card_multimedia_editline.xml,0.0,0.0,1.0,1.0,0.0,0.010068892421833599,0,NONE,
3702,AnkiDroid/src/main/res/layout/view_gesture_display.xml,0.0,0.0,1.0,1.0,0.0,0.010068892421833599,0,NONE,
3703,AnkiDroid/src/main/res/layout/view_instant_editor_field.xml,0.0,0.0,1.0,1.0,0.0,0.010068892421833599,0,NONE,
3704,AnkiDroid/src/main/res/layout/view_navdrawer_header.xml,0.0,0.0,1.0,1.0,0.0,0.010068892421833599,0,NONE,
3705,AnkiDroid/src/main/res/layout/view_note_editor_toolbar.xml,0.0,0.0,1.0,1.0,0.0,0.010068892421833599,0,NONE,
3706,AnkiDroid/src/main/res/layout/view_permissions_item.xml,0.0,0.0,1.0,1.0,0.0,0.010068892421833599,0,NONE,
3707,AnkiDroid/src/main/res/layout/view_resizing_divider_internal.xml,0.0,0.0,1.0,1.0,0.0,0.010068892421833599,0,NONE,
3708,AnkiDroid/src/main/res/layout/view_sync_progress_layout.xml,0.0,0.0,1.0,1.0,0.0,0.010068892421833599,0,NONE,
3709,AnkiDroid/src/main/res/layout/view_tab_layout_icon_on_end.xml,0.0,0.0,1.0,1.0,0.0,0.010068892421833599,0,NONE,
3710,AnkiDroid/src/main/res/values-ts/09-backup.xml,0.0,0.0,1.0,1.0,0.0,0.010068892421833599,0,NONE,
3711,AnkiDroid/src/test/java/com/ichi2/testutils/common/AnkiAssertTest.kt,0.0,0.0,1.0,1.0,0.0,0.010068892421833599,0,NONE,
3712,AnkiDroid/src/testFixtures/java/com/ichi2/testutils/common/AnkiAssert.kt,0.0,0.0,1.0,1.0,0.0,0.010068892421833599,0,NONE,
3713,AnkiDroid/src/testFixtures/java/com/ichi2/testutils/common/FailOnUnhandledExceptionRule.kt,0.0,0.0,1.0,1.0,0.0,0.010068892421833599,0,NONE,
3714,AnkiDroid/src/testFixtures/java/com/ichi2/testutils/common/IgnoreFlakyTestsInCIRule.kt,0.0,0.0,1.0,1.0,0.0,0.010068892421833599,0,NONE,
3715,common/android/consumer-rules.pro,0.0,0.0,1.0,1.0,0.0,0.010068892421833599,0,NONE,
3716,common/android/proguard-rules.pro,0.0,0.0,1.0,1.0,0.0,0.010068892421833599,0,NONE,
3717,common/android/src/main/java/com/ichi2/anki/common/utils/android/TestUtils.kt,0.0,0.0,1.0,1.0,0.0,0.010068892421833599,0,NONE,
3718,common/android/src/main/java/com/ichi2/anki/common/utils/ext/Intent.kt,0.0,0.0,1.0,1.0,0.0,0.010068892421833599,0,NONE,
3719,common/android/src/main/java/com/ichi2/anki/utils/android/ColorUtils.kt,0.0,0.0,1.0,1.0,0.0,0.010068892421833599,0,NONE,
3720,common/consumer-rules.pro,0.0,0.0,1.0,1.0,0.0,0.010068892421833599,0,NONE,
3721,common/src/testFixtures/java/com/ichi2/testutils/HamcrestUtils.kt,0.0,0.0,1.0,1.0,0.0,0.010068892421833599,0,NONE,
3722,common/src/testFixtures/java/com/ichi2/utils/FileOperation.kt,0.0,0.0,1.0,1.0,0.0,0.010068892421833599,0,NONE,
3723,compat/src/main/java/com/ichi2/compat/BaseCompat.kt,0.0,0.0,1.0,1.0,0.0,0.010068892421833599,0,NONE,
3724,compat/src/main/java/com/ichi2/compat/Compat.kt,0.0,0.0,1.0,1.0,0.0,0.010068892421833599,0,NONE,
3725,compat/src/main/java/com/ichi2/compat/CompatV26.kt,0.0,0.0,1.0,1.0,0.0,0.010068892421833599,0,NONE,
3726,compat/src/main/java/com/ichi2/compat/CompatV28.kt,0.0,0.0,1.0,1.0,0.0,0.010068892421833599,0,NONE,
3727,compat/src/main/java/com/ichi2/compat/CompatV29.kt,0.0,0.0,1.0,1.0,0.0,0.010068892421833599,0,NONE,
3728,compat/src/main/java/com/ichi2/compat/CompatV31.kt,0.0,0.0,1.0,1.0,0.0,0.010068892421833599,0,NONE,
3729,compat/src/main/java/com/ichi2/compat/CompatV33.kt,0.0,0.0,1.0,1.0,0.0,0.010068892421833599,0,NONE,
3730,compat/src/main/java/com/ichi2/compat/CompatV34.kt,0.0,0.0,1.0,1.0,0.0,0.010068892421833599,0,NONE,
3731,compat/src/main/java/com/ichi2/compat/FileStream.kt,0.0,0.0,1.0,1.0,0.0,0.010068892421833599,0,NONE,
3732,compat/src/main/java/com/ichi2/compat/PackageManagerCompat.kt,0.0,0.0,1.0,1.0,0.0,0.010068892421833599,0,NONE,
3733,compat/src/main/java/com/ichi2/compat/ResolveInfoCompat.kt,0.0,0.0,1.0,1.0,0.0,0.010068892421833599,0,NONE,
3734,compat/src/main/java/com/ichi2/compat/UtteranceProgressListenerCompat.kt,0.0,0.0,1.0,1.0,0.0,0.010068892421833599,0,NONE,
3735,compat/src/main/java/com/ichi2/compat/VibrationAttributesCompat.kt,0.0,0.0,1.0,1.0,0.0,0.010068892421833599,0,NONE,
3736,compat/src/test/java/com/ichi2/compat/CompatCopyFileTest.kt,0.0,0.0,1.0,1.0,0.0,0.010068892421833599,0,NONE,
3737,compat/src/test/java/com/ichi2/compat/CompatDirectoryContentTest.kt,0.0,0.0,1.0,1.0,0.0,0.010068892421833599,0,NONE,
3738,compat/src/test/java/com/ichi2/compat/CreateDirectoriesTest.kt,0.0,0.0,1.0,1.0,0.0,0.010068892421833599,0,NONE,
3739,compat/src/test/resources/path-traversal.zip,0.0,0.0,1.0,1.0,0.0,0.010068892421833599,0,NONE,
3740,compat/src/testFixtures/java/com/ichi2/compat/Test21And26.kt,0.0,0.0,1.0,1.0,0.0,0.010068892421833599,0,NONE,
3741,docs/graphics/logos/discord_logo_color.png,0.0,0.0,1.0,1.0,0.0,0.010068892421833599,0,NONE,
3742,docs/graphics/logos/google-badge.png,0.0,0.0,1.0,1.0,0.0,0.010068892421833599,0,NONE,
3743,docs/graphics/logos/twitter_logo.png,0.0,0.0,1.0,1.0,0.0,0.010068892421833599,0,NONE,
3744,docs/graphics/logos/twitter_logo_color.png,0.0,0.0,1.0,1.0,0.0,0.010068892421833599,0,NONE,
3745,docs/marketing/play_store/1.png,0.0,0.0,1.0,1.0,0.0,0.010068892421833599,0,NONE,
3746,fastlane/metadata/android/en-US/images/featureGraphic.png,0.0,0.0,1.0,1.0,0.0,0.010068892421833599,0,NONE,
3747,fastlane/metadata/android/en-US/images/icon.png,0.0,0.0,3.0,1.0,0.0,0.010068892421833599,0,NONE,
3748,fastlane/metadata/android/en-US/images/phoneScreenshots/1.png,0.0,0.0,1.0,1.0,0.0,0.010068892421833599,0,NONE,
3749,fastlane/metadata/android/en-US/images/phoneScreenshots/2.png,0.0,0.0,1.0,1.0,0.0,0.010068892421833599,0,NONE,
3750,fastlane/metadata/android/en-US/images/phoneScreenshots/3.png,0.0,0.0,1.0,1.0,0.0,0.010068892421833599,0,NONE,
3751,fastlane/metadata/android/en-US/images/phoneScreenshots/4.png,0.0,0.0,1.0,1.0,0.0,0.010068892421833599,0,NONE,
3752,gradle/wrapper/gradle-wrapper.jar,0.0,0.0,8.0,3.0,0.0,0.010068892421833599,0,NONE,
3753,libanki/src/main/java/com/ichi2/anki/libanki/BrowserConfig.kt,0.0,0.0,1.0,1.0,0.0,0.010068892421833599,0,NONE,
3754,libanki/src/main/java/com/ichi2/anki/libanki/Fields.kt,0.0,0.0,1.0,1.0,0.0,0.010068892421833599,0,NONE,
3755,libanki/src/main/java/com/ichi2/anki/libanki/backend/BackendUtils.kt,0.0,0.0,1.0,1.0,0.0,0.010068892421833599,0,NONE,
3756,libanki/src/main/java/com/ichi2/anki/libanki/backend/model/NoteUtil.kt,0.0,0.0,1.0,1.0,0.0,0.010068892421833599,0,NONE,
3757,libanki/src/main/java/com/ichi2/anki/libanki/exception/InvalidSearchException.kt,0.0,0.0,1.0,1.0,0.0,0.010068892421833599,0,NONE,
3758,libanki/src/main/java/com/ichi2/anki/libanki/sched/Counts.kt,0.0,0.0,1.0,1.0,0.0,0.010068892421833599,0,NONE,
3759,libanki/src/main/java/com/ichi2/anki/libanki/template/MathJax.kt,0.0,0.0,1.0,1.0,0.0,0.010068892421833599,0,NONE,
3760,libanki/src/main/java/com/ichi2/anki/libanki/utils/NotInLibAnki.kt,0.0,0.0,1.0,1.0,0.0,0.010068892421833599,0,NONE,
3761,libanki/src/test/java/com/ichi2/anki/libanki/NoteTest.kt,0.0,0.0,1.0,1.0,0.0,0.010068892421833599,0,NONE,
3762,libanki/src/testFixtures/java/com/ichi2/anki/libanki/testutils/HtmlUtils.kt,0.0,0.0,1.0,1.0,0.0,0.010068892421833599,0,NONE,
3763,libanki/src/testFixtures/java/com/ichi2/anki/libanki/testutils/TestCollectionManager.kt,0.0,0.0,1.0,1.0,0.0,0.010068892421833599,0,NONE,
3764,libanki/src/testFixtures/java/com/ichi2/anki/libanki/testutils/ext/Card.kt,0.0,0.0,1.0,1.0,0.0,0.010068892421833599,0,NONE,
3765,libanki/src/testFixtures/java/com/ichi2/anki/libanki/testutils/ext/Collection.kt,0.0,0.0,1.0,1.0,0.0,0.010068892421833599,0,NONE,
3766,tools/crashes-data-mining/database-model.mwb,0.0,0.0,1.0,1.0,0.0,0.010068892421833599,0,NONE,
3767,tools/crashes-data-mining/report-about-android-versions.prpt,0.0,0.0,1.0,1.0,0.0,0.010068892421833599,0,NONE,
3768,tools/crashes-data-mining/result.png,0.0,0.0,1.0,1.0,0.0,0.010068892421833599,0,NONE,
3769,tools/fallback-release-keystore.jks,0.0,0.0,1.0,1.0,0.0,0.010068892421833599,0,NONE,
3770,tools/keeper-gradle-plugin.jar,0.0,0.0,2.0,1.0,0.0,0.010068892421833599,0,NONE,
3771,vbpd/consumer-rules.pro,0.0,0.0,1.0,1.0,0.0,0.010068892421833599,0,NONE,
3772,vbpd/src/main/java/dev/androidbroadcast/vbpd/FragmentViewBindings.kt,0.0,0.0,1.0,1.0,0.0,0.010068892421833599,0,NONE,
3773,vbpd/src/main/java/dev/androidbroadcast/vbpd/ViewBindingProperty.kt,0.0,0.0,1.0,1.0,0.0,0.010068892421833599,0,NONE,
3774,vbpd/src/main/java/dev/androidbroadcast/vbpd/ViewHolderBindings.kt,0.0,0.0,1.0,1.0,0.0,0.010068892421833599,0,NONE,
